doc_id,candidate_id,candidate_name,question_id,question_order,question_title,level,term_column,term,tf,idf,tfidf,raw_frequency,candidate_count,total_terms,rank_within_question_candidate
fujigaki_q01,fujigaki,藤垣裕子,q01,1,世界や日本の将来を展望しつつ、今後の大学、特に東京大学の果たすべき役割をお聞かせください。,candidate_question,analysis_term_no_stopwords,有る,0.065,1.0,0.065,13,5,200,1
fujigaki_q01,fujigaki,藤垣裕子,q01,1,世界や日本の将来を展望しつつ、今後の大学、特に東京大学の果たすべき役割をお聞かせください。,candidate_question,analysis_term_no_stopwords,為る,0.06,1.0,0.06,12,5,200,2
fujigaki_q01,fujigaki,藤垣裕子,q01,1,世界や日本の将来を展望しつつ、今後の大学、特に東京大学の果たすべき役割をお聞かせください。,candidate_question,analysis_term_no_stopwords,学術,0.04,1.4054651081081644,0.05621860432432658,8,3,200,3
fujigaki_q01,fujigaki,藤垣裕子,q01,1,世界や日本の将来を展望しつつ、今後の大学、特に東京大学の果たすべき役割をお聞かせください。,candidate_question,analysis_term_no_stopwords,力,0.03,1.6931471805599454,0.05079441541679836,6,2,200,4
fujigaki_q01,fujigaki,藤垣裕子,q01,1,世界や日本の将来を展望しつつ、今後の大学、特に東京大学の果たすべき役割をお聞かせください。,candidate_question,analysis_term_no_stopwords,of,0.02,2.09861228866811,0.0419722457733622,4,1,200,5
fujigaki_q01,fujigaki,藤垣裕子,q01,1,世界や日本の将来を展望しつつ、今後の大学、特に東京大学の果たすべき役割をお聞かせください。,candidate_question,analysis_term_no_stopwords,the,0.015,2.09861228866811,0.03147918433002165,3,1,200,6
fujigaki_q01,fujigaki,藤垣裕子,q01,1,世界や日本の将来を展望しつつ、今後の大学、特に東京大学の果たすべき役割をお聞かせください。,candidate_question,analysis_term_no_stopwords,文化,0.015,2.09861228866811,0.03147918433002165,3,1,200,7
fujigaki_q01,fujigaki,藤垣裕子,q01,1,世界や日本の将来を展望しつつ、今後の大学、特に東京大学の果たすべき役割をお聞かせください。,candidate_question,analysis_term_no_stopwords,日本,0.03,1.0,0.03,6,5,200,8
fujigaki_q01,fujigaki,藤垣裕子,q01,1,世界や日本の将来を展望しつつ、今後の大学、特に東京大学の果たすべき役割をお聞かせください。,candidate_question,analysis_term_no_stopwords,人類,0.015,1.6931471805599454,0.02539720770839918,3,2,200,9
fujigaki_q01,fujigaki,藤垣裕子,q01,1,世界や日本の将来を展望しつつ、今後の大学、特に東京大学の果たすべき役割をお聞かせください。,candidate_question,analysis_term_no_stopwords,持つ,0.015,1.4054651081081644,0.021081976621622464,3,3,200,10
fujigaki_q01,fujigaki,藤垣裕子,q01,1,世界や日本の将来を展望しつつ、今後の大学、特に東京大学の果たすべき役割をお聞かせください。,candidate_question,analysis_term_no_stopwords,japan,0.01,2.09861228866811,0.0209861228866811,2,1,200,11
fujigaki_q01,fujigaki,藤垣裕子,q01,1,世界や日本の将来を展望しつつ、今後の大学、特に東京大学の果たすべき役割をお聞かせください。,candidate_question,analysis_term_no_stopwords,science,0.01,2.09861228866811,0.0209861228866811,2,1,200,12
fujigaki_q01,fujigaki,藤垣裕子,q01,1,世界や日本の将来を展望しつつ、今後の大学、特に東京大学の果たすべき役割をお聞かせください。,candidate_question,analysis_term_no_stopwords,世代,0.01,2.09861228866811,0.0209861228866811,2,1,200,13
fujigaki_q01,fujigaki,藤垣裕子,q01,1,世界や日本の将来を展望しつつ、今後の大学、特に東京大学の果たすべき役割をお聞かせください。,candidate_question,analysis_term_no_stopwords,他,0.01,2.09861228866811,0.0209861228866811,2,1,200,14
fujigaki_q01,fujigaki,藤垣裕子,q01,1,世界や日本の将来を展望しつつ、今後の大学、特に東京大学の果たすべき役割をお聞かせください。,candidate_question,analysis_term_no_stopwords,伝達,0.01,2.09861228866811,0.0209861228866811,2,1,200,15
fujigaki_q01,fujigaki,藤垣裕子,q01,1,世界や日本の将来を展望しつつ、今後の大学、特に東京大学の果たすべき役割をお聞かせください。,candidate_question,analysis_term_no_stopwords,取る,0.01,2.09861228866811,0.0209861228866811,2,1,200,16
fujigaki_q01,fujigaki,藤垣裕子,q01,1,世界や日本の将来を展望しつつ、今後の大学、特に東京大学の果たすべき役割をお聞かせください。,candidate_question,analysis_term_no_stopwords,基礎,0.01,2.09861228866811,0.0209861228866811,2,1,200,17
fujigaki_q01,fujigaki,藤垣裕子,q01,1,世界や日本の将来を展望しつつ、今後の大学、特に東京大学の果たすべき役割をお聞かせください。,candidate_question,analysis_term_no_stopwords,情報,0.01,2.09861228866811,0.0209861228866811,2,1,200,18
fujigaki_q01,fujigaki,藤垣裕子,q01,1,世界や日本の将来を展望しつつ、今後の大学、特に東京大学の果たすべき役割をお聞かせください。,candidate_question,analysis_term_no_stopwords,揺らぐ,0.01,2.09861228866811,0.0209861228866811,2,1,200,19
fujigaki_q01,fujigaki,藤垣裕子,q01,1,世界や日本の将来を展望しつつ、今後の大学、特に東京大学の果たすべき役割をお聞かせください。,candidate_question,analysis_term_no_stopwords,継承,0.01,2.09861228866811,0.0209861228866811,2,1,200,20
fujigaki_q01,fujigaki,藤垣裕子,q01,1,世界や日本の将来を展望しつつ、今後の大学、特に東京大学の果たすべき役割をお聞かせください。,candidate_question,analysis_term_no_stopwords,居る,0.02,1.0,0.02,4,5,200,21
fujigaki_q01,fujigaki,藤垣裕子,q01,1,世界や日本の将来を展望しつつ、今後の大学、特に東京大学の果たすべき役割をお聞かせください。,candidate_question,analysis_term_no_stopwords,信頼,0.01,1.6931471805599454,0.016931471805599455,2,2,200,22
fujigaki_q01,fujigaki,藤垣裕子,q01,1,世界や日本の将来を展望しつつ、今後の大学、特に東京大学の果たすべき役割をお聞かせください。,candidate_question,analysis_term_no_stopwords,国際,0.01,1.6931471805599454,0.016931471805599455,2,2,200,23
fujigaki_q01,fujigaki,藤垣裕子,q01,1,世界や日本の将来を展望しつつ、今後の大学、特に東京大学の果たすべき役割をお聞かせください。,candidate_question,analysis_term_no_stopwords,情勢,0.01,1.6931471805599454,0.016931471805599455,2,2,200,24
fujigaki_q01,fujigaki,藤垣裕子,q01,1,世界や日本の将来を展望しつつ、今後の大学、特に東京大学の果たすべき役割をお聞かせください。,candidate_question,analysis_term_no_stopwords,米国,0.01,1.6931471805599454,0.016931471805599455,2,2,200,25
fujigaki_q01,fujigaki,藤垣裕子,q01,1,世界や日本の将来を展望しつつ、今後の大学、特に東京大学の果たすべき役割をお聞かせください。,candidate_question,analysis_term_no_stopwords,考える,0.01,1.6931471805599454,0.016931471805599455,2,2,200,26
fujigaki_q01,fujigaki,藤垣裕子,q01,1,世界や日本の将来を展望しつつ、今後の大学、特に東京大学の果たすべき役割をお聞かせください。,candidate_question,analysis_term_no_stopwords,事,0.015,1.0,0.015,3,5,200,27
fujigaki_q01,fujigaki,藤垣裕子,q01,1,世界や日本の将来を展望しつつ、今後の大学、特に東京大学の果たすべき役割をお聞かせください。,candidate_question,analysis_term_no_stopwords,中,0.01,1.4054651081081644,0.014054651081081644,2,3,200,28
fujigaki_q01,fujigaki,藤垣裕子,q01,1,世界や日本の将来を展望しつつ、今後の大学、特に東京大学の果たすべき役割をお聞かせください。,candidate_question,analysis_term_no_stopwords,基盤,0.01,1.4054651081081644,0.014054651081081644,2,3,200,29
fujigaki_q01,fujigaki,藤垣裕子,q01,1,世界や日本の将来を展望しつつ、今後の大学、特に東京大学の果たすべき役割をお聞かせください。,candidate_question,analysis_term_no_stopwords,科学,0.01,1.4054651081081644,0.014054651081081644,2,3,200,30
fujigaki_q01,fujigaki,藤垣裕子,q01,1,世界や日本の将来を展望しつつ、今後の大学、特に東京大学の果たすべき役割をお聞かせください。,candidate_question,analysis_term_no_stopwords,社会,0.01,1.1823215567939547,0.011823215567939548,2,4,200,31
fujigaki_q01,fujigaki,藤垣裕子,q01,1,世界や日本の将来を展望しつつ、今後の大学、特に東京大学の果たすべき役割をお聞かせください。,candidate_question,analysis_term_no_stopwords,council,0.005,2.09861228866811,0.01049306144334055,1,1,200,32
fujigaki_q01,fujigaki,藤垣裕子,q01,1,世界や日本の将来を展望しつつ、今後の大学、特に東京大学の果たすべき役割をお聞かせください。,candidate_question,analysis_term_no_stopwords,for,0.005,2.09861228866811,0.01049306144334055,1,1,200,33
fujigaki_q01,fujigaki,藤垣裕子,q01,1,世界や日本の将来を展望しつつ、今後の大学、特に東京大学の果たすべき役割をお聞かせください。,candidate_question,analysis_term_no_stopwords,liberate,0.005,2.09861228866811,0.01049306144334055,1,1,200,34
fujigaki_q01,fujigaki,藤垣裕子,q01,1,世界や日本の将来を展望しつつ、今後の大学、特に東京大学の果たすべき役割をお聞かせください。,candidate_question,analysis_term_no_stopwords,one,0.005,2.09861228866811,0.01049306144334055,1,1,200,35
fujigaki_q01,fujigaki,藤垣裕子,q01,1,世界や日本の将来を展望しつつ、今後の大学、特に東京大学の果たすべき役割をお聞かせください。,candidate_question,analysis_term_no_stopwords,promotion,0.005,2.09861228866811,0.01049306144334055,1,1,200,36
fujigaki_q01,fujigaki,藤垣裕子,q01,1,世界や日本の将来を展望しつつ、今後の大学、特に東京大学の果たすべき役割をお聞かせください。,candidate_question,analysis_term_no_stopwords,society,0.005,2.09861228866811,0.01049306144334055,1,1,200,37
fujigaki_q01,fujigaki,藤垣裕子,q01,1,世界や日本の将来を展望しつつ、今後の大学、特に東京大学の果たすべき役割をお聞かせください。,candidate_question,analysis_term_no_stopwords,solution,0.005,2.09861228866811,0.01049306144334055,1,1,200,38
fujigaki_q01,fujigaki,藤垣裕子,q01,1,世界や日本の将来を展望しつつ、今後の大学、特に東京大学の果たすべき役割をお聞かせください。,candidate_question,analysis_term_no_stopwords,top,0.005,2.09861228866811,0.01049306144334055,1,1,200,39
fujigaki_q01,fujigaki,藤垣裕子,q01,1,世界や日本の将来を展望しつつ、今後の大学、特に東京大学の果たすべき役割をお聞かせください。,candidate_question,analysis_term_no_stopwords,universities,0.005,2.09861228866811,0.01049306144334055,1,1,200,40
fujigaki_q01,fujigaki,藤垣裕子,q01,1,世界や日本の将来を展望しつつ、今後の大学、特に東京大学の果たすべき役割をお聞かせください。,candidate_question,analysis_term_no_stopwords,world,0.005,2.09861228866811,0.01049306144334055,1,1,200,41
fujigaki_q01,fujigaki,藤垣裕子,q01,1,世界や日本の将来を展望しつつ、今後の大学、特に東京大学の果たすべき役割をお聞かせください。,candidate_question,analysis_term_no_stopwords,アイディア-idea,0.005,2.09861228866811,0.01049306144334055,1,1,200,42
fujigaki_q01,fujigaki,藤垣裕子,q01,1,世界や日本の将来を展望しつつ、今後の大学、特に東京大学の果たすべき役割をお聞かせください。,candidate_question,analysis_term_no_stopwords,アカデミア-academia,0.005,2.09861228866811,0.01049306144334055,1,1,200,43
fujigaki_q01,fujigaki,藤垣裕子,q01,1,世界や日本の将来を展望しつつ、今後の大学、特に東京大学の果たすべき役割をお聞かせください。,candidate_question,analysis_term_no_stopwords,オックスフォード-oxford,0.005,2.09861228866811,0.01049306144334055,1,1,200,44
fujigaki_q01,fujigaki,藤垣裕子,q01,1,世界や日本の将来を展望しつつ、今後の大学、特に東京大学の果たすべき役割をお聞かせください。,candidate_question,analysis_term_no_stopwords,リチャードソン-richardson,0.005,2.09861228866811,0.01049306144334055,1,1,200,45
fujigaki_q01,fujigaki,藤垣裕子,q01,1,世界や日本の将来を展望しつつ、今後の大学、特に東京大学の果たすべき役割をお聞かせください。,candidate_question,analysis_term_no_stopwords,一方,0.005,2.09861228866811,0.01049306144334055,1,1,200,46
fujigaki_q01,fujigaki,藤垣裕子,q01,1,世界や日本の将来を展望しつつ、今後の大学、特に東京大学の果たすべき役割をお聞かせください。,candidate_question,analysis_term_no_stopwords,人,0.005,2.09861228866811,0.01049306144334055,1,1,200,47
fujigaki_q01,fujigaki,藤垣裕子,q01,1,世界や日本の将来を展望しつつ、今後の大学、特に東京大学の果たすべき役割をお聞かせください。,candidate_question,analysis_term_no_stopwords,今後,0.005,2.09861228866811,0.01049306144334055,1,1,200,48
fujigaki_q01,fujigaki,藤垣裕子,q01,1,世界や日本の将来を展望しつつ、今後の大学、特に東京大学の果たすべき役割をお聞かせください。,candidate_question,analysis_term_no_stopwords,会,0.005,2.09861228866811,0.01049306144334055,1,1,200,49
fujigaki_q01,fujigaki,藤垣裕子,q01,1,世界や日本の将来を展望しつつ、今後の大学、特に東京大学の果たすべき役割をお聞かせください。,candidate_question,analysis_term_no_stopwords,会議,0.005,2.09861228866811,0.01049306144334055,1,1,200,50
fujigaki_q01,fujigaki,藤垣裕子,q01,1,世界や日本の将来を展望しつつ、今後の大学、特に東京大学の果たすべき役割をお聞かせください。,candidate_question,analysis_term_no_stopwords,元,0.005,2.09861228866811,0.01049306144334055,1,1,200,51
fujigaki_q01,fujigaki,藤垣裕子,q01,1,世界や日本の将来を展望しつつ、今後の大学、特に東京大学の果たすべき役割をお聞かせください。,candidate_question,analysis_term_no_stopwords,充実,0.005,2.09861228866811,0.01049306144334055,1,1,200,52
fujigaki_q01,fujigaki,藤垣裕子,q01,1,世界や日本の将来を展望しつつ、今後の大学、特に東京大学の果たすべき役割をお聞かせください。,candidate_question,analysis_term_no_stopwords,入学,0.005,2.09861228866811,0.01049306144334055,1,1,200,53
fujigaki_q01,fujigaki,藤垣裕子,q01,1,世界や日本の将来を展望しつつ、今後の大学、特に東京大学の果たすべき役割をお聞かせください。,candidate_question,analysis_term_no_stopwords,具体,0.005,2.09861228866811,0.01049306144334055,1,1,200,54
fujigaki_q01,fujigaki,藤垣裕子,q01,1,世界や日本の将来を展望しつつ、今後の大学、特に東京大学の果たすべき役割をお聞かせください。,candidate_question,analysis_term_no_stopwords,内,0.005,2.09861228866811,0.01049306144334055,1,1,200,55
fujigaki_q01,fujigaki,藤垣裕子,q01,1,世界や日本の将来を展望しつつ、今後の大学、特に東京大学の果たすべき役割をお聞かせください。,candidate_question,analysis_term_no_stopwords,凝り固まる,0.005,2.09861228866811,0.01049306144334055,1,1,200,56
fujigaki_q01,fujigaki,藤垣裕子,q01,1,世界や日本の将来を展望しつつ、今後の大学、特に東京大学の果たすべき役割をお聞かせください。,candidate_question,analysis_term_no_stopwords,別,0.005,2.09861228866811,0.01049306144334055,1,1,200,57
fujigaki_q01,fujigaki,藤垣裕子,q01,1,世界や日本の将来を展望しつつ、今後の大学、特に東京大学の果たすべき役割をお聞かせください。,candidate_question,analysis_term_no_stopwords,利益,0.005,2.09861228866811,0.01049306144334055,1,1,200,58
fujigaki_q01,fujigaki,藤垣裕子,q01,1,世界や日本の将来を展望しつつ、今後の大学、特に東京大学の果たすべき役割をお聞かせください。,candidate_question,analysis_term_no_stopwords,助言,0.005,2.09861228866811,0.01049306144334055,1,1,200,59
fujigaki_q01,fujigaki,藤垣裕子,q01,1,世界や日本の将来を展望しつつ、今後の大学、特に東京大学の果たすべき役割をお聞かせください。,candidate_question,analysis_term_no_stopwords,動物,0.005,2.09861228866811,0.01049306144334055,1,1,200,60
fujigaki_q01,fujigaki,藤垣裕子,q01,1,世界や日本の将来を展望しつつ、今後の大学、特に東京大学の果たすべき役割をお聞かせください。,candidate_question,analysis_term_no_stopwords,参考,0.005,2.09861228866811,0.01049306144334055,1,1,200,61
fujigaki_q01,fujigaki,藤垣裕子,q01,1,世界や日本の将来を展望しつつ、今後の大学、特に東京大学の果たすべき役割をお聞かせください。,candidate_question,analysis_term_no_stopwords,古典,0.005,2.09861228866811,0.01049306144334055,1,1,200,62
fujigaki_q01,fujigaki,藤垣裕子,q01,1,世界や日本の将来を展望しつつ、今後の大学、特に東京大学の果たすべき役割をお聞かせください。,candidate_question,analysis_term_no_stopwords,史実,0.005,2.09861228866811,0.01049306144334055,1,1,200,63
fujigaki_q01,fujigaki,藤垣裕子,q01,1,世界や日本の将来を展望しつつ、今後の大学、特に東京大学の果たすべき役割をお聞かせください。,candidate_question,analysis_term_no_stopwords,営業,0.005,2.09861228866811,0.01049306144334055,1,1,200,64
fujigaki_q01,fujigaki,藤垣裕子,q01,1,世界や日本の将来を展望しつつ、今後の大学、特に東京大学の果たすべき役割をお聞かせください。,candidate_question,analysis_term_no_stopwords,国民,0.005,2.09861228866811,0.01049306144334055,1,1,200,65
fujigaki_q01,fujigaki,藤垣裕子,q01,1,世界や日本の将来を展望しつつ、今後の大学、特に東京大学の果たすべき役割をお聞かせください。,candidate_question,analysis_term_no_stopwords,境界,0.005,2.09861228866811,0.01049306144334055,1,1,200,66
fujigaki_q01,fujigaki,藤垣裕子,q01,1,世界や日本の将来を展望しつつ、今後の大学、特に東京大学の果たすべき役割をお聞かせください。,candidate_question,analysis_term_no_stopwords,学ぶ,0.005,2.09861228866811,0.01049306144334055,1,1,200,67
fujigaki_q01,fujigaki,藤垣裕子,q01,1,世界や日本の将来を展望しつつ、今後の大学、特に東京大学の果たすべき役割をお聞かせください。,candidate_question,analysis_term_no_stopwords,学習,0.005,2.09861228866811,0.01049306144334055,1,1,200,68
fujigaki_q01,fujigaki,藤垣裕子,q01,1,世界や日本の将来を展望しつつ、今後の大学、特に東京大学の果たすべき役割をお聞かせください。,candidate_question,analysis_term_no_stopwords,守護,0.005,2.09861228866811,0.01049306144334055,1,1,200,69
fujigaki_q01,fujigaki,藤垣裕子,q01,1,世界や日本の将来を展望しつつ、今後の大学、特に東京大学の果たすべき役割をお聞かせください。,candidate_question,analysis_term_no_stopwords,導く,0.005,2.09861228866811,0.01049306144334055,1,1,200,70
fujigaki_q01,fujigaki,藤垣裕子,q01,1,世界や日本の将来を展望しつつ、今後の大学、特に東京大学の果たすべき役割をお聞かせください。,candidate_question,analysis_term_no_stopwords,式,0.005,2.09861228866811,0.01049306144334055,1,1,200,71
fujigaki_q01,fujigaki,藤垣裕子,q01,1,世界や日本の将来を展望しつつ、今後の大学、特に東京大学の果たすべき役割をお聞かせください。,candidate_question,analysis_term_no_stopwords,式辞,0.005,2.09861228866811,0.01049306144334055,1,1,200,72
fujigaki_q01,fujigaki,藤垣裕子,q01,1,世界や日本の将来を展望しつつ、今後の大学、特に東京大学の果たすべき役割をお聞かせください。,candidate_question,analysis_term_no_stopwords,意味,0.005,2.09861228866811,0.01049306144334055,1,1,200,73
fujigaki_q01,fujigaki,藤垣裕子,q01,1,世界や日本の将来を展望しつつ、今後の大学、特に東京大学の果たすべき役割をお聞かせください。,candidate_question,analysis_term_no_stopwords,担い手,0.005,2.09861228866811,0.01049306144334055,1,1,200,74
fujigaki_q01,fujigaki,藤垣裕子,q01,1,世界や日本の将来を展望しつつ、今後の大学、特に東京大学の果たすべき役割をお聞かせください。,candidate_question,analysis_term_no_stopwords,振興,0.005,2.09861228866811,0.01049306144334055,1,1,200,75
fujigaki_q01,fujigaki,藤垣裕子,q01,1,世界や日本の将来を展望しつつ、今後の大学、特に東京大学の果たすべき役割をお聞かせください。,candidate_question,analysis_term_no_stopwords,政府,0.005,2.09861228866811,0.01049306144334055,1,1,200,76
fujigaki_q01,fujigaki,藤垣裕子,q01,1,世界や日本の将来を展望しつつ、今後の大学、特に東京大学の果たすべき役割をお聞かせください。,candidate_question,analysis_term_no_stopwords,新しい,0.005,2.09861228866811,0.01049306144334055,1,1,200,77
fujigaki_q01,fujigaki,藤垣裕子,q01,1,世界や日本の将来を展望しつつ、今後の大学、特に東京大学の果たすべき役割をお聞かせください。,candidate_question,analysis_term_no_stopwords,機構,0.005,2.09861228866811,0.01049306144334055,1,1,200,78
fujigaki_q01,fujigaki,藤垣裕子,q01,1,世界や日本の将来を展望しつつ、今後の大学、特に東京大学の果たすべき役割をお聞かせください。,candidate_question,analysis_term_no_stopwords,比較,0.005,2.09861228866811,0.01049306144334055,1,1,200,79
fujigaki_q01,fujigaki,藤垣裕子,q01,1,世界や日本の将来を展望しつつ、今後の大学、特に東京大学の果たすべき役割をお聞かせください。,candidate_question,analysis_term_no_stopwords,海外,0.005,2.09861228866811,0.01049306144334055,1,1,200,80
fujigaki_q01,fujigaki,藤垣裕子,q01,1,世界や日本の将来を展望しつつ、今後の大学、特に東京大学の果たすべき役割をお聞かせください。,candidate_question,analysis_term_no_stopwords,源,0.005,2.09861228866811,0.01049306144334055,1,1,200,81
fujigaki_q01,fujigaki,藤垣裕子,q01,1,世界や日本の将来を展望しつつ、今後の大学、特に東京大学の果たすべき役割をお聞かせください。,candidate_question,analysis_term_no_stopwords,激動,0.005,2.09861228866811,0.01049306144334055,1,1,200,82
fujigaki_q01,fujigaki,藤垣裕子,q01,1,世界や日本の将来を展望しつつ、今後の大学、特に東京大学の果たすべき役割をお聞かせください。,candidate_question,analysis_term_no_stopwords,牽引,0.005,2.09861228866811,0.01049306144334055,1,1,200,83
fujigaki_q01,fujigaki,藤垣裕子,q01,1,世界や日本の将来を展望しつつ、今後の大学、特に東京大学の果たすべき役割をお聞かせください。,candidate_question,analysis_term_no_stopwords,異なる,0.005,2.09861228866811,0.01049306144334055,1,1,200,84
fujigaki_q01,fujigaki,藤垣裕子,q01,1,世界や日本の将来を展望しつつ、今後の大学、特に東京大学の果たすべき役割をお聞かせください。,candidate_question,analysis_term_no_stopwords,発展,0.005,2.09861228866811,0.01049306144334055,1,1,200,85
fujigaki_q01,fujigaki,藤垣裕子,q01,1,世界や日本の将来を展望しつつ、今後の大学、特に東京大学の果たすべき役割をお聞かせください。,candidate_question,analysis_term_no_stopwords,相対,0.005,2.09861228866811,0.01049306144334055,1,1,200,86
fujigaki_q01,fujigaki,藤垣裕子,q01,1,世界や日本の将来を展望しつつ、今後の大学、特に東京大学の果たすべき役割をお聞かせください。,candidate_question,analysis_term_no_stopwords,緊迫,0.005,2.09861228866811,0.01049306144334055,1,1,200,87
fujigaki_q01,fujigaki,藤垣裕子,q01,1,世界や日本の将来を展望しつつ、今後の大学、特に東京大学の果たすべき役割をお聞かせください。,candidate_question,analysis_term_no_stopwords,行く,0.005,2.09861228866811,0.01049306144334055,1,1,200,88
fujigaki_q01,fujigaki,藤垣裕子,q01,1,世界や日本の将来を展望しつつ、今後の大学、特に東京大学の果たすべき役割をお聞かせください。,candidate_question,analysis_term_no_stopwords,装置,0.005,2.09861228866811,0.01049306144334055,1,1,200,89
fujigaki_q01,fujigaki,藤垣裕子,q01,1,世界や日本の将来を展望しつつ、今後の大学、特に東京大学の果たすべき役割をお聞かせください。,candidate_question,analysis_term_no_stopwords,見地,0.005,2.09861228866811,0.01049306144334055,1,1,200,90
fujigaki_q01,fujigaki,藤垣裕子,q01,1,世界や日本の将来を展望しつつ、今後の大学、特に東京大学の果たすべき役割をお聞かせください。,candidate_question,analysis_term_no_stopwords,角度,0.005,2.09861228866811,0.01049306144334055,1,1,200,91
fujigaki_q01,fujigaki,藤垣裕子,q01,1,世界や日本の将来を展望しつつ、今後の大学、特に東京大学の果たすべき役割をお聞かせください。,candidate_question,analysis_term_no_stopwords,解放,0.005,2.09861228866811,0.01049306144334055,1,1,200,92
fujigaki_q01,fujigaki,藤垣裕子,q01,1,世界や日本の将来を展望しつつ、今後の大学、特に東京大学の果たすべき役割をお聞かせください。,candidate_question,analysis_term_no_stopwords,解法,0.005,2.09861228866811,0.01049306144334055,1,1,200,93
fujigaki_q01,fujigaki,藤垣裕子,q01,1,世界や日本の将来を展望しつつ、今後の大学、特に東京大学の果たすべき役割をお聞かせください。,candidate_question,analysis_term_no_stopwords,訳,0.005,2.09861228866811,0.01049306144334055,1,1,200,94
fujigaki_q01,fujigaki,藤垣裕子,q01,1,世界や日本の将来を展望しつつ、今後の大学、特に東京大学の果たすべき役割をお聞かせください。,candidate_question,analysis_term_no_stopwords,訳す,0.005,2.09861228866811,0.01049306144334055,1,1,200,95
fujigaki_q01,fujigaki,藤垣裕子,q01,1,世界や日本の将来を展望しつつ、今後の大学、特に東京大学の果たすべき役割をお聞かせください。,candidate_question,analysis_term_no_stopwords,財政,0.005,2.09861228866811,0.01049306144334055,1,1,200,96
fujigaki_q01,fujigaki,藤垣裕子,q01,1,世界や日本の将来を展望しつつ、今後の大学、特に東京大学の果たすべき役割をお聞かせください。,candidate_question,analysis_term_no_stopwords,距離,0.005,2.09861228866811,0.01049306144334055,1,1,200,97
fujigaki_q01,fujigaki,藤垣裕子,q01,1,世界や日本の将来を展望しつつ、今後の大学、特に東京大学の果たすべき役割をお聞かせください。,candidate_question,analysis_term_no_stopwords,通ずる,0.005,2.09861228866811,0.01049306144334055,1,1,200,98
fujigaki_q01,fujigaki,藤垣裕子,q01,1,世界や日本の将来を展望しつつ、今後の大学、特に東京大学の果たすべき役割をお聞かせください。,candidate_question,analysis_term_no_stopwords,通り,0.005,2.09861228866811,0.01049306144334055,1,1,200,99
fujigaki_q01,fujigaki,藤垣裕子,q01,1,世界や日本の将来を展望しつつ、今後の大学、特に東京大学の果たすべき役割をお聞かせください。,candidate_question,analysis_term_no_stopwords,遺産,0.005,2.09861228866811,0.01049306144334055,1,1,200,100
fujigaki_q01,fujigaki,藤垣裕子,q01,1,世界や日本の将来を展望しつつ、今後の大学、特に東京大学の果たすべき役割をお聞かせください。,candidate_question,analysis_term_no_stopwords,頭,0.005,2.09861228866811,0.01049306144334055,1,1,200,101
fujigaki_q01,fujigaki,藤垣裕子,q01,1,世界や日本の将来を展望しつつ、今後の大学、特に東京大学の果たすべき役割をお聞かせください。,candidate_question,analysis_term_no_stopwords,駆動,0.005,2.09861228866811,0.01049306144334055,1,1,200,102
fujigaki_q01,fujigaki,藤垣裕子,q01,1,世界や日本の将来を展望しつつ、今後の大学、特に東京大学の果たすべき役割をお聞かせください。,candidate_question,analysis_term_no_stopwords,役割,0.01,1.0,0.01,2,5,200,103
fujigaki_q01,fujigaki,藤垣裕子,q01,1,世界や日本の将来を展望しつつ、今後の大学、特に東京大学の果たすべき役割をお聞かせください。,candidate_question,analysis_term_no_stopwords,イノベーション-innovation,0.005,1.6931471805599454,0.008465735902799728,1,2,200,104
fujigaki_q01,fujigaki,藤垣裕子,q01,1,世界や日本の将来を展望しつつ、今後の大学、特に東京大学の果たすべき役割をお聞かせください。,candidate_question,analysis_term_no_stopwords,上,0.005,1.6931471805599454,0.008465735902799728,1,2,200,105
fujigaki_q01,fujigaki,藤垣裕子,q01,1,世界や日本の将来を展望しつつ、今後の大学、特に東京大学の果たすべき役割をお聞かせください。,candidate_question,analysis_term_no_stopwords,主義,0.005,1.6931471805599454,0.008465735902799728,1,2,200,106
fujigaki_q01,fujigaki,藤垣裕子,q01,1,世界や日本の将来を展望しつつ、今後の大学、特に東京大学の果たすべき役割をお聞かせください。,candidate_question,analysis_term_no_stopwords,代表,0.005,1.6931471805599454,0.008465735902799728,1,2,200,107
fujigaki_q01,fujigaki,藤垣裕子,q01,1,世界や日本の将来を展望しつつ、今後の大学、特に東京大学の果たすべき役割をお聞かせください。,candidate_question,analysis_term_no_stopwords,分析,0.005,1.6931471805599454,0.008465735902799728,1,2,200,108
fujigaki_q01,fujigaki,藤垣裕子,q01,1,世界や日本の将来を展望しつつ、今後の大学、特に東京大学の果たすべき役割をお聞かせください。,candidate_question,analysis_term_no_stopwords,変革,0.005,1.6931471805599454,0.008465735902799728,1,2,200,109
fujigaki_q01,fujigaki,藤垣裕子,q01,1,世界や日本の将来を展望しつつ、今後の大学、特に東京大学の果たすべき役割をお聞かせください。,candidate_question,analysis_term_no_stopwords,推進,0.005,1.6931471805599454,0.008465735902799728,1,2,200,110
fujigaki_q01,fujigaki,藤垣裕子,q01,1,世界や日本の将来を展望しつつ、今後の大学、特に東京大学の果たすべき役割をお聞かせください。,candidate_question,analysis_term_no_stopwords,来る,0.005,1.6931471805599454,0.008465735902799728,1,2,200,111
fujigaki_q01,fujigaki,藤垣裕子,q01,1,世界や日本の将来を展望しつつ、今後の大学、特に東京大学の果たすべき役割をお聞かせください。,candidate_question,analysis_term_no_stopwords,構築,0.005,1.6931471805599454,0.008465735902799728,1,2,200,112
fujigaki_q01,fujigaki,藤垣裕子,q01,1,世界や日本の将来を展望しつつ、今後の大学、特に東京大学の果たすべき役割をお聞かせください。,candidate_question,analysis_term_no_stopwords,物,0.005,1.6931471805599454,0.008465735902799728,1,2,200,113
fujigaki_q01,fujigaki,藤垣裕子,q01,1,世界や日本の将来を展望しつつ、今後の大学、特に東京大学の果たすべき役割をお聞かせください。,candidate_question,analysis_term_no_stopwords,経済,0.005,1.6931471805599454,0.008465735902799728,1,2,200,114
fujigaki_q01,fujigaki,藤垣裕子,q01,1,世界や日本の将来を展望しつつ、今後の大学、特に東京大学の果たすべき役割をお聞かせください。,candidate_question,analysis_term_no_stopwords,置く,0.005,1.6931471805599454,0.008465735902799728,1,2,200,115
fujigaki_q01,fujigaki,藤垣裕子,q01,1,世界や日本の将来を展望しつつ、今後の大学、特に東京大学の果たすべき役割をお聞かせください。,candidate_question,analysis_term_no_stopwords,述べる,0.005,1.6931471805599454,0.008465735902799728,1,2,200,116
fujigaki_q01,fujigaki,藤垣裕子,q01,1,世界や日本の将来を展望しつつ、今後の大学、特に東京大学の果たすべき役割をお聞かせください。,candidate_question,analysis_term_no_stopwords,創造,0.005,1.4054651081081644,0.007027325540540822,1,3,200,117
fujigaki_q01,fujigaki,藤垣裕子,q01,1,世界や日本の将来を展望しつつ、今後の大学、特に東京大学の果たすべき役割をお聞かせください。,candidate_question,analysis_term_no_stopwords,民主,0.005,1.4054651081081644,0.007027325540540822,1,3,200,118
fujigaki_q01,fujigaki,藤垣裕子,q01,1,世界や日本の将来を展望しつつ、今後の大学、特に東京大学の果たすべき役割をお聞かせください。,candidate_question,analysis_term_no_stopwords,無い,0.005,1.4054651081081644,0.007027325540540822,1,3,200,119
fujigaki_q01,fujigaki,藤垣裕子,q01,1,世界や日本の将来を展望しつつ、今後の大学、特に東京大学の果たすべき役割をお聞かせください。,candidate_question,analysis_term_no_stopwords,生み出す,0.005,1.4054651081081644,0.007027325540540822,1,3,200,120
fujigaki_q01,fujigaki,藤垣裕子,q01,1,世界や日本の将来を展望しつつ、今後の大学、特に東京大学の果たすべき役割をお聞かせください。,candidate_question,analysis_term_no_stopwords,言う,0.005,1.4054651081081644,0.007027325540540822,1,3,200,121
fujigaki_q01,fujigaki,藤垣裕子,q01,1,世界や日本の将来を展望しつつ、今後の大学、特に東京大学の果たすべき役割をお聞かせください。,candidate_question,analysis_term_no_stopwords,成る,0.005,1.1823215567939547,0.005911607783969774,1,4,200,122
fujigaki_q01,fujigaki,藤垣裕子,q01,1,世界や日本の将来を展望しつつ、今後の大学、特に東京大学の果たすべき役割をお聞かせください。,candidate_question,analysis_term_no_stopwords,トウキョウ,0.005,1.0,0.005,1,5,200,123
fujigaki_q01,fujigaki,藤垣裕子,q01,1,世界や日本の将来を展望しつつ、今後の大学、特に東京大学の果たすべき役割をお聞かせください。,candidate_question,analysis_term_no_stopwords,果たす,0.005,1.0,0.005,1,5,200,124
ohkoshi_q01,ohkoshi,大越慎一,q01,1,世界や日本の将来を展望しつつ、今後の大学、特に東京大学の果たすべき役割をお聞かせください。,candidate_question,analysis_term_no_stopwords,世界,0.05405405405405406,1.1823215567939547,0.06390927334021378,4,4,74,1
ohkoshi_q01,ohkoshi,大越慎一,q01,1,世界や日本の将来を展望しつつ、今後の大学、特に東京大学の果たすべき役割をお聞かせください。,candidate_question,analysis_term_no_stopwords,学知,0.02702702702702703,2.09861228866811,0.05671925104508406,2,1,74,2
ohkoshi_q01,ohkoshi,大越慎一,q01,1,世界や日本の将来を展望しつつ、今後の大学、特に東京大学の果たすべき役割をお聞かせください。,candidate_question,analysis_term_no_stopwords,地球,0.02702702702702703,1.6931471805599454,0.04576073460972826,2,2,74,3
ohkoshi_q01,ohkoshi,大越慎一,q01,1,世界や日本の将来を展望しつつ、今後の大学、特に東京大学の果たすべき役割をお聞かせください。,candidate_question,analysis_term_no_stopwords,規模,0.02702702702702703,1.6931471805599454,0.04576073460972826,2,2,74,4
ohkoshi_q01,ohkoshi,大越慎一,q01,1,世界や日本の将来を展望しつつ、今後の大学、特に東京大学の果たすべき役割をお聞かせください。,candidate_question,analysis_term_no_stopwords,為る,0.04054054054054054,1.0,0.04054054054054054,3,5,74,5
ohkoshi_q01,ohkoshi,大越慎一,q01,1,世界や日本の将来を展望しつつ、今後の大学、特に東京大学の果たすべき役割をお聞かせください。,candidate_question,analysis_term_no_stopwords,創造,0.02702702702702703,1.4054651081081644,0.03798554346238282,2,3,74,6
ohkoshi_q01,ohkoshi,大越慎一,q01,1,世界や日本の将来を展望しつつ、今後の大学、特に東京大学の果たすべき役割をお聞かせください。,candidate_question,analysis_term_no_stopwords,因る,0.02702702702702703,1.4054651081081644,0.03798554346238282,2,3,74,7
ohkoshi_q01,ohkoshi,大越慎一,q01,1,世界や日本の将来を展望しつつ、今後の大学、特に東京大学の果たすべき役割をお聞かせください。,candidate_question,analysis_term_no_stopwords,基盤,0.02702702702702703,1.4054651081081644,0.03798554346238282,2,3,74,8
ohkoshi_q01,ohkoshi,大越慎一,q01,1,世界や日本の将来を展望しつつ、今後の大学、特に東京大学の果たすべき役割をお聞かせください。,candidate_question,analysis_term_no_stopwords,技術,0.02702702702702703,1.4054651081081644,0.03798554346238282,2,3,74,9
ohkoshi_q01,ohkoshi,大越慎一,q01,1,世界や日本の将来を展望しつつ、今後の大学、特に東京大学の果たすべき役割をお聞かせください。,candidate_question,analysis_term_no_stopwords,科学,0.02702702702702703,1.4054651081081644,0.03798554346238282,2,3,74,10
ohkoshi_q01,ohkoshi,大越慎一,q01,1,世界や日本の将来を展望しつつ、今後の大学、特に東京大学の果たすべき役割をお聞かせください。,candidate_question,analysis_term_no_stopwords,於く,0.02702702702702703,1.1823215567939547,0.03195463667010689,2,4,74,11
ohkoshi_q01,ohkoshi,大越慎一,q01,1,世界や日本の将来を展望しつつ、今後の大学、特に東京大学の果たすべき役割をお聞かせください。,candidate_question,analysis_term_no_stopwords,社会,0.02702702702702703,1.1823215567939547,0.03195463667010689,2,4,74,12
ohkoshi_q01,ohkoshi,大越慎一,q01,1,世界や日本の将来を展望しつつ、今後の大学、特に東京大学の果たすべき役割をお聞かせください。,candidate_question,analysis_term_no_stopwords,課題,0.02702702702702703,1.1823215567939547,0.03195463667010689,2,4,74,13
ohkoshi_q01,ohkoshi,大越慎一,q01,1,世界や日本の将来を展望しつつ、今後の大学、特に東京大学の果たすべき役割をお聞かせください。,candidate_question,analysis_term_no_stopwords,人材,0.013513513513513514,2.09861228866811,0.02835962552254203,1,1,74,14
ohkoshi_q01,ohkoshi,大越慎一,q01,1,世界や日本の将来を展望しつつ、今後の大学、特に東京大学の果たすべき役割をお聞かせください。,candidate_question,analysis_term_no_stopwords,伸び悩み,0.013513513513513514,2.09861228866811,0.02835962552254203,1,1,74,15
ohkoshi_q01,ohkoshi,大越慎一,q01,1,世界や日本の将来を展望しつつ、今後の大学、特に東京大学の果たすべき役割をお聞かせください。,candidate_question,analysis_term_no_stopwords,価値,0.013513513513513514,2.09861228866811,0.02835962552254203,1,1,74,16
ohkoshi_q01,ohkoshi,大越慎一,q01,1,世界や日本の将来を展望しつつ、今後の大学、特に東京大学の果たすべき役割をお聞かせください。,candidate_question,analysis_term_no_stopwords,分野,0.013513513513513514,2.09861228866811,0.02835962552254203,1,1,74,17
ohkoshi_q01,ohkoshi,大越慎一,q01,1,世界や日本の将来を展望しつつ、今後の大学、特に東京大学の果たすべき役割をお聞かせください。,candidate_question,analysis_term_no_stopwords,加速,0.013513513513513514,2.09861228866811,0.02835962552254203,1,1,74,18
ohkoshi_q01,ohkoshi,大越慎一,q01,1,世界や日本の将来を展望しつつ、今後の大学、特に東京大学の果たすべき役割をお聞かせください。,candidate_question,analysis_term_no_stopwords,国,0.013513513513513514,2.09861228866811,0.02835962552254203,1,1,74,19
ohkoshi_q01,ohkoshi,大越慎一,q01,1,世界や日本の将来を展望しつつ、今後の大学、特に東京大学の果たすべき役割をお聞かせください。,candidate_question,analysis_term_no_stopwords,少子,0.013513513513513514,2.09861228866811,0.02835962552254203,1,1,74,20
ohkoshi_q01,ohkoshi,大越慎一,q01,1,世界や日本の将来を展望しつつ、今後の大学、特に東京大学の果たすべき役割をお聞かせください。,candidate_question,analysis_term_no_stopwords,弱体,0.013513513513513514,2.09861228866811,0.02835962552254203,1,1,74,21
ohkoshi_q01,ohkoshi,大越慎一,q01,1,世界や日本の将来を展望しつつ、今後の大学、特に東京大学の果たすべき役割をお聞かせください。,candidate_question,analysis_term_no_stopwords,感,0.013513513513513514,2.09861228866811,0.02835962552254203,1,1,74,22
ohkoshi_q01,ohkoshi,大越慎一,q01,1,世界や日本の将来を展望しつつ、今後の大学、特に東京大学の果たすべき役割をお聞かせください。,candidate_question,analysis_term_no_stopwords,抱える,0.013513513513513514,2.09861228866811,0.02835962552254203,1,1,74,23
ohkoshi_q01,ohkoshi,大越慎一,q01,1,世界や日本の将来を展望しつつ、今後の大学、特に東京大学の果たすべき役割をお聞かせください。,candidate_question,analysis_term_no_stopwords,探究,0.013513513513513514,2.09861228866811,0.02835962552254203,1,1,74,24
ohkoshi_q01,ohkoshi,大越慎一,q01,1,世界や日本の将来を展望しつつ、今後の大学、特に東京大学の果たすべき役割をお聞かせください。,candidate_question,analysis_term_no_stopwords,構造,0.013513513513513514,2.09861228866811,0.02835962552254203,1,1,74,25
ohkoshi_q01,ohkoshi,大越慎一,q01,1,世界や日本の将来を展望しつつ、今後の大学、特に東京大学の果たすべき役割をお聞かせください。,candidate_question,analysis_term_no_stopwords,産業,0.013513513513513514,2.09861228866811,0.02835962552254203,1,1,74,26
ohkoshi_q01,ohkoshi,大越慎一,q01,1,世界や日本の将来を展望しつつ、今後の大学、特に東京大学の果たすべき役割をお聞かせください。,candidate_question,analysis_term_no_stopwords,相互,0.013513513513513514,2.09861228866811,0.02835962552254203,1,1,74,27
ohkoshi_q01,ohkoshi,大越慎一,q01,1,世界や日本の将来を展望しつつ、今後の大学、特に東京大学の果たすべき役割をお聞かせください。,candidate_question,analysis_term_no_stopwords,真理,0.013513513513513514,2.09861228866811,0.02835962552254203,1,1,74,28
ohkoshi_q01,ohkoshi,大越慎一,q01,1,世界や日本の将来を展望しつつ、今後の大学、特に東京大学の果たすべき役割をお聞かせください。,candidate_question,analysis_term_no_stopwords,紛争,0.013513513513513514,2.09861228866811,0.02835962552254203,1,1,74,29
ohkoshi_q01,ohkoshi,大越慎一,q01,1,世界や日本の将来を展望しつつ、今後の大学、特に東京大学の果たすべき役割をお聞かせください。,candidate_question,analysis_term_no_stopwords,繋げる,0.013513513513513514,2.09861228866811,0.02835962552254203,1,1,74,30
ohkoshi_q01,ohkoshi,大越慎一,q01,1,世界や日本の将来を展望しつつ、今後の大学、特に東京大学の果たすべき役割をお聞かせください。,candidate_question,analysis_term_no_stopwords,複雑,0.013513513513513514,2.09861228866811,0.02835962552254203,1,1,74,31
ohkoshi_q01,ohkoshi,大越慎一,q01,1,世界や日本の将来を展望しつつ、今後の大学、特に東京大学の果たすべき役割をお聞かせください。,candidate_question,analysis_term_no_stopwords,輩出,0.013513513513513514,2.09861228866811,0.02835962552254203,1,1,74,32
ohkoshi_q01,ohkoshi,大越慎一,q01,1,世界や日本の将来を展望しつつ、今後の大学、特に東京大学の果たすべき役割をお聞かせください。,candidate_question,analysis_term_no_stopwords,関連,0.013513513513513514,2.09861228866811,0.02835962552254203,1,1,74,33
ohkoshi_q01,ohkoshi,大越慎一,q01,1,世界や日本の将来を展望しつつ、今後の大学、特に東京大学の果たすべき役割をお聞かせください。,candidate_question,analysis_term_no_stopwords,事,0.02702702702702703,1.0,0.02702702702702703,2,5,74,34
ohkoshi_q01,ohkoshi,大越慎一,q01,1,世界や日本の将来を展望しつつ、今後の大学、特に東京大学の果たすべき役割をお聞かせください。,candidate_question,analysis_term_no_stopwords,日本,0.02702702702702703,1.0,0.02702702702702703,2,5,74,35
ohkoshi_q01,ohkoshi,大越慎一,q01,1,世界や日本の将来を展望しつつ、今後の大学、特に東京大学の果たすべき役割をお聞かせください。,candidate_question,analysis_term_no_stopwords,有る,0.02702702702702703,1.0,0.02702702702702703,2,5,74,36
ohkoshi_q01,ohkoshi,大越慎一,q01,1,世界や日本の将来を展望しつつ、今後の大学、特に東京大学の果たすべき役割をお聞かせください。,candidate_question,analysis_term_no_stopwords,イノベーション-innovation,0.013513513513513514,1.6931471805599454,0.02288036730486413,1,2,74,37
ohkoshi_q01,ohkoshi,大越慎一,q01,1,世界や日本の将来を展望しつつ、今後の大学、特に東京大学の果たすべき役割をお聞かせください。,candidate_question,analysis_term_no_stopwords,地政,0.013513513513513514,1.6931471805599454,0.02288036730486413,1,2,74,38
ohkoshi_q01,ohkoshi,大越慎一,q01,1,世界や日本の将来を展望しつつ、今後の大学、特に東京大学の果たすべき役割をお聞かせください。,candidate_question,analysis_term_no_stopwords,変革,0.013513513513513514,1.6931471805599454,0.02288036730486413,1,2,74,39
ohkoshi_q01,ohkoshi,大越慎一,q01,1,世界や日本の将来を展望しつつ、今後の大学、特に東京大学の果たすべき役割をお聞かせください。,candidate_question,analysis_term_no_stopwords,担う,0.013513513513513514,1.6931471805599454,0.02288036730486413,1,2,74,40
ohkoshi_q01,ohkoshi,大越慎一,q01,1,世界や日本の将来を展望しつつ、今後の大学、特に東京大学の果たすべき役割をお聞かせください。,candidate_question,analysis_term_no_stopwords,最高,0.013513513513513514,1.6931471805599454,0.02288036730486413,1,2,74,41
ohkoshi_q01,ohkoshi,大越慎一,q01,1,世界や日本の将来を展望しつつ、今後の大学、特に東京大学の果たすべき役割をお聞かせください。,candidate_question,analysis_term_no_stopwords,格差,0.013513513513513514,1.6931471805599454,0.02288036730486413,1,2,74,42
ohkoshi_q01,ohkoshi,大越慎一,q01,1,世界や日本の将来を展望しつつ、今後の大学、特に東京大学の果たすべき役割をお聞かせください。,candidate_question,analysis_term_no_stopwords,水準,0.013513513513513514,1.6931471805599454,0.02288036730486413,1,2,74,43
ohkoshi_q01,ohkoshi,大越慎一,q01,1,世界や日本の将来を展望しつつ、今後の大学、特に東京大学の果たすべき役割をお聞かせください。,candidate_question,analysis_term_no_stopwords,緊張,0.013513513513513514,1.6931471805599454,0.02288036730486413,1,2,74,44
ohkoshi_q01,ohkoshi,大越慎一,q01,1,世界や日本の将来を展望しつつ、今後の大学、特に東京大学の果たすべき役割をお聞かせください。,candidate_question,analysis_term_no_stopwords,将来,0.013513513513513514,1.4054651081081644,0.01899277173119141,1,3,74,45
ohkoshi_q01,ohkoshi,大越慎一,q01,1,世界や日本の将来を展望しつつ、今後の大学、特に東京大学の果たすべき役割をお聞かせください。,candidate_question,analysis_term_no_stopwords,持つ,0.013513513513513514,1.4054651081081644,0.01899277173119141,1,3,74,46
ohkoshi_q01,ohkoshi,大越慎一,q01,1,世界や日本の将来を展望しつつ、今後の大学、特に東京大学の果たすべき役割をお聞かせください。,candidate_question,analysis_term_no_stopwords,状況,0.013513513513513514,1.4054651081081644,0.01899277173119141,1,3,74,47
ohkoshi_q01,ohkoshi,大越慎一,q01,1,世界や日本の将来を展望しつつ、今後の大学、特に東京大学の果たすべき役割をお聞かせください。,candidate_question,analysis_term_no_stopwords,生み出す,0.013513513513513514,1.4054651081081644,0.01899277173119141,1,3,74,48
ohkoshi_q01,ohkoshi,大越慎一,q01,1,世界や日本の将来を展望しつつ、今後の大学、特に東京大学の果たすべき役割をお聞かせください。,candidate_question,analysis_term_no_stopwords,知,0.013513513513513514,1.4054651081081644,0.01899277173119141,1,3,74,49
ohkoshi_q01,ohkoshi,大越慎一,q01,1,世界や日本の将来を展望しつつ、今後の大学、特に東京大学の果たすべき役割をお聞かせください。,candidate_question,analysis_term_no_stopwords,高齢,0.013513513513513514,1.4054651081081644,0.01899277173119141,1,3,74,50
ohkoshi_q01,ohkoshi,大越慎一,q01,1,世界や日本の将来を展望しつつ、今後の大学、特に東京大学の果たすべき役割をお聞かせください。,candidate_question,analysis_term_no_stopwords,分断,0.013513513513513514,1.1823215567939547,0.015977318335053444,1,4,74,51
ohkoshi_q01,ohkoshi,大越慎一,q01,1,世界や日本の将来を展望しつつ、今後の大学、特に東京大学の果たすべき役割をお聞かせください。,candidate_question,analysis_term_no_stopwords,トウキョウ,0.013513513513513514,1.0,0.013513513513513514,1,5,74,52
ohkoshi_q01,ohkoshi,大越慎一,q01,1,世界や日本の将来を展望しつつ、今後の大学、特に東京大学の果たすべき役割をお聞かせください。,candidate_question,analysis_term_no_stopwords,居る,0.013513513513513514,1.0,0.013513513513513514,1,5,74,53
ohkoshi_q01,ohkoshi,大越慎一,q01,1,世界や日本の将来を展望しつつ、今後の大学、特に東京大学の果たすべき役割をお聞かせください。,candidate_question,analysis_term_no_stopwords,役割,0.013513513513513514,1.0,0.013513513513513514,1,5,74,54
ohkoshi_q01,ohkoshi,大越慎一,q01,1,世界や日本の将来を展望しつつ、今後の大学、特に東京大学の果たすべき役割をお聞かせください。,candidate_question,analysis_term_no_stopwords,果たす,0.013513513513513514,1.0,0.013513513513513514,1,5,74,55
someya_q01,someya,染谷隆夫,q01,1,世界や日本の将来を展望しつつ、今後の大学、特に東京大学の果たすべき役割をお聞かせください。,candidate_question,analysis_term_no_stopwords,為る,0.10077519379844961,1.0,0.10077519379844961,13,5,129,1
someya_q01,someya,染谷隆夫,q01,1,世界や日本の将来を展望しつつ、今後の大学、特に東京大学の果たすべき役割をお聞かせください。,candidate_question,analysis_term_no_stopwords,信頼,0.023255813953488372,1.6931471805599454,0.039375515826975474,3,2,129,2
someya_q01,someya,染谷隆夫,q01,1,世界や日本の将来を展望しつつ、今後の大学、特に東京大学の果たすべき役割をお聞かせください。,candidate_question,analysis_term_no_stopwords,居る,0.03875968992248062,1.0,0.03875968992248062,5,5,129,3
someya_q01,someya,染谷隆夫,q01,1,世界や日本の将来を展望しつつ、今後の大学、特に東京大学の果たすべき役割をお聞かせください。,candidate_question,analysis_term_no_stopwords,今,0.015503875968992248,2.09861228866811,0.032536624630513336,2,1,129,4
someya_q01,someya,染谷隆夫,q01,1,世界や日本の将来を展望しつつ、今後の大学、特に東京大学の果たすべき役割をお聞かせください。,candidate_question,analysis_term_no_stopwords,公共,0.015503875968992248,2.09861228866811,0.032536624630513336,2,1,129,5
someya_q01,someya,染谷隆夫,q01,1,世界や日本の将来を展望しつつ、今後の大学、特に東京大学の果たすべき役割をお聞かせください。,candidate_question,analysis_term_no_stopwords,責務,0.015503875968992248,2.09861228866811,0.032536624630513336,2,1,129,6
someya_q01,someya,染谷隆夫,q01,1,世界や日本の将来を展望しつつ、今後の大学、特に東京大学の果たすべき役割をお聞かせください。,candidate_question,analysis_term_no_stopwords,世界,0.015503875968992248,1.1823215567939547,0.018330566771999297,2,4,129,7
someya_q01,someya,染谷隆夫,q01,1,世界や日本の将来を展望しつつ、今後の大学、特に東京大学の果たすべき役割をお聞かせください。,candidate_question,analysis_term_no_stopwords,成る,0.015503875968992248,1.1823215567939547,0.018330566771999297,2,4,129,8
someya_q01,someya,染谷隆夫,q01,1,世界や日本の将来を展望しつつ、今後の大学、特に東京大学の果たすべき役割をお聞かせください。,candidate_question,analysis_term_no_stopwords,社会,0.015503875968992248,1.1823215567939547,0.018330566771999297,2,4,129,9
someya_q01,someya,染谷隆夫,q01,1,世界や日本の将来を展望しつつ、今後の大学、特に東京大学の果たすべき役割をお聞かせください。,candidate_question,analysis_term_no_stopwords,インパクト-impact,0.007751937984496124,2.09861228866811,0.016268312315256668,1,1,129,10
someya_q01,someya,染谷隆夫,q01,1,世界や日本の将来を展望しつつ、今後の大学、特に東京大学の果たすべき役割をお聞かせください。,candidate_question,analysis_term_no_stopwords,リーダー-leader,0.007751937984496124,2.09861228866811,0.016268312315256668,1,1,129,11
someya_q01,someya,染谷隆夫,q01,1,世界や日本の将来を展望しつつ、今後の大学、特に東京大学の果たすべき役割をお聞かせください。,candidate_question,analysis_term_no_stopwords,一丸,0.007751937984496124,2.09861228866811,0.016268312315256668,1,1,129,12
someya_q01,someya,染谷隆夫,q01,1,世界や日本の将来を展望しつつ、今後の大学、特に東京大学の果たすべき役割をお聞かせください。,candidate_question,analysis_term_no_stopwords,事実,0.007751937984496124,2.09861228866811,0.016268312315256668,1,1,129,13
someya_q01,someya,染谷隆夫,q01,1,世界や日本の将来を展望しつつ、今後の大学、特に東京大学の果たすべき役割をお聞かせください。,candidate_question,analysis_term_no_stopwords,元気,0.007751937984496124,2.09861228866811,0.016268312315256668,1,1,129,14
someya_q01,someya,染谷隆夫,q01,1,世界や日本の将来を展望しつつ、今後の大学、特に東京大学の果たすべき役割をお聞かせください。,candidate_question,analysis_term_no_stopwords,公明,0.007751937984496124,2.09861228866811,0.016268312315256668,1,1,129,15
someya_q01,someya,染谷隆夫,q01,1,世界や日本の将来を展望しつつ、今後の大学、特に東京大学の果たすべき役割をお聞かせください。,candidate_question,analysis_term_no_stopwords,前提,0.007751937984496124,2.09861228866811,0.016268312315256668,1,1,129,16
someya_q01,someya,染谷隆夫,q01,1,世界や日本の将来を展望しつつ、今後の大学、特に東京大学の果たすべき役割をお聞かせください。,candidate_question,analysis_term_no_stopwords,取り戻す,0.007751937984496124,2.09861228866811,0.016268312315256668,1,1,129,17
someya_q01,someya,染谷隆夫,q01,1,世界や日本の将来を展望しつつ、今後の大学、特に東京大学の果たすべき役割をお聞かせください。,candidate_question,analysis_term_no_stopwords,同時,0.007751937984496124,2.09861228866811,0.016268312315256668,1,1,129,18
someya_q01,someya,染谷隆夫,q01,1,世界や日本の将来を展望しつつ、今後の大学、特に東京大学の果たすべき役割をお聞かせください。,candidate_question,analysis_term_no_stopwords,含む,0.007751937984496124,2.09861228866811,0.016268312315256668,1,1,129,19
someya_q01,someya,染谷隆夫,q01,1,世界や日本の将来を展望しつつ、今後の大学、特に東京大学の果たすべき役割をお聞かせください。,candidate_question,analysis_term_no_stopwords,回復,0.007751937984496124,2.09861228866811,0.016268312315256668,1,1,129,20
someya_q01,someya,染谷隆夫,q01,1,世界や日本の将来を展望しつつ、今後の大学、特に東京大学の果たすべき役割をお聞かせください。,candidate_question,analysis_term_no_stopwords,埋める,0.007751937984496124,2.09861228866811,0.016268312315256668,1,1,129,21
someya_q01,someya,染谷隆夫,q01,1,世界や日本の将来を展望しつつ、今後の大学、特に東京大学の果たすべき役割をお聞かせください。,candidate_question,analysis_term_no_stopwords,大きい,0.007751937984496124,2.09861228866811,0.016268312315256668,1,1,129,22
someya_q01,someya,染谷隆夫,q01,1,世界や日本の将来を展望しつつ、今後の大学、特に東京大学の果たすべき役割をお聞かせください。,candidate_question,analysis_term_no_stopwords,失う,0.007751937984496124,2.09861228866811,0.016268312315256668,1,1,129,23
someya_q01,someya,染谷隆夫,q01,1,世界や日本の将来を展望しつつ、今後の大学、特に東京大学の果たすべき役割をお聞かせください。,candidate_question,analysis_term_no_stopwords,奉仕,0.007751937984496124,2.09861228866811,0.016268312315256668,1,1,129,24
someya_q01,someya,染谷隆夫,q01,1,世界や日本の将来を展望しつつ、今後の大学、特に東京大学の果たすべき役割をお聞かせください。,candidate_question,analysis_term_no_stopwords,学内,0.007751937984496124,2.09861228866811,0.016268312315256668,1,1,129,25
someya_q01,someya,染谷隆夫,q01,1,世界や日本の将来を展望しつつ、今後の大学、特に東京大学の果たすべき役割をお聞かせください。,candidate_question,analysis_term_no_stopwords,強い,0.007751937984496124,2.09861228866811,0.016268312315256668,1,1,129,26
someya_q01,someya,染谷隆夫,q01,1,世界や日本の将来を展望しつつ、今後の大学、特に東京大学の果たすべき役割をお聞かせください。,candidate_question,analysis_term_no_stopwords,徹底,0.007751937984496124,2.09861228866811,0.016268312315256668,1,1,129,27
someya_q01,someya,染谷隆夫,q01,1,世界や日本の将来を展望しつつ、今後の大学、特に東京大学の果たすべき役割をお聞かせください。,candidate_question,analysis_term_no_stopwords,悔しい,0.007751937984496124,2.09861228866811,0.016268312315256668,1,1,129,28
someya_q01,someya,染谷隆夫,q01,1,世界や日本の将来を展望しつつ、今後の大学、特に東京大学の果たすべき役割をお聞かせください。,candidate_question,analysis_term_no_stopwords,成長,0.007751937984496124,2.09861228866811,0.016268312315256668,1,1,129,29
someya_q01,someya,染谷隆夫,q01,1,世界や日本の将来を展望しつつ、今後の大学、特に東京大学の果たすべき役割をお聞かせください。,candidate_question,analysis_term_no_stopwords,投資,0.007751937984496124,2.09861228866811,0.016268312315256668,1,1,129,30
someya_q01,someya,染谷隆夫,q01,1,世界や日本の将来を展望しつつ、今後の大学、特に東京大学の果たすべき役割をお聞かせください。,candidate_question,analysis_term_no_stopwords,拡大,0.007751937984496124,2.09861228866811,0.016268312315256668,1,1,129,31
someya_q01,someya,染谷隆夫,q01,1,世界や日本の将来を展望しつつ、今後の大学、特に東京大学の果たすべき役割をお聞かせください。,candidate_question,analysis_term_no_stopwords,時代,0.007751937984496124,2.09861228866811,0.016268312315256668,1,1,129,32
someya_q01,someya,染谷隆夫,q01,1,世界や日本の将来を展望しつつ、今後の大学、特に東京大学の果たすべき役割をお聞かせください。,candidate_question,analysis_term_no_stopwords,未来,0.007751937984496124,2.09861228866811,0.016268312315256668,1,1,129,33
someya_q01,someya,染谷隆夫,q01,1,世界や日本の将来を展望しつつ、今後の大学、特に東京大学の果たすべき役割をお聞かせください。,candidate_question,analysis_term_no_stopwords,本来,0.007751937984496124,2.09861228866811,0.016268312315256668,1,1,129,34
someya_q01,someya,染谷隆夫,q01,1,世界や日本の将来を展望しつつ、今後の大学、特に東京大学の果たすべき役割をお聞かせください。,candidate_question,analysis_term_no_stopwords,本部,0.007751937984496124,2.09861228866811,0.016268312315256668,1,1,129,35
someya_q01,someya,染谷隆夫,q01,1,世界や日本の将来を展望しつつ、今後の大学、特に東京大学の果たすべき役割をお聞かせください。,candidate_question,analysis_term_no_stopwords,構想,0.007751937984496124,2.09861228866811,0.016268312315256668,1,1,129,36
someya_q01,someya,染谷隆夫,q01,1,世界や日本の将来を展望しつつ、今後の大学、特に東京大学の果たすべき役割をお聞かせください。,candidate_question,analysis_term_no_stopwords,次代,0.007751937984496124,2.09861228866811,0.016268312315256668,1,1,129,37
someya_q01,someya,染谷隆夫,q01,1,世界や日本の将来を展望しつつ、今後の大学、特に東京大学の果たすべき役割をお聞かせください。,candidate_question,analysis_term_no_stopwords,正解,0.007751937984496124,2.09861228866811,0.016268312315256668,1,1,129,38
someya_q01,someya,染谷隆夫,q01,1,世界や日本の将来を展望しつつ、今後の大学、特に東京大学の果たすべき役割をお聞かせください。,candidate_question,analysis_term_no_stopwords,深化,0.007751937984496124,2.09861228866811,0.016268312315256668,1,1,129,39
someya_q01,someya,染谷隆夫,q01,1,世界や日本の将来を展望しつつ、今後の大学、特に東京大学の果たすべき役割をお聞かせください。,candidate_question,analysis_term_no_stopwords,溝,0.007751937984496124,2.09861228866811,0.016268312315256668,1,1,129,40
someya_q01,someya,染谷隆夫,q01,1,世界や日本の将来を展望しつつ、今後の大学、特に東京大学の果たすべき役割をお聞かせください。,candidate_question,analysis_term_no_stopwords,現場,0.007751937984496124,2.09861228866811,0.016268312315256668,1,1,129,41
someya_q01,someya,染谷隆夫,q01,1,世界や日本の将来を展望しつつ、今後の大学、特に東京大学の果たすべき役割をお聞かせください。,candidate_question,analysis_term_no_stopwords,生かす,0.007751937984496124,2.09861228866811,0.016268312315256668,1,1,129,42
someya_q01,someya,染谷隆夫,q01,1,世界や日本の将来を展望しつつ、今後の大学、特に東京大学の果たすべき役割をお聞かせください。,candidate_question,analysis_term_no_stopwords,生ずる,0.007751937984496124,2.09861228866811,0.016268312315256668,1,1,129,43
someya_q01,someya,染谷隆夫,q01,1,世界や日本の将来を展望しつつ、今後の大学、特に東京大学の果たすべき役割をお聞かせください。,candidate_question,analysis_term_no_stopwords,生成,0.007751937984496124,2.09861228866811,0.016268312315256668,1,1,129,44
someya_q01,someya,染谷隆夫,q01,1,世界や日本の将来を展望しつつ、今後の大学、特に東京大学の果たすべき役割をお聞かせください。,candidate_question,analysis_term_no_stopwords,発揮,0.007751937984496124,2.09861228866811,0.016268312315256668,1,1,129,45
someya_q01,someya,染谷隆夫,q01,1,世界や日本の将来を展望しつつ、今後の大学、特に東京大学の果たすべき役割をお聞かせください。,candidate_question,analysis_term_no_stopwords,目,0.007751937984496124,2.09861228866811,0.016268312315256668,1,1,129,46
someya_q01,someya,染谷隆夫,q01,1,世界や日本の将来を展望しつつ、今後の大学、特に東京大学の果たすべき役割をお聞かせください。,candidate_question,analysis_term_no_stopwords,直視,0.007751937984496124,2.09861228866811,0.016268312315256668,1,1,129,47
someya_q01,someya,染谷隆夫,q01,1,世界や日本の将来を展望しつつ、今後の大学、特に東京大学の果たすべき役割をお聞かせください。,candidate_question,analysis_term_no_stopwords,直面,0.007751937984496124,2.09861228866811,0.016268312315256668,1,1,129,48
someya_q01,someya,染谷隆夫,q01,1,世界や日本の将来を展望しつつ、今後の大学、特に東京大学の果たすべき役割をお聞かせください。,candidate_question,analysis_term_no_stopwords,総合,0.007751937984496124,2.09861228866811,0.016268312315256668,1,1,129,49
someya_q01,someya,染谷隆夫,q01,1,世界や日本の将来を展望しつつ、今後の大学、特に東京大学の果たすべき役割をお聞かせください。,candidate_question,analysis_term_no_stopwords,育てる,0.007751937984496124,2.09861228866811,0.016268312315256668,1,1,129,50
someya_q01,someya,染谷隆夫,q01,1,世界や日本の将来を展望しつつ、今後の大学、特に東京大学の果たすべき役割をお聞かせください。,candidate_question,analysis_term_no_stopwords,自ら,0.007751937984496124,2.09861228866811,0.016268312315256668,1,1,129,51
someya_q01,someya,染谷隆夫,q01,1,世界や日本の将来を展望しつつ、今後の大学、特に東京大学の果たすべき役割をお聞かせください。,candidate_question,analysis_term_no_stopwords,自身,0.007751937984496124,2.09861228866811,0.016268312315256668,1,1,129,52
someya_q01,someya,染谷隆夫,q01,1,世界や日本の将来を展望しつつ、今後の大学、特に東京大学の果たすべき役割をお聞かせください。,candidate_question,analysis_term_no_stopwords,良い,0.007751937984496124,2.09861228866811,0.016268312315256668,1,1,129,53
someya_q01,someya,染谷隆夫,q01,1,世界や日本の将来を展望しつつ、今後の大学、特に東京大学の果たすべき役割をお聞かせください。,candidate_question,analysis_term_no_stopwords,複合,0.007751937984496124,2.09861228866811,0.016268312315256668,1,1,129,54
someya_q01,someya,染谷隆夫,q01,1,世界や日本の将来を展望しつつ、今後の大学、特に東京大学の果たすべき役割をお聞かせください。,candidate_question,analysis_term_no_stopwords,視野,0.007751937984496124,2.09861228866811,0.016268312315256668,1,1,129,55
someya_q01,someya,染谷隆夫,q01,1,世界や日本の将来を展望しつつ、今後の大学、特に東京大学の果たすべき役割をお聞かせください。,candidate_question,analysis_term_no_stopwords,覚える,0.007751937984496124,2.09861228866811,0.016268312315256668,1,1,129,56
someya_q01,someya,染谷隆夫,q01,1,世界や日本の将来を展望しつつ、今後の大学、特に東京大学の果たすべき役割をお聞かせください。,candidate_question,analysis_term_no_stopwords,負う,0.007751937984496124,2.09861228866811,0.016268312315256668,1,1,129,57
someya_q01,someya,染谷隆夫,q01,1,世界や日本の将来を展望しつつ、今後の大学、特に東京大学の果たすべき役割をお聞かせください。,candidate_question,analysis_term_no_stopwords,責任,0.007751937984496124,2.09861228866811,0.016268312315256668,1,1,129,58
someya_q01,someya,染谷隆夫,q01,1,世界や日本の将来を展望しつつ、今後の大学、特に東京大学の果たすべき役割をお聞かせください。,candidate_question,analysis_term_no_stopwords,転ずる,0.007751937984496124,2.09861228866811,0.016268312315256668,1,1,129,59
someya_q01,someya,染谷隆夫,q01,1,世界や日本の将来を展望しつつ、今後の大学、特に東京大学の果たすべき役割をお聞かせください。,candidate_question,analysis_term_no_stopwords,還元,0.007751937984496124,2.09861228866811,0.016268312315256668,1,1,129,60
someya_q01,someya,染谷隆夫,q01,1,世界や日本の将来を展望しつつ、今後の大学、特に東京大学の果たすべき役割をお聞かせください。,candidate_question,analysis_term_no_stopwords,部局,0.007751937984496124,2.09861228866811,0.016268312315256668,1,1,129,61
someya_q01,someya,染谷隆夫,q01,1,世界や日本の将来を展望しつつ、今後の大学、特に東京大学の果たすべき役割をお聞かせください。,candidate_question,analysis_term_no_stopwords,関係,0.007751937984496124,2.09861228866811,0.016268312315256668,1,1,129,62
someya_q01,someya,染谷隆夫,q01,1,世界や日本の将来を展望しつつ、今後の大学、特に東京大学の果たすべき役割をお聞かせください。,candidate_question,analysis_term_no_stopwords,革新,0.007751937984496124,2.09861228866811,0.016268312315256668,1,1,129,63
someya_q01,someya,染谷隆夫,q01,1,世界や日本の将来を展望しつつ、今後の大学、特に東京大学の果たすべき役割をお聞かせください。,candidate_question,analysis_term_no_stopwords,高い,0.007751937984496124,2.09861228866811,0.016268312315256668,1,1,129,64
someya_q01,someya,染谷隆夫,q01,1,世界や日本の将来を展望しつつ、今後の大学、特に東京大学の果たすべき役割をお聞かせください。,candidate_question,analysis_term_no_stopwords,トウキョウ,0.015503875968992248,1.0,0.015503875968992248,2,5,129,65
someya_q01,someya,染谷隆夫,q01,1,世界や日本の将来を展望しつつ、今後の大学、特に東京大学の果たすべき役割をお聞かせください。,candidate_question,analysis_term_no_stopwords,人類,0.007751937984496124,1.6931471805599454,0.013125171942325159,1,2,129,66
someya_q01,someya,染谷隆夫,q01,1,世界や日本の将来を展望しつつ、今後の大学、特に東京大学の果たすべき役割をお聞かせください。,candidate_question,analysis_term_no_stopwords,代表,0.007751937984496124,1.6931471805599454,0.013125171942325159,1,2,129,67
someya_q01,someya,染谷隆夫,q01,1,世界や日本の将来を展望しつつ、今後の大学、特に東京大学の果たすべき役割をお聞かせください。,candidate_question,analysis_term_no_stopwords,力,0.007751937984496124,1.6931471805599454,0.013125171942325159,1,2,129,68
someya_q01,someya,染谷隆夫,q01,1,世界や日本の将来を展望しつつ、今後の大学、特に東京大学の果たすべき役割をお聞かせください。,candidate_question,analysis_term_no_stopwords,厳しい,0.007751937984496124,1.6931471805599454,0.013125171942325159,1,2,129,69
someya_q01,someya,染谷隆夫,q01,1,世界や日本の将来を展望しつつ、今後の大学、特に東京大学の果たすべき役割をお聞かせください。,candidate_question,analysis_term_no_stopwords,地政,0.007751937984496124,1.6931471805599454,0.013125171942325159,1,2,129,70
someya_q01,someya,染谷隆夫,q01,1,世界や日本の将来を展望しつつ、今後の大学、特に東京大学の果たすべき役割をお聞かせください。,candidate_question,analysis_term_no_stopwords,担う,0.007751937984496124,1.6931471805599454,0.013125171942325159,1,2,129,71
someya_q01,someya,染谷隆夫,q01,1,世界や日本の将来を展望しつつ、今後の大学、特に東京大学の果たすべき役割をお聞かせください。,candidate_question,analysis_term_no_stopwords,最高,0.007751937984496124,1.6931471805599454,0.013125171942325159,1,2,129,72
someya_q01,someya,染谷隆夫,q01,1,世界や日本の将来を展望しつつ、今後の大学、特に東京大学の果たすべき役割をお聞かせください。,candidate_question,analysis_term_no_stopwords,格差,0.007751937984496124,1.6931471805599454,0.013125171942325159,1,2,129,73
someya_q01,someya,染谷隆夫,q01,1,世界や日本の将来を展望しつつ、今後の大学、特に東京大学の果たすべき役割をお聞かせください。,candidate_question,analysis_term_no_stopwords,構築,0.007751937984496124,1.6931471805599454,0.013125171942325159,1,2,129,74
someya_q01,someya,染谷隆夫,q01,1,世界や日本の将来を展望しつつ、今後の大学、特に東京大学の果たすべき役割をお聞かせください。,candidate_question,analysis_term_no_stopwords,水準,0.007751937984496124,1.6931471805599454,0.013125171942325159,1,2,129,75
someya_q01,someya,染谷隆夫,q01,1,世界や日本の将来を展望しつつ、今後の大学、特に東京大学の果たすべき役割をお聞かせください。,candidate_question,analysis_term_no_stopwords,為,0.007751937984496124,1.6931471805599454,0.013125171942325159,1,2,129,76
someya_q01,someya,染谷隆夫,q01,1,世界や日本の将来を展望しつつ、今後の大学、特に東京大学の果たすべき役割をお聞かせください。,candidate_question,analysis_term_no_stopwords,現状,0.007751937984496124,1.6931471805599454,0.013125171942325159,1,2,129,77
someya_q01,someya,染谷隆夫,q01,1,世界や日本の将来を展望しつつ、今後の大学、特に東京大学の果たすべき役割をお聞かせください。,candidate_question,analysis_term_no_stopwords,環境,0.007751937984496124,1.6931471805599454,0.013125171942325159,1,2,129,78
someya_q01,someya,染谷隆夫,q01,1,世界や日本の将来を展望しつつ、今後の大学、特に東京大学の果たすべき役割をお聞かせください。,candidate_question,analysis_term_no_stopwords,真価,0.007751937984496124,1.6931471805599454,0.013125171942325159,1,2,129,79
someya_q01,someya,染谷隆夫,q01,1,世界や日本の将来を展望しつつ、今後の大学、特に東京大学の果たすべき役割をお聞かせください。,candidate_question,analysis_term_no_stopwords,緊張,0.007751937984496124,1.6931471805599454,0.013125171942325159,1,2,129,80
someya_q01,someya,染谷隆夫,q01,1,世界や日本の将来を展望しつつ、今後の大学、特に東京大学の果たすべき役割をお聞かせください。,candidate_question,analysis_term_no_stopwords,説明,0.007751937984496124,1.6931471805599454,0.013125171942325159,1,2,129,81
someya_q01,someya,染谷隆夫,q01,1,世界や日本の将来を展望しつつ、今後の大学、特に東京大学の果たすべき役割をお聞かせください。,candidate_question,analysis_term_no_stopwords,資源,0.007751937984496124,1.6931471805599454,0.013125171942325159,1,2,129,82
someya_q01,someya,染谷隆夫,q01,1,世界や日本の将来を展望しつつ、今後の大学、特に東京大学の果たすべき役割をお聞かせください。,candidate_question,analysis_term_no_stopwords,長期,0.007751937984496124,1.6931471805599454,0.013125171942325159,1,2,129,83
someya_q01,someya,染谷隆夫,q01,1,世界や日本の将来を展望しつつ、今後の大学、特に東京大学の果たすべき役割をお聞かせください。,candidate_question,analysis_term_no_stopwords,間,0.007751937984496124,1.6931471805599454,0.013125171942325159,1,2,129,84
someya_q01,someya,染谷隆夫,q01,1,世界や日本の将来を展望しつつ、今後の大学、特に東京大学の果たすべき役割をお聞かせください。,candidate_question,analysis_term_no_stopwords,ai,0.007751937984496124,1.4054651081081644,0.01089507835742763,1,3,129,85
someya_q01,someya,染谷隆夫,q01,1,世界や日本の将来を展望しつつ、今後の大学、特に東京大学の果たすべき役割をお聞かせください。,candidate_question,analysis_term_no_stopwords,出来る,0.007751937984496124,1.4054651081081644,0.01089507835742763,1,3,129,86
someya_q01,someya,染谷隆夫,q01,1,世界や日本の将来を展望しつつ、今後の大学、特に東京大学の果たすべき役割をお聞かせください。,candidate_question,analysis_term_no_stopwords,創造,0.007751937984496124,1.4054651081081644,0.01089507835742763,1,3,129,87
someya_q01,someya,染谷隆夫,q01,1,世界や日本の将来を展望しつつ、今後の大学、特に東京大学の果たすべき役割をお聞かせください。,candidate_question,analysis_term_no_stopwords,向ける,0.007751937984496124,1.4054651081081644,0.01089507835742763,1,3,129,88
someya_q01,someya,染谷隆夫,q01,1,世界や日本の将来を展望しつつ、今後の大学、特に東京大学の果たすべき役割をお聞かせください。,candidate_question,analysis_term_no_stopwords,変動,0.007751937984496124,1.4054651081081644,0.01089507835742763,1,3,129,89
someya_q01,someya,染谷隆夫,q01,1,世界や日本の将来を展望しつつ、今後の大学、特に東京大学の果たすべき役割をお聞かせください。,candidate_question,analysis_term_no_stopwords,学術,0.007751937984496124,1.4054651081081644,0.01089507835742763,1,3,129,90
someya_q01,someya,染谷隆夫,q01,1,世界や日本の将来を展望しつつ、今後の大学、特に東京大学の果たすべき役割をお聞かせください。,candidate_question,analysis_term_no_stopwords,技術,0.007751937984496124,1.4054651081081644,0.01089507835742763,1,3,129,91
someya_q01,someya,染谷隆夫,q01,1,世界や日本の将来を展望しつつ、今後の大学、特に東京大学の果たすべき役割をお聞かせください。,candidate_question,analysis_term_no_stopwords,持つ,0.007751937984496124,1.4054651081081644,0.01089507835742763,1,3,129,92
someya_q01,someya,染谷隆夫,q01,1,世界や日本の将来を展望しつつ、今後の大学、特に東京大学の果たすべき役割をお聞かせください。,candidate_question,analysis_term_no_stopwords,気候,0.007751937984496124,1.4054651081081644,0.01089507835742763,1,3,129,93
someya_q01,someya,染谷隆夫,q01,1,世界や日本の将来を展望しつつ、今後の大学、特に東京大学の果たすべき役割をお聞かせください。,candidate_question,analysis_term_no_stopwords,無い,0.007751937984496124,1.4054651081081644,0.01089507835742763,1,3,129,94
someya_q01,someya,染谷隆夫,q01,1,世界や日本の将来を展望しつつ、今後の大学、特に東京大学の果たすべき役割をお聞かせください。,candidate_question,analysis_term_no_stopwords,生み出す,0.007751937984496124,1.4054651081081644,0.01089507835742763,1,3,129,95
someya_q01,someya,染谷隆夫,q01,1,世界や日本の将来を展望しつつ、今後の大学、特に東京大学の果たすべき役割をお聞かせください。,candidate_question,analysis_term_no_stopwords,知,0.007751937984496124,1.4054651081081644,0.01089507835742763,1,3,129,96
someya_q01,someya,染谷隆夫,q01,1,世界や日本の将来を展望しつつ、今後の大学、特に東京大学の果たすべき役割をお聞かせください。,candidate_question,analysis_term_no_stopwords,分断,0.007751937984496124,1.1823215567939547,0.009165283385999649,1,4,129,97
someya_q01,someya,染谷隆夫,q01,1,世界や日本の将来を展望しつつ、今後の大学、特に東京大学の果たすべき役割をお聞かせください。,candidate_question,analysis_term_no_stopwords,於く,0.007751937984496124,1.1823215567939547,0.009165283385999649,1,4,129,98
someya_q01,someya,染谷隆夫,q01,1,世界や日本の将来を展望しつつ、今後の大学、特に東京大学の果たすべき役割をお聞かせください。,candidate_question,analysis_term_no_stopwords,課題,0.007751937984496124,1.1823215567939547,0.009165283385999649,1,4,129,99
someya_q01,someya,染谷隆夫,q01,1,世界や日本の将来を展望しつつ、今後の大学、特に東京大学の果たすべき役割をお聞かせください。,candidate_question,analysis_term_no_stopwords,事,0.007751937984496124,1.0,0.007751937984496124,1,5,129,100
someya_q01,someya,染谷隆夫,q01,1,世界や日本の将来を展望しつつ、今後の大学、特に東京大学の果たすべき役割をお聞かせください。,candidate_question,analysis_term_no_stopwords,役割,0.007751937984496124,1.0,0.007751937984496124,1,5,129,101
someya_q01,someya,染谷隆夫,q01,1,世界や日本の将来を展望しつつ、今後の大学、特に東京大学の果たすべき役割をお聞かせください。,candidate_question,analysis_term_no_stopwords,日本,0.007751937984496124,1.0,0.007751937984496124,1,5,129,102
someya_q01,someya,染谷隆夫,q01,1,世界や日本の将来を展望しつつ、今後の大学、特に東京大学の果たすべき役割をお聞かせください。,candidate_question,analysis_term_no_stopwords,有る,0.007751937984496124,1.0,0.007751937984496124,1,5,129,103
someya_q01,someya,染谷隆夫,q01,1,世界や日本の将来を展望しつつ、今後の大学、特に東京大学の果たすべき役割をお聞かせください。,candidate_question,analysis_term_no_stopwords,果たす,0.007751937984496124,1.0,0.007751937984496124,1,5,129,104
sugano_q01,sugano,菅野暁,q01,1,世界や日本の将来を展望しつつ、今後の大学、特に東京大学の果たすべき役割をお聞かせください。,candidate_question,analysis_term_no_stopwords,行う,0.025477707006369428,2.09861228866811,0.05346782901065249,4,1,157,1
sugano_q01,sugano,菅野暁,q01,1,世界や日本の将来を展望しつつ、今後の大学、特に東京大学の果たすべき役割をお聞かせください。,candidate_question,analysis_term_no_stopwords,課題,0.03821656050955414,1.1823215567939547,0.04518426331696642,6,4,157,2
sugano_q01,sugano,菅野暁,q01,1,世界や日本の将来を展望しつつ、今後の大学、特に東京大学の果たすべき役割をお聞かせください。,candidate_question,analysis_term_no_stopwords,為る,0.044585987261146494,1.0,0.044585987261146494,7,5,157,3
sugano_q01,sugano,菅野暁,q01,1,世界や日本の将来を展望しつつ、今後の大学、特に東京大学の果たすべき役割をお聞かせください。,candidate_question,analysis_term_no_stopwords,つく,0.025477707006369428,1.6931471805599454,0.043137507784966764,4,2,157,4
sugano_q01,sugano,菅野暁,q01,1,世界や日本の将来を展望しつつ、今後の大学、特に東京大学の果たすべき役割をお聞かせください。,candidate_question,analysis_term_no_stopwords,考える,0.025477707006369428,1.6931471805599454,0.043137507784966764,4,2,157,5
sugano_q01,sugano,菅野暁,q01,1,世界や日本の将来を展望しつつ、今後の大学、特に東京大学の果たすべき役割をお聞かせください。,candidate_question,analysis_term_no_stopwords,解決,0.01910828025477707,2.09861228866811,0.04010087175798936,3,1,157,6
sugano_q01,sugano,菅野暁,q01,1,世界や日本の将来を展望しつつ、今後の大学、特に東京大学の果たすべき役割をお聞かせください。,candidate_question,analysis_term_no_stopwords,状況,0.025477707006369428,1.4054651081081644,0.035808028232055145,4,3,157,7
sugano_q01,sugano,菅野暁,q01,1,世界や日本の将来を展望しつつ、今後の大学、特に東京大学の果たすべき役割をお聞かせください。,candidate_question,analysis_term_no_stopwords,将来,0.01910828025477707,1.4054651081081644,0.026856021174041355,3,3,157,8
sugano_q01,sugano,菅野暁,q01,1,世界や日本の将来を展望しつつ、今後の大学、特に東京大学の果たすべき役割をお聞かせください。,candidate_question,analysis_term_no_stopwords,像,0.012738853503184714,2.09861228866811,0.026733914505326244,2,1,157,9
sugano_q01,sugano,菅野暁,q01,1,世界や日本の将来を展望しつつ、今後の大学、特に東京大学の果たすべき役割をお聞かせください。,candidate_question,analysis_term_no_stopwords,向かう,0.012738853503184714,2.09861228866811,0.026733914505326244,2,1,157,10
sugano_q01,sugano,菅野暁,q01,1,世界や日本の将来を展望しつつ、今後の大学、特に東京大学の果たすべき役割をお聞かせください。,candidate_question,analysis_term_no_stopwords,対立,0.012738853503184714,2.09861228866811,0.026733914505326244,2,1,157,11
sugano_q01,sugano,菅野暁,q01,1,世界や日本の将来を展望しつつ、今後の大学、特に東京大学の果たすべき役割をお聞かせください。,candidate_question,analysis_term_no_stopwords,方策,0.012738853503184714,2.09861228866811,0.026733914505326244,2,1,157,12
sugano_q01,sugano,菅野暁,q01,1,世界や日本の将来を展望しつつ、今後の大学、特に東京大学の果たすべき役割をお聞かせください。,candidate_question,analysis_term_no_stopwords,自由,0.012738853503184714,2.09861228866811,0.026733914505326244,2,1,157,13
sugano_q01,sugano,菅野暁,q01,1,世界や日本の将来を展望しつつ、今後の大学、特に東京大学の果たすべき役割をお聞かせください。,candidate_question,analysis_term_no_stopwords,議論,0.012738853503184714,2.09861228866811,0.026733914505326244,2,1,157,14
sugano_q01,sugano,菅野暁,q01,1,世界や日本の将来を展望しつつ、今後の大学、特に東京大学の果たすべき役割をお聞かせください。,candidate_question,analysis_term_no_stopwords,顕在,0.012738853503184714,2.09861228866811,0.026733914505326244,2,1,157,15
sugano_q01,sugano,菅野暁,q01,1,世界や日本の将来を展望しつつ、今後の大学、特に東京大学の果たすべき役割をお聞かせください。,candidate_question,analysis_term_no_stopwords,役割,0.025477707006369428,1.0,0.025477707006369428,4,5,157,16
sugano_q01,sugano,菅野暁,q01,1,世界や日本の将来を展望しつつ、今後の大学、特に東京大学の果たすべき役割をお聞かせください。,candidate_question,analysis_term_no_stopwords,分断,0.01910828025477707,1.1823215567939547,0.02259213165848321,3,4,157,17
sugano_q01,sugano,菅野暁,q01,1,世界や日本の将来を展望しつつ、今後の大学、特に東京大学の果たすべき役割をお聞かせください。,candidate_question,analysis_term_no_stopwords,主義,0.012738853503184714,1.6931471805599454,0.021568753892483382,2,2,157,18
sugano_q01,sugano,菅野暁,q01,1,世界や日本の将来を展望しつつ、今後の大学、特に東京大学の果たすべき役割をお聞かせください。,candidate_question,analysis_term_no_stopwords,事,0.01910828025477707,1.0,0.01910828025477707,3,5,157,19
sugano_q01,sugano,菅野暁,q01,1,世界や日本の将来を展望しつつ、今後の大学、特に東京大学の果たすべき役割をお聞かせください。,candidate_question,analysis_term_no_stopwords,居る,0.01910828025477707,1.0,0.01910828025477707,3,5,157,20
sugano_q01,sugano,菅野暁,q01,1,世界や日本の将来を展望しつつ、今後の大学、特に東京大学の果たすべき役割をお聞かせください。,candidate_question,analysis_term_no_stopwords,有る,0.01910828025477707,1.0,0.01910828025477707,3,5,157,21
sugano_q01,sugano,菅野暁,q01,1,世界や日本の将来を展望しつつ、今後の大学、特に東京大学の果たすべき役割をお聞かせください。,candidate_question,analysis_term_no_stopwords,成る,0.012738853503184714,1.1823215567939547,0.015061421105655474,2,4,157,22
sugano_q01,sugano,菅野暁,q01,1,世界や日本の将来を展望しつつ、今後の大学、特に東京大学の果たすべき役割をお聞かせください。,candidate_question,analysis_term_no_stopwords,エネルギー-energy,0.006369426751592357,2.09861228866811,0.013366957252663122,1,1,157,23
sugano_q01,sugano,菅野暁,q01,1,世界や日本の将来を展望しつつ、今後の大学、特に東京大学の果たすべき役割をお聞かせください。,candidate_question,analysis_term_no_stopwords,ベース-base,0.006369426751592357,2.09861228866811,0.013366957252663122,1,1,157,24
sugano_q01,sugano,菅野暁,q01,1,世界や日本の将来を展望しつつ、今後の大学、特に東京大学の果たすべき役割をお聞かせください。,candidate_question,analysis_term_no_stopwords,事態,0.006369426751592357,2.09861228866811,0.013366957252663122,1,1,157,25
sugano_q01,sugano,菅野暁,q01,1,世界や日本の将来を展望しつつ、今後の大学、特に東京大学の果たすべき役割をお聞かせください。,candidate_question,analysis_term_no_stopwords,人間,0.006369426751592357,2.09861228866811,0.013366957252663122,1,1,157,26
sugano_q01,sugano,菅野暁,q01,1,世界や日本の将来を展望しつつ、今後の大学、特に東京大学の果たすべき役割をお聞かせください。,candidate_question,analysis_term_no_stopwords,介入,0.006369426751592357,2.09861228866811,0.013366957252663122,1,1,157,27
sugano_q01,sugano,菅野暁,q01,1,世界や日本の将来を展望しつつ、今後の大学、特に東京大学の果たすべき役割をお聞かせください。,candidate_question,analysis_term_no_stopwords,付け加わる,0.006369426751592357,2.09861228866811,0.013366957252663122,1,1,157,28
sugano_q01,sugano,菅野暁,q01,1,世界や日本の将来を展望しつつ、今後の大学、特に東京大学の果たすべき役割をお聞かせください。,candidate_question,analysis_term_no_stopwords,以下,0.006369426751592357,2.09861228866811,0.013366957252663122,1,1,157,29
sugano_q01,sugano,菅野暁,q01,1,世界や日本の将来を展望しつつ、今後の大学、特に東京大学の果たすべき役割をお聞かせください。,candidate_question,analysis_term_no_stopwords,低下,0.006369426751592357,2.09861228866811,0.013366957252663122,1,1,157,30
sugano_q01,sugano,菅野暁,q01,1,世界や日本の将来を展望しつつ、今後の大学、特に東京大学の果たすべき役割をお聞かせください。,candidate_question,analysis_term_no_stopwords,保守,0.006369426751592357,2.09861228866811,0.013366957252663122,1,1,157,31
sugano_q01,sugano,菅野暁,q01,1,世界や日本の将来を展望しつつ、今後の大学、特に東京大学の果たすべき役割をお聞かせください。,candidate_question,analysis_term_no_stopwords,先行き,0.006369426751592357,2.09861228866811,0.013366957252663122,1,1,157,32
sugano_q01,sugano,菅野暁,q01,1,世界や日本の将来を展望しつつ、今後の大学、特に東京大学の果たすべき役割をお聞かせください。,candidate_question,analysis_term_no_stopwords,先進,0.006369426751592357,2.09861228866811,0.013366957252663122,1,1,157,33
sugano_q01,sugano,菅野暁,q01,1,世界や日本の将来を展望しつつ、今後の大学、特に東京大学の果たすべき役割をお聞かせください。,candidate_question,analysis_term_no_stopwords,加える,0.006369426751592357,2.09861228866811,0.013366957252663122,1,1,157,34
sugano_q01,sugano,菅野暁,q01,1,世界や日本の将来を展望しつつ、今後の大学、特に東京大学の果たすべき役割をお聞かせください。,candidate_question,analysis_term_no_stopwords,向き合う,0.006369426751592357,2.09861228866811,0.013366957252663122,1,1,157,35
sugano_q01,sugano,菅野暁,q01,1,世界や日本の将来を展望しつつ、今後の大学、特に東京大学の果たすべき役割をお聞かせください。,candidate_question,analysis_term_no_stopwords,地方,0.006369426751592357,2.09861228866811,0.013366957252663122,1,1,157,36
sugano_q01,sugano,菅野暁,q01,1,世界や日本の将来を展望しつつ、今後の大学、特に東京大学の果たすべき役割をお聞かせください。,candidate_question,analysis_term_no_stopwords,実現,0.006369426751592357,2.09861228866811,0.013366957252663122,1,1,157,37
sugano_q01,sugano,菅野暁,q01,1,世界や日本の将来を展望しつつ、今後の大学、特に東京大学の果たすべき役割をお聞かせください。,candidate_question,analysis_term_no_stopwords,実装,0.006369426751592357,2.09861228866811,0.013366957252663122,1,1,157,38
sugano_q01,sugano,菅野暁,q01,1,世界や日本の将来を展望しつつ、今後の大学、特に東京大学の果たすべき役割をお聞かせください。,candidate_question,analysis_term_no_stopwords,待つ,0.006369426751592357,2.09861228866811,0.013366957252663122,1,1,157,39
sugano_q01,sugano,菅野暁,q01,1,世界や日本の将来を展望しつつ、今後の大学、特に東京大学の果たすべき役割をお聞かせください。,candidate_question,analysis_term_no_stopwords,後退,0.006369426751592357,2.09861228866811,0.013366957252663122,1,1,157,40
sugano_q01,sugano,菅野暁,q01,1,世界や日本の将来を展望しつつ、今後の大学、特に東京大学の果たすべき役割をお聞かせください。,candidate_question,analysis_term_no_stopwords,思想,0.006369426751592357,2.09861228866811,0.013366957252663122,1,1,157,41
sugano_q01,sugano,菅野暁,q01,1,世界や日本の将来を展望しつつ、今後の大学、特に東京大学の果たすべき役割をお聞かせください。,candidate_question,analysis_term_no_stopwords,悪化,0.006369426751592357,2.09861228866811,0.013366957252663122,1,1,157,42
sugano_q01,sugano,菅野暁,q01,1,世界や日本の将来を展望しつつ、今後の大学、特に東京大学の果たすべき役割をお聞かせください。,candidate_question,analysis_term_no_stopwords,想定,0.006369426751592357,2.09861228866811,0.013366957252663122,1,1,157,43
sugano_q01,sugano,菅野暁,q01,1,世界や日本の将来を展望しつつ、今後の大学、特に東京大学の果たすべき役割をお聞かせください。,candidate_question,analysis_term_no_stopwords,政治,0.006369426751592357,2.09861228866811,0.013366957252663122,1,1,157,44
sugano_q01,sugano,菅野暁,q01,1,世界や日本の将来を展望しつつ、今後の大学、特に東京大学の果たすべき役割をお聞かせください。,candidate_question,analysis_term_no_stopwords,方向,0.006369426751592357,2.09861228866811,0.013366957252663122,1,1,157,45
sugano_q01,sugano,菅野暁,q01,1,世界や日本の将来を展望しつつ、今後の大学、特に東京大学の果たすべき役割をお聞かせください。,candidate_question,analysis_term_no_stopwords,期待,0.006369426751592357,2.09861228866811,0.013366957252663122,1,1,157,46
sugano_q01,sugano,菅野暁,q01,1,世界や日本の将来を展望しつつ、今後の大学、特に東京大学の果たすべき役割をお聞かせください。,candidate_question,analysis_term_no_stopwords,検討,0.006369426751592357,2.09861228866811,0.013366957252663122,1,1,157,47
sugano_q01,sugano,菅野暁,q01,1,世界や日本の将来を展望しつつ、今後の大学、特に東京大学の果たすべき役割をお聞かせください。,candidate_question,analysis_term_no_stopwords,止める,0.006369426751592357,2.09861228866811,0.013366957252663122,1,1,157,48
sugano_q01,sugano,菅野暁,q01,1,世界や日本の将来を展望しつつ、今後の大学、特に東京大学の果たすべき役割をお聞かせください。,candidate_question,analysis_term_no_stopwords,歪み,0.006369426751592357,2.09861228866811,0.013366957252663122,1,1,157,49
sugano_q01,sugano,菅野暁,q01,1,世界や日本の将来を展望しつつ、今後の大学、特に東京大学の果たすべき役割をお聞かせください。,candidate_question,analysis_term_no_stopwords,流れ,0.006369426751592357,2.09861228866811,0.013366957252663122,1,1,157,50
sugano_q01,sugano,菅野暁,q01,1,世界や日本の将来を展望しつつ、今後の大学、特に東京大学の果たすべき役割をお聞かせください。,candidate_question,analysis_term_no_stopwords,深まる,0.006369426751592357,2.09861228866811,0.013366957252663122,1,1,157,51
sugano_q01,sugano,菅野暁,q01,1,世界や日本の将来を展望しつつ、今後の大学、特に東京大学の果たすべき役割をお聞かせください。,candidate_question,analysis_term_no_stopwords,生物,0.006369426751592357,2.09861228866811,0.013366957252663122,1,1,157,52
sugano_q01,sugano,菅野暁,q01,1,世界や日本の将来を展望しつつ、今後の大学、特に東京大学の果たすべき役割をお聞かせください。,candidate_question,analysis_term_no_stopwords,移民,0.006369426751592357,2.09861228866811,0.013366957252663122,1,1,157,53
sugano_q01,sugano,菅野暁,q01,1,世界や日本の将来を展望しつつ、今後の大学、特に東京大学の果たすべき役割をお聞かせください。,candidate_question,analysis_term_no_stopwords,策,0.006369426751592357,2.09861228866811,0.013366957252663122,1,1,157,54
sugano_q01,sugano,菅野暁,q01,1,世界や日本の将来を展望しつつ、今後の大学、特に東京大学の果たすべき役割をお聞かせください。,candidate_question,analysis_term_no_stopwords,繋がる,0.006369426751592357,2.09861228866811,0.013366957252663122,1,1,157,55
sugano_q01,sugano,菅野暁,q01,1,世界や日本の将来を展望しつつ、今後の大学、特に東京大学の果たすべき役割をお聞かせください。,candidate_question,analysis_term_no_stopwords,育成,0.006369426751592357,2.09861228866811,0.013366957252663122,1,1,157,56
sugano_q01,sugano,菅野暁,q01,1,世界や日本の将来を展望しつつ、今後の大学、特に東京大学の果たすべき役割をお聞かせください。,candidate_question,analysis_term_no_stopwords,脆弱,0.006369426751592357,2.09861228866811,0.013366957252663122,1,1,157,57
sugano_q01,sugano,菅野暁,q01,1,世界や日本の将来を展望しつつ、今後の大学、特に東京大学の果たすべき役割をお聞かせください。,candidate_question,analysis_term_no_stopwords,自治,0.006369426751592357,2.09861228866811,0.013366957252663122,1,1,157,58
sugano_q01,sugano,菅野暁,q01,1,世界や日本の将来を展望しつつ、今後の大学、特に東京大学の果たすべき役割をお聞かせください。,candidate_question,analysis_term_no_stopwords,自給,0.006369426751592357,2.09861228866811,0.013366957252663122,1,1,157,59
sugano_q01,sugano,菅野暁,q01,1,世界や日本の将来を展望しつつ、今後の大学、特に東京大学の果たすべき役割をお聞かせください。,candidate_question,analysis_term_no_stopwords,至る,0.006369426751592357,2.09861228866811,0.013366957252663122,1,1,157,60
sugano_q01,sugano,菅野暁,q01,1,世界や日本の将来を展望しつつ、今後の大学、特に東京大学の果たすべき役割をお聞かせください。,candidate_question,analysis_term_no_stopwords,衝突,0.006369426751592357,2.09861228866811,0.013366957252663122,1,1,157,61
sugano_q01,sugano,菅野暁,q01,1,世界や日本の将来を展望しつつ、今後の大学、特に東京大学の果たすべき役割をお聞かせください。,candidate_question,analysis_term_no_stopwords,衰退,0.006369426751592357,2.09861228866811,0.013366957252663122,1,1,157,62
sugano_q01,sugano,菅野暁,q01,1,世界や日本の将来を展望しつつ、今後の大学、特に東京大学の果たすべき役割をお聞かせください。,candidate_question,analysis_term_no_stopwords,見越す,0.006369426751592357,2.09861228866811,0.013366957252663122,1,1,157,63
sugano_q01,sugano,菅野暁,q01,1,世界や日本の将来を展望しつつ、今後の大学、特に東京大学の果たすべき役割をお聞かせください。,candidate_question,analysis_term_no_stopwords,見通す,0.006369426751592357,2.09861228866811,0.013366957252663122,1,1,157,64
sugano_q01,sugano,菅野暁,q01,1,世界や日本の将来を展望しつつ、今後の大学、特に東京大学の果たすべき役割をお聞かせください。,candidate_question,analysis_term_no_stopwords,観点,0.006369426751592357,2.09861228866811,0.013366957252663122,1,1,157,65
sugano_q01,sugano,菅野暁,q01,1,世界や日本の将来を展望しつつ、今後の大学、特に東京大学の果たすべき役割をお聞かせください。,candidate_question,analysis_term_no_stopwords,許容,0.006369426751592357,2.09861228866811,0.013366957252663122,1,1,157,66
sugano_q01,sugano,菅野暁,q01,1,世界や日本の将来を展望しつつ、今後の大学、特に東京大学の果たすべき役割をお聞かせください。,candidate_question,analysis_term_no_stopwords,軍事,0.006369426751592357,2.09861228866811,0.013366957252663122,1,1,157,67
sugano_q01,sugano,菅野暁,q01,1,世界や日本の将来を展望しつつ、今後の大学、特に東京大学の果たすべき役割をお聞かせください。,candidate_question,analysis_term_no_stopwords,進む,0.006369426751592357,2.09861228866811,0.013366957252663122,1,1,157,68
sugano_q01,sugano,菅野暁,q01,1,世界や日本の将来を展望しつつ、今後の大学、特に東京大学の果たすべき役割をお聞かせください。,candidate_question,analysis_term_no_stopwords,進展,0.006369426751592357,2.09861228866811,0.013366957252663122,1,1,157,69
sugano_q01,sugano,菅野暁,q01,1,世界や日本の将来を展望しつつ、今後の大学、特に東京大学の果たすべき役割をお聞かせください。,candidate_question,analysis_term_no_stopwords,関する,0.006369426751592357,2.09861228866811,0.013366957252663122,1,1,157,70
sugano_q01,sugano,菅野暁,q01,1,世界や日本の将来を展望しつつ、今後の大学、特に東京大学の果たすべき役割をお聞かせください。,candidate_question,analysis_term_no_stopwords,食料,0.006369426751592357,2.09861228866811,0.013366957252663122,1,1,157,71
sugano_q01,sugano,菅野暁,q01,1,世界や日本の将来を展望しつつ、今後の大学、特に東京大学の果たすべき役割をお聞かせください。,candidate_question,analysis_term_no_stopwords,高まる,0.006369426751592357,2.09861228866811,0.013366957252663122,1,1,157,72
sugano_q01,sugano,菅野暁,q01,1,世界や日本の将来を展望しつつ、今後の大学、特に東京大学の果たすべき役割をお聞かせください。,candidate_question,analysis_term_no_stopwords,トウキョウ,0.012738853503184714,1.0,0.012738853503184714,2,5,157,73
sugano_q01,sugano,菅野暁,q01,1,世界や日本の将来を展望しつつ、今後の大学、特に東京大学の果たすべき役割をお聞かせください。,candidate_question,analysis_term_no_stopwords,リスク-risk,0.006369426751592357,1.6931471805599454,0.010784376946241691,1,2,157,74
sugano_q01,sugano,菅野暁,q01,1,世界や日本の将来を展望しつつ、今後の大学、特に東京大学の果たすべき役割をお聞かせください。,candidate_question,analysis_term_no_stopwords,リベラル-liberal,0.006369426751592357,1.6931471805599454,0.010784376946241691,1,2,157,75
sugano_q01,sugano,菅野暁,q01,1,世界や日本の将来を展望しつつ、今後の大学、特に東京大学の果たすべき役割をお聞かせください。,candidate_question,analysis_term_no_stopwords,上,0.006369426751592357,1.6931471805599454,0.010784376946241691,1,2,157,76
sugano_q01,sugano,菅野暁,q01,1,世界や日本の将来を展望しつつ、今後の大学、特に東京大学の果たすべき役割をお聞かせください。,candidate_question,analysis_term_no_stopwords,人口,0.006369426751592357,1.6931471805599454,0.010784376946241691,1,2,157,77
sugano_q01,sugano,菅野暁,q01,1,世界や日本の将来を展望しつつ、今後の大学、特に東京大学の果たすべき役割をお聞かせください。,candidate_question,analysis_term_no_stopwords,分析,0.006369426751592357,1.6931471805599454,0.010784376946241691,1,2,157,78
sugano_q01,sugano,菅野暁,q01,1,世界や日本の将来を展望しつつ、今後の大学、特に東京大学の果たすべき役割をお聞かせください。,candidate_question,analysis_term_no_stopwords,危機,0.006369426751592357,1.6931471805599454,0.010784376946241691,1,2,157,79
sugano_q01,sugano,菅野暁,q01,1,世界や日本の将来を展望しつつ、今後の大学、特に東京大学の果たすべき役割をお聞かせください。,candidate_question,analysis_term_no_stopwords,地球,0.006369426751592357,1.6931471805599454,0.010784376946241691,1,2,157,80
sugano_q01,sugano,菅野暁,q01,1,世界や日本の将来を展望しつつ、今後の大学、特に東京大学の果たすべき役割をお聞かせください。,candidate_question,analysis_term_no_stopwords,場,0.006369426751592357,1.6931471805599454,0.010784376946241691,1,2,157,81
sugano_q01,sugano,菅野暁,q01,1,世界や日本の将来を展望しつつ、今後の大学、特に東京大学の果たすべき役割をお聞かせください。,candidate_question,analysis_term_no_stopwords,情勢,0.006369426751592357,1.6931471805599454,0.010784376946241691,1,2,157,82
sugano_q01,sugano,菅野暁,q01,1,世界や日本の将来を展望しつつ、今後の大学、特に東京大学の果たすべき役割をお聞かせください。,candidate_question,analysis_term_no_stopwords,減少,0.006369426751592357,1.6931471805599454,0.010784376946241691,1,2,157,83
sugano_q01,sugano,菅野暁,q01,1,世界や日本の将来を展望しつつ、今後の大学、特に東京大学の果たすべき役割をお聞かせください。,candidate_question,analysis_term_no_stopwords,現在,0.006369426751592357,1.6931471805599454,0.010784376946241691,1,2,157,84
sugano_q01,sugano,菅野暁,q01,1,世界や日本の将来を展望しつつ、今後の大学、特に東京大学の果たすべき役割をお聞かせください。,candidate_question,analysis_term_no_stopwords,現状,0.006369426751592357,1.6931471805599454,0.010784376946241691,1,2,157,85
sugano_q01,sugano,菅野暁,q01,1,世界や日本の将来を展望しつつ、今後の大学、特に東京大学の果たすべき役割をお聞かせください。,candidate_question,analysis_term_no_stopwords,環境,0.006369426751592357,1.6931471805599454,0.010784376946241691,1,2,157,86
sugano_q01,sugano,菅野暁,q01,1,世界や日本の将来を展望しつつ、今後の大学、特に東京大学の果たすべき役割をお聞かせください。,candidate_question,analysis_term_no_stopwords,示す,0.006369426751592357,1.6931471805599454,0.010784376946241691,1,2,157,87
sugano_q01,sugano,菅野暁,q01,1,世界や日本の将来を展望しつつ、今後の大学、特に東京大学の果たすべき役割をお聞かせください。,candidate_question,analysis_term_no_stopwords,米国,0.006369426751592357,1.6931471805599454,0.010784376946241691,1,2,157,88
sugano_q01,sugano,菅野暁,q01,1,世界や日本の将来を展望しつつ、今後の大学、特に東京大学の果たすべき役割をお聞かせください。,candidate_question,analysis_term_no_stopwords,経済,0.006369426751592357,1.6931471805599454,0.010784376946241691,1,2,157,89
sugano_q01,sugano,菅野暁,q01,1,世界や日本の将来を展望しつつ、今後の大学、特に東京大学の果たすべき役割をお聞かせください。,candidate_question,analysis_term_no_stopwords,見る,0.006369426751592357,1.6931471805599454,0.010784376946241691,1,2,157,90
sugano_q01,sugano,菅野暁,q01,1,世界や日本の将来を展望しつつ、今後の大学、特に東京大学の果たすべき役割をお聞かせください。,candidate_question,analysis_term_no_stopwords,規模,0.006369426751592357,1.6931471805599454,0.010784376946241691,1,2,157,91
sugano_q01,sugano,菅野暁,q01,1,世界や日本の将来を展望しつつ、今後の大学、特に東京大学の果たすべき役割をお聞かせください。,candidate_question,analysis_term_no_stopwords,越える,0.006369426751592357,1.6931471805599454,0.010784376946241691,1,2,157,92
sugano_q01,sugano,菅野暁,q01,1,世界や日本の将来を展望しつつ、今後の大学、特に東京大学の果たすべき役割をお聞かせください。,candidate_question,analysis_term_no_stopwords,述べる,0.006369426751592357,1.6931471805599454,0.010784376946241691,1,2,157,93
sugano_q01,sugano,菅野暁,q01,1,世界や日本の将来を展望しつつ、今後の大学、特に東京大学の果たすべき役割をお聞かせください。,candidate_question,analysis_term_no_stopwords,長期,0.006369426751592357,1.6931471805599454,0.010784376946241691,1,2,157,94
sugano_q01,sugano,菅野暁,q01,1,世界や日本の将来を展望しつつ、今後の大学、特に東京大学の果たすべき役割をお聞かせください。,candidate_question,analysis_term_no_stopwords,間,0.006369426751592357,1.6931471805599454,0.010784376946241691,1,2,157,95
sugano_q01,sugano,菅野暁,q01,1,世界や日本の将来を展望しつつ、今後の大学、特に東京大学の果たすべき役割をお聞かせください。,candidate_question,analysis_term_no_stopwords,ai,0.006369426751592357,1.4054651081081644,0.008952007058013786,1,3,157,96
sugano_q01,sugano,菅野暁,q01,1,世界や日本の将来を展望しつつ、今後の大学、特に東京大学の果たすべき役割をお聞かせください。,candidate_question,analysis_term_no_stopwords,中,0.006369426751592357,1.4054651081081644,0.008952007058013786,1,3,157,97
sugano_q01,sugano,菅野暁,q01,1,世界や日本の将来を展望しつつ、今後の大学、特に東京大学の果たすべき役割をお聞かせください。,candidate_question,analysis_term_no_stopwords,出来る,0.006369426751592357,1.4054651081081644,0.008952007058013786,1,3,157,98
sugano_q01,sugano,菅野暁,q01,1,世界や日本の将来を展望しつつ、今後の大学、特に東京大学の果たすべき役割をお聞かせください。,candidate_question,analysis_term_no_stopwords,向ける,0.006369426751592357,1.4054651081081644,0.008952007058013786,1,3,157,99
sugano_q01,sugano,菅野暁,q01,1,世界や日本の将来を展望しつつ、今後の大学、特に東京大学の果たすべき役割をお聞かせください。,candidate_question,analysis_term_no_stopwords,因る,0.006369426751592357,1.4054651081081644,0.008952007058013786,1,3,157,100
sugano_q01,sugano,菅野暁,q01,1,世界や日本の将来を展望しつつ、今後の大学、特に東京大学の果たすべき役割をお聞かせください。,candidate_question,analysis_term_no_stopwords,変動,0.006369426751592357,1.4054651081081644,0.008952007058013786,1,3,157,101
sugano_q01,sugano,菅野暁,q01,1,世界や日本の将来を展望しつつ、今後の大学、特に東京大学の果たすべき役割をお聞かせください。,candidate_question,analysis_term_no_stopwords,民主,0.006369426751592357,1.4054651081081644,0.008952007058013786,1,3,157,102
sugano_q01,sugano,菅野暁,q01,1,世界や日本の将来を展望しつつ、今後の大学、特に東京大学の果たすべき役割をお聞かせください。,candidate_question,analysis_term_no_stopwords,気候,0.006369426751592357,1.4054651081081644,0.008952007058013786,1,3,157,103
sugano_q01,sugano,菅野暁,q01,1,世界や日本の将来を展望しつつ、今後の大学、特に東京大学の果たすべき役割をお聞かせください。,candidate_question,analysis_term_no_stopwords,言う,0.006369426751592357,1.4054651081081644,0.008952007058013786,1,3,157,104
sugano_q01,sugano,菅野暁,q01,1,世界や日本の将来を展望しつつ、今後の大学、特に東京大学の果たすべき役割をお聞かせください。,candidate_question,analysis_term_no_stopwords,高齢,0.006369426751592357,1.4054651081081644,0.008952007058013786,1,3,157,105
sugano_q01,sugano,菅野暁,q01,1,世界や日本の将来を展望しつつ、今後の大学、特に東京大学の果たすべき役割をお聞かせください。,candidate_question,analysis_term_no_stopwords,世界,0.006369426751592357,1.1823215567939547,0.007530710552827737,1,4,157,106
sugano_q01,sugano,菅野暁,q01,1,世界や日本の将来を展望しつつ、今後の大学、特に東京大学の果たすべき役割をお聞かせください。,candidate_question,analysis_term_no_stopwords,於く,0.006369426751592357,1.1823215567939547,0.007530710552827737,1,4,157,107
sugano_q01,sugano,菅野暁,q01,1,世界や日本の将来を展望しつつ、今後の大学、特に東京大学の果たすべき役割をお聞かせください。,candidate_question,analysis_term_no_stopwords,日本,0.006369426751592357,1.0,0.006369426751592357,1,5,157,108
sugano_q01,sugano,菅野暁,q01,1,世界や日本の将来を展望しつつ、今後の大学、特に東京大学の果たすべき役割をお聞かせください。,candidate_question,analysis_term_no_stopwords,果たす,0.006369426751592357,1.0,0.006369426751592357,1,5,157,109
yamamoto_q01,yamamoto,山本隆司,q01,1,世界や日本の将来を展望しつつ、今後の大学、特に東京大学の果たすべき役割をお聞かせください。,candidate_question,analysis_term_no_stopwords,為る,0.058823529411764705,1.0,0.058823529411764705,13,5,221,1
yamamoto_q01,yamamoto,山本隆司,q01,1,世界や日本の将来を展望しつつ、今後の大学、特に東京大学の果たすべき役割をお聞かせください。,candidate_question,analysis_term_no_stopwords,有る,0.04524886877828054,1.0,0.04524886877828054,10,5,221,2
yamamoto_q01,yamamoto,山本隆司,q01,1,世界や日本の将来を展望しつつ、今後の大学、特に東京大学の果たすべき役割をお聞かせください。,candidate_question,analysis_term_no_stopwords,知,0.03167420814479638,1.4054651081081644,0.044516994374466747,7,3,221,3
yamamoto_q01,yamamoto,山本隆司,q01,1,世界や日本の将来を展望しつつ、今後の大学、特に東京大学の果たすべき役割をお聞かせください。,candidate_question,analysis_term_no_stopwords,課題,0.03167420814479638,1.1823215567939547,0.03744909908397141,7,4,221,4
yamamoto_q01,yamamoto,山本隆司,q01,1,世界や日本の将来を展望しつつ、今後の大学、特に東京大学の果たすべき役割をお聞かせください。,candidate_question,analysis_term_no_stopwords,成る,0.027149321266968326,1.1823215567939547,0.03209922778626122,6,4,221,5
yamamoto_q01,yamamoto,山本隆司,q01,1,世界や日本の将来を展望しつつ、今後の大学、特に東京大学の果たすべき役割をお聞かせください。,candidate_question,analysis_term_no_stopwords,社会,0.027149321266968326,1.1823215567939547,0.03209922778626122,6,4,221,6
yamamoto_q01,yamamoto,山本隆司,q01,1,世界や日本の将来を展望しつつ、今後の大学、特に東京大学の果たすべき役割をお聞かせください。,candidate_question,analysis_term_no_stopwords,状況,0.02262443438914027,1.4054651081081644,0.0317978531246191,5,3,221,7
yamamoto_q01,yamamoto,山本隆司,q01,1,世界や日本の将来を展望しつつ、今後の大学、特に東京大学の果たすべき役割をお聞かせください。,candidate_question,analysis_term_no_stopwords,物,0.01809954751131222,1.6931471805599454,0.03064519783818906,4,2,221,8
yamamoto_q01,yamamoto,山本隆司,q01,1,世界や日本の将来を展望しつつ、今後の大学、特に東京大学の果たすべき役割をお聞かせください。,candidate_question,analysis_term_no_stopwords,創出,0.013574660633484163,2.09861228866811,0.028487949619929096,3,1,221,9
yamamoto_q01,yamamoto,山本隆司,q01,1,世界や日本の将来を展望しつつ、今後の大学、特に東京大学の果たすべき役割をお聞かせください。,candidate_question,analysis_term_no_stopwords,問う,0.013574660633484163,2.09861228866811,0.028487949619929096,3,1,221,10
yamamoto_q01,yamamoto,山本隆司,q01,1,世界や日本の将来を展望しつつ、今後の大学、特に東京大学の果たすべき役割をお聞かせください。,candidate_question,analysis_term_no_stopwords,対応,0.013574660633484163,2.09861228866811,0.028487949619929096,3,1,221,11
yamamoto_q01,yamamoto,山本隆司,q01,1,世界や日本の将来を展望しつつ、今後の大学、特に東京大学の果たすべき役割をお聞かせください。,candidate_question,analysis_term_no_stopwords,生む,0.013574660633484163,2.09861228866811,0.028487949619929096,3,1,221,12
yamamoto_q01,yamamoto,山本隆司,q01,1,世界や日本の将来を展望しつつ、今後の大学、特に東京大学の果たすべき役割をお聞かせください。,candidate_question,analysis_term_no_stopwords,開発,0.013574660633484163,2.09861228866811,0.028487949619929096,3,1,221,13
yamamoto_q01,yamamoto,山本隆司,q01,1,世界や日本の将来を展望しつつ、今後の大学、特に東京大学の果たすべき役割をお聞かせください。,candidate_question,analysis_term_no_stopwords,為,0.013574660633484163,1.6931471805599454,0.022983898378641794,3,2,221,14
yamamoto_q01,yamamoto,山本隆司,q01,1,世界や日本の将来を展望しつつ、今後の大学、特に東京大学の果たすべき役割をお聞かせください。,candidate_question,analysis_term_no_stopwords,居る,0.02262443438914027,1.0,0.02262443438914027,5,5,221,15
yamamoto_q01,yamamoto,山本隆司,q01,1,世界や日本の将来を展望しつつ、今後の大学、特に東京大学の果たすべき役割をお聞かせください。,candidate_question,analysis_term_no_stopwords,日本,0.02262443438914027,1.0,0.02262443438914027,5,5,221,16
yamamoto_q01,yamamoto,山本隆司,q01,1,世界や日本の将来を展望しつつ、今後の大学、特に東京大学の果たすべき役割をお聞かせください。,candidate_question,analysis_term_no_stopwords,世界,0.01809954751131222,1.1823215567939547,0.02139948519084081,4,4,221,17
yamamoto_q01,yamamoto,山本隆司,q01,1,世界や日本の将来を展望しつつ、今後の大学、特に東京大学の果たすべき役割をお聞かせください。,candidate_question,analysis_term_no_stopwords,因る,0.013574660633484163,1.4054651081081644,0.019078711874771462,3,3,221,18
yamamoto_q01,yamamoto,山本隆司,q01,1,世界や日本の将来を展望しつつ、今後の大学、特に東京大学の果たすべき役割をお聞かせください。,candidate_question,analysis_term_no_stopwords,シナジー-synergy,0.00904977375565611,2.09861228866811,0.018991966413286064,2,1,221,19
yamamoto_q01,yamamoto,山本隆司,q01,1,世界や日本の将来を展望しつつ、今後の大学、特に東京大学の果たすべき役割をお聞かせください。,candidate_question,analysis_term_no_stopwords,取り合い,0.00904977375565611,2.09861228866811,0.018991966413286064,2,1,221,20
yamamoto_q01,yamamoto,山本隆司,q01,1,世界や日本の将来を展望しつつ、今後の大学、特に東京大学の果たすべき役割をお聞かせください。,candidate_question,analysis_term_no_stopwords,持続,0.00904977375565611,2.09861228866811,0.018991966413286064,2,1,221,21
yamamoto_q01,yamamoto,山本隆司,q01,1,世界や日本の将来を展望しつつ、今後の大学、特に東京大学の果たすべき役割をお聞かせください。,candidate_question,analysis_term_no_stopwords,活用,0.00904977375565611,2.09861228866811,0.018991966413286064,2,1,221,22
yamamoto_q01,yamamoto,山本隆司,q01,1,世界や日本の将来を展望しつつ、今後の大学、特に東京大学の果たすべき役割をお聞かせください。,candidate_question,analysis_term_no_stopwords,組織,0.00904977375565611,2.09861228866811,0.018991966413286064,2,1,221,23
yamamoto_q01,yamamoto,山本隆司,q01,1,世界や日本の将来を展望しつつ、今後の大学、特に東京大学の果たすべき役割をお聞かせください。,candidate_question,analysis_term_no_stopwords,続ける,0.00904977375565611,2.09861228866811,0.018991966413286064,2,1,221,24
yamamoto_q01,yamamoto,山本隆司,q01,1,世界や日本の将来を展望しつつ、今後の大学、特に東京大学の果たすべき役割をお聞かせください。,candidate_question,analysis_term_no_stopwords,開く,0.00904977375565611,2.09861228866811,0.018991966413286064,2,1,221,25
yamamoto_q01,yamamoto,山本隆司,q01,1,世界や日本の将来を展望しつつ、今後の大学、特に東京大学の果たすべき役割をお聞かせください。,candidate_question,analysis_term_no_stopwords,面,0.00904977375565611,2.09861228866811,0.018991966413286064,2,1,221,26
yamamoto_q01,yamamoto,山本隆司,q01,1,世界や日本の将来を展望しつつ、今後の大学、特に東京大学の果たすべき役割をお聞かせください。,candidate_question,analysis_term_no_stopwords,トウキョウ,0.01809954751131222,1.0,0.01809954751131222,4,5,221,27
yamamoto_q01,yamamoto,山本隆司,q01,1,世界や日本の将来を展望しつつ、今後の大学、特に東京大学の果たすべき役割をお聞かせください。,candidate_question,analysis_term_no_stopwords,事,0.01809954751131222,1.0,0.01809954751131222,4,5,221,28
yamamoto_q01,yamamoto,山本隆司,q01,1,世界や日本の将来を展望しつつ、今後の大学、特に東京大学の果たすべき役割をお聞かせください。,candidate_question,analysis_term_no_stopwords,於く,0.013574660633484163,1.1823215567939547,0.01604961389313061,3,4,221,29
yamamoto_q01,yamamoto,山本隆司,q01,1,世界や日本の将来を展望しつつ、今後の大学、特に東京大学の果たすべき役割をお聞かせください。,candidate_question,analysis_term_no_stopwords,つく,0.00904977375565611,1.6931471805599454,0.01532259891909453,2,2,221,30
yamamoto_q01,yamamoto,山本隆司,q01,1,世界や日本の将来を展望しつつ、今後の大学、特に東京大学の果たすべき役割をお聞かせください。,candidate_question,analysis_term_no_stopwords,資源,0.00904977375565611,1.6931471805599454,0.01532259891909453,2,2,221,31
yamamoto_q01,yamamoto,山本隆司,q01,1,世界や日本の将来を展望しつつ、今後の大学、特に東京大学の果たすべき役割をお聞かせください。,candidate_question,analysis_term_no_stopwords,中,0.00904977375565611,1.4054651081081644,0.012719141249847642,2,3,221,32
yamamoto_q01,yamamoto,山本隆司,q01,1,世界や日本の将来を展望しつつ、今後の大学、特に東京大学の果たすべき役割をお聞かせください。,candidate_question,analysis_term_no_stopwords,出来る,0.00904977375565611,1.4054651081081644,0.012719141249847642,2,3,221,33
yamamoto_q01,yamamoto,山本隆司,q01,1,世界や日本の将来を展望しつつ、今後の大学、特に東京大学の果たすべき役割をお聞かせください。,candidate_question,analysis_term_no_stopwords,将来,0.00904977375565611,1.4054651081081644,0.012719141249847642,2,3,221,34
yamamoto_q01,yamamoto,山本隆司,q01,1,世界や日本の将来を展望しつつ、今後の大学、特に東京大学の果たすべき役割をお聞かせください。,candidate_question,analysis_term_no_stopwords,技術,0.00904977375565611,1.4054651081081644,0.012719141249847642,2,3,221,35
yamamoto_q01,yamamoto,山本隆司,q01,1,世界や日本の将来を展望しつつ、今後の大学、特に東京大学の果たすべき役割をお聞かせください。,candidate_question,analysis_term_no_stopwords,無い,0.00904977375565611,1.4054651081081644,0.012719141249847642,2,3,221,36
yamamoto_q01,yamamoto,山本隆司,q01,1,世界や日本の将来を展望しつつ、今後の大学、特に東京大学の果たすべき役割をお聞かせください。,candidate_question,analysis_term_no_stopwords,gri,0.004524886877828055,2.09861228866811,0.009495983206643032,1,1,221,37
yamamoto_q01,yamamoto,山本隆司,q01,1,世界や日本の将来を展望しつつ、今後の大学、特に東京大学の果たすべき役割をお聞かせください。,candidate_question,analysis_term_no_stopwords,utd,0.004524886877828055,2.09861228866811,0.009495983206643032,1,1,221,38
yamamoto_q01,yamamoto,山本隆司,q01,1,世界や日本の将来を展望しつつ、今後の大学、特に東京大学の果たすべき役割をお聞かせください。,candidate_question,analysis_term_no_stopwords,アート-art,0.004524886877828055,2.09861228866811,0.009495983206643032,1,1,221,39
yamamoto_q01,yamamoto,山本隆司,q01,1,世界や日本の将来を展望しつつ、今後の大学、特に東京大学の果たすべき役割をお聞かせください。,candidate_question,analysis_term_no_stopwords,インフラ-infrastructure,0.004524886877828055,2.09861228866811,0.009495983206643032,1,1,221,40
yamamoto_q01,yamamoto,山本隆司,q01,1,世界や日本の将来を展望しつつ、今後の大学、特に東京大学の果たすべき役割をお聞かせください。,candidate_question,analysis_term_no_stopwords,パンデミック-pandemic,0.004524886877828055,2.09861228866811,0.009495983206643032,1,1,221,41
yamamoto_q01,yamamoto,山本隆司,q01,1,世界や日本の将来を展望しつつ、今後の大学、特に東京大学の果たすべき役割をお聞かせください。,candidate_question,analysis_term_no_stopwords,ピーク-peak,0.004524886877828055,2.09861228866811,0.009495983206643032,1,1,221,42
yamamoto_q01,yamamoto,山本隆司,q01,1,世界や日本の将来を展望しつつ、今後の大学、特に東京大学の果たすべき役割をお聞かせください。,candidate_question,analysis_term_no_stopwords,プロセス-process,0.004524886877828055,2.09861228866811,0.009495983206643032,1,1,221,43
yamamoto_q01,yamamoto,山本隆司,q01,1,世界や日本の将来を展望しつつ、今後の大学、特に東京大学の果たすべき役割をお聞かせください。,candidate_question,analysis_term_no_stopwords,ユニット-unit,0.004524886877828055,2.09861228866811,0.009495983206643032,1,1,221,44
yamamoto_q01,yamamoto,山本隆司,q01,1,世界や日本の将来を展望しつつ、今後の大学、特に東京大学の果たすべき役割をお聞かせください。,candidate_question,analysis_term_no_stopwords,一貫,0.004524886877828055,2.09861228866811,0.009495983206643032,1,1,221,45
yamamoto_q01,yamamoto,山本隆司,q01,1,世界や日本の将来を展望しつつ、今後の大学、特に東京大学の果たすべき役割をお聞かせください。,candidate_question,analysis_term_no_stopwords,作り込む,0.004524886877828055,2.09861228866811,0.009495983206643032,1,1,221,46
yamamoto_q01,yamamoto,山本隆司,q01,1,世界や日本の将来を展望しつつ、今後の大学、特に東京大学の果たすべき役割をお聞かせください。,candidate_question,analysis_term_no_stopwords,其々,0.004524886877828055,2.09861228866811,0.009495983206643032,1,1,221,47
yamamoto_q01,yamamoto,山本隆司,q01,1,世界や日本の将来を展望しつつ、今後の大学、特に東京大学の果たすべき役割をお聞かせください。,candidate_question,analysis_term_no_stopwords,制度,0.004524886877828055,2.09861228866811,0.009495983206643032,1,1,221,48
yamamoto_q01,yamamoto,山本隆司,q01,1,世界や日本の将来を展望しつつ、今後の大学、特に東京大学の果たすべき役割をお聞かせください。,candidate_question,analysis_term_no_stopwords,単位,0.004524886877828055,2.09861228866811,0.009495983206643032,1,1,221,49
yamamoto_q01,yamamoto,山本隆司,q01,1,世界や日本の将来を展望しつつ、今後の大学、特に東京大学の果たすべき役割をお聞かせください。,candidate_question,analysis_term_no_stopwords,収束,0.004524886877828055,2.09861228866811,0.009495983206643032,1,1,221,50
yamamoto_q01,yamamoto,山本隆司,q01,1,世界や日本の将来を展望しつつ、今後の大学、特に東京大学の果たすべき役割をお聞かせください。,candidate_question,analysis_term_no_stopwords,問い直す,0.004524886877828055,2.09861228866811,0.009495983206643032,1,1,221,51
yamamoto_q01,yamamoto,山本隆司,q01,1,世界や日本の将来を展望しつつ、今後の大学、特に東京大学の果たすべき役割をお聞かせください。,candidate_question,analysis_term_no_stopwords,困難,0.004524886877828055,2.09861228866811,0.009495983206643032,1,1,221,52
yamamoto_q01,yamamoto,山本隆司,q01,1,世界や日本の将来を展望しつつ、今後の大学、特に東京大学の果たすべき役割をお聞かせください。,candidate_question,analysis_term_no_stopwords,国家,0.004524886877828055,2.09861228866811,0.009495983206643032,1,1,221,53
yamamoto_q01,yamamoto,山本隆司,q01,1,世界や日本の将来を展望しつつ、今後の大学、特に東京大学の果たすべき役割をお聞かせください。,candidate_question,analysis_term_no_stopwords,国立,0.004524886877828055,2.09861228866811,0.009495983206643032,1,1,221,54
yamamoto_q01,yamamoto,山本隆司,q01,1,世界や日本の将来を展望しつつ、今後の大学、特に東京大学の果たすべき役割をお聞かせください。,candidate_question,analysis_term_no_stopwords,地域,0.004524886877828055,2.09861228866811,0.009495983206643032,1,1,221,55
yamamoto_q01,yamamoto,山本隆司,q01,1,世界や日本の将来を展望しつつ、今後の大学、特に東京大学の果たすべき役割をお聞かせください。,candidate_question,analysis_term_no_stopwords,増大,0.004524886877828055,2.09861228866811,0.009495983206643032,1,1,221,56
yamamoto_q01,yamamoto,山本隆司,q01,1,世界や日本の将来を展望しつつ、今後の大学、特に東京大学の果たすべき役割をお聞かせください。,candidate_question,analysis_term_no_stopwords,変更,0.004524886877828055,2.09861228866811,0.009495983206643032,1,1,221,57
yamamoto_q01,yamamoto,山本隆司,q01,1,世界や日本の将来を展望しつつ、今後の大学、特に東京大学の果たすべき役割をお聞かせください。,candidate_question,analysis_term_no_stopwords,多面,0.004524886877828055,2.09861228866811,0.009495983206643032,1,1,221,58
yamamoto_q01,yamamoto,山本隆司,q01,1,世界や日本の将来を展望しつつ、今後の大学、特に東京大学の果たすべき役割をお聞かせください。,candidate_question,analysis_term_no_stopwords,姿勢,0.004524886877828055,2.09861228866811,0.009495983206643032,1,1,221,59
yamamoto_q01,yamamoto,山本隆司,q01,1,世界や日本の将来を展望しつつ、今後の大学、特に東京大学の果たすべき役割をお聞かせください。,candidate_question,analysis_term_no_stopwords,対する,0.004524886877828055,2.09861228866811,0.009495983206643032,1,1,221,60
yamamoto_q01,yamamoto,山本隆司,q01,1,世界や日本の将来を展望しつつ、今後の大学、特に東京大学の果たすべき役割をお聞かせください。,candidate_question,analysis_term_no_stopwords,導入,0.004524886877828055,2.09861228866811,0.009495983206643032,1,1,221,61
yamamoto_q01,yamamoto,山本隆司,q01,1,世界や日本の将来を展望しつつ、今後の大学、特に東京大学の果たすべき役割をお聞かせください。,candidate_question,analysis_term_no_stopwords,年,0.004524886877828055,2.09861228866811,0.009495983206643032,1,1,221,62
yamamoto_q01,yamamoto,山本隆司,q01,1,世界や日本の将来を展望しつつ、今後の大学、特に東京大学の果たすべき役割をお聞かせください。,candidate_question,analysis_term_no_stopwords,強み,0.004524886877828055,2.09861228866811,0.009495983206643032,1,1,221,63
yamamoto_q01,yamamoto,山本隆司,q01,1,世界や日本の将来を展望しつつ、今後の大学、特に東京大学の果たすべき役割をお聞かせください。,candidate_question,analysis_term_no_stopwords,後,0.004524886877828055,2.09861228866811,0.009495983206643032,1,1,221,64
yamamoto_q01,yamamoto,山本隆司,q01,1,世界や日本の将来を展望しつつ、今後の大学、特に東京大学の果たすべき役割をお聞かせください。,candidate_question,analysis_term_no_stopwords,必要,0.004524886877828055,2.09861228866811,0.009495983206643032,1,1,221,65
yamamoto_q01,yamamoto,山本隆司,q01,1,世界や日本の将来を展望しつつ、今後の大学、特に東京大学の果たすべき役割をお聞かせください。,candidate_question,analysis_term_no_stopwords,接ぎ木,0.004524886877828055,2.09861228866811,0.009495983206643032,1,1,221,66
yamamoto_q01,yamamoto,山本隆司,q01,1,世界や日本の将来を展望しつつ、今後の大学、特に東京大学の果たすべき役割をお聞かせください。,candidate_question,analysis_term_no_stopwords,支配,0.004524886877828055,2.09861228866811,0.009495983206643032,1,1,221,67
yamamoto_q01,yamamoto,山本隆司,q01,1,世界や日本の将来を展望しつつ、今後の大学、特に東京大学の果たすべき役割をお聞かせください。,candidate_question,analysis_term_no_stopwords,改革,0.004524886877828055,2.09861228866811,0.009495983206643032,1,1,221,68
yamamoto_q01,yamamoto,山本隆司,q01,1,世界や日本の将来を展望しつつ、今後の大学、特に東京大学の果たすべき役割をお聞かせください。,candidate_question,analysis_term_no_stopwords,政,0.004524886877828055,2.09861228866811,0.009495983206643032,1,1,221,69
yamamoto_q01,yamamoto,山本隆司,q01,1,世界や日本の将来を展望しつつ、今後の大学、特に東京大学の果たすべき役割をお聞かせください。,candidate_question,analysis_term_no_stopwords,普及,0.004524886877828055,2.09861228866811,0.009495983206643032,1,1,221,70
yamamoto_q01,yamamoto,山本隆司,q01,1,世界や日本の将来を展望しつつ、今後の大学、特に東京大学の果たすべき役割をお聞かせください。,candidate_question,analysis_term_no_stopwords,標語,0.004524886877828055,2.09861228866811,0.009495983206643032,1,1,221,71
yamamoto_q01,yamamoto,山本隆司,q01,1,世界や日本の将来を展望しつつ、今後の大学、特に東京大学の果たすべき役割をお聞かせください。,candidate_question,analysis_term_no_stopwords,法,0.004524886877828055,2.09861228866811,0.009495983206643032,1,1,221,72
yamamoto_q01,yamamoto,山本隆司,q01,1,世界や日本の将来を展望しつつ、今後の大学、特に東京大学の果たすべき役割をお聞かせください。,candidate_question,analysis_term_no_stopwords,準備,0.004524886877828055,2.09861228866811,0.009495983206643032,1,1,221,73
yamamoto_q01,yamamoto,山本隆司,q01,1,世界や日本の将来を展望しつつ、今後の大学、特に東京大学の果たすべき役割をお聞かせください。,candidate_question,analysis_term_no_stopwords,激しい,0.004524886877828055,2.09861228866811,0.009495983206643032,1,1,221,74
yamamoto_q01,yamamoto,山本隆司,q01,1,世界や日本の将来を展望しつつ、今後の大学、特に東京大学の果たすべき役割をお聞かせください。,candidate_question,analysis_term_no_stopwords,現われる,0.004524886877828055,2.09861228866811,0.009495983206643032,1,1,221,75
yamamoto_q01,yamamoto,山本隆司,q01,1,世界や日本の将来を展望しつつ、今後の大学、特に東京大学の果たすべき役割をお聞かせください。,candidate_question,analysis_term_no_stopwords,生活,0.004524886877828055,2.09861228866811,0.009495983206643032,1,1,221,76
yamamoto_q01,yamamoto,山本隆司,q01,1,世界や日本の将来を展望しつつ、今後の大学、特に東京大学の果たすべき役割をお聞かせください。,candidate_question,analysis_term_no_stopwords,留める,0.004524886877828055,2.09861228866811,0.009495983206643032,1,1,221,77
yamamoto_q01,yamamoto,山本隆司,q01,1,世界や日本の将来を展望しつつ、今後の大学、特に東京大学の果たすべき役割をお聞かせください。,candidate_question,analysis_term_no_stopwords,目前,0.004524886877828055,2.09861228866811,0.009495983206643032,1,1,221,78
yamamoto_q01,yamamoto,山本隆司,q01,1,世界や日本の将来を展望しつつ、今後の大学、特に東京大学の果たすべき役割をお聞かせください。,candidate_question,analysis_term_no_stopwords,目的,0.004524886877828055,2.09861228866811,0.009495983206643032,1,1,221,79
yamamoto_q01,yamamoto,山本隆司,q01,1,世界や日本の将来を展望しつつ、今後の大学、特に東京大学の果たすべき役割をお聞かせください。,candidate_question,analysis_term_no_stopwords,答える,0.004524886877828055,2.09861228866811,0.009495983206643032,1,1,221,80
yamamoto_q01,yamamoto,山本隆司,q01,1,世界や日本の将来を展望しつつ、今後の大学、特に東京大学の果たすべき役割をお聞かせください。,candidate_question,analysis_term_no_stopwords,維持,0.004524886877828055,2.09861228866811,0.009495983206643032,1,1,221,81
yamamoto_q01,yamamoto,山本隆司,q01,1,世界や日本の将来を展望しつつ、今後の大学、特に東京大学の果たすべき役割をお聞かせください。,candidate_question,analysis_term_no_stopwords,要請,0.004524886877828055,2.09861228866811,0.009495983206643032,1,1,221,82
yamamoto_q01,yamamoto,山本隆司,q01,1,世界や日本の将来を展望しつつ、今後の大学、特に東京大学の果たすべき役割をお聞かせください。,candidate_question,analysis_term_no_stopwords,解,0.004524886877828055,2.09861228866811,0.009495983206643032,1,1,221,83
yamamoto_q01,yamamoto,山本隆司,q01,1,世界や日本の将来を展望しつつ、今後の大学、特に東京大学の果たすべき役割をお聞かせください。,candidate_question,analysis_term_no_stopwords,計画,0.004524886877828055,2.09861228866811,0.009495983206643032,1,1,221,84
yamamoto_q01,yamamoto,山本隆司,q01,1,世界や日本の将来を展望しつつ、今後の大学、特に東京大学の果たすべき役割をお聞かせください。,candidate_question,analysis_term_no_stopwords,設ける,0.004524886877828055,2.09861228866811,0.009495983206643032,1,1,221,85
yamamoto_q01,yamamoto,山本隆司,q01,1,世界や日本の将来を展望しつつ、今後の大学、特に東京大学の果たすべき役割をお聞かせください。,candidate_question,analysis_term_no_stopwords,走る,0.004524886877828055,2.09861228866811,0.009495983206643032,1,1,221,86
yamamoto_q01,yamamoto,山本隆司,q01,1,世界や日本の将来を展望しつつ、今後の大学、特に東京大学の果たすべき役割をお聞かせください。,candidate_question,analysis_term_no_stopwords,転換,0.004524886877828055,2.09861228866811,0.009495983206643032,1,1,221,87
yamamoto_q01,yamamoto,山本隆司,q01,1,世界や日本の将来を展望しつつ、今後の大学、特に東京大学の果たすべき役割をお聞かせください。,candidate_question,analysis_term_no_stopwords,迎える,0.004524886877828055,2.09861228866811,0.009495983206643032,1,1,221,88
yamamoto_q01,yamamoto,山本隆司,q01,1,世界や日本の将来を展望しつつ、今後の大学、特に東京大学の果たすべき役割をお聞かせください。,candidate_question,analysis_term_no_stopwords,近代,0.004524886877828055,2.09861228866811,0.009495983206643032,1,1,221,89
yamamoto_q01,yamamoto,山本隆司,q01,1,世界や日本の将来を展望しつつ、今後の大学、特に東京大学の果たすべき役割をお聞かせください。,candidate_question,analysis_term_no_stopwords,連携,0.004524886877828055,2.09861228866811,0.009495983206643032,1,1,221,90
yamamoto_q01,yamamoto,山本隆司,q01,1,世界や日本の将来を展望しつつ、今後の大学、特に東京大学の果たすべき役割をお聞かせください。,candidate_question,analysis_term_no_stopwords,重ねる,0.004524886877828055,2.09861228866811,0.009495983206643032,1,1,221,91
yamamoto_q01,yamamoto,山本隆司,q01,1,世界や日本の将来を展望しつつ、今後の大学、特に東京大学の果たすべき役割をお聞かせください。,candidate_question,analysis_term_no_stopwords,頃,0.004524886877828055,2.09861228866811,0.009495983206643032,1,1,221,92
yamamoto_q01,yamamoto,山本隆司,q01,1,世界や日本の将来を展望しつつ、今後の大学、特に東京大学の果たすべき役割をお聞かせください。,candidate_question,analysis_term_no_stopwords,役割,0.00904977375565611,1.0,0.00904977375565611,2,5,221,93
yamamoto_q01,yamamoto,山本隆司,q01,1,世界や日本の将来を展望しつつ、今後の大学、特に東京大学の果たすべき役割をお聞かせください。,candidate_question,analysis_term_no_stopwords,リスク-risk,0.004524886877828055,1.6931471805599454,0.007661299459547265,1,2,221,94
yamamoto_q01,yamamoto,山本隆司,q01,1,世界や日本の将来を展望しつつ、今後の大学、特に東京大学の果たすべき役割をお聞かせください。,candidate_question,analysis_term_no_stopwords,リベラル-liberal,0.004524886877828055,1.6931471805599454,0.007661299459547265,1,2,221,95
yamamoto_q01,yamamoto,山本隆司,q01,1,世界や日本の将来を展望しつつ、今後の大学、特に東京大学の果たすべき役割をお聞かせください。,candidate_question,analysis_term_no_stopwords,人口,0.004524886877828055,1.6931471805599454,0.007661299459547265,1,2,221,96
yamamoto_q01,yamamoto,山本隆司,q01,1,世界や日本の将来を展望しつつ、今後の大学、特に東京大学の果たすべき役割をお聞かせください。,candidate_question,analysis_term_no_stopwords,危機,0.004524886877828055,1.6931471805599454,0.007661299459547265,1,2,221,97
yamamoto_q01,yamamoto,山本隆司,q01,1,世界や日本の将来を展望しつつ、今後の大学、特に東京大学の果たすべき役割をお聞かせください。,candidate_question,analysis_term_no_stopwords,厳しい,0.004524886877828055,1.6931471805599454,0.007661299459547265,1,2,221,98
yamamoto_q01,yamamoto,山本隆司,q01,1,世界や日本の将来を展望しつつ、今後の大学、特に東京大学の果たすべき役割をお聞かせください。,candidate_question,analysis_term_no_stopwords,国際,0.004524886877828055,1.6931471805599454,0.007661299459547265,1,2,221,99
yamamoto_q01,yamamoto,山本隆司,q01,1,世界や日本の将来を展望しつつ、今後の大学、特に東京大学の果たすべき役割をお聞かせください。,candidate_question,analysis_term_no_stopwords,場,0.004524886877828055,1.6931471805599454,0.007661299459547265,1,2,221,100
yamamoto_q01,yamamoto,山本隆司,q01,1,世界や日本の将来を展望しつつ、今後の大学、特に東京大学の果たすべき役割をお聞かせください。,candidate_question,analysis_term_no_stopwords,推進,0.004524886877828055,1.6931471805599454,0.007661299459547265,1,2,221,101
yamamoto_q01,yamamoto,山本隆司,q01,1,世界や日本の将来を展望しつつ、今後の大学、特に東京大学の果たすべき役割をお聞かせください。,candidate_question,analysis_term_no_stopwords,来る,0.004524886877828055,1.6931471805599454,0.007661299459547265,1,2,221,102
yamamoto_q01,yamamoto,山本隆司,q01,1,世界や日本の将来を展望しつつ、今後の大学、特に東京大学の果たすべき役割をお聞かせください。,candidate_question,analysis_term_no_stopwords,減少,0.004524886877828055,1.6931471805599454,0.007661299459547265,1,2,221,103
yamamoto_q01,yamamoto,山本隆司,q01,1,世界や日本の将来を展望しつつ、今後の大学、特に東京大学の果たすべき役割をお聞かせください。,candidate_question,analysis_term_no_stopwords,現在,0.004524886877828055,1.6931471805599454,0.007661299459547265,1,2,221,104
yamamoto_q01,yamamoto,山本隆司,q01,1,世界や日本の将来を展望しつつ、今後の大学、特に東京大学の果たすべき役割をお聞かせください。,candidate_question,analysis_term_no_stopwords,真価,0.004524886877828055,1.6931471805599454,0.007661299459547265,1,2,221,105
yamamoto_q01,yamamoto,山本隆司,q01,1,世界や日本の将来を展望しつつ、今後の大学、特に東京大学の果たすべき役割をお聞かせください。,candidate_question,analysis_term_no_stopwords,示す,0.004524886877828055,1.6931471805599454,0.007661299459547265,1,2,221,106
yamamoto_q01,yamamoto,山本隆司,q01,1,世界や日本の将来を展望しつつ、今後の大学、特に東京大学の果たすべき役割をお聞かせください。,candidate_question,analysis_term_no_stopwords,置く,0.004524886877828055,1.6931471805599454,0.007661299459547265,1,2,221,107
yamamoto_q01,yamamoto,山本隆司,q01,1,世界や日本の将来を展望しつつ、今後の大学、特に東京大学の果たすべき役割をお聞かせください。,candidate_question,analysis_term_no_stopwords,見る,0.004524886877828055,1.6931471805599454,0.007661299459547265,1,2,221,108
yamamoto_q01,yamamoto,山本隆司,q01,1,世界や日本の将来を展望しつつ、今後の大学、特に東京大学の果たすべき役割をお聞かせください。,candidate_question,analysis_term_no_stopwords,説明,0.004524886877828055,1.6931471805599454,0.007661299459547265,1,2,221,109
yamamoto_q01,yamamoto,山本隆司,q01,1,世界や日本の将来を展望しつつ、今後の大学、特に東京大学の果たすべき役割をお聞かせください。,candidate_question,analysis_term_no_stopwords,越える,0.004524886877828055,1.6931471805599454,0.007661299459547265,1,2,221,110
yamamoto_q01,yamamoto,山本隆司,q01,1,世界や日本の将来を展望しつつ、今後の大学、特に東京大学の果たすべき役割をお聞かせください。,candidate_question,analysis_term_no_stopwords,ai,0.004524886877828055,1.4054651081081644,0.006359570624923821,1,3,221,111
yamamoto_q01,yamamoto,山本隆司,q01,1,世界や日本の将来を展望しつつ、今後の大学、特に東京大学の果たすべき役割をお聞かせください。,candidate_question,analysis_term_no_stopwords,向ける,0.004524886877828055,1.4054651081081644,0.006359570624923821,1,3,221,112
yamamoto_q01,yamamoto,山本隆司,q01,1,世界や日本の将来を展望しつつ、今後の大学、特に東京大学の果たすべき役割をお聞かせください。,candidate_question,analysis_term_no_stopwords,基盤,0.004524886877828055,1.4054651081081644,0.006359570624923821,1,3,221,113
yamamoto_q01,yamamoto,山本隆司,q01,1,世界や日本の将来を展望しつつ、今後の大学、特に東京大学の果たすべき役割をお聞かせください。,candidate_question,analysis_term_no_stopwords,変動,0.004524886877828055,1.4054651081081644,0.006359570624923821,1,3,221,114
yamamoto_q01,yamamoto,山本隆司,q01,1,世界や日本の将来を展望しつつ、今後の大学、特に東京大学の果たすべき役割をお聞かせください。,candidate_question,analysis_term_no_stopwords,学術,0.004524886877828055,1.4054651081081644,0.006359570624923821,1,3,221,115
yamamoto_q01,yamamoto,山本隆司,q01,1,世界や日本の将来を展望しつつ、今後の大学、特に東京大学の果たすべき役割をお聞かせください。,candidate_question,analysis_term_no_stopwords,民主,0.004524886877828055,1.4054651081081644,0.006359570624923821,1,3,221,116
yamamoto_q01,yamamoto,山本隆司,q01,1,世界や日本の将来を展望しつつ、今後の大学、特に東京大学の果たすべき役割をお聞かせください。,candidate_question,analysis_term_no_stopwords,気候,0.004524886877828055,1.4054651081081644,0.006359570624923821,1,3,221,117
yamamoto_q01,yamamoto,山本隆司,q01,1,世界や日本の将来を展望しつつ、今後の大学、特に東京大学の果たすべき役割をお聞かせください。,candidate_question,analysis_term_no_stopwords,科学,0.004524886877828055,1.4054651081081644,0.006359570624923821,1,3,221,118
yamamoto_q01,yamamoto,山本隆司,q01,1,世界や日本の将来を展望しつつ、今後の大学、特に東京大学の果たすべき役割をお聞かせください。,candidate_question,analysis_term_no_stopwords,言う,0.004524886877828055,1.4054651081081644,0.006359570624923821,1,3,221,119
yamamoto_q01,yamamoto,山本隆司,q01,1,世界や日本の将来を展望しつつ、今後の大学、特に東京大学の果たすべき役割をお聞かせください。,candidate_question,analysis_term_no_stopwords,高齢,0.004524886877828055,1.4054651081081644,0.006359570624923821,1,3,221,120
yamamoto_q01,yamamoto,山本隆司,q01,1,世界や日本の将来を展望しつつ、今後の大学、特に東京大学の果たすべき役割をお聞かせください。,candidate_question,analysis_term_no_stopwords,分断,0.004524886877828055,1.1823215567939547,0.005349871297710203,1,4,221,121
yamamoto_q01,yamamoto,山本隆司,q01,1,世界や日本の将来を展望しつつ、今後の大学、特に東京大学の果たすべき役割をお聞かせください。,candidate_question,analysis_term_no_stopwords,果たす,0.004524886877828055,1.0,0.004524886877828055,1,5,221,122
fujigaki_q02,fujigaki,藤垣裕子,q02,2,東京大学の教育に対するお考えをお聞かせ下さい。,candidate_question,analysis_term_no_stopwords,為る,0.06756756756756757,1.0,0.06756756756756757,5,5,74,1
fujigaki_q02,fujigaki,藤垣裕子,q02,2,東京大学の教育に対するお考えをお聞かせ下さい。,candidate_question,analysis_term_no_stopwords,エリート-elite,0.02702702702702703,2.09861228866811,0.05671925104508406,2,1,74,2
fujigaki_q02,fujigaki,藤垣裕子,q02,2,東京大学の教育に対するお考えをお聞かせ下さい。,candidate_question,analysis_term_no_stopwords,市民,0.02702702702702703,2.09861228866811,0.05671925104508406,2,1,74,3
fujigaki_q02,fujigaki,藤垣裕子,q02,2,東京大学の教育に対するお考えをお聞かせ下さい。,candidate_question,analysis_term_no_stopwords,憲章,0.02702702702702703,2.09861228866811,0.05671925104508406,2,1,74,4
fujigaki_q02,fujigaki,藤垣裕子,q02,2,東京大学の教育に対するお考えをお聞かせ下さい。,candidate_question,analysis_term_no_stopwords,トウキョウ,0.05405405405405406,1.0,0.05405405405405406,4,5,74,5
fujigaki_q02,fujigaki,藤垣裕子,q02,2,東京大学の教育に対するお考えをお聞かせ下さい。,candidate_question,analysis_term_no_stopwords,有る,0.05405405405405406,1.0,0.05405405405405406,4,5,74,6
fujigaki_q02,fujigaki,藤垣裕子,q02,2,東京大学の教育に対するお考えをお聞かせ下さい。,candidate_question,analysis_term_no_stopwords,持つ,0.02702702702702703,1.6931471805599454,0.04576073460972826,2,2,74,7
fujigaki_q02,fujigaki,藤垣裕子,q02,2,東京大学の教育に対するお考えをお聞かせ下さい。,candidate_question,analysis_term_no_stopwords,能力,0.02702702702702703,1.6931471805599454,0.04576073460972826,2,2,74,8
fujigaki_q02,fujigaki,藤垣裕子,q02,2,東京大学の教育に対するお考えをお聞かせ下さい。,candidate_question,analysis_term_no_stopwords,責任,0.02702702702702703,1.6931471805599454,0.04576073460972826,2,2,74,9
fujigaki_q02,fujigaki,藤垣裕子,q02,2,東京大学の教育に対するお考えをお聞かせ下さい。,candidate_question,analysis_term_no_stopwords,育成,0.02702702702702703,1.4054651081081644,0.03798554346238282,2,3,74,10
fujigaki_q02,fujigaki,藤垣裕子,q02,2,東京大学の教育に対するお考えをお聞かせ下さい。,candidate_question,analysis_term_no_stopwords,事,0.02702702702702703,1.1823215567939547,0.03195463667010689,2,4,74,11
fujigaki_q02,fujigaki,藤垣裕子,q02,2,東京大学の教育に対するお考えをお聞かせ下さい。,candidate_question,analysis_term_no_stopwords,中枢,0.013513513513513514,2.09861228866811,0.02835962552254203,1,1,74,12
fujigaki_q02,fujigaki,藤垣裕子,q02,2,東京大学の教育に対するお考えをお聞かせ下さい。,candidate_question,analysis_term_no_stopwords,主体,0.013513513513513514,2.09861228866811,0.02835962552254203,1,1,74,13
fujigaki_q02,fujigaki,藤垣裕子,q02,2,東京大学の教育に対するお考えをお聞かせ下さい。,candidate_question,analysis_term_no_stopwords,倫理,0.013513513513513514,2.09861228866811,0.02835962552254203,1,1,74,14
fujigaki_q02,fujigaki,藤垣裕子,q02,2,東京大学の教育に対するお考えをお聞かせ下さい。,candidate_question,analysis_term_no_stopwords,優れる,0.013513513513513514,2.09861228866811,0.02835962552254203,1,1,74,15
fujigaki_q02,fujigaki,藤垣裕子,q02,2,東京大学の教育に対するお考えをお聞かせ下さい。,candidate_question,analysis_term_no_stopwords,国内外,0.013513513513513514,2.09861228866811,0.02835962552254203,1,1,74,16
fujigaki_q02,fujigaki,藤垣裕子,q02,2,東京大学の教育に対するお考えをお聞かせ下さい。,candidate_question,analysis_term_no_stopwords,多い,0.013513513513513514,2.09861228866811,0.02835962552254203,1,1,74,17
fujigaki_q02,fujigaki,藤垣裕子,q02,2,東京大学の教育に対するお考えをお聞かせ下さい。,candidate_question,analysis_term_no_stopwords,学術,0.013513513513513514,2.09861228866811,0.02835962552254203,1,1,74,18
fujigaki_q02,fujigaki,藤垣裕子,q02,2,東京大学の教育に対するお考えをお聞かせ下さい。,candidate_question,analysis_term_no_stopwords,実績,0.013513513513513514,2.09861228866811,0.02835962552254203,1,1,74,19
fujigaki_q02,fujigaki,藤垣裕子,q02,2,東京大学の教育に対するお考えをお聞かせ下さい。,candidate_question,analysis_term_no_stopwords,実際,0.013513513513513514,2.09861228866811,0.02835962552254203,1,1,74,20
fujigaki_q02,fujigaki,藤垣裕子,q02,2,東京大学の教育に対するお考えをお聞かせ下さい。,candidate_question,analysis_term_no_stopwords,年,0.013513513513513514,2.09861228866811,0.02835962552254203,1,1,74,21
fujigaki_q02,fujigaki,藤垣裕子,q02,2,東京大学の教育に対するお考えをお聞かせ下さい。,candidate_question,analysis_term_no_stopwords,役割,0.013513513513513514,2.09861228866811,0.02835962552254203,1,1,74,22
fujigaki_q02,fujigaki,藤垣裕子,q02,2,東京大学の教育に対するお考えをお聞かせ下さい。,candidate_question,analysis_term_no_stopwords,得る,0.013513513513513514,2.09861228866811,0.02835962552254203,1,1,74,23
fujigaki_q02,fujigaki,藤垣裕子,q02,2,東京大学の教育に対するお考えをお聞かせ下さい。,candidate_question,analysis_term_no_stopwords,感,0.013513513513513514,2.09861228866811,0.02835962552254203,1,1,74,24
fujigaki_q02,fujigaki,藤垣裕子,q02,2,東京大学の教育に対するお考えをお聞かせ下さい。,candidate_question,analysis_term_no_stopwords,指導,0.013513513513513514,2.09861228866811,0.02835962552254203,1,1,74,25
fujigaki_q02,fujigaki,藤垣裕子,q02,2,東京大学の教育に対するお考えをお聞かせ下さい。,candidate_question,analysis_term_no_stopwords,果たす,0.013513513513513514,2.09861228866811,0.02835962552254203,1,1,74,26
fujigaki_q02,fujigaki,藤垣裕子,q02,2,東京大学の教育に対するお考えをお聞かせ下さい。,candidate_question,analysis_term_no_stopwords,潜在,0.013513513513513514,2.09861228866811,0.02835962552254203,1,1,74,27
fujigaki_q02,fujigaki,藤垣裕子,q02,2,東京大学の教育に対するお考えをお聞かせ下さい。,candidate_question,analysis_term_no_stopwords,環境,0.013513513513513514,2.09861228866811,0.02835962552254203,1,1,74,28
fujigaki_q02,fujigaki,藤垣裕子,q02,2,東京大学の教育に対するお考えをお聞かせ下さい。,candidate_question,analysis_term_no_stopwords,行動,0.013513513513513514,2.09861228866811,0.02835962552254203,1,1,74,29
fujigaki_q02,fujigaki,藤垣裕子,q02,2,東京大学の教育に対するお考えをお聞かせ下さい。,candidate_question,analysis_term_no_stopwords,負託,0.013513513513513514,2.09861228866811,0.02835962552254203,1,1,74,30
fujigaki_q02,fujigaki,藤垣裕子,q02,2,東京大学の教育に対するお考えをお聞かせ下さい。,candidate_question,analysis_term_no_stopwords,集まる,0.013513513513513514,2.09861228866811,0.02835962552254203,1,1,74,31
fujigaki_q02,fujigaki,藤垣裕子,q02,2,東京大学の教育に対するお考えをお聞かせ下さい。,candidate_question,analysis_term_no_stopwords,分野,0.02702702702702703,1.0,0.02702702702702703,2,5,74,32
fujigaki_q02,fujigaki,藤垣裕子,q02,2,東京大学の教育に対するお考えをお聞かせ下さい。,candidate_question,analysis_term_no_stopwords,世界,0.013513513513513514,1.6931471805599454,0.02288036730486413,1,2,74,33
fujigaki_q02,fujigaki,藤垣裕子,q02,2,東京大学の教育に対するお考えをお聞かせ下さい。,candidate_question,analysis_term_no_stopwords,付ける,0.013513513513513514,1.6931471805599454,0.02288036730486413,1,2,74,34
fujigaki_q02,fujigaki,藤垣裕子,q02,2,東京大学の教育に対するお考えをお聞かせ下さい。,candidate_question,analysis_term_no_stopwords,伸ばす,0.013513513513513514,1.6931471805599454,0.02288036730486413,1,2,74,35
fujigaki_q02,fujigaki,藤垣裕子,q02,2,東京大学の教育に対するお考えをお聞かせ下さい。,candidate_question,analysis_term_no_stopwords,体系,0.013513513513513514,1.6931471805599454,0.02288036730486413,1,2,74,36
fujigaki_q02,fujigaki,藤垣裕子,q02,2,東京大学の教育に対するお考えをお聞かせ下さい。,candidate_question,analysis_term_no_stopwords,使命,0.013513513513513514,1.6931471805599454,0.02288036730486413,1,2,74,37
fujigaki_q02,fujigaki,藤垣裕子,q02,2,東京大学の教育に対するお考えをお聞かせ下さい。,candidate_question,analysis_term_no_stopwords,其々,0.013513513513513514,1.6931471805599454,0.02288036730486413,1,2,74,38
fujigaki_q02,fujigaki,藤垣裕子,q02,2,東京大学の教育に対するお考えをお聞かせ下さい。,candidate_question,analysis_term_no_stopwords,反映,0.013513513513513514,1.6931471805599454,0.02288036730486413,1,2,74,39
fujigaki_q02,fujigaki,藤垣裕子,q02,2,東京大学の教育に対するお考えをお聞かせ下さい。,candidate_question,analysis_term_no_stopwords,教員,0.013513513513513514,1.6931471805599454,0.02288036730486413,1,2,74,40
fujigaki_q02,fujigaki,藤垣裕子,q02,2,東京大学の教育に対するお考えをお聞かせ下さい。,candidate_question,analysis_term_no_stopwords,整える,0.013513513513513514,1.6931471805599454,0.02288036730486413,1,2,74,41
fujigaki_q02,fujigaki,藤垣裕子,q02,2,東京大学の教育に対するお考えをお聞かせ下さい。,candidate_question,analysis_term_no_stopwords,日本,0.013513513513513514,1.6931471805599454,0.02288036730486413,1,2,74,42
fujigaki_q02,fujigaki,藤垣裕子,q02,2,東京大学の教育に対するお考えをお聞かせ下さい。,candidate_question,analysis_term_no_stopwords,身,0.013513513513513514,1.6931471805599454,0.02288036730486413,1,2,74,43
fujigaki_q02,fujigaki,藤垣裕子,q02,2,東京大学の教育に対するお考えをお聞かせ下さい。,candidate_question,analysis_term_no_stopwords,一,0.013513513513513514,1.4054651081081644,0.01899277173119141,1,3,74,44
fujigaki_q02,fujigaki,藤垣裕子,q02,2,東京大学の教育に対するお考えをお聞かせ下さい。,candidate_question,analysis_term_no_stopwords,担う,0.013513513513513514,1.4054651081081644,0.01899277173119141,1,3,74,45
fujigaki_q02,fujigaki,藤垣裕子,q02,2,東京大学の教育に対するお考えをお聞かせ下さい。,candidate_question,analysis_term_no_stopwords,於く,0.013513513513513514,1.4054651081081644,0.01899277173119141,1,3,74,46
fujigaki_q02,fujigaki,藤垣裕子,q02,2,東京大学の教育に対するお考えをお聞かせ下さい。,candidate_question,analysis_term_no_stopwords,為,0.013513513513513514,1.4054651081081644,0.01899277173119141,1,3,74,47
fujigaki_q02,fujigaki,藤垣裕子,q02,2,東京大学の教育に対するお考えをお聞かせ下さい。,candidate_question,analysis_term_no_stopwords,考える,0.013513513513513514,1.4054651081081644,0.01899277173119141,1,3,74,48
fujigaki_q02,fujigaki,藤垣裕子,q02,2,東京大学の教育に対するお考えをお聞かせ下さい。,candidate_question,analysis_term_no_stopwords,視野,0.013513513513513514,1.4054651081081644,0.01899277173119141,1,3,74,49
fujigaki_q02,fujigaki,藤垣裕子,q02,2,東京大学の教育に対するお考えをお聞かせ下さい。,candidate_question,analysis_term_no_stopwords,人材,0.013513513513513514,1.1823215567939547,0.015977318335053444,1,4,74,50
fujigaki_q02,fujigaki,藤垣裕子,q02,2,東京大学の教育に対するお考えをお聞かせ下さい。,candidate_question,analysis_term_no_stopwords,学生,0.013513513513513514,1.1823215567939547,0.015977318335053444,1,4,74,51
fujigaki_q02,fujigaki,藤垣裕子,q02,2,東京大学の教育に対するお考えをお聞かせ下さい。,candidate_question,analysis_term_no_stopwords,居る,0.013513513513513514,1.1823215567939547,0.015977318335053444,1,4,74,52
fujigaki_q02,fujigaki,藤垣裕子,q02,2,東京大学の教育に対するお考えをお聞かせ下さい。,candidate_question,analysis_term_no_stopwords,経験,0.013513513513513514,1.1823215567939547,0.015977318335053444,1,4,74,53
fujigaki_q02,fujigaki,藤垣裕子,q02,2,東京大学の教育に対するお考えをお聞かせ下さい。,candidate_question,analysis_term_no_stopwords,成る,0.013513513513513514,1.0,0.013513513513513514,1,5,74,54
fujigaki_q02,fujigaki,藤垣裕子,q02,2,東京大学の教育に対するお考えをお聞かせ下さい。,candidate_question,analysis_term_no_stopwords,社会,0.013513513513513514,1.0,0.013513513513513514,1,5,74,55
ohkoshi_q02,ohkoshi,大越慎一,q02,2,東京大学の教育に対するお考えをお聞かせ下さい。,candidate_question,analysis_term_no_stopwords,部,0.01948051948051948,2.09861228866811,0.04088205757145669,3,1,154,1
ohkoshi_q02,ohkoshi,大越慎一,q02,2,東京大学の教育に対するお考えをお聞かせ下さい。,candidate_question,analysis_term_no_stopwords,専門,0.032467532467532464,1.1823215567939547,0.038387063532271254,5,4,154,2
ohkoshi_q02,ohkoshi,大越慎一,q02,2,東京大学の教育に対するお考えをお聞かせ下さい。,candidate_question,analysis_term_no_stopwords,為る,0.032467532467532464,1.0,0.032467532467532464,5,5,154,3
ohkoshi_q02,ohkoshi,大越慎一,q02,2,東京大学の教育に対するお考えをお聞かせ下さい。,candidate_question,analysis_term_no_stopwords,gx,0.012987012987012988,2.09861228866811,0.027254705047637794,2,1,154,4
ohkoshi_q02,ohkoshi,大越慎一,q02,2,東京大学の教育に対するお考えをお聞かせ下さい。,candidate_question,analysis_term_no_stopwords,創造,0.012987012987012988,2.09861228866811,0.027254705047637794,2,1,154,5
ohkoshi_q02,ohkoshi,大越慎一,q02,2,東京大学の教育に対するお考えをお聞かせ下さい。,candidate_question,analysis_term_no_stopwords,博士,0.012987012987012988,2.09861228866811,0.027254705047637794,2,1,154,6
ohkoshi_q02,ohkoshi,大越慎一,q02,2,東京大学の教育に対するお考えをお聞かせ下さい。,candidate_question,analysis_term_no_stopwords,実践,0.012987012987012988,2.09861228866811,0.027254705047637794,2,1,154,7
ohkoshi_q02,ohkoshi,大越慎一,q02,2,東京大学の教育に対するお考えをお聞かせ下さい。,candidate_question,analysis_term_no_stopwords,産,0.012987012987012988,2.09861228866811,0.027254705047637794,2,1,154,8
ohkoshi_q02,ohkoshi,大越慎一,q02,2,東京大学の教育に対するお考えをお聞かせ下さい。,candidate_question,analysis_term_no_stopwords,知る,0.012987012987012988,2.09861228866811,0.027254705047637794,2,1,154,9
ohkoshi_q02,ohkoshi,大越慎一,q02,2,東京大学の教育に対するお考えをお聞かせ下さい。,candidate_question,analysis_term_no_stopwords,連携,0.012987012987012988,2.09861228866811,0.027254705047637794,2,1,154,10
ohkoshi_q02,ohkoshi,大越慎一,q02,2,東京大学の教育に対するお考えをお聞かせ下さい。,candidate_question,analysis_term_no_stopwords,wings,0.012987012987012988,1.6931471805599454,0.021988924422856434,2,2,154,11
ohkoshi_q02,ohkoshi,大越慎一,q02,2,東京大学の教育に対するお考えをお聞かせ下さい。,candidate_question,analysis_term_no_stopwords,プログラム-program,0.012987012987012988,1.6931471805599454,0.021988924422856434,2,2,154,12
ohkoshi_q02,ohkoshi,大越慎一,q02,2,東京大学の教育に対するお考えをお聞かせ下さい。,candidate_question,analysis_term_no_stopwords,修士,0.012987012987012988,1.6931471805599454,0.021988924422856434,2,2,154,13
ohkoshi_q02,ohkoshi,大越慎一,q02,2,東京大学の教育に対するお考えをお聞かせ下さい。,candidate_question,analysis_term_no_stopwords,力,0.012987012987012988,1.6931471805599454,0.021988924422856434,2,2,154,14
ohkoshi_q02,ohkoshi,大越慎一,q02,2,東京大学の教育に対するお考えをお聞かせ下さい。,candidate_question,analysis_term_no_stopwords,加える,0.012987012987012988,1.6931471805599454,0.021988924422856434,2,2,154,15
ohkoshi_q02,ohkoshi,大越慎一,q02,2,東京大学の教育に対するお考えをお聞かせ下さい。,candidate_question,analysis_term_no_stopwords,国際,0.012987012987012988,1.6931471805599454,0.021988924422856434,2,2,154,16
ohkoshi_q02,ohkoshi,大越慎一,q02,2,東京大学の教育に対するお考えをお聞かせ下さい。,candidate_question,analysis_term_no_stopwords,広い,0.012987012987012988,1.6931471805599454,0.021988924422856434,2,2,154,17
ohkoshi_q02,ohkoshi,大越慎一,q02,2,東京大学の教育に対するお考えをお聞かせ下さい。,candidate_question,analysis_term_no_stopwords,新しい,0.012987012987012988,1.6931471805599454,0.021988924422856434,2,2,154,18
ohkoshi_q02,ohkoshi,大越慎一,q02,2,東京大学の教育に対するお考えをお聞かせ下さい。,candidate_question,analysis_term_no_stopwords,知識,0.012987012987012988,1.6931471805599454,0.021988924422856434,2,2,154,19
ohkoshi_q02,ohkoshi,大越慎一,q02,2,東京大学の教育に対するお考えをお聞かせ下さい。,candidate_question,analysis_term_no_stopwords,自ら,0.012987012987012988,1.6931471805599454,0.021988924422856434,2,2,154,20
ohkoshi_q02,ohkoshi,大越慎一,q02,2,東京大学の教育に対するお考えをお聞かせ下さい。,candidate_question,analysis_term_no_stopwords,有る,0.01948051948051948,1.0,0.01948051948051948,3,5,154,21
ohkoshi_q02,ohkoshi,大越慎一,q02,2,東京大学の教育に対するお考えをお聞かせ下さい。,candidate_question,analysis_term_no_stopwords,海外,0.012987012987012988,1.4054651081081644,0.018252793611794344,2,3,154,22
ohkoshi_q02,ohkoshi,大越慎一,q02,2,東京大学の教育に対するお考えをお聞かせ下さい。,candidate_question,analysis_term_no_stopwords,育成,0.012987012987012988,1.4054651081081644,0.018252793611794344,2,3,154,23
ohkoshi_q02,ohkoshi,大越慎一,q02,2,東京大学の教育に対するお考えをお聞かせ下さい。,candidate_question,analysis_term_no_stopwords,課程,0.012987012987012988,1.4054651081081644,0.018252793611794344,2,3,154,24
ohkoshi_q02,ohkoshi,大越慎一,q02,2,東京大学の教育に対するお考えをお聞かせ下さい。,candidate_question,analysis_term_no_stopwords,人材,0.012987012987012988,1.1823215567939547,0.015354825412908503,2,4,154,25
ohkoshi_q02,ohkoshi,大越慎一,q02,2,東京大学の教育に対するお考えをお聞かせ下さい。,candidate_question,analysis_term_no_stopwords,学生,0.012987012987012988,1.1823215567939547,0.015354825412908503,2,4,154,26
ohkoshi_q02,ohkoshi,大越慎一,q02,2,東京大学の教育に対するお考えをお聞かせ下さい。,candidate_question,analysis_term_no_stopwords,college,0.006493506493506494,2.09861228866811,0.013627352523818897,1,1,154,27
ohkoshi_q02,ohkoshi,大越慎一,q02,2,東京大学の教育に対するお考えをお聞かせ下さい。,candidate_question,analysis_term_no_stopwords,design,0.006493506493506494,2.09861228866811,0.013627352523818897,1,1,154,28
ohkoshi_q02,ohkoshi,大越慎一,q02,2,東京大学の教育に対するお考えをお聞かせ下さい。,candidate_question,analysis_term_no_stopwords,dx,0.006493506493506494,2.09861228866811,0.013627352523818897,1,1,154,29
ohkoshi_q02,ohkoshi,大越慎一,q02,2,東京大学の教育に対するお考えをお聞かせ下さい。,candidate_question,analysis_term_no_stopwords,graduate,0.006493506493506494,2.09861228866811,0.013627352523818897,1,1,154,30
ohkoshi_q02,ohkoshi,大越慎一,q02,2,東京大学の教育に対するお考えをお聞かせ下さい。,candidate_question,analysis_term_no_stopwords,innovative,0.006493506493506494,2.09861228866811,0.013627352523818897,1,1,154,31
ohkoshi_q02,ohkoshi,大越慎一,q02,2,東京大学の教育に対するお考えをお聞かせ下さい。,candidate_question,analysis_term_no_stopwords,leading,0.006493506493506494,2.09861228866811,0.013627352523818897,1,1,154,32
ohkoshi_q02,ohkoshi,大越慎一,q02,2,東京大学の教育に対するお考えをお聞かせ下さい。,candidate_question,analysis_term_no_stopwords,of,0.006493506493506494,2.09861228866811,0.013627352523818897,1,1,154,33
ohkoshi_q02,ohkoshi,大越慎一,q02,2,東京大学の教育に対するお考えをお聞かせ下さい。,candidate_question,analysis_term_no_stopwords,plus,0.006493506493506494,2.09861228866811,0.013627352523818897,1,1,154,34
ohkoshi_q02,ohkoshi,大越慎一,q02,2,東京大学の教育に対するお考えをお聞かせ下さい。,candidate_question,analysis_term_no_stopwords,program,0.006493506493506494,2.09861228866811,0.013627352523818897,1,1,154,35
ohkoshi_q02,ohkoshi,大越慎一,q02,2,東京大学の教育に対するお考えをお聞かせ下さい。,candidate_question,analysis_term_no_stopwords,sdgs,0.006493506493506494,2.09861228866811,0.013627352523818897,1,1,154,36
ohkoshi_q02,ohkoshi,大越慎一,q02,2,東京大学の教育に対するお考えをお聞かせ下さい。,candidate_question,analysis_term_no_stopwords,spring,0.006493506493506494,2.09861228866811,0.013627352523818897,1,1,154,37
ohkoshi_q02,ohkoshi,大越慎一,q02,2,東京大学の教育に対するお考えをお聞かせ下さい。,candidate_question,analysis_term_no_stopwords,study,0.006493506493506494,2.09861228866811,0.013627352523818897,1,1,154,38
ohkoshi_q02,ohkoshi,大越慎一,q02,2,東京大学の教育に対するお考えをお聞かせ下さい。,candidate_question,analysis_term_no_stopwords,utokyo,0.006493506493506494,2.09861228866811,0.013627352523818897,1,1,154,39
ohkoshi_q02,ohkoshi,大越慎一,q02,2,東京大学の教育に対するお考えをお聞かせ下さい。,candidate_question,analysis_term_no_stopwords,world,0.006493506493506494,2.09861228866811,0.013627352523818897,1,1,154,40
ohkoshi_q02,ohkoshi,大越慎一,q02,2,東京大学の教育に対するお考えをお聞かせ下さい。,candidate_question,analysis_term_no_stopwords,アントレプレナー-entrepreneur,0.006493506493506494,2.09861228866811,0.013627352523818897,1,1,154,41
ohkoshi_q02,ohkoshi,大越慎一,q02,2,東京大学の教育に対するお考えをお聞かせ下さい。,candidate_question,analysis_term_no_stopwords,イノベーション-innovation,0.006493506493506494,2.09861228866811,0.013627352523818897,1,1,154,42
ohkoshi_q02,ohkoshi,大越慎一,q02,2,東京大学の教育に対するお考えをお聞かせ下さい。,candidate_question,analysis_term_no_stopwords,インターンシップ-internship,0.006493506493506494,2.09861228866811,0.013627352523818897,1,1,154,43
ohkoshi_q02,ohkoshi,大越慎一,q02,2,東京大学の教育に対するお考えをお聞かせ下さい。,candidate_question,analysis_term_no_stopwords,コンピューティング-computing,0.006493506493506494,2.09861228866811,0.013627352523818897,1,1,154,44
ohkoshi_q02,ohkoshi,大越慎一,q02,2,東京大学の教育に対するお考えをお聞かせ下さい。,candidate_question,analysis_term_no_stopwords,サイエンス-science,0.006493506493506494,2.09861228866811,0.013627352523818897,1,1,154,45
ohkoshi_q02,ohkoshi,大越慎一,q02,2,東京大学の教育に対するお考えをお聞かせ下さい。,candidate_question,analysis_term_no_stopwords,シップ-ship,0.006493506493506494,2.09861228866811,0.013627352523818897,1,1,154,46
ohkoshi_q02,ohkoshi,大越慎一,q02,2,東京大学の教育に対するお考えをお聞かせ下さい。,candidate_question,analysis_term_no_stopwords,テック-technical,0.006493506493506494,2.09861228866811,0.013627352523818897,1,1,154,47
ohkoshi_q02,ohkoshi,大越慎一,q02,2,東京大学の教育に対するお考えをお聞かせ下さい。,candidate_question,analysis_term_no_stopwords,ディープ-deep,0.006493506493506494,2.09861228866811,0.013627352523818897,1,1,154,48
ohkoshi_q02,ohkoshi,大越慎一,q02,2,東京大学の教育に対するお考えをお聞かせ下さい。,candidate_question,analysis_term_no_stopwords,データ-data,0.006493506493506494,2.09861228866811,0.013627352523818897,1,1,154,49
ohkoshi_q02,ohkoshi,大越慎一,q02,2,東京大学の教育に対するお考えをお聞かせ下さい。,candidate_question,analysis_term_no_stopwords,ドア-door,0.006493506493506494,2.09861228866811,0.013627352523818897,1,1,154,50
ohkoshi_q02,ohkoshi,大越慎一,q02,2,東京大学の教育に対するお考えをお聞かせ下さい。,candidate_question,analysis_term_no_stopwords,モデル-model,0.006493506493506494,2.09861228866811,0.013627352523818897,1,1,154,51
ohkoshi_q02,ohkoshi,大越慎一,q02,2,東京大学の教育に対するお考えをお聞かせ下さい。,candidate_question,analysis_term_no_stopwords,二,0.006493506493506494,2.09861228866811,0.013627352523818897,1,1,154,52
ohkoshi_q02,ohkoshi,大越慎一,q02,2,東京大学の教育に対するお考えをお聞かせ下さい。,candidate_question,analysis_term_no_stopwords,伝達,0.006493506493506494,2.09861228866811,0.013627352523818897,1,1,154,53
ohkoshi_q02,ohkoshi,大越慎一,q02,2,東京大学の教育に対するお考えをお聞かせ下さい。,candidate_question,analysis_term_no_stopwords,制度,0.006493506493506494,2.09861228866811,0.013627352523818897,1,1,154,54
ohkoshi_q02,ohkoshi,大越慎一,q02,2,東京大学の教育に対するお考えをお聞かせ下さい。,candidate_question,analysis_term_no_stopwords,問い,0.006493506493506494,2.09861228866811,0.013627352523818897,1,1,154,55
ohkoshi_q02,ohkoshi,大越慎一,q02,2,東京大学の教育に対するお考えをお聞かせ下さい。,candidate_question,analysis_term_no_stopwords,回転,0.006493506493506494,2.09861228866811,0.013627352523818897,1,1,154,56
ohkoshi_q02,ohkoshi,大越慎一,q02,2,東京大学の教育に対するお考えをお聞かせ下さい。,candidate_question,analysis_term_no_stopwords,学士,0.006493506493506494,2.09861228866811,0.013627352523818897,1,1,154,57
ohkoshi_q02,ohkoshi,大越慎一,q02,2,東京大学の教育に対するお考えをお聞かせ下さい。,candidate_question,analysis_term_no_stopwords,学業,0.006493506493506494,2.09861228866811,0.013627352523818897,1,1,154,58
ohkoshi_q02,ohkoshi,大越慎一,q02,2,東京大学の教育に対するお考えをお聞かせ下さい。,candidate_question,analysis_term_no_stopwords,学知,0.006493506493506494,2.09861228866811,0.013627352523818897,1,1,154,59
ohkoshi_q02,ohkoshi,大越慎一,q02,2,東京大学の教育に対するお考えをお聞かせ下さい。,candidate_question,analysis_term_no_stopwords,対する,0.006493506493506494,2.09861228866811,0.013627352523818897,1,1,154,60
ohkoshi_q02,ohkoshi,大越慎一,q02,2,東京大学の教育に対するお考えをお聞かせ下さい。,candidate_question,analysis_term_no_stopwords,意義,0.006493506493506494,2.09861228866811,0.013627352523818897,1,1,154,61
ohkoshi_q02,ohkoshi,大越慎一,q02,2,東京大学の教育に対するお考えをお聞かせ下さい。,candidate_question,analysis_term_no_stopwords,挑戦,0.006493506493506494,2.09861228866811,0.013627352523818897,1,1,154,62
ohkoshi_q02,ohkoshi,大越慎一,q02,2,東京大学の教育に対するお考えをお聞かせ下さい。,candidate_question,analysis_term_no_stopwords,接続,0.006493506493506494,2.09861228866811,0.013627352523818897,1,1,154,63
ohkoshi_q02,ohkoshi,大越慎一,q02,2,東京大学の教育に対するお考えをお聞かせ下さい。,candidate_question,analysis_term_no_stopwords,支援,0.006493506493506494,2.09861228866811,0.013627352523818897,1,1,154,64
ohkoshi_q02,ohkoshi,大越慎一,q02,2,東京大学の教育に対するお考えをお聞かせ下さい。,candidate_question,analysis_term_no_stopwords,新設,0.006493506493506494,2.09861228866811,0.013627352523818897,1,1,154,65
ohkoshi_q02,ohkoshi,大越慎一,q02,2,東京大学の教育に対するお考えをお聞かせ下さい。,candidate_question,analysis_term_no_stopwords,有機,0.006493506493506494,2.09861228866811,0.013627352523818897,1,1,154,66
ohkoshi_q02,ohkoshi,大越慎一,q02,2,東京大学の教育に対するお考えをお聞かせ下さい。,candidate_question,analysis_term_no_stopwords,未知,0.006493506493506494,2.09861228866811,0.013627352523818897,1,1,154,67
ohkoshi_q02,ohkoshi,大越慎一,q02,2,東京大学の教育に対するお考えをお聞かせ下さい。,candidate_question,analysis_term_no_stopwords,構想,0.006493506493506494,2.09861228866811,0.013627352523818897,1,1,154,68
ohkoshi_q02,ohkoshi,大越慎一,q02,2,東京大学の教育に対するお考えをお聞かせ下さい。,candidate_question,analysis_term_no_stopwords,構築,0.006493506493506494,2.09861228866811,0.013627352523818897,1,1,154,69
ohkoshi_q02,ohkoshi,大越慎一,q02,2,東京大学の教育に対するお考えをお聞かせ下さい。,candidate_question,analysis_term_no_stopwords,洞察,0.006493506493506494,2.09861228866811,0.013627352523818897,1,1,154,70
ohkoshi_q02,ohkoshi,大越慎一,q02,2,東京大学の教育に対するお考えをお聞かせ下さい。,candidate_question,analysis_term_no_stopwords,派遣,0.006493506493506494,2.09861228866811,0.013627352523818897,1,1,154,71
ohkoshi_q02,ohkoshi,大越慎一,q02,2,東京大学の教育に対するお考えをお聞かせ下さい。,candidate_question,analysis_term_no_stopwords,涵養,0.006493506493506494,2.09861228866811,0.013627352523818897,1,1,154,72
ohkoshi_q02,ohkoshi,大越慎一,q02,2,東京大学の教育に対するお考えをお聞かせ下さい。,candidate_question,analysis_term_no_stopwords,深い,0.006493506493506494,2.09861228866811,0.013627352523818897,1,1,154,73
ohkoshi_q02,ohkoshi,大越慎一,q02,2,東京大学の教育に対するお考えをお聞かせ下さい。,candidate_question,analysis_term_no_stopwords,理念,0.006493506493506494,2.09861228866811,0.013627352523818897,1,1,154,74
ohkoshi_q02,ohkoshi,大越慎一,q02,2,東京大学の教育に対するお考えをお聞かせ下さい。,candidate_question,analysis_term_no_stopwords,留まる,0.006493506493506494,2.09861228866811,0.013627352523818897,1,1,154,75
ohkoshi_q02,ohkoshi,大越慎一,q02,2,東京大学の教育に対するお考えをお聞かせ下さい。,candidate_question,analysis_term_no_stopwords,科学,0.006493506493506494,2.09861228866811,0.013627352523818897,1,1,154,76
ohkoshi_q02,ohkoshi,大越慎一,q02,2,東京大学の教育に対するお考えをお聞かせ下さい。,candidate_question,analysis_term_no_stopwords,立てる,0.006493506493506494,2.09861228866811,0.013627352523818897,1,1,154,77
ohkoshi_q02,ohkoshi,大越慎一,q02,2,東京大学の教育に対するお考えをお聞かせ下さい。,candidate_question,analysis_term_no_stopwords,精神,0.006493506493506494,2.09861228866811,0.013627352523818897,1,1,154,78
ohkoshi_q02,ohkoshi,大越慎一,q02,2,東京大学の教育に対するお考えをお聞かせ下さい。,candidate_question,analysis_term_no_stopwords,統計,0.006493506493506494,2.09861228866811,0.013627352523818897,1,1,154,79
ohkoshi_q02,ohkoshi,大越慎一,q02,2,東京大学の教育に対するお考えをお聞かせ下さい。,candidate_question,analysis_term_no_stopwords,連結,0.006493506493506494,2.09861228866811,0.013627352523818897,1,1,154,80
ohkoshi_q02,ohkoshi,大越慎一,q02,2,東京大学の教育に対するお考えをお聞かせ下さい。,candidate_question,analysis_term_no_stopwords,量子,0.006493506493506494,2.09861228866811,0.013627352523818897,1,1,154,81
ohkoshi_q02,ohkoshi,大越慎一,q02,2,東京大学の教育に対するお考えをお聞かせ下さい。,candidate_question,analysis_term_no_stopwords,開拓,0.006493506493506494,2.09861228866811,0.013627352523818897,1,1,154,82
ohkoshi_q02,ohkoshi,大越慎一,q02,2,東京大学の教育に対するお考えをお聞かせ下さい。,candidate_question,analysis_term_no_stopwords,関する,0.006493506493506494,2.09861228866811,0.013627352523818897,1,1,154,83
ohkoshi_q02,ohkoshi,大越慎一,q02,2,東京大学の教育に対するお考えをお聞かせ下さい。,candidate_question,analysis_term_no_stopwords,utd,0.006493506493506494,1.6931471805599454,0.010994462211428217,1,2,154,84
ohkoshi_q02,ohkoshi,大越慎一,q02,2,東京大学の教育に対するお考えをお聞かせ下さい。,candidate_question,analysis_term_no_stopwords,システム-system,0.006493506493506494,1.6931471805599454,0.010994462211428217,1,2,154,85
ohkoshi_q02,ohkoshi,大越慎一,q02,2,東京大学の教育に対するお考えをお聞かせ下さい。,candidate_question,analysis_term_no_stopwords,ダブル-double,0.006493506493506494,1.6931471805599454,0.010994462211428217,1,2,154,86
ohkoshi_q02,ohkoshi,大越慎一,q02,2,東京大学の教育に対するお考えをお聞かせ下さい。,candidate_question,analysis_term_no_stopwords,ディグリー-degree,0.006493506493506494,1.6931471805599454,0.010994462211428217,1,2,154,87
ohkoshi_q02,ohkoshi,大越慎一,q02,2,東京大学の教育に対するお考えをお聞かせ下さい。,candidate_question,analysis_term_no_stopwords,一貫,0.006493506493506494,1.6931471805599454,0.010994462211428217,1,2,154,88
ohkoshi_q02,ohkoshi,大越慎一,q02,2,東京大学の教育に対するお考えをお聞かせ下さい。,candidate_question,analysis_term_no_stopwords,付ける,0.006493506493506494,1.6931471805599454,0.010994462211428217,1,2,154,89
ohkoshi_q02,ohkoshi,大越慎一,q02,2,東京大学の教育に対するお考えをお聞かせ下さい。,candidate_question,analysis_term_no_stopwords,体系,0.006493506493506494,1.6931471805599454,0.010994462211428217,1,2,154,90
ohkoshi_q02,ohkoshi,大越慎一,q02,2,東京大学の教育に対するお考えをお聞かせ下さい。,candidate_question,analysis_term_no_stopwords,価値,0.006493506493506494,1.6931471805599454,0.010994462211428217,1,2,154,91
ohkoshi_q02,ohkoshi,大越慎一,q02,2,東京大学の教育に対するお考えをお聞かせ下さい。,candidate_question,analysis_term_no_stopwords,全学,0.006493506493506494,1.6931471805599454,0.010994462211428217,1,2,154,92
ohkoshi_q02,ohkoshi,大越慎一,q02,2,東京大学の教育に対するお考えをお聞かせ下さい。,candidate_question,analysis_term_no_stopwords,因る,0.006493506493506494,1.6931471805599454,0.010994462211428217,1,2,154,93
ohkoshi_q02,ohkoshi,大越慎一,q02,2,東京大学の教育に対するお考えをお聞かせ下さい。,candidate_question,analysis_term_no_stopwords,基づく,0.006493506493506494,1.6931471805599454,0.010994462211428217,1,2,154,94
ohkoshi_q02,ohkoshi,大越慎一,q02,2,東京大学の教育に対するお考えをお聞かせ下さい。,candidate_question,analysis_term_no_stopwords,変革,0.006493506493506494,1.6931471805599454,0.010994462211428217,1,2,154,95
ohkoshi_q02,ohkoshi,大越慎一,q02,2,東京大学の教育に対するお考えをお聞かせ下さい。,candidate_question,analysis_term_no_stopwords,実務,0.006493506493506494,1.6931471805599454,0.010994462211428217,1,2,154,96
ohkoshi_q02,ohkoshi,大越慎一,q02,2,東京大学の教育に対するお考えをお聞かせ下さい。,candidate_question,analysis_term_no_stopwords,循環,0.006493506493506494,1.6931471805599454,0.010994462211428217,1,2,154,97
ohkoshi_q02,ohkoshi,大越慎一,q02,2,東京大学の教育に対するお考えをお聞かせ下さい。,candidate_question,analysis_term_no_stopwords,技術,0.006493506493506494,1.6931471805599454,0.010994462211428217,1,2,154,98
ohkoshi_q02,ohkoshi,大越慎一,q02,2,東京大学の教育に対するお考えをお聞かせ下さい。,candidate_question,analysis_term_no_stopwords,能力,0.006493506493506494,1.6931471805599454,0.010994462211428217,1,2,154,99
ohkoshi_q02,ohkoshi,大越慎一,q02,2,東京大学の教育に対するお考えをお聞かせ下さい。,candidate_question,analysis_term_no_stopwords,行う,0.006493506493506494,1.6931471805599454,0.010994462211428217,1,2,154,100
ohkoshi_q02,ohkoshi,大越慎一,q02,2,東京大学の教育に対するお考えをお聞かせ下さい。,candidate_question,analysis_term_no_stopwords,課題,0.006493506493506494,1.6931471805599454,0.010994462211428217,1,2,154,101
ohkoshi_q02,ohkoshi,大越慎一,q02,2,東京大学の教育に対するお考えをお聞かせ下さい。,candidate_question,analysis_term_no_stopwords,身,0.006493506493506494,1.6931471805599454,0.010994462211428217,1,2,154,102
ohkoshi_q02,ohkoshi,大越慎一,q02,2,東京大学の教育に対するお考えをお聞かせ下さい。,candidate_question,analysis_term_no_stopwords,鍛える,0.006493506493506494,1.6931471805599454,0.010994462211428217,1,2,154,103
ohkoshi_q02,ohkoshi,大越慎一,q02,2,東京大学の教育に対するお考えをお聞かせ下さい。,candidate_question,analysis_term_no_stopwords,養う,0.006493506493506494,1.6931471805599454,0.010994462211428217,1,2,154,104
ohkoshi_q02,ohkoshi,大越慎一,q02,2,東京大学の教育に対するお考えをお聞かせ下さい。,candidate_question,analysis_term_no_stopwords,ai,0.006493506493506494,1.4054651081081644,0.009126396805897172,1,3,154,105
ohkoshi_q02,ohkoshi,大越慎一,q02,2,東京大学の教育に対するお考えをお聞かせ下さい。,candidate_question,analysis_term_no_stopwords,学部,0.006493506493506494,1.4054651081081644,0.009126396805897172,1,3,154,106
ohkoshi_q02,ohkoshi,大越慎一,q02,2,東京大学の教育に対するお考えをお聞かせ下さい。,candidate_question,analysis_term_no_stopwords,担う,0.006493506493506494,1.4054651081081644,0.009126396805897172,1,3,154,107
ohkoshi_q02,ohkoshi,大越慎一,q02,2,東京大学の教育に対するお考えをお聞かせ下さい。,candidate_question,analysis_term_no_stopwords,物,0.006493506493506494,1.4054651081081644,0.009126396805897172,1,3,154,108
ohkoshi_q02,ohkoshi,大越慎一,q02,2,東京大学の教育に対するお考えをお聞かせ下さい。,candidate_question,analysis_term_no_stopwords,知,0.006493506493506494,1.4054651081081644,0.009126396805897172,1,3,154,109
ohkoshi_q02,ohkoshi,大越慎一,q02,2,東京大学の教育に対するお考えをお聞かせ下さい。,candidate_question,analysis_term_no_stopwords,考える,0.006493506493506494,1.4054651081081644,0.009126396805897172,1,3,154,110
ohkoshi_q02,ohkoshi,大越慎一,q02,2,東京大学の教育に対するお考えをお聞かせ下さい。,candidate_question,analysis_term_no_stopwords,視野,0.006493506493506494,1.4054651081081644,0.009126396805897172,1,3,154,111
ohkoshi_q02,ohkoshi,大越慎一,q02,2,東京大学の教育に対するお考えをお聞かせ下さい。,candidate_question,analysis_term_no_stopwords,通ずる,0.006493506493506494,1.4054651081081644,0.009126396805897172,1,3,154,112
ohkoshi_q02,ohkoshi,大越慎一,q02,2,東京大学の教育に対するお考えをお聞かせ下さい。,candidate_question,analysis_term_no_stopwords,必要,0.006493506493506494,1.1823215567939547,0.007677412706454252,1,4,154,113
ohkoshi_q02,ohkoshi,大越慎一,q02,2,東京大学の教育に対するお考えをお聞かせ下さい。,candidate_question,analysis_term_no_stopwords,教養,0.006493506493506494,1.1823215567939547,0.007677412706454252,1,4,154,114
ohkoshi_q02,ohkoshi,大越慎一,q02,2,東京大学の教育に対するお考えをお聞かせ下さい。,candidate_question,analysis_term_no_stopwords,無い,0.006493506493506494,1.1823215567939547,0.007677412706454252,1,4,154,115
ohkoshi_q02,ohkoshi,大越慎一,q02,2,東京大学の教育に対するお考えをお聞かせ下さい。,candidate_question,analysis_term_no_stopwords,経験,0.006493506493506494,1.1823215567939547,0.007677412706454252,1,4,154,116
ohkoshi_q02,ohkoshi,大越慎一,q02,2,東京大学の教育に対するお考えをお聞かせ下さい。,candidate_question,analysis_term_no_stopwords,トウキョウ,0.006493506493506494,1.0,0.006493506493506494,1,5,154,117
ohkoshi_q02,ohkoshi,大越慎一,q02,2,東京大学の教育に対するお考えをお聞かせ下さい。,candidate_question,analysis_term_no_stopwords,分野,0.006493506493506494,1.0,0.006493506493506494,1,5,154,118
ohkoshi_q02,ohkoshi,大越慎一,q02,2,東京大学の教育に対するお考えをお聞かせ下さい。,candidate_question,analysis_term_no_stopwords,成る,0.006493506493506494,1.0,0.006493506493506494,1,5,154,119
ohkoshi_q02,ohkoshi,大越慎一,q02,2,東京大学の教育に対するお考えをお聞かせ下さい。,candidate_question,analysis_term_no_stopwords,社会,0.006493506493506494,1.0,0.006493506493506494,1,5,154,120
someya_q02,someya,染谷隆夫,q02,2,東京大学の教育に対するお考えをお聞かせ下さい。,candidate_question,analysis_term_no_stopwords,為る,0.07329842931937172,1.0,0.07329842931937172,14,5,191,1
someya_q02,someya,染谷隆夫,q02,2,東京大学の教育に対するお考えをお聞かせ下さい。,candidate_question,analysis_term_no_stopwords,力,0.041884816753926704,1.6931471805599454,0.07091715939518096,8,2,191,2
someya_q02,someya,染谷隆夫,q02,2,東京大学の教育に対するお考えをお聞かせ下さい。,candidate_question,analysis_term_no_stopwords,問う,0.015706806282722512,2.09861228866811,0.03296249668065094,3,1,191,3
someya_q02,someya,染谷隆夫,q02,2,東京大学の教育に対するお考えをお聞かせ下さい。,candidate_question,analysis_term_no_stopwords,決める,0.015706806282722512,2.09861228866811,0.03296249668065094,3,1,191,4
someya_q02,someya,染谷隆夫,q02,2,東京大学の教育に対するお考えをお聞かせ下さい。,candidate_question,analysis_term_no_stopwords,有る,0.031413612565445025,1.0,0.031413612565445025,6,5,191,5
someya_q02,someya,染谷隆夫,q02,2,東京大学の教育に対するお考えをお聞かせ下さい。,candidate_question,analysis_term_no_stopwords,事,0.02617801047120419,1.1823215567939547,0.030950826094082583,5,4,191,6
someya_q02,someya,染谷隆夫,q02,2,東京大学の教育に対するお考えをお聞かせ下さい。,candidate_question,analysis_term_no_stopwords,通ずる,0.020942408376963352,1.4054651081081644,0.029433824253574124,4,3,191,7
someya_q02,someya,染谷隆夫,q02,2,東京大学の教育に対するお考えをお聞かせ下さい。,candidate_question,analysis_term_no_stopwords,社会,0.02617801047120419,1.0,0.02617801047120419,5,5,191,8
someya_q02,someya,染谷隆夫,q02,2,東京大学の教育に対するお考えをお聞かせ下さい。,candidate_question,analysis_term_no_stopwords,ai,0.015706806282722512,1.4054651081081644,0.02207536819018059,3,3,191,9
someya_q02,someya,染谷隆夫,q02,2,東京大学の教育に対するお考えをお聞かせ下さい。,candidate_question,analysis_term_no_stopwords,キャンパス-campus,0.010471204188481676,2.09861228866811,0.02197499778710063,2,1,191,10
someya_q02,someya,染谷隆夫,q02,2,東京大学の教育に対するお考えをお聞かせ下さい。,candidate_question,analysis_term_no_stopwords,リーダー-leader,0.010471204188481676,2.09861228866811,0.02197499778710063,2,1,191,11
someya_q02,someya,染谷隆夫,q02,2,東京大学の教育に対するお考えをお聞かせ下さい。,candidate_question,analysis_term_no_stopwords,学力,0.010471204188481676,2.09861228866811,0.02197499778710063,2,1,191,12
someya_q02,someya,染谷隆夫,q02,2,東京大学の教育に対するお考えをお聞かせ下さい。,candidate_question,analysis_term_no_stopwords,実行,0.010471204188481676,2.09861228866811,0.02197499778710063,2,1,191,13
someya_q02,someya,染谷隆夫,q02,2,東京大学の教育に対するお考えをお聞かせ下さい。,candidate_question,analysis_term_no_stopwords,既存,0.010471204188481676,2.09861228866811,0.02197499778710063,2,1,191,14
someya_q02,someya,染谷隆夫,q02,2,東京大学の教育に対するお考えをお聞かせ下さい。,candidate_question,analysis_term_no_stopwords,本質,0.010471204188481676,2.09861228866811,0.02197499778710063,2,1,191,15
someya_q02,someya,染谷隆夫,q02,2,東京大学の教育に対するお考えをお聞かせ下さい。,candidate_question,analysis_term_no_stopwords,送り出す,0.010471204188481676,2.09861228866811,0.02197499778710063,2,1,191,16
someya_q02,someya,染谷隆夫,q02,2,東京大学の教育に対するお考えをお聞かせ下さい。,candidate_question,analysis_term_no_stopwords,世界,0.010471204188481676,1.6931471805599454,0.01772928984879524,2,2,191,17
someya_q02,someya,染谷隆夫,q02,2,東京大学の教育に対するお考えをお聞かせ下さい。,candidate_question,analysis_term_no_stopwords,伸ばす,0.010471204188481676,1.6931471805599454,0.01772928984879524,2,2,191,18
someya_q02,someya,染谷隆夫,q02,2,東京大学の教育に対するお考えをお聞かせ下さい。,candidate_question,analysis_term_no_stopwords,先導,0.010471204188481676,1.6931471805599454,0.01772928984879524,2,2,191,19
someya_q02,someya,染谷隆夫,q02,2,東京大学の教育に対するお考えをお聞かせ下さい。,candidate_question,analysis_term_no_stopwords,基礎,0.010471204188481676,1.6931471805599454,0.01772928984879524,2,2,191,20
someya_q02,someya,染谷隆夫,q02,2,東京大学の教育に対するお考えをお聞かせ下さい。,candidate_question,analysis_term_no_stopwords,変革,0.010471204188481676,1.6931471805599454,0.01772928984879524,2,2,191,21
someya_q02,someya,染谷隆夫,q02,2,東京大学の教育に対するお考えをお聞かせ下さい。,candidate_question,analysis_term_no_stopwords,学び,0.010471204188481676,1.6931471805599454,0.01772928984879524,2,2,191,22
someya_q02,someya,染谷隆夫,q02,2,東京大学の教育に対するお考えをお聞かせ下さい。,candidate_question,analysis_term_no_stopwords,持つ,0.010471204188481676,1.6931471805599454,0.01772928984879524,2,2,191,23
someya_q02,someya,染谷隆夫,q02,2,東京大学の教育に対するお考えをお聞かせ下さい。,candidate_question,analysis_term_no_stopwords,知識,0.010471204188481676,1.6931471805599454,0.01772928984879524,2,2,191,24
someya_q02,someya,染谷隆夫,q02,2,東京大学の教育に対するお考えをお聞かせ下さい。,candidate_question,analysis_term_no_stopwords,重視,0.010471204188481676,1.6931471805599454,0.01772928984879524,2,2,191,25
someya_q02,someya,染谷隆夫,q02,2,東京大学の教育に対するお考えをお聞かせ下さい。,candidate_question,analysis_term_no_stopwords,鍛える,0.010471204188481676,1.6931471805599454,0.01772928984879524,2,2,191,26
someya_q02,someya,染谷隆夫,q02,2,東京大学の教育に対するお考えをお聞かせ下さい。,candidate_question,analysis_term_no_stopwords,トウキョウ,0.015706806282722512,1.0,0.015706806282722512,3,5,191,27
someya_q02,someya,染谷隆夫,q02,2,東京大学の教育に対するお考えをお聞かせ下さい。,candidate_question,analysis_term_no_stopwords,出来る,0.010471204188481676,1.4054651081081644,0.014716912126787062,2,3,191,28
someya_q02,someya,染谷隆夫,q02,2,東京大学の教育に対するお考えをお聞かせ下さい。,candidate_question,analysis_term_no_stopwords,於く,0.010471204188481676,1.4054651081081644,0.014716912126787062,2,3,191,29
someya_q02,someya,染谷隆夫,q02,2,東京大学の教育に対するお考えをお聞かせ下さい。,candidate_question,analysis_term_no_stopwords,海外,0.010471204188481676,1.4054651081081644,0.014716912126787062,2,3,191,30
someya_q02,someya,染谷隆夫,q02,2,東京大学の教育に対するお考えをお聞かせ下さい。,candidate_question,analysis_term_no_stopwords,人材,0.010471204188481676,1.1823215567939547,0.012380330437633034,2,4,191,31
someya_q02,someya,染谷隆夫,q02,2,東京大学の教育に対するお考えをお聞かせ下さい。,candidate_question,analysis_term_no_stopwords,必要,0.010471204188481676,1.1823215567939547,0.012380330437633034,2,4,191,32
someya_q02,someya,染谷隆夫,q02,2,東京大学の教育に対するお考えをお聞かせ下さい。,candidate_question,analysis_term_no_stopwords,無い,0.010471204188481676,1.1823215567939547,0.012380330437633034,2,4,191,33
someya_q02,someya,染谷隆夫,q02,2,東京大学の教育に対するお考えをお聞かせ下さい。,candidate_question,analysis_term_no_stopwords,インテリジェンス-intelligence,0.005235602094240838,2.09861228866811,0.010987498893550315,1,1,191,34
someya_q02,someya,染谷隆夫,q02,2,東京大学の教育に対するお考えをお聞かせ下さい。,candidate_question,analysis_term_no_stopwords,スタートアップ-start-up,0.005235602094240838,2.09861228866811,0.010987498893550315,1,1,191,35
someya_q02,someya,染谷隆夫,q02,2,東京大学の教育に対するお考えをお聞かせ下さい。,candidate_question,analysis_term_no_stopwords,一人一人,0.005235602094240838,2.09861228866811,0.010987498893550315,1,1,191,36
someya_q02,someya,染谷隆夫,q02,2,東京大学の教育に対するお考えをお聞かせ下さい。,candidate_question,analysis_term_no_stopwords,中核,0.005235602094240838,2.09861228866811,0.010987498893550315,1,1,191,37
someya_q02,someya,染谷隆夫,q02,2,東京大学の教育に対するお考えをお聞かせ下さい。,candidate_question,analysis_term_no_stopwords,主導,0.005235602094240838,2.09861228866811,0.010987498893550315,1,1,191,38
someya_q02,someya,染谷隆夫,q02,2,東京大学の教育に対するお考えをお聞かせ下さい。,candidate_question,analysis_term_no_stopwords,人々,0.005235602094240838,2.09861228866811,0.010987498893550315,1,1,191,39
someya_q02,someya,染谷隆夫,q02,2,東京大学の教育に対するお考えをお聞かせ下さい。,candidate_question,analysis_term_no_stopwords,人間,0.005235602094240838,2.09861228866811,0.010987498893550315,1,1,191,40
someya_q02,someya,染谷隆夫,q02,2,東京大学の教育に対するお考えをお聞かせ下さい。,candidate_question,analysis_term_no_stopwords,人類,0.005235602094240838,2.09861228866811,0.010987498893550315,1,1,191,41
someya_q02,someya,染谷隆夫,q02,2,東京大学の教育に対するお考えをお聞かせ下さい。,candidate_question,analysis_term_no_stopwords,代替,0.005235602094240838,2.09861228866811,0.010987498893550315,1,1,191,42
someya_q02,someya,染谷隆夫,q02,2,東京大学の教育に対するお考えをお聞かせ下さい。,candidate_question,analysis_term_no_stopwords,体験,0.005235602094240838,2.09861228866811,0.010987498893550315,1,1,191,43
someya_q02,someya,染谷隆夫,q02,2,東京大学の教育に対するお考えをお聞かせ下さい。,candidate_question,analysis_term_no_stopwords,使う,0.005235602094240838,2.09861228866811,0.010987498893550315,1,1,191,44
someya_q02,someya,染谷隆夫,q02,2,東京大学の教育に対するお考えをお聞かせ下さい。,candidate_question,analysis_term_no_stopwords,個性,0.005235602094240838,2.09861228866811,0.010987498893550315,1,1,191,45
someya_q02,someya,染谷隆夫,q02,2,東京大学の教育に対するお考えをお聞かせ下さい。,candidate_question,analysis_term_no_stopwords,合意,0.005235602094240838,2.09861228866811,0.010987498893550315,1,1,191,46
someya_q02,someya,染谷隆夫,q02,2,東京大学の教育に対するお考えをお聞かせ下さい。,candidate_question,analysis_term_no_stopwords,問い直す,0.005235602094240838,2.09861228866811,0.010987498893550315,1,1,191,47
someya_q02,someya,染谷隆夫,q02,2,東京大学の教育に対するお考えをお聞かせ下さい。,candidate_question,analysis_term_no_stopwords,地域,0.005235602094240838,2.09861228866811,0.010987498893550315,1,1,191,48
someya_q02,someya,染谷隆夫,q02,2,東京大学の教育に対するお考えをお聞かせ下さい。,candidate_question,analysis_term_no_stopwords,培う,0.005235602094240838,2.09861228866811,0.010987498893550315,1,1,191,49
someya_q02,someya,染谷隆夫,q02,2,東京大学の教育に対するお考えをお聞かせ下さい。,candidate_question,analysis_term_no_stopwords,基盤,0.005235602094240838,2.09861228866811,0.010987498893550315,1,1,191,50
someya_q02,someya,染谷隆夫,q02,2,東京大学の教育に対するお考えをお聞かせ下さい。,candidate_question,analysis_term_no_stopwords,学習,0.005235602094240838,2.09861228866811,0.010987498893550315,1,1,191,51
someya_q02,someya,染谷隆夫,q02,2,東京大学の教育に対するお考えをお聞かせ下さい。,candidate_question,analysis_term_no_stopwords,定まる,0.005235602094240838,2.09861228866811,0.010987498893550315,1,1,191,52
someya_q02,someya,染谷隆夫,q02,2,東京大学の教育に対するお考えをお聞かせ下さい。,candidate_question,analysis_term_no_stopwords,実現,0.005235602094240838,2.09861228866811,0.010987498893550315,1,1,191,53
someya_q02,someya,染谷隆夫,q02,2,東京大学の教育に対するお考えをお聞かせ下さい。,candidate_question,analysis_term_no_stopwords,導き出す,0.005235602094240838,2.09861228866811,0.010987498893550315,1,1,191,54
someya_q02,someya,染谷隆夫,q02,2,東京大学の教育に対するお考えをお聞かせ下さい。,candidate_question,analysis_term_no_stopwords,常,0.005235602094240838,2.09861228866811,0.010987498893550315,1,1,191,55
someya_q02,someya,染谷隆夫,q02,2,東京大学の教育に対するお考えをお聞かせ下さい。,candidate_question,analysis_term_no_stopwords,常識,0.005235602094240838,2.09861228866811,0.010987498893550315,1,1,191,56
someya_q02,someya,染谷隆夫,q02,2,東京大学の教育に対するお考えをお聞かせ下さい。,candidate_question,analysis_term_no_stopwords,形成,0.005235602094240838,2.09861228866811,0.010987498893550315,1,1,191,57
someya_q02,someya,染谷隆夫,q02,2,東京大学の教育に対するお考えをお聞かせ下さい。,candidate_question,analysis_term_no_stopwords,往還,0.005235602094240838,2.09861228866811,0.010987498893550315,1,1,191,58
someya_q02,someya,染谷隆夫,q02,2,東京大学の教育に対するお考えをお聞かせ下さい。,candidate_question,analysis_term_no_stopwords,成果,0.005235602094240838,2.09861228866811,0.010987498893550315,1,1,191,59
someya_q02,someya,染谷隆夫,q02,2,東京大学の教育に対するお考えをお聞かせ下さい。,candidate_question,analysis_term_no_stopwords,才能,0.005235602094240838,2.09861228866811,0.010987498893550315,1,1,191,60
someya_q02,someya,染谷隆夫,q02,2,東京大学の教育に対するお考えをお聞かせ下さい。,candidate_question,analysis_term_no_stopwords,振り回す,0.005235602094240838,2.09861228866811,0.010987498893550315,1,1,191,61
someya_q02,someya,染谷隆夫,q02,2,東京大学の教育に対するお考えをお聞かせ下さい。,candidate_question,analysis_term_no_stopwords,揺るぎない,0.005235602094240838,2.09861228866811,0.010987498893550315,1,1,191,62
someya_q02,someya,染谷隆夫,q02,2,東京大学の教育に対するお考えをお聞かせ下さい。,candidate_question,analysis_term_no_stopwords,整理,0.005235602094240838,2.09861228866811,0.010987498893550315,1,1,191,63
someya_q02,someya,染谷隆夫,q02,2,東京大学の教育に対するお考えをお聞かせ下さい。,candidate_question,analysis_term_no_stopwords,早い,0.005235602094240838,2.09861228866811,0.010987498893550315,1,1,191,64
someya_q02,someya,染谷隆夫,q02,2,東京大学の教育に対するお考えをお聞かせ下さい。,candidate_question,analysis_term_no_stopwords,時代,0.005235602094240838,2.09861228866811,0.010987498893550315,1,1,191,65
someya_q02,someya,染谷隆夫,q02,2,東京大学の教育に対するお考えをお聞かせ下さい。,candidate_question,analysis_term_no_stopwords,根拠,0.005235602094240838,2.09861228866811,0.010987498893550315,1,1,191,66
someya_q02,someya,染谷隆夫,q02,2,東京大学の教育に対するお考えをお聞かせ下さい。,candidate_question,analysis_term_no_stopwords,機会,0.005235602094240838,2.09861228866811,0.010987498893550315,1,1,191,67
someya_q02,someya,染谷隆夫,q02,2,東京大学の教育に対するお考えをお聞かせ下さい。,candidate_question,analysis_term_no_stopwords,次代,0.005235602094240838,2.09861228866811,0.010987498893550315,1,1,191,68
someya_q02,someya,染谷隆夫,q02,2,東京大学の教育に対するお考えをお聞かせ下さい。,candidate_question,analysis_term_no_stopwords,正しい,0.005235602094240838,2.09861228866811,0.010987498893550315,1,1,191,69
someya_q02,someya,染谷隆夫,q02,2,東京大学の教育に対するお考えをお聞かせ下さい。,candidate_question,analysis_term_no_stopwords,段階,0.005235602094240838,2.09861228866811,0.010987498893550315,1,1,191,70
someya_q02,someya,染谷隆夫,q02,2,東京大学の教育に対するお考えをお聞かせ下さい。,candidate_question,analysis_term_no_stopwords,活動,0.005235602094240838,2.09861228866811,0.010987498893550315,1,1,191,71
someya_q02,someya,染谷隆夫,q02,2,東京大学の教育に対するお考えをお聞かせ下さい。,candidate_question,analysis_term_no_stopwords,熟す,0.005235602094240838,2.09861228866811,0.010987498893550315,1,1,191,72
someya_q02,someya,染谷隆夫,q02,2,東京大学の教育に対するお考えをお聞かせ下さい。,candidate_question,analysis_term_no_stopwords,理知,0.005235602094240838,2.09861228866811,0.010987498893550315,1,1,191,73
someya_q02,someya,染谷隆夫,q02,2,東京大学の教育に対するお考えをお聞かせ下さい。,candidate_question,analysis_term_no_stopwords,産業,0.005235602094240838,2.09861228866811,0.010987498893550315,1,1,191,74
someya_q02,someya,染谷隆夫,q02,2,東京大学の教育に対するお考えをお聞かせ下さい。,candidate_question,analysis_term_no_stopwords,異なる,0.005235602094240838,2.09861228866811,0.010987498893550315,1,1,191,75
someya_q02,someya,染谷隆夫,q02,2,東京大学の教育に対するお考えをお聞かせ下さい。,candidate_question,analysis_term_no_stopwords,結果,0.005235602094240838,2.09861228866811,0.010987498893550315,1,1,191,76
someya_q02,someya,染谷隆夫,q02,2,東京大学の教育に対するお考えをお聞かせ下さい。,candidate_question,analysis_term_no_stopwords,続ける,0.005235602094240838,2.09861228866811,0.010987498893550315,1,1,191,77
someya_q02,someya,染谷隆夫,q02,2,東京大学の教育に対するお考えをお聞かせ下さい。,candidate_question,analysis_term_no_stopwords,自立,0.005235602094240838,2.09861228866811,0.010987498893550315,1,1,191,78
someya_q02,someya,染谷隆夫,q02,2,東京大学の教育に対するお考えをお聞かせ下さい。,candidate_question,analysis_term_no_stopwords,若手,0.005235602094240838,2.09861228866811,0.010987498893550315,1,1,191,79
someya_q02,someya,染谷隆夫,q02,2,東京大学の教育に対するお考えをお聞かせ下さい。,candidate_question,analysis_term_no_stopwords,英知,0.005235602094240838,2.09861228866811,0.010987498893550315,1,1,191,80
someya_q02,someya,染谷隆夫,q02,2,東京大学の教育に対するお考えをお聞かせ下さい。,candidate_question,analysis_term_no_stopwords,融合,0.005235602094240838,2.09861228866811,0.010987498893550315,1,1,191,81
someya_q02,someya,染谷隆夫,q02,2,東京大学の教育に対するお考えをお聞かせ下さい。,candidate_question,analysis_term_no_stopwords,行政,0.005235602094240838,2.09861228866811,0.010987498893550315,1,1,191,82
someya_q02,someya,染谷隆夫,q02,2,東京大学の教育に対するお考えをお聞かせ下さい。,candidate_question,analysis_term_no_stopwords,見出だす,0.005235602094240838,2.09861228866811,0.010987498893550315,1,1,191,83
someya_q02,someya,染谷隆夫,q02,2,東京大学の教育に対するお考えをお聞かせ下さい。,candidate_question,analysis_term_no_stopwords,見抜く,0.005235602094240838,2.09861228866811,0.010987498893550315,1,1,191,84
someya_q02,someya,染谷隆夫,q02,2,東京大学の教育に対するお考えをお聞かせ下さい。,candidate_question,analysis_term_no_stopwords,論理,0.005235602094240838,2.09861228866811,0.010987498893550315,1,1,191,85
someya_q02,someya,染谷隆夫,q02,2,東京大学の教育に対するお考えをお聞かせ下さい。,candidate_question,analysis_term_no_stopwords,越える,0.005235602094240838,2.09861228866811,0.010987498893550315,1,1,191,86
someya_q02,someya,染谷隆夫,q02,2,東京大学の教育に対するお考えをお聞かせ下さい。,candidate_question,analysis_term_no_stopwords,輩出,0.005235602094240838,2.09861228866811,0.010987498893550315,1,1,191,87
someya_q02,someya,染谷隆夫,q02,2,東京大学の教育に対するお考えをお聞かせ下さい。,candidate_question,analysis_term_no_stopwords,迎え入れる,0.005235602094240838,2.09861228866811,0.010987498893550315,1,1,191,88
someya_q02,someya,染谷隆夫,q02,2,東京大学の教育に対するお考えをお聞かせ下さい。,candidate_question,analysis_term_no_stopwords,通り,0.005235602094240838,2.09861228866811,0.010987498893550315,1,1,191,89
someya_q02,someya,染谷隆夫,q02,2,東京大学の教育に対するお考えをお聞かせ下さい。,candidate_question,analysis_term_no_stopwords,過程,0.005235602094240838,2.09861228866811,0.010987498893550315,1,1,191,90
someya_q02,someya,染谷隆夫,q02,2,東京大学の教育に対するお考えをお聞かせ下さい。,candidate_question,analysis_term_no_stopwords,道筋,0.005235602094240838,2.09861228866811,0.010987498893550315,1,1,191,91
someya_q02,someya,染谷隆夫,q02,2,東京大学の教育に対するお考えをお聞かせ下さい。,candidate_question,analysis_term_no_stopwords,選び取る,0.005235602094240838,2.09861228866811,0.010987498893550315,1,1,191,92
someya_q02,someya,染谷隆夫,q02,2,東京大学の教育に対するお考えをお聞かせ下さい。,candidate_question,analysis_term_no_stopwords,長ける,0.005235602094240838,2.09861228866811,0.010987498893550315,1,1,191,93
someya_q02,someya,染谷隆夫,q02,2,東京大学の教育に対するお考えをお聞かせ下さい。,candidate_question,analysis_term_no_stopwords,限る,0.005235602094240838,2.09861228866811,0.010987498893550315,1,1,191,94
someya_q02,someya,染谷隆夫,q02,2,東京大学の教育に対するお考えをお聞かせ下さい。,candidate_question,analysis_term_no_stopwords,アート-art,0.005235602094240838,1.6931471805599454,0.00886464492439762,1,2,191,95
someya_q02,someya,染谷隆夫,q02,2,東京大学の教育に対するお考えをお聞かせ下さい。,candidate_question,analysis_term_no_stopwords,リベラル-liberal,0.005235602094240838,1.6931471805599454,0.00886464492439762,1,2,191,96
someya_q02,someya,染谷隆夫,q02,2,東京大学の教育に対するお考えをお聞かせ下さい。,candidate_question,analysis_term_no_stopwords,仕組み,0.005235602094240838,1.6931471805599454,0.00886464492439762,1,2,191,97
someya_q02,someya,染谷隆夫,q02,2,東京大学の教育に対するお考えをお聞かせ下さい。,candidate_question,analysis_term_no_stopwords,使命,0.005235602094240838,1.6931471805599454,0.00886464492439762,1,2,191,98
someya_q02,someya,染谷隆夫,q02,2,東京大学の教育に対するお考えをお聞かせ下さい。,candidate_question,analysis_term_no_stopwords,価値,0.005235602094240838,1.6931471805599454,0.00886464492439762,1,2,191,99
someya_q02,someya,染谷隆夫,q02,2,東京大学の教育に対するお考えをお聞かせ下さい。,candidate_question,analysis_term_no_stopwords,前,0.005235602094240838,1.6931471805599454,0.00886464492439762,1,2,191,100
someya_q02,someya,染谷隆夫,q02,2,東京大学の教育に対するお考えをお聞かせ下さい。,candidate_question,analysis_term_no_stopwords,加える,0.005235602094240838,1.6931471805599454,0.00886464492439762,1,2,191,101
someya_q02,someya,染谷隆夫,q02,2,東京大学の教育に対するお考えをお聞かせ下さい。,candidate_question,analysis_term_no_stopwords,問題,0.005235602094240838,1.6931471805599454,0.00886464492439762,1,2,191,102
someya_q02,someya,染谷隆夫,q02,2,東京大学の教育に対するお考えをお聞かせ下さい。,candidate_question,analysis_term_no_stopwords,基づく,0.005235602094240838,1.6931471805599454,0.00886464492439762,1,2,191,103
someya_q02,someya,染谷隆夫,q02,2,東京大学の教育に対するお考えをお聞かせ下さい。,candidate_question,analysis_term_no_stopwords,広い,0.005235602094240838,1.6931471805599454,0.00886464492439762,1,2,191,104
someya_q02,someya,染谷隆夫,q02,2,東京大学の教育に対するお考えをお聞かせ下さい。,candidate_question,analysis_term_no_stopwords,技術,0.005235602094240838,1.6931471805599454,0.00886464492439762,1,2,191,105
someya_q02,someya,染谷隆夫,q02,2,東京大学の教育に対するお考えをお聞かせ下さい。,candidate_question,analysis_term_no_stopwords,整える,0.005235602094240838,1.6931471805599454,0.00886464492439762,1,2,191,106
someya_q02,someya,染谷隆夫,q02,2,東京大学の教育に対するお考えをお聞かせ下さい。,candidate_question,analysis_term_no_stopwords,育てる,0.005235602094240838,1.6931471805599454,0.00886464492439762,1,2,191,107
someya_q02,someya,染谷隆夫,q02,2,東京大学の教育に対するお考えをお聞かせ下さい。,candidate_question,analysis_term_no_stopwords,自ら,0.005235602094240838,1.6931471805599454,0.00886464492439762,1,2,191,108
someya_q02,someya,染谷隆夫,q02,2,東京大学の教育に対するお考えをお聞かせ下さい。,candidate_question,analysis_term_no_stopwords,責任,0.005235602094240838,1.6931471805599454,0.00886464492439762,1,2,191,109
someya_q02,someya,染谷隆夫,q02,2,東京大学の教育に対するお考えをお聞かせ下さい。,candidate_question,analysis_term_no_stopwords,進める,0.005235602094240838,1.6931471805599454,0.00886464492439762,1,2,191,110
someya_q02,someya,染谷隆夫,q02,2,東京大学の教育に対するお考えをお聞かせ下さい。,candidate_question,analysis_term_no_stopwords,一,0.005235602094240838,1.4054651081081644,0.007358456063393531,1,3,191,111
someya_q02,someya,染谷隆夫,q02,2,東京大学の教育に対するお考えをお聞かせ下さい。,candidate_question,analysis_term_no_stopwords,学部,0.005235602094240838,1.4054651081081644,0.007358456063393531,1,3,191,112
someya_q02,someya,染谷隆夫,q02,2,東京大学の教育に対するお考えをお聞かせ下さい。,candidate_question,analysis_term_no_stopwords,担う,0.005235602094240838,1.4054651081081644,0.007358456063393531,1,3,191,113
someya_q02,someya,染谷隆夫,q02,2,東京大学の教育に対するお考えをお聞かせ下さい。,candidate_question,analysis_term_no_stopwords,為,0.005235602094240838,1.4054651081081644,0.007358456063393531,1,3,191,114
someya_q02,someya,染谷隆夫,q02,2,東京大学の教育に対するお考えをお聞かせ下さい。,candidate_question,analysis_term_no_stopwords,物,0.005235602094240838,1.4054651081081644,0.007358456063393531,1,3,191,115
someya_q02,someya,染谷隆夫,q02,2,東京大学の教育に対するお考えをお聞かせ下さい。,candidate_question,analysis_term_no_stopwords,知,0.005235602094240838,1.4054651081081644,0.007358456063393531,1,3,191,116
someya_q02,someya,染谷隆夫,q02,2,東京大学の教育に対するお考えをお聞かせ下さい。,candidate_question,analysis_term_no_stopwords,視野,0.005235602094240838,1.4054651081081644,0.007358456063393531,1,3,191,117
someya_q02,someya,染谷隆夫,q02,2,東京大学の教育に対するお考えをお聞かせ下さい。,candidate_question,analysis_term_no_stopwords,学生,0.005235602094240838,1.1823215567939547,0.006190165218816517,1,4,191,118
someya_q02,someya,染谷隆夫,q02,2,東京大学の教育に対するお考えをお聞かせ下さい。,candidate_question,analysis_term_no_stopwords,専門,0.005235602094240838,1.1823215567939547,0.006190165218816517,1,4,191,119
someya_q02,someya,染谷隆夫,q02,2,東京大学の教育に対するお考えをお聞かせ下さい。,candidate_question,analysis_term_no_stopwords,居る,0.005235602094240838,1.1823215567939547,0.006190165218816517,1,4,191,120
someya_q02,someya,染谷隆夫,q02,2,東京大学の教育に対するお考えをお聞かせ下さい。,candidate_question,analysis_term_no_stopwords,教養,0.005235602094240838,1.1823215567939547,0.006190165218816517,1,4,191,121
someya_q02,someya,染谷隆夫,q02,2,東京大学の教育に対するお考えをお聞かせ下さい。,candidate_question,analysis_term_no_stopwords,経験,0.005235602094240838,1.1823215567939547,0.006190165218816517,1,4,191,122
someya_q02,someya,染谷隆夫,q02,2,東京大学の教育に対するお考えをお聞かせ下さい。,candidate_question,analysis_term_no_stopwords,分野,0.005235602094240838,1.0,0.005235602094240838,1,5,191,123
someya_q02,someya,染谷隆夫,q02,2,東京大学の教育に対するお考えをお聞かせ下さい。,candidate_question,analysis_term_no_stopwords,成る,0.005235602094240838,1.0,0.005235602094240838,1,5,191,124
sugano_q02,sugano,菅野暁,q02,2,東京大学の教育に対するお考えをお聞かせ下さい。,candidate_question,analysis_term_no_stopwords,科類,0.03225806451612903,2.09861228866811,0.0676971706021971,4,1,124,1
sugano_q02,sugano,菅野暁,q02,2,東京大学の教育に対するお考えをお聞かせ下さい。,candidate_question,analysis_term_no_stopwords,無い,0.04838709677419355,1.1823215567939547,0.05720910758680426,6,4,124,2
sugano_q02,sugano,菅野暁,q02,2,東京大学の教育に対するお考えをお聞かせ下さい。,candidate_question,analysis_term_no_stopwords,為る,0.056451612903225805,1.0,0.056451612903225805,7,5,124,3
sugano_q02,sugano,菅野暁,q02,2,東京大学の教育に対するお考えをお聞かせ下さい。,candidate_question,analysis_term_no_stopwords,中,0.024193548387096774,2.09861228866811,0.050772877951647824,3,1,124,4
sugano_q02,sugano,菅野暁,q02,2,東京大学の教育に対するお考えをお聞かせ下さい。,candidate_question,analysis_term_no_stopwords,事,0.04032258064516129,1.1823215567939547,0.04767425632233688,5,4,124,5
sugano_q02,sugano,菅野暁,q02,2,東京大学の教育に対するお考えをお聞かせ下さい。,candidate_question,analysis_term_no_stopwords,専門,0.04032258064516129,1.1823215567939547,0.04767425632233688,5,4,124,6
sugano_q02,sugano,菅野暁,q02,2,東京大学の教育に対するお考えをお聞かせ下さい。,candidate_question,analysis_term_no_stopwords,考える,0.03225806451612903,1.4054651081081644,0.04533758413252143,4,3,124,7
sugano_q02,sugano,菅野暁,q02,2,東京大学の教育に対するお考えをお聞かせ下さい。,candidate_question,analysis_term_no_stopwords,分野,0.04032258064516129,1.0,0.04032258064516129,5,5,124,8
sugano_q02,sugano,菅野暁,q02,2,東京大学の教育に対するお考えをお聞かせ下さい。,candidate_question,analysis_term_no_stopwords,於く,0.024193548387096774,1.4054651081081644,0.034003188099391075,3,3,124,9
sugano_q02,sugano,菅野暁,q02,2,東京大学の教育に対するお考えをお聞かせ下さい。,candidate_question,analysis_term_no_stopwords,課程,0.024193548387096774,1.4054651081081644,0.034003188099391075,3,3,124,10
sugano_q02,sugano,菅野暁,q02,2,東京大学の教育に対するお考えをお聞かせ下さい。,candidate_question,analysis_term_no_stopwords,取り入れる,0.016129032258064516,2.09861228866811,0.03384858530109855,2,1,124,11
sugano_q02,sugano,菅野暁,q02,2,東京大学の教育に対するお考えをお聞かせ下さい。,candidate_question,analysis_term_no_stopwords,後期,0.016129032258064516,2.09861228866811,0.03384858530109855,2,1,124,12
sugano_q02,sugano,菅野暁,q02,2,東京大学の教育に対するお考えをお聞かせ下さい。,candidate_question,analysis_term_no_stopwords,学修,0.016129032258064516,1.6931471805599454,0.027308825492902346,2,2,124,13
sugano_q02,sugano,菅野暁,q02,2,東京大学の教育に対するお考えをお聞かせ下さい。,candidate_question,analysis_term_no_stopwords,現在,0.016129032258064516,1.6931471805599454,0.027308825492902346,2,2,124,14
sugano_q02,sugano,菅野暁,q02,2,東京大学の教育に対するお考えをお聞かせ下さい。,candidate_question,analysis_term_no_stopwords,トウキョウ,0.024193548387096774,1.0,0.024193548387096774,3,5,124,15
sugano_q02,sugano,菅野暁,q02,2,東京大学の教育に対するお考えをお聞かせ下さい。,candidate_question,analysis_term_no_stopwords,居る,0.016129032258064516,1.1823215567939547,0.01906970252893475,2,4,124,16
sugano_q02,sugano,菅野暁,q02,2,東京大学の教育に対するお考えをお聞かせ下さい。,candidate_question,analysis_term_no_stopwords,教養,0.016129032258064516,1.1823215567939547,0.01906970252893475,2,4,124,17
sugano_q02,sugano,菅野暁,q02,2,東京大学の教育に対するお考えをお聞かせ下さい。,candidate_question,analysis_term_no_stopwords,ディスカッション-discussion,0.008064516129032258,2.09861228866811,0.016924292650549275,1,1,124,18
sugano_q02,sugano,菅野暁,q02,2,東京大学の教育に対するお考えをお聞かせ下さい。,candidate_question,analysis_term_no_stopwords,フカホリ,0.008064516129032258,2.09861228866811,0.016924292650549275,1,1,124,19
sugano_q02,sugano,菅野暁,q02,2,東京大学の教育に対するお考えをお聞かせ下さい。,candidate_question,analysis_term_no_stopwords,ラーニング-learning,0.008064516129032258,2.09861228866811,0.016924292650549275,1,1,124,20
sugano_q02,sugano,菅野暁,q02,2,東京大学の教育に対するお考えをお聞かせ下さい。,candidate_question,analysis_term_no_stopwords,リカレント-recurrent,0.008064516129032258,2.09861228866811,0.016924292650549275,1,1,124,21
sugano_q02,sugano,菅野暁,q02,2,東京大学の教育に対するお考えをお聞かせ下さい。,candidate_question,analysis_term_no_stopwords,仕舞う,0.008064516129032258,2.09861228866811,0.016924292650549275,1,1,124,22
sugano_q02,sugano,菅野暁,q02,2,東京大学の教育に対するお考えをお聞かせ下さい。,candidate_question,analysis_term_no_stopwords,具,0.008064516129032258,2.09861228866811,0.016924292650549275,1,1,124,23
sugano_q02,sugano,菅野暁,q02,2,東京大学の教育に対するお考えをお聞かせ下さい。,candidate_question,analysis_term_no_stopwords,出る,0.008064516129032258,2.09861228866811,0.016924292650549275,1,1,124,24
sugano_q02,sugano,菅野暁,q02,2,東京大学の教育に対するお考えをお聞かせ下さい。,candidate_question,analysis_term_no_stopwords,分かれる,0.008064516129032258,2.09861228866811,0.016924292650549275,1,1,124,25
sugano_q02,sugano,菅野暁,q02,2,東京大学の教育に対するお考えをお聞かせ下さい。,candidate_question,analysis_term_no_stopwords,判断,0.008064516129032258,2.09861228866811,0.016924292650549275,1,1,124,26
sugano_q02,sugano,菅野暁,q02,2,東京大学の教育に対するお考えをお聞かせ下さい。,candidate_question,analysis_term_no_stopwords,利する,0.008064516129032258,2.09861228866811,0.016924292650549275,1,1,124,27
sugano_q02,sugano,菅野暁,q02,2,東京大学の教育に対するお考えをお聞かせ下さい。,candidate_question,analysis_term_no_stopwords,刺激,0.008064516129032258,2.09861228866811,0.016924292650549275,1,1,124,28
sugano_q02,sugano,菅野暁,q02,2,東京大学の教育に対するお考えをお聞かせ下さい。,candidate_question,analysis_term_no_stopwords,前提,0.008064516129032258,2.09861228866811,0.016924292650549275,1,1,124,29
sugano_q02,sugano,菅野暁,q02,2,東京大学の教育に対するお考えをお聞かせ下さい。,candidate_question,analysis_term_no_stopwords,前期,0.008064516129032258,2.09861228866811,0.016924292650549275,1,1,124,30
sugano_q02,sugano,菅野暁,q02,2,東京大学の教育に対するお考えをお聞かせ下さい。,candidate_question,analysis_term_no_stopwords,固定,0.008064516129032258,2.09861228866811,0.016924292650549275,1,1,124,31
sugano_q02,sugano,菅野暁,q02,2,東京大学の教育に対するお考えをお聞かせ下さい。,candidate_question,analysis_term_no_stopwords,増す,0.008064516129032258,2.09861228866811,0.016924292650549275,1,1,124,32
sugano_q02,sugano,菅野暁,q02,2,東京大学の教育に対するお考えをお聞かせ下さい。,candidate_question,analysis_term_no_stopwords,外部,0.008064516129032258,2.09861228866811,0.016924292650549275,1,1,124,33
sugano_q02,sugano,菅野暁,q02,2,東京大学の教育に対するお考えをお聞かせ下さい。,candidate_question,analysis_term_no_stopwords,対象,0.008064516129032258,2.09861228866811,0.016924292650549275,1,1,124,34
sugano_q02,sugano,菅野暁,q02,2,東京大学の教育に対するお考えをお聞かせ下さい。,candidate_question,analysis_term_no_stopwords,将来,0.008064516129032258,2.09861228866811,0.016924292650549275,1,1,124,35
sugano_q02,sugano,菅野暁,q02,2,東京大学の教育に対するお考えをお聞かせ下さい。,candidate_question,analysis_term_no_stopwords,強み,0.008064516129032258,2.09861228866811,0.016924292650549275,1,1,124,36
sugano_q02,sugano,菅野暁,q02,2,東京大学の教育に対するお考えをお聞かせ下さい。,candidate_question,analysis_term_no_stopwords,応ずる,0.008064516129032258,2.09861228866811,0.016924292650549275,1,1,124,37
sugano_q02,sugano,菅野暁,q02,2,東京大学の教育に対するお考えをお聞かせ下さい。,candidate_question,analysis_term_no_stopwords,接触,0.008064516129032258,2.09861228866811,0.016924292650549275,1,1,124,38
sugano_q02,sugano,菅野暁,q02,2,東京大学の教育に対するお考えをお聞かせ下さい。,candidate_question,analysis_term_no_stopwords,方向,0.008064516129032258,2.09861228866811,0.016924292650549275,1,1,124,39
sugano_q02,sugano,菅野暁,q02,2,東京大学の教育に対するお考えをお聞かせ下さい。,candidate_question,analysis_term_no_stopwords,枠組み,0.008064516129032258,2.09861228866811,0.016924292650549275,1,1,124,40
sugano_q02,sugano,菅野暁,q02,2,東京大学の教育に対するお考えをお聞かせ下さい。,candidate_question,analysis_term_no_stopwords,生成,0.008064516129032258,2.09861228866811,0.016924292650549275,1,1,124,41
sugano_q02,sugano,菅野暁,q02,2,東京大学の教育に対するお考えをお聞かせ下さい。,candidate_question,analysis_term_no_stopwords,知れる,0.008064516129032258,2.09861228866811,0.016924292650549275,1,1,124,42
sugano_q02,sugano,菅野暁,q02,2,東京大学の教育に対するお考えをお聞かせ下さい。,candidate_question,analysis_term_no_stopwords,程度,0.008064516129032258,2.09861228866811,0.016924292650549275,1,1,124,43
sugano_q02,sugano,菅野暁,q02,2,東京大学の教育に対するお考えをお聞かせ下さい。,candidate_question,analysis_term_no_stopwords,繰り,0.008064516129032258,2.09861228866811,0.016924292650549275,1,1,124,44
sugano_q02,sugano,菅野暁,q02,2,東京大学の教育に対するお考えをお聞かせ下さい。,candidate_question,analysis_term_no_stopwords,考え,0.008064516129032258,2.09861228866811,0.016924292650549275,1,1,124,45
sugano_q02,sugano,菅野暁,q02,2,東京大学の教育に対するお考えをお聞かせ下さい。,candidate_question,analysis_term_no_stopwords,複数,0.008064516129032258,2.09861228866811,0.016924292650549275,1,1,124,46
sugano_q02,sugano,菅野暁,q02,2,東京大学の教育に対するお考えをお聞かせ下さい。,candidate_question,analysis_term_no_stopwords,規定,0.008064516129032258,2.09861228866811,0.016924292650549275,1,1,124,47
sugano_q02,sugano,菅野暁,q02,2,東京大学の教育に対するお考えをお聞かせ下さい。,candidate_question,analysis_term_no_stopwords,跨がる,0.008064516129032258,2.09861228866811,0.016924292650549275,1,1,124,48
sugano_q02,sugano,菅野暁,q02,2,東京大学の教育に対するお考えをお聞かせ下さい。,candidate_question,analysis_term_no_stopwords,述べる,0.008064516129032258,2.09861228866811,0.016924292650549275,1,1,124,49
sugano_q02,sugano,菅野暁,q02,2,東京大学の教育に対するお考えをお聞かせ下さい。,candidate_question,analysis_term_no_stopwords,進歩,0.008064516129032258,2.09861228866811,0.016924292650549275,1,1,124,50
sugano_q02,sugano,菅野暁,q02,2,東京大学の教育に対するお考えをお聞かせ下さい。,candidate_question,analysis_term_no_stopwords,遂げる,0.008064516129032258,2.09861228866811,0.016924292650549275,1,1,124,51
sugano_q02,sugano,菅野暁,q02,2,東京大学の教育に対するお考えをお聞かせ下さい。,candidate_question,analysis_term_no_stopwords,長足,0.008064516129032258,2.09861228866811,0.016924292650549275,1,1,124,52
sugano_q02,sugano,菅野暁,q02,2,東京大学の教育に対するお考えをお聞かせ下さい。,candidate_question,analysis_term_no_stopwords,閉じ籠もる,0.008064516129032258,2.09861228866811,0.016924292650549275,1,1,124,53
sugano_q02,sugano,菅野暁,q02,2,東京大学の教育に対するお考えをお聞かせ下さい。,candidate_question,analysis_term_no_stopwords,関わる,0.008064516129032258,2.09861228866811,0.016924292650549275,1,1,124,54
sugano_q02,sugano,菅野暁,q02,2,東京大学の教育に対するお考えをお聞かせ下さい。,candidate_question,analysis_term_no_stopwords,有る,0.016129032258064516,1.0,0.016129032258064516,2,5,124,55
sugano_q02,sugano,菅野暁,q02,2,東京大学の教育に対するお考えをお聞かせ下さい。,candidate_question,analysis_term_no_stopwords,アート-art,0.008064516129032258,1.6931471805599454,0.013654412746451173,1,2,124,56
sugano_q02,sugano,菅野暁,q02,2,東京大学の教育に対するお考えをお聞かせ下さい。,candidate_question,analysis_term_no_stopwords,システム-system,0.008064516129032258,1.6931471805599454,0.013654412746451173,1,2,124,57
sugano_q02,sugano,菅野暁,q02,2,東京大学の教育に対するお考えをお聞かせ下さい。,candidate_question,analysis_term_no_stopwords,リベラル-liberal,0.008064516129032258,1.6931471805599454,0.013654412746451173,1,2,124,58
sugano_q02,sugano,菅野暁,q02,2,東京大学の教育に対するお考えをお聞かせ下さい。,candidate_question,analysis_term_no_stopwords,仕組み,0.008064516129032258,1.6931471805599454,0.013654412746451173,1,2,124,59
sugano_q02,sugano,菅野暁,q02,2,東京大学の教育に対するお考えをお聞かせ下さい。,candidate_question,analysis_term_no_stopwords,他,0.008064516129032258,1.6931471805599454,0.013654412746451173,1,2,124,60
sugano_q02,sugano,菅野暁,q02,2,東京大学の教育に対するお考えをお聞かせ下さい。,candidate_question,analysis_term_no_stopwords,前,0.008064516129032258,1.6931471805599454,0.013654412746451173,1,2,124,61
sugano_q02,sugano,菅野暁,q02,2,東京大学の教育に対するお考えをお聞かせ下さい。,candidate_question,analysis_term_no_stopwords,含める,0.008064516129032258,1.6931471805599454,0.013654412746451173,1,2,124,62
sugano_q02,sugano,菅野暁,q02,2,東京大学の教育に対するお考えをお聞かせ下さい。,candidate_question,analysis_term_no_stopwords,基礎,0.008064516129032258,1.6931471805599454,0.013654412746451173,1,2,124,63
sugano_q02,sugano,菅野暁,q02,2,東京大学の教育に対するお考えをお聞かせ下さい。,candidate_question,analysis_term_no_stopwords,学び,0.008064516129032258,1.6931471805599454,0.013654412746451173,1,2,124,64
sugano_q02,sugano,菅野暁,q02,2,東京大学の教育に対するお考えをお聞かせ下さい。,candidate_question,analysis_term_no_stopwords,対応,0.008064516129032258,1.6931471805599454,0.013654412746451173,1,2,124,65
sugano_q02,sugano,菅野暁,q02,2,東京大学の教育に対するお考えをお聞かせ下さい。,candidate_question,analysis_term_no_stopwords,強化,0.008064516129032258,1.6931471805599454,0.013654412746451173,1,2,124,66
sugano_q02,sugano,菅野暁,q02,2,東京大学の教育に対するお考えをお聞かせ下さい。,candidate_question,analysis_term_no_stopwords,拡充,0.008064516129032258,1.6931471805599454,0.013654412746451173,1,2,124,67
sugano_q02,sugano,菅野暁,q02,2,東京大学の教育に対するお考えをお聞かせ下さい。,candidate_question,analysis_term_no_stopwords,授業,0.008064516129032258,1.6931471805599454,0.013654412746451173,1,2,124,68
sugano_q02,sugano,菅野暁,q02,2,東京大学の教育に対するお考えをお聞かせ下さい。,candidate_question,analysis_term_no_stopwords,検討,0.008064516129032258,1.6931471805599454,0.013654412746451173,1,2,124,69
sugano_q02,sugano,菅野暁,q02,2,東京大学の教育に対するお考えをお聞かせ下さい。,candidate_question,analysis_term_no_stopwords,総合,0.008064516129032258,1.6931471805599454,0.013654412746451173,1,2,124,70
sugano_q02,sugano,菅野暁,q02,2,東京大学の教育に対するお考えをお聞かせ下さい。,candidate_question,analysis_term_no_stopwords,養う,0.008064516129032258,1.6931471805599454,0.013654412746451173,1,2,124,71
sugano_q02,sugano,菅野暁,q02,2,東京大学の教育に対するお考えをお聞かせ下さい。,candidate_question,analysis_term_no_stopwords,ai,0.008064516129032258,1.4054651081081644,0.011334396033130358,1,3,124,72
sugano_q02,sugano,菅野暁,q02,2,東京大学の教育に対するお考えをお聞かせ下さい。,candidate_question,analysis_term_no_stopwords,出来る,0.008064516129032258,1.4054651081081644,0.011334396033130358,1,3,124,73
sugano_q02,sugano,菅野暁,q02,2,東京大学の教育に対するお考えをお聞かせ下さい。,candidate_question,analysis_term_no_stopwords,海外,0.008064516129032258,1.4054651081081644,0.011334396033130358,1,3,124,74
sugano_q02,sugano,菅野暁,q02,2,東京大学の教育に対するお考えをお聞かせ下さい。,candidate_question,analysis_term_no_stopwords,物,0.008064516129032258,1.4054651081081644,0.011334396033130358,1,3,124,75
sugano_q02,sugano,菅野暁,q02,2,東京大学の教育に対するお考えをお聞かせ下さい。,candidate_question,analysis_term_no_stopwords,通ずる,0.008064516129032258,1.4054651081081644,0.011334396033130358,1,3,124,76
sugano_q02,sugano,菅野暁,q02,2,東京大学の教育に対するお考えをお聞かせ下さい。,candidate_question,analysis_term_no_stopwords,必要,0.008064516129032258,1.1823215567939547,0.009534851264467376,1,4,124,77
sugano_q02,sugano,菅野暁,q02,2,東京大学の教育に対するお考えをお聞かせ下さい。,candidate_question,analysis_term_no_stopwords,経験,0.008064516129032258,1.1823215567939547,0.009534851264467376,1,4,124,78
sugano_q02,sugano,菅野暁,q02,2,東京大学の教育に対するお考えをお聞かせ下さい。,candidate_question,analysis_term_no_stopwords,成る,0.008064516129032258,1.0,0.008064516129032258,1,5,124,79
sugano_q02,sugano,菅野暁,q02,2,東京大学の教育に対するお考えをお聞かせ下さい。,candidate_question,analysis_term_no_stopwords,社会,0.008064516129032258,1.0,0.008064516129032258,1,5,124,80
yamamoto_q02,yamamoto,山本隆司,q02,2,東京大学の教育に対するお考えをお聞かせ下さい。,candidate_question,analysis_term_no_stopwords,為る,0.08778625954198473,1.0,0.08778625954198473,23,5,262,1
yamamoto_q02,yamamoto,山本隆司,q02,2,東京大学の教育に対するお考えをお聞かせ下さい。,candidate_question,analysis_term_no_stopwords,事,0.04580152671755725,1.1823215567939547,0.0541521323722422,12,4,262,2
yamamoto_q02,yamamoto,山本隆司,q02,2,東京大学の教育に対するお考えをお聞かせ下さい。,candidate_question,analysis_term_no_stopwords,utd,0.030534351145038167,1.6931471805599454,0.05169915055144871,8,2,262,3
yamamoto_q02,yamamoto,山本隆司,q02,2,東京大学の教育に対するお考えをお聞かせ下さい。,candidate_question,analysis_term_no_stopwords,専門,0.04198473282442748,1.1823215567939547,0.04963945467455535,11,4,262,4
yamamoto_q02,yamamoto,山本隆司,q02,2,東京大学の教育に対するお考えをお聞かせ下さい。,candidate_question,analysis_term_no_stopwords,部局,0.022900763358778626,2.09861228866811,0.048059823404613206,6,1,262,5
yamamoto_q02,yamamoto,山本隆司,q02,2,東京大学の教育に対するお考えをお聞かせ下さい。,candidate_question,analysis_term_no_stopwords,学生,0.030534351145038167,1.1823215567939547,0.0361014215814948,8,4,262,6
yamamoto_q02,yamamoto,山本隆司,q02,2,東京大学の教育に対するお考えをお聞かせ下さい。,candidate_question,analysis_term_no_stopwords,国際,0.019083969465648856,1.6931471805599454,0.032311969094655446,5,2,262,7
yamamoto_q02,yamamoto,山本隆司,q02,2,東京大学の教育に対するお考えをお聞かせ下さい。,candidate_question,analysis_term_no_stopwords,プロセス-process,0.015267175572519083,2.09861228866811,0.03203988226974214,4,1,262,8
yamamoto_q02,yamamoto,山本隆司,q02,2,東京大学の教育に対するお考えをお聞かせ下さい。,candidate_question,analysis_term_no_stopwords,学際,0.015267175572519083,2.09861228866811,0.03203988226974214,4,1,262,9
yamamoto_q02,yamamoto,山本隆司,q02,2,東京大学の教育に対するお考えをお聞かせ下さい。,candidate_question,analysis_term_no_stopwords,言う,0.015267175572519083,2.09861228866811,0.03203988226974214,4,1,262,10
yamamoto_q02,yamamoto,山本隆司,q02,2,東京大学の教育に対するお考えをお聞かせ下さい。,candidate_question,analysis_term_no_stopwords,有る,0.030534351145038167,1.0,0.030534351145038167,8,5,262,11
yamamoto_q02,yamamoto,山本隆司,q02,2,東京大学の教育に対するお考えをお聞かせ下さい。,candidate_question,analysis_term_no_stopwords,知,0.019083969465648856,1.4054651081081644,0.026821853208171077,5,3,262,12
yamamoto_q02,yamamoto,山本隆司,q02,2,東京大学の教育に対するお考えをお聞かせ下さい。,candidate_question,analysis_term_no_stopwords,トウキョウ,0.026717557251908396,1.0,0.026717557251908396,7,5,262,13
yamamoto_q02,yamamoto,山本隆司,q02,2,東京大学の教育に対するお考えをお聞かせ下さい。,candidate_question,analysis_term_no_stopwords,課題,0.015267175572519083,1.6931471805599454,0.025849575275724356,4,2,262,14
yamamoto_q02,yamamoto,山本隆司,q02,2,東京大学の教育に対するお考えをお聞かせ下さい。,candidate_question,analysis_term_no_stopwords,場,0.011450381679389313,2.09861228866811,0.024029911702306603,3,1,262,15
yamamoto_q02,yamamoto,山本隆司,q02,2,東京大学の教育に対するお考えをお聞かせ下さい。,candidate_question,analysis_term_no_stopwords,質,0.011450381679389313,2.09861228866811,0.024029911702306603,3,1,262,16
yamamoto_q02,yamamoto,山本隆司,q02,2,東京大学の教育に対するお考えをお聞かせ下さい。,candidate_question,analysis_term_no_stopwords,成る,0.022900763358778626,1.0,0.022900763358778626,6,5,262,17
yamamoto_q02,yamamoto,山本隆司,q02,2,東京大学の教育に対するお考えをお聞かせ下さい。,candidate_question,analysis_term_no_stopwords,授業,0.011450381679389313,1.6931471805599454,0.019387181456793266,3,2,262,18
yamamoto_q02,yamamoto,山本隆司,q02,2,東京大学の教育に対するお考えをお聞かせ下さい。,candidate_question,analysis_term_no_stopwords,教員,0.011450381679389313,1.6931471805599454,0.019387181456793266,3,2,262,19
yamamoto_q02,yamamoto,山本隆司,q02,2,東京大学の教育に対するお考えをお聞かせ下さい。,candidate_question,analysis_term_no_stopwords,居る,0.015267175572519083,1.1823215567939547,0.0180507107907474,4,4,262,20
yamamoto_q02,yamamoto,山本隆司,q02,2,東京大学の教育に対するお考えをお聞かせ下さい。,candidate_question,analysis_term_no_stopwords,個々,0.007633587786259542,2.09861228866811,0.01601994113487107,2,1,262,21
yamamoto_q02,yamamoto,山本隆司,q02,2,東京大学の教育に対するお考えをお聞かせ下さい。,candidate_question,analysis_term_no_stopwords,全体,0.007633587786259542,2.09861228866811,0.01601994113487107,2,1,262,22
yamamoto_q02,yamamoto,山本隆司,q02,2,東京大学の教育に対するお考えをお聞かせ下さい。,candidate_question,analysis_term_no_stopwords,受ける,0.007633587786259542,2.09861228866811,0.01601994113487107,2,1,262,23
yamamoto_q02,yamamoto,山本隆司,q02,2,東京大学の教育に対するお考えをお聞かせ下さい。,candidate_question,analysis_term_no_stopwords,広げる,0.007633587786259542,2.09861228866811,0.01601994113487107,2,1,262,24
yamamoto_q02,yamamoto,山本隆司,q02,2,東京大学の教育に対するお考えをお聞かせ下さい。,candidate_question,analysis_term_no_stopwords,方策,0.007633587786259542,2.09861228866811,0.01601994113487107,2,1,262,25
yamamoto_q02,yamamoto,山本隆司,q02,2,東京大学の教育に対するお考えをお聞かせ下さい。,candidate_question,analysis_term_no_stopwords,留学,0.007633587786259542,2.09861228866811,0.01601994113487107,2,1,262,26
yamamoto_q02,yamamoto,山本隆司,q02,2,東京大学の教育に対するお考えをお聞かせ下さい。,candidate_question,analysis_term_no_stopwords,英語,0.007633587786259542,2.09861228866811,0.01601994113487107,2,1,262,27
yamamoto_q02,yamamoto,山本隆司,q02,2,東京大学の教育に対するお考えをお聞かせ下さい。,candidate_question,analysis_term_no_stopwords,選択,0.007633587786259542,2.09861228866811,0.01601994113487107,2,1,262,28
yamamoto_q02,yamamoto,山本隆司,q02,2,東京大学の教育に対するお考えをお聞かせ下さい。,candidate_question,analysis_term_no_stopwords,高める,0.007633587786259542,2.09861228866811,0.01601994113487107,2,1,262,29
yamamoto_q02,yamamoto,山本隆司,q02,2,東京大学の教育に対するお考えをお聞かせ下さい。,candidate_question,analysis_term_no_stopwords,魅力,0.007633587786259542,2.09861228866811,0.01601994113487107,2,1,262,30
yamamoto_q02,yamamoto,山本隆司,q02,2,東京大学の教育に対するお考えをお聞かせ下さい。,candidate_question,analysis_term_no_stopwords,無い,0.011450381679389313,1.1823215567939547,0.01353803309306055,3,4,262,31
yamamoto_q02,yamamoto,山本隆司,q02,2,東京大学の教育に対するお考えをお聞かせ下さい。,candidate_question,analysis_term_no_stopwords,先導,0.007633587786259542,1.6931471805599454,0.012924787637862178,2,2,262,32
yamamoto_q02,yamamoto,山本隆司,q02,2,東京大学の教育に対するお考えをお聞かせ下さい。,candidate_question,analysis_term_no_stopwords,強化,0.007633587786259542,1.6931471805599454,0.012924787637862178,2,2,262,33
yamamoto_q02,yamamoto,山本隆司,q02,2,東京大学の教育に対するお考えをお聞かせ下さい。,candidate_question,analysis_term_no_stopwords,総合,0.007633587786259542,1.6931471805599454,0.012924787637862178,2,2,262,34
yamamoto_q02,yamamoto,山本隆司,q02,2,東京大学の教育に対するお考えをお聞かせ下さい。,candidate_question,analysis_term_no_stopwords,行う,0.007633587786259542,1.6931471805599454,0.012924787637862178,2,2,262,35
yamamoto_q02,yamamoto,山本隆司,q02,2,東京大学の教育に対するお考えをお聞かせ下さい。,candidate_question,analysis_term_no_stopwords,進める,0.007633587786259542,1.6931471805599454,0.012924787637862178,2,2,262,36
yamamoto_q02,yamamoto,山本隆司,q02,2,東京大学の教育に対するお考えをお聞かせ下さい。,candidate_question,analysis_term_no_stopwords,一,0.007633587786259542,1.4054651081081644,0.01072874128326843,2,3,262,37
yamamoto_q02,yamamoto,山本隆司,q02,2,東京大学の教育に対するお考えをお聞かせ下さい。,candidate_question,analysis_term_no_stopwords,人材,0.007633587786259542,1.1823215567939547,0.0090253553953737,2,4,262,38
yamamoto_q02,yamamoto,山本隆司,q02,2,東京大学の教育に対するお考えをお聞かせ下さい。,candidate_question,analysis_term_no_stopwords,カリキュラム-curriculum,0.003816793893129771,2.09861228866811,0.008009970567435534,1,1,262,39
yamamoto_q02,yamamoto,山本隆司,q02,2,東京大学の教育に対するお考えをお聞かせ下さい。,candidate_question,analysis_term_no_stopwords,サブ-sub,0.003816793893129771,2.09861228866811,0.008009970567435534,1,1,262,40
yamamoto_q02,yamamoto,山本隆司,q02,2,東京大学の教育に対するお考えをお聞かせ下さい。,candidate_question,analysis_term_no_stopwords,バックグラウンド-background,0.003816793893129771,2.09861228866811,0.008009970567435534,1,1,262,41
yamamoto_q02,yamamoto,山本隆司,q02,2,東京大学の教育に対するお考えをお聞かせ下さい。,candidate_question,analysis_term_no_stopwords,メジャー-major,0.003816793893129771,2.09861228866811,0.008009970567435534,1,1,262,42
yamamoto_q02,yamamoto,山本隆司,q02,2,東京大学の教育に対するお考えをお聞かせ下さい。,candidate_question,analysis_term_no_stopwords,交換,0.003816793893129771,2.09861228866811,0.008009970567435534,1,1,262,43
yamamoto_q02,yamamoto,山本隆司,q02,2,東京大学の教育に対するお考えをお聞かせ下さい。,candidate_question,analysis_term_no_stopwords,他方,0.003816793893129771,2.09861228866811,0.008009970567435534,1,1,262,44
yamamoto_q02,yamamoto,山本隆司,q02,2,東京大学の教育に対するお考えをお聞かせ下さい。,candidate_question,analysis_term_no_stopwords,以上,0.003816793893129771,2.09861228866811,0.008009970567435534,1,1,262,45
yamamoto_q02,yamamoto,山本隆司,q02,2,東京大学の教育に対するお考えをお聞かせ下さい。,candidate_question,analysis_term_no_stopwords,伝説,0.003816793893129771,2.09861228866811,0.008009970567435534,1,1,262,46
yamamoto_q02,yamamoto,山本隆司,q02,2,東京大学の教育に対するお考えをお聞かせ下さい。,candidate_question,analysis_term_no_stopwords,余地,0.003816793893129771,2.09861228866811,0.008009970567435534,1,1,262,47
yamamoto_q02,yamamoto,山本隆司,q02,2,東京大学の教育に対するお考えをお聞かせ下さい。,candidate_question,analysis_term_no_stopwords,作る,0.003816793893129771,2.09861228866811,0.008009970567435534,1,1,262,48
yamamoto_q02,yamamoto,山本隆司,q02,2,東京大学の教育に対するお考えをお聞かせ下さい。,candidate_question,analysis_term_no_stopwords,先端,0.003816793893129771,2.09861228866811,0.008009970567435534,1,1,262,49
yamamoto_q02,yamamoto,山本隆司,q02,2,東京大学の教育に対するお考えをお聞かせ下さい。,candidate_question,analysis_term_no_stopwords,共,0.003816793893129771,2.09861228866811,0.008009970567435534,1,1,262,50
yamamoto_q02,yamamoto,山本隆司,q02,2,東京大学の教育に対するお考えをお聞かせ下さい。,candidate_question,analysis_term_no_stopwords,区別,0.003816793893129771,2.09861228866811,0.008009970567435534,1,1,262,51
yamamoto_q02,yamamoto,山本隆司,q02,2,東京大学の教育に対するお考えをお聞かせ下さい。,candidate_question,analysis_term_no_stopwords,取り組み,0.003816793893129771,2.09861228866811,0.008009970567435534,1,1,262,52
yamamoto_q02,yamamoto,山本隆司,q02,2,東京大学の教育に対するお考えをお聞かせ下さい。,candidate_question,analysis_term_no_stopwords,取り組む,0.003816793893129771,2.09861228866811,0.008009970567435534,1,1,262,53
yamamoto_q02,yamamoto,山本隆司,q02,2,東京大学の教育に対するお考えをお聞かせ下さい。,candidate_question,analysis_term_no_stopwords,向上,0.003816793893129771,2.09861228866811,0.008009970567435534,1,1,262,54
yamamoto_q02,yamamoto,山本隆司,q02,2,東京大学の教育に対するお考えをお聞かせ下さい。,candidate_question,analysis_term_no_stopwords,喫緊,0.003816793893129771,2.09861228866811,0.008009970567435534,1,1,262,55
yamamoto_q02,yamamoto,山本隆司,q02,2,東京大学の教育に対するお考えをお聞かせ下さい。,candidate_question,analysis_term_no_stopwords,国籍,0.003816793893129771,2.09861228866811,0.008009970567435534,1,1,262,56
yamamoto_q02,yamamoto,山本隆司,q02,2,東京大学の教育に対するお考えをお聞かせ下さい。,candidate_question,analysis_term_no_stopwords,外国,0.003816793893129771,2.09861228866811,0.008009970567435534,1,1,262,57
yamamoto_q02,yamamoto,山本隆司,q02,2,東京大学の教育に対するお考えをお聞かせ下さい。,candidate_question,analysis_term_no_stopwords,定員,0.003816793893129771,2.09861228866811,0.008009970567435534,1,1,262,58
yamamoto_q02,yamamoto,山本隆司,q02,2,東京大学の教育に対するお考えをお聞かせ下さい。,candidate_question,analysis_term_no_stopwords,実質,0.003816793893129771,2.09861228866811,0.008009970567435534,1,1,262,59
yamamoto_q02,yamamoto,山本隆司,q02,2,東京大学の教育に対するお考えをお聞かせ下さい。,candidate_question,analysis_term_no_stopwords,寄せ集める,0.003816793893129771,2.09861228866811,0.008009970567435534,1,1,262,60
yamamoto_q02,yamamoto,山本隆司,q02,2,東京大学の教育に対するお考えをお聞かせ下さい。,candidate_question,analysis_term_no_stopwords,少ない,0.003816793893129771,2.09861228866811,0.008009970567435534,1,1,262,61
yamamoto_q02,yamamoto,山本隆司,q02,2,東京大学の教育に対するお考えをお聞かせ下さい。,candidate_question,analysis_term_no_stopwords,引き付ける,0.003816793893129771,2.09861228866811,0.008009970567435534,1,1,262,62
yamamoto_q02,yamamoto,山本隆司,q02,2,東京大学の教育に対するお考えをお聞かせ下さい。,candidate_question,analysis_term_no_stopwords,意味,0.003816793893129771,2.09861228866811,0.008009970567435534,1,1,262,63
yamamoto_q02,yamamoto,山本隆司,q02,2,東京大学の教育に対するお考えをお聞かせ下さい。,candidate_question,analysis_term_no_stopwords,拡大,0.003816793893129771,2.09861228866811,0.008009970567435534,1,1,262,64
yamamoto_q02,yamamoto,山本隆司,q02,2,東京大学の教育に対するお考えをお聞かせ下さい。,candidate_question,analysis_term_no_stopwords,指摘,0.003816793893129771,2.09861228866811,0.008009970567435534,1,1,262,65
yamamoto_q02,yamamoto,山本隆司,q02,2,東京大学の教育に対するお考えをお聞かせ下さい。,candidate_question,analysis_term_no_stopwords,日程,0.003816793893129771,2.09861228866811,0.008009970567435534,1,1,262,66
yamamoto_q02,yamamoto,山本隆司,q02,2,東京大学の教育に対するお考えをお聞かせ下さい。,candidate_question,analysis_term_no_stopwords,標準,0.003816793893129771,2.09861228866811,0.008009970567435534,1,1,262,67
yamamoto_q02,yamamoto,山本隆司,q02,2,東京大学の教育に対するお考えをお聞かせ下さい。,candidate_question,analysis_term_no_stopwords,標語,0.003816793893129771,2.09861228866811,0.008009970567435534,1,1,262,68
yamamoto_q02,yamamoto,山本隆司,q02,2,東京大学の教育に対するお考えをお聞かせ下さい。,candidate_question,analysis_term_no_stopwords,横断,0.003816793893129771,2.09861228866811,0.008009970567435534,1,1,262,69
yamamoto_q02,yamamoto,山本隆司,q02,2,東京大学の教育に対するお考えをお聞かせ下さい。,candidate_question,analysis_term_no_stopwords,機能,0.003816793893129771,2.09861228866811,0.008009970567435534,1,1,262,70
yamamoto_q02,yamamoto,山本隆司,q02,2,東京大学の教育に対するお考えをお聞かせ下さい。,candidate_question,analysis_term_no_stopwords,比率,0.003816793893129771,2.09861228866811,0.008009970567435534,1,1,262,71
yamamoto_q02,yamamoto,山本隆司,q02,2,東京大学の教育に対するお考えをお聞かせ下さい。,candidate_question,analysis_term_no_stopwords,活性,0.003816793893129771,2.09861228866811,0.008009970567435534,1,1,262,72
yamamoto_q02,yamamoto,山本隆司,q02,2,東京大学の教育に対するお考えをお聞かせ下さい。,candidate_question,analysis_term_no_stopwords,活躍,0.003816793893129771,2.09861228866811,0.008009970567435534,1,1,262,73
yamamoto_q02,yamamoto,山本隆司,q02,2,東京大学の教育に対するお考えをお聞かせ下さい。,candidate_question,analysis_term_no_stopwords,深める,0.003816793893129771,2.09861228866811,0.008009970567435534,1,1,262,74
yamamoto_q02,yamamoto,山本隆司,q02,2,東京大学の教育に対するお考えをお聞かせ下さい。,candidate_question,analysis_term_no_stopwords,深化,0.003816793893129771,2.09861228866811,0.008009970567435534,1,1,262,75
yamamoto_q02,yamamoto,山本隆司,q02,2,東京大学の教育に対するお考えをお聞かせ下さい。,candidate_question,analysis_term_no_stopwords,減らす,0.003816793893129771,2.09861228866811,0.008009970567435534,1,1,262,76
yamamoto_q02,yamamoto,山本隆司,q02,2,東京大学の教育に対するお考えをお聞かせ下さい。,candidate_question,analysis_term_no_stopwords,点,0.003816793893129771,2.09861228866811,0.008009970567435534,1,1,262,77
yamamoto_q02,yamamoto,山本隆司,q02,2,東京大学の教育に対するお考えをお聞かせ下さい。,candidate_question,analysis_term_no_stopwords,特徴,0.003816793893129771,2.09861228866811,0.008009970567435534,1,1,262,78
yamamoto_q02,yamamoto,山本隆司,q02,2,東京大学の教育に対するお考えをお聞かせ下さい。,candidate_question,analysis_term_no_stopwords,用いる,0.003816793893129771,2.09861228866811,0.008009970567435534,1,1,262,79
yamamoto_q02,yamamoto,山本隆司,q02,2,東京大学の教育に対するお考えをお聞かせ下さい。,candidate_question,analysis_term_no_stopwords,用語,0.003816793893129771,2.09861228866811,0.008009970567435534,1,1,262,80
yamamoto_q02,yamamoto,山本隆司,q02,2,東京大学の教育に対するお考えをお聞かせ下さい。,candidate_question,analysis_term_no_stopwords,発信,0.003816793893129771,2.09861228866811,0.008009970567435534,1,1,262,81
yamamoto_q02,yamamoto,山本隆司,q02,2,東京大学の教育に対するお考えをお聞かせ下さい。,candidate_question,analysis_term_no_stopwords,発展,0.003816793893129771,2.09861228866811,0.008009970567435534,1,1,262,82
yamamoto_q02,yamamoto,山本隆司,q02,2,東京大学の教育に対するお考えをお聞かせ下さい。,candidate_question,analysis_term_no_stopwords,示す,0.003816793893129771,2.09861228866811,0.008009970567435534,1,1,262,83
yamamoto_q02,yamamoto,山本隆司,q02,2,東京大学の教育に対するお考えをお聞かせ下さい。,candidate_question,analysis_term_no_stopwords,築く,0.003816793893129771,2.09861228866811,0.008009970567435534,1,1,262,84
yamamoto_q02,yamamoto,山本隆司,q02,2,東京大学の教育に対するお考えをお聞かせ下さい。,candidate_question,analysis_term_no_stopwords,編成,0.003816793893129771,2.09861228866811,0.008009970567435534,1,1,262,85
yamamoto_q02,yamamoto,山本隆司,q02,2,東京大学の教育に対するお考えをお聞かせ下さい。,candidate_question,analysis_term_no_stopwords,縮小,0.003816793893129771,2.09861228866811,0.008009970567435534,1,1,262,86
yamamoto_q02,yamamoto,山本隆司,q02,2,東京大学の教育に対するお考えをお聞かせ下さい。,candidate_question,analysis_term_no_stopwords,繋ぐ,0.003816793893129771,2.09861228866811,0.008009970567435534,1,1,262,87
yamamoto_q02,yamamoto,山本隆司,q02,2,東京大学の教育に対するお考えをお聞かせ下さい。,candidate_question,analysis_term_no_stopwords,要請,0.003816793893129771,2.09861228866811,0.008009970567435534,1,1,262,88
yamamoto_q02,yamamoto,山本隆司,q02,2,東京大学の教育に対するお考えをお聞かせ下さい。,candidate_question,analysis_term_no_stopwords,解決,0.003816793893129771,2.09861228866811,0.008009970567435534,1,1,262,89
yamamoto_q02,yamamoto,山本隆司,q02,2,東京大学の教育に対するお考えをお聞かせ下さい。,candidate_question,analysis_term_no_stopwords,評価,0.003816793893129771,2.09861228866811,0.008009970567435534,1,1,262,90
yamamoto_q02,yamamoto,山本隆司,q02,2,東京大学の教育に対するお考えをお聞かせ下さい。,candidate_question,analysis_term_no_stopwords,説く,0.003816793893129771,2.09861228866811,0.008009970567435534,1,1,262,91
yamamoto_q02,yamamoto,山本隆司,q02,2,東京大学の教育に対するお考えをお聞かせ下さい。,candidate_question,analysis_term_no_stopwords,調整,0.003816793893129771,2.09861228866811,0.008009970567435534,1,1,262,92
yamamoto_q02,yamamoto,山本隆司,q02,2,東京大学の教育に対するお考えをお聞かせ下さい。,candidate_question,analysis_term_no_stopwords,資する,0.003816793893129771,2.09861228866811,0.008009970567435534,1,1,262,93
yamamoto_q02,yamamoto,山本隆司,q02,2,東京大学の教育に対するお考えをお聞かせ下さい。,candidate_question,analysis_term_no_stopwords,道標,0.003816793893129771,2.09861228866811,0.008009970567435534,1,1,262,94
yamamoto_q02,yamamoto,山本隆司,q02,2,東京大学の教育に対するお考えをお聞かせ下さい。,candidate_question,analysis_term_no_stopwords,開く,0.003816793893129771,2.09861228866811,0.008009970567435534,1,1,262,95
yamamoto_q02,yamamoto,山本隆司,q02,2,東京大学の教育に対するお考えをお聞かせ下さい。,candidate_question,analysis_term_no_stopwords,高い,0.003816793893129771,2.09861228866811,0.008009970567435534,1,1,262,96
yamamoto_q02,yamamoto,山本隆司,q02,2,東京大学の教育に対するお考えをお聞かせ下さい。,candidate_question,analysis_term_no_stopwords,高まる,0.003816793893129771,2.09861228866811,0.008009970567435534,1,1,262,97
yamamoto_q02,yamamoto,山本隆司,q02,2,東京大学の教育に対するお考えをお聞かせ下さい。,candidate_question,analysis_term_no_stopwords,分野,0.007633587786259542,1.0,0.007633587786259542,2,5,262,98
yamamoto_q02,yamamoto,山本隆司,q02,2,東京大学の教育に対するお考えをお聞かせ下さい。,candidate_question,analysis_term_no_stopwords,社会,0.007633587786259542,1.0,0.007633587786259542,2,5,262,99
yamamoto_q02,yamamoto,山本隆司,q02,2,東京大学の教育に対するお考えをお聞かせ下さい。,candidate_question,analysis_term_no_stopwords,wings,0.003816793893129771,1.6931471805599454,0.006462393818931089,1,2,262,100
yamamoto_q02,yamamoto,山本隆司,q02,2,東京大学の教育に対するお考えをお聞かせ下さい。,candidate_question,analysis_term_no_stopwords,ダブル-double,0.003816793893129771,1.6931471805599454,0.006462393818931089,1,2,262,101
yamamoto_q02,yamamoto,山本隆司,q02,2,東京大学の教育に対するお考えをお聞かせ下さい。,candidate_question,analysis_term_no_stopwords,ディグリー-degree,0.003816793893129771,1.6931471805599454,0.006462393818931089,1,2,262,102
yamamoto_q02,yamamoto,山本隆司,q02,2,東京大学の教育に対するお考えをお聞かせ下さい。,candidate_question,analysis_term_no_stopwords,プログラム-program,0.003816793893129771,1.6931471805599454,0.006462393818931089,1,2,262,103
yamamoto_q02,yamamoto,山本隆司,q02,2,東京大学の教育に対するお考えをお聞かせ下さい。,candidate_question,analysis_term_no_stopwords,一貫,0.003816793893129771,1.6931471805599454,0.006462393818931089,1,2,262,104
yamamoto_q02,yamamoto,山本隆司,q02,2,東京大学の教育に対するお考えをお聞かせ下さい。,candidate_question,analysis_term_no_stopwords,他,0.003816793893129771,1.6931471805599454,0.006462393818931089,1,2,262,105
yamamoto_q02,yamamoto,山本隆司,q02,2,東京大学の教育に対するお考えをお聞かせ下さい。,candidate_question,analysis_term_no_stopwords,修士,0.003816793893129771,1.6931471805599454,0.006462393818931089,1,2,262,106
yamamoto_q02,yamamoto,山本隆司,q02,2,東京大学の教育に対するお考えをお聞かせ下さい。,candidate_question,analysis_term_no_stopwords,全学,0.003816793893129771,1.6931471805599454,0.006462393818931089,1,2,262,107
yamamoto_q02,yamamoto,山本隆司,q02,2,東京大学の教育に対するお考えをお聞かせ下さい。,candidate_question,analysis_term_no_stopwords,其々,0.003816793893129771,1.6931471805599454,0.006462393818931089,1,2,262,108
yamamoto_q02,yamamoto,山本隆司,q02,2,東京大学の教育に対するお考えをお聞かせ下さい。,candidate_question,analysis_term_no_stopwords,反映,0.003816793893129771,1.6931471805599454,0.006462393818931089,1,2,262,109
yamamoto_q02,yamamoto,山本隆司,q02,2,東京大学の教育に対するお考えをお聞かせ下さい。,candidate_question,analysis_term_no_stopwords,含める,0.003816793893129771,1.6931471805599454,0.006462393818931089,1,2,262,110
yamamoto_q02,yamamoto,山本隆司,q02,2,東京大学の教育に対するお考えをお聞かせ下さい。,candidate_question,analysis_term_no_stopwords,問題,0.003816793893129771,1.6931471805599454,0.006462393818931089,1,2,262,111
yamamoto_q02,yamamoto,山本隆司,q02,2,東京大学の教育に対するお考えをお聞かせ下さい。,candidate_question,analysis_term_no_stopwords,因る,0.003816793893129771,1.6931471805599454,0.006462393818931089,1,2,262,112
yamamoto_q02,yamamoto,山本隆司,q02,2,東京大学の教育に対するお考えをお聞かせ下さい。,candidate_question,analysis_term_no_stopwords,学修,0.003816793893129771,1.6931471805599454,0.006462393818931089,1,2,262,113
yamamoto_q02,yamamoto,山本隆司,q02,2,東京大学の教育に対するお考えをお聞かせ下さい。,candidate_question,analysis_term_no_stopwords,実務,0.003816793893129771,1.6931471805599454,0.006462393818931089,1,2,262,114
yamamoto_q02,yamamoto,山本隆司,q02,2,東京大学の教育に対するお考えをお聞かせ下さい。,candidate_question,analysis_term_no_stopwords,対応,0.003816793893129771,1.6931471805599454,0.006462393818931089,1,2,262,115
yamamoto_q02,yamamoto,山本隆司,q02,2,東京大学の教育に対するお考えをお聞かせ下さい。,candidate_question,analysis_term_no_stopwords,循環,0.003816793893129771,1.6931471805599454,0.006462393818931089,1,2,262,116
yamamoto_q02,yamamoto,山本隆司,q02,2,東京大学の教育に対するお考えをお聞かせ下さい。,candidate_question,analysis_term_no_stopwords,拡充,0.003816793893129771,1.6931471805599454,0.006462393818931089,1,2,262,117
yamamoto_q02,yamamoto,山本隆司,q02,2,東京大学の教育に対するお考えをお聞かせ下さい。,candidate_question,analysis_term_no_stopwords,新しい,0.003816793893129771,1.6931471805599454,0.006462393818931089,1,2,262,118
yamamoto_q02,yamamoto,山本隆司,q02,2,東京大学の教育に対するお考えをお聞かせ下さい。,candidate_question,analysis_term_no_stopwords,日本,0.003816793893129771,1.6931471805599454,0.006462393818931089,1,2,262,119
yamamoto_q02,yamamoto,山本隆司,q02,2,東京大学の教育に対するお考えをお聞かせ下さい。,candidate_question,analysis_term_no_stopwords,検討,0.003816793893129771,1.6931471805599454,0.006462393818931089,1,2,262,120
yamamoto_q02,yamamoto,山本隆司,q02,2,東京大学の教育に対するお考えをお聞かせ下さい。,candidate_question,analysis_term_no_stopwords,現在,0.003816793893129771,1.6931471805599454,0.006462393818931089,1,2,262,121
yamamoto_q02,yamamoto,山本隆司,q02,2,東京大学の教育に対するお考えをお聞かせ下さい。,candidate_question,analysis_term_no_stopwords,育てる,0.003816793893129771,1.6931471805599454,0.006462393818931089,1,2,262,122
yamamoto_q02,yamamoto,山本隆司,q02,2,東京大学の教育に対するお考えをお聞かせ下さい。,candidate_question,analysis_term_no_stopwords,重視,0.003816793893129771,1.6931471805599454,0.006462393818931089,1,2,262,123
yamamoto_q02,yamamoto,山本隆司,q02,2,東京大学の教育に対するお考えをお聞かせ下さい。,candidate_question,analysis_term_no_stopwords,出来る,0.003816793893129771,1.4054651081081644,0.005364370641634215,1,3,262,124
yamamoto_q02,yamamoto,山本隆司,q02,2,東京大学の教育に対するお考えをお聞かせ下さい。,candidate_question,analysis_term_no_stopwords,学部,0.003816793893129771,1.4054651081081644,0.005364370641634215,1,3,262,125
yamamoto_q02,yamamoto,山本隆司,q02,2,東京大学の教育に対するお考えをお聞かせ下さい。,candidate_question,analysis_term_no_stopwords,為,0.003816793893129771,1.4054651081081644,0.005364370641634215,1,3,262,126
yamamoto_q02,yamamoto,山本隆司,q02,2,東京大学の教育に対するお考えをお聞かせ下さい。,candidate_question,analysis_term_no_stopwords,育成,0.003816793893129771,1.4054651081081644,0.005364370641634215,1,3,262,127
yamamoto_q02,yamamoto,山本隆司,q02,2,東京大学の教育に対するお考えをお聞かせ下さい。,candidate_question,analysis_term_no_stopwords,課程,0.003816793893129771,1.4054651081081644,0.005364370641634215,1,3,262,128
yamamoto_q02,yamamoto,山本隆司,q02,2,東京大学の教育に対するお考えをお聞かせ下さい。,candidate_question,analysis_term_no_stopwords,必要,0.003816793893129771,1.1823215567939547,0.00451267769768685,1,4,262,129
yamamoto_q02,yamamoto,山本隆司,q02,2,東京大学の教育に対するお考えをお聞かせ下さい。,candidate_question,analysis_term_no_stopwords,教養,0.003816793893129771,1.1823215567939547,0.00451267769768685,1,4,262,130
fujigaki_q03,fujigaki,藤垣裕子,q03,3,東京大学の研究に対するお考えをお聞かせ下さい。,candidate_question,analysis_term_no_stopwords,世界,0.04424778761061947,1.6931471805599454,0.07491801683893563,5,2,113,1
fujigaki_q03,fujigaki,藤垣裕子,q03,3,東京大学の研究に対するお考えをお聞かせ下さい。,candidate_question,analysis_term_no_stopwords,居る,0.04424778761061947,1.1823215567939547,0.05231511313247587,5,4,113,2
fujigaki_q03,fujigaki,藤垣裕子,q03,3,東京大学の研究に対するお考えをお聞かせ下さい。,candidate_question,analysis_term_no_stopwords,日本,0.02654867256637168,1.6931471805599454,0.04495081010336138,3,2,113,3
fujigaki_q03,fujigaki,藤垣裕子,q03,3,東京大学の研究に対するお考えをお聞かせ下さい。,candidate_question,analysis_term_no_stopwords,有る,0.04424778761061947,1.0,0.04424778761061947,5,5,113,4
fujigaki_q03,fujigaki,藤垣裕子,q03,3,東京大学の研究に対するお考えをお聞かせ下さい。,candidate_question,analysis_term_no_stopwords,為,0.02654867256637168,1.4054651081081644,0.037313232958623835,3,3,113,5
fujigaki_q03,fujigaki,藤垣裕子,q03,3,東京大学の研究に対するお考えをお聞かせ下さい。,candidate_question,analysis_term_no_stopwords,中,0.017699115044247787,2.09861228866811,0.03714358033040903,2,1,113,6
fujigaki_q03,fujigaki,藤垣裕子,q03,3,東京大学の研究に対するお考えをお聞かせ下さい。,candidate_question,analysis_term_no_stopwords,原子,0.017699115044247787,2.09861228866811,0.03714358033040903,2,1,113,7
fujigaki_q03,fujigaki,藤垣裕子,q03,3,東京大学の研究に対するお考えをお聞かせ下さい。,candidate_question,analysis_term_no_stopwords,地震,0.017699115044247787,2.09861228866811,0.03714358033040903,2,1,113,8
fujigaki_q03,fujigaki,藤垣裕子,q03,3,東京大学の研究に対するお考えをお聞かせ下さい。,candidate_question,analysis_term_no_stopwords,多い,0.017699115044247787,2.09861228866811,0.03714358033040903,2,1,113,9
fujigaki_q03,fujigaki,藤垣裕子,q03,3,東京大学の研究に対するお考えをお聞かせ下さい。,candidate_question,analysis_term_no_stopwords,津波,0.017699115044247787,2.09861228866811,0.03714358033040903,2,1,113,10
fujigaki_q03,fujigaki,藤垣裕子,q03,3,東京大学の研究に対するお考えをお聞かせ下さい。,candidate_question,analysis_term_no_stopwords,行政,0.017699115044247787,2.09861228866811,0.03714358033040903,2,1,113,11
fujigaki_q03,fujigaki,藤垣裕子,q03,3,東京大学の研究に対するお考えをお聞かせ下さい。,candidate_question,analysis_term_no_stopwords,間,0.017699115044247787,2.09861228866811,0.03714358033040903,2,1,113,12
fujigaki_q03,fujigaki,藤垣裕子,q03,3,東京大学の研究に対するお考えをお聞かせ下さい。,candidate_question,analysis_term_no_stopwords,事,0.035398230088495575,1.0,0.035398230088495575,4,5,113,13
fujigaki_q03,fujigaki,藤垣裕子,q03,3,東京大学の研究に対するお考えをお聞かせ下さい。,candidate_question,analysis_term_no_stopwords,為る,0.035398230088495575,1.0,0.035398230088495575,4,5,113,14
fujigaki_q03,fujigaki,藤垣裕子,q03,3,東京大学の研究に対するお考えをお聞かせ下さい。,candidate_question,analysis_term_no_stopwords,分野,0.02654867256637168,1.1823215567939547,0.03138906787948552,3,4,113,15
fujigaki_q03,fujigaki,藤垣裕子,q03,3,東京大学の研究に対するお考えをお聞かせ下さい。,candidate_question,analysis_term_no_stopwords,トップ-top,0.017699115044247787,1.6931471805599454,0.029967206735574254,2,2,113,16
fujigaki_q03,fujigaki,藤垣裕子,q03,3,東京大学の研究に対するお考えをお聞かせ下さい。,candidate_question,analysis_term_no_stopwords,環境,0.017699115044247787,1.6931471805599454,0.029967206735574254,2,2,113,17
fujigaki_q03,fujigaki,藤垣裕子,q03,3,東京大学の研究に対するお考えをお聞かせ下さい。,candidate_question,analysis_term_no_stopwords,知見,0.017699115044247787,1.6931471805599454,0.029967206735574254,2,2,113,18
fujigaki_q03,fujigaki,藤垣裕子,q03,3,東京大学の研究に対するお考えをお聞かせ下さい。,candidate_question,analysis_term_no_stopwords,連携,0.017699115044247787,1.6931471805599454,0.029967206735574254,2,2,113,19
fujigaki_q03,fujigaki,藤垣裕子,q03,3,東京大学の研究に対するお考えをお聞かせ下さい。,candidate_question,analysis_term_no_stopwords,必要,0.017699115044247787,1.4054651081081644,0.024875488639082555,2,3,113,20
fujigaki_q03,fujigaki,藤垣裕子,q03,3,東京大学の研究に対するお考えをお聞かせ下さい。,candidate_question,analysis_term_no_stopwords,生かす,0.017699115044247787,1.4054651081081644,0.024875488639082555,2,3,113,21
fujigaki_q03,fujigaki,藤垣裕子,q03,3,東京大学の研究に対するお考えをお聞かせ下さい。,candidate_question,analysis_term_no_stopwords,言う,0.017699115044247787,1.4054651081081644,0.024875488639082555,2,3,113,22
fujigaki_q03,fujigaki,藤垣裕子,q03,3,東京大学の研究に対するお考えをお聞かせ下さい。,candidate_question,analysis_term_no_stopwords,クラス-class,0.008849557522123894,2.09861228866811,0.018571790165204514,1,1,113,23
fujigaki_q03,fujigaki,藤垣裕子,q03,3,東京大学の研究に対するお考えをお聞かせ下さい。,candidate_question,analysis_term_no_stopwords,プレステージ-prestige,0.008849557522123894,2.09861228866811,0.018571790165204514,1,1,113,24
fujigaki_q03,fujigaki,藤垣裕子,q03,3,東京大学の研究に対するお考えをお聞かせ下さい。,candidate_question,analysis_term_no_stopwords,プレゼンス-presence,0.008849557522123894,2.09861228866811,0.018571790165204514,1,1,113,25
fujigaki_q03,fujigaki,藤垣裕子,q03,3,東京大学の研究に対するお考えをお聞かせ下さい。,candidate_question,analysis_term_no_stopwords,レベル-level,0.008849557522123894,2.09861228866811,0.018571790165204514,1,1,113,26
fujigaki_q03,fujigaki,藤垣裕子,q03,3,東京大学の研究に対するお考えをお聞かせ下さい。,candidate_question,analysis_term_no_stopwords,予算,0.008849557522123894,2.09861228866811,0.018571790165204514,1,1,113,27
fujigaki_q03,fujigaki,藤垣裕子,q03,3,東京大学の研究に対するお考えをお聞かせ下さい。,candidate_question,analysis_term_no_stopwords,事故,0.008849557522123894,2.09861228866811,0.018571790165204514,1,1,113,28
fujigaki_q03,fujigaki,藤垣裕子,q03,3,東京大学の研究に対するお考えをお聞かせ下さい。,candidate_question,analysis_term_no_stopwords,仕舞う,0.008849557522123894,2.09861228866811,0.018571790165204514,1,1,113,29
fujigaki_q03,fujigaki,藤垣裕子,q03,3,東京大学の研究に対するお考えをお聞かせ下さい。,candidate_question,analysis_term_no_stopwords,伝わる,0.008849557522123894,2.09861228866811,0.018571790165204514,1,1,113,30
fujigaki_q03,fujigaki,藤垣裕子,q03,3,東京大学の研究に対するお考えをお聞かせ下さい。,candidate_question,analysis_term_no_stopwords,保つ,0.008849557522123894,2.09861228866811,0.018571790165204514,1,1,113,31
fujigaki_q03,fujigaki,藤垣裕子,q03,3,東京大学の研究に対するお考えをお聞かせ下さい。,candidate_question,analysis_term_no_stopwords,充実,0.008849557522123894,2.09861228866811,0.018571790165204514,1,1,113,32
fujigaki_q03,fujigaki,藤垣裕子,q03,3,東京大学の研究に対するお考えをお聞かせ下さい。,candidate_question,analysis_term_no_stopwords,同僚,0.008849557522123894,2.09861228866811,0.018571790165204514,1,1,113,33
fujigaki_q03,fujigaki,藤垣裕子,q03,3,東京大学の研究に対するお考えをお聞かせ下さい。,candidate_question,analysis_term_no_stopwords,同時,0.008849557522123894,2.09861228866811,0.018571790165204514,1,1,113,34
fujigaki_q03,fujigaki,藤垣裕子,q03,3,東京大学の研究に対するお考えをお聞かせ下さい。,candidate_question,analysis_term_no_stopwords,向上,0.008849557522123894,2.09861228866811,0.018571790165204514,1,1,113,35
fujigaki_q03,fujigaki,藤垣裕子,q03,3,東京大学の研究に対するお考えをお聞かせ下さい。,candidate_question,analysis_term_no_stopwords,問い,0.008849557522123894,2.09861228866811,0.018571790165204514,1,1,113,36
fujigaki_q03,fujigaki,藤垣裕子,q03,3,東京大学の研究に対するお考えをお聞かせ下さい。,candidate_question,analysis_term_no_stopwords,奉仕,0.008849557522123894,2.09861228866811,0.018571790165204514,1,1,113,37
fujigaki_q03,fujigaki,藤垣裕子,q03,3,東京大学の研究に対するお考えをお聞かせ下さい。,candidate_question,analysis_term_no_stopwords,学内,0.008849557522123894,2.09861228866811,0.018571790165204514,1,1,113,38
fujigaki_q03,fujigaki,藤垣裕子,q03,3,東京大学の研究に対するお考えをお聞かせ下さい。,candidate_question,analysis_term_no_stopwords,年,0.008849557522123894,2.09861228866811,0.018571790165204514,1,1,113,39
fujigaki_q03,fujigaki,藤垣裕子,q03,3,東京大学の研究に対するお考えをお聞かせ下さい。,candidate_question,analysis_term_no_stopwords,得る,0.008849557522123894,2.09861228866811,0.018571790165204514,1,1,113,40
fujigaki_q03,fujigaki,藤垣裕子,q03,3,東京大学の研究に対するお考えをお聞かせ下さい。,candidate_question,analysis_term_no_stopwords,必須,0.008849557522123894,2.09861228866811,0.018571790165204514,1,1,113,41
fujigaki_q03,fujigaki,藤垣裕子,q03,3,東京大学の研究に対するお考えをお聞かせ下さい。,candidate_question,analysis_term_no_stopwords,恵まれる,0.008849557522123894,2.09861228866811,0.018571790165204514,1,1,113,42
fujigaki_q03,fujigaki,藤垣裕子,q03,3,東京大学の研究に対するお考えをお聞かせ下さい。,candidate_question,analysis_term_no_stopwords,投げ掛ける,0.008849557522123894,2.09861228866811,0.018571790165204514,1,1,113,43
fujigaki_q03,fujigaki,藤垣裕子,q03,3,東京大学の研究に対するお考えをお聞かせ下さい。,candidate_question,analysis_term_no_stopwords,旨い,0.008849557522123894,2.09861228866811,0.018571790165204514,1,1,113,44
fujigaki_q03,fujigaki,藤垣裕子,q03,3,東京大学の研究に対するお考えをお聞かせ下さい。,candidate_question,analysis_term_no_stopwords,最新,0.008849557522123894,2.09861228866811,0.018571790165204514,1,1,113,45
fujigaki_q03,fujigaki,藤垣裕子,q03,3,東京大学の研究に対するお考えをお聞かせ下さい。,candidate_question,analysis_term_no_stopwords,東,0.008849557522123894,2.09861228866811,0.018571790165204514,1,1,113,46
fujigaki_q03,fujigaki,藤垣裕子,q03,3,東京大学の研究に対するお考えをお聞かせ下さい。,candidate_question,analysis_term_no_stopwords,歌う,0.008849557522123894,2.09861228866811,0.018571790165204514,1,1,113,47
fujigaki_q03,fujigaki,藤垣裕子,q03,3,東京大学の研究に対するお考えをお聞かせ下さい。,candidate_question,analysis_term_no_stopwords,海外,0.008849557522123894,2.09861228866811,0.018571790165204514,1,1,113,48
fujigaki_q03,fujigaki,藤垣裕子,q03,3,東京大学の研究に対するお考えをお聞かせ下さい。,candidate_question,analysis_term_no_stopwords,理由,0.008849557522123894,2.09861228866811,0.018571790165204514,1,1,113,49
fujigaki_q03,fujigaki,藤垣裕子,q03,3,東京大学の研究に対するお考えをお聞かせ下さい。,candidate_question,analysis_term_no_stopwords,立国,0.008849557522123894,2.09861228866811,0.018571790165204514,1,1,113,50
fujigaki_q03,fujigaki,藤垣裕子,q03,3,東京大学の研究に対するお考えをお聞かせ下さい。,candidate_question,analysis_term_no_stopwords,結集,0.008849557522123894,2.09861228866811,0.018571790165204514,1,1,113,51
fujigaki_q03,fujigaki,藤垣裕子,q03,3,東京大学の研究に対するお考えをお聞かせ下さい。,candidate_question,analysis_term_no_stopwords,繋がる,0.008849557522123894,2.09861228866811,0.018571790165204514,1,1,113,52
fujigaki_q03,fujigaki,藤垣裕子,q03,3,東京大学の研究に対するお考えをお聞かせ下さい。,candidate_question,analysis_term_no_stopwords,繋ぐ,0.008849557522123894,2.09861228866811,0.018571790165204514,1,1,113,53
fujigaki_q03,fujigaki,藤垣裕子,q03,3,東京大学の研究に対するお考えをお聞かせ下さい。,candidate_question,analysis_term_no_stopwords,聞く,0.008849557522123894,2.09861228866811,0.018571790165204514,1,1,113,54
fujigaki_q03,fujigaki,藤垣裕子,q03,3,東京大学の研究に対するお考えをお聞かせ下さい。,candidate_question,analysis_term_no_stopwords,設備,0.008849557522123894,2.09861228866811,0.018571790165204514,1,1,113,55
fujigaki_q03,fujigaki,藤垣裕子,q03,3,東京大学の研究に対するお考えをお聞かせ下さい。,candidate_question,analysis_term_no_stopwords,起こす,0.008849557522123894,2.09861228866811,0.018571790165204514,1,1,113,56
fujigaki_q03,fujigaki,藤垣裕子,q03,3,東京大学の研究に対するお考えをお聞かせ下さい。,candidate_question,analysis_term_no_stopwords,長年,0.008849557522123894,2.09861228866811,0.018571790165204514,1,1,113,57
fujigaki_q03,fujigaki,藤垣裕子,q03,3,東京大学の研究に対するお考えをお聞かせ下さい。,candidate_question,analysis_term_no_stopwords,集まる,0.008849557522123894,2.09861228866811,0.018571790165204514,1,1,113,58
fujigaki_q03,fujigaki,藤垣裕子,q03,3,東京大学の研究に対するお考えをお聞かせ下さい。,candidate_question,analysis_term_no_stopwords,震災,0.008849557522123894,2.09861228866811,0.018571790165204514,1,1,113,59
fujigaki_q03,fujigaki,藤垣裕子,q03,3,東京大学の研究に対するお考えをお聞かせ下さい。,candidate_question,analysis_term_no_stopwords,先端,0.008849557522123894,1.6931471805599454,0.014983603367787127,1,2,113,60
fujigaki_q03,fujigaki,藤垣裕子,q03,3,東京大学の研究に対するお考えをお聞かせ下さい。,candidate_question,analysis_term_no_stopwords,国際,0.008849557522123894,1.6931471805599454,0.014983603367787127,1,2,113,61
fujigaki_q03,fujigaki,藤垣裕子,q03,3,東京大学の研究に対するお考えをお聞かせ下さい。,candidate_question,analysis_term_no_stopwords,技術,0.008849557522123894,1.6931471805599454,0.014983603367787127,1,2,113,62
fujigaki_q03,fujigaki,藤垣裕子,q03,3,東京大学の研究に対するお考えをお聞かせ下さい。,candidate_question,analysis_term_no_stopwords,整える,0.008849557522123894,1.6931471805599454,0.014983603367787127,1,2,113,63
fujigaki_q03,fujigaki,藤垣裕子,q03,3,東京大学の研究に対するお考えをお聞かせ下さい。,candidate_question,analysis_term_no_stopwords,点,0.008849557522123894,1.6931471805599454,0.014983603367787127,1,2,113,64
fujigaki_q03,fujigaki,藤垣裕子,q03,3,東京大学の研究に対するお考えをお聞かせ下さい。,candidate_question,analysis_term_no_stopwords,考える,0.008849557522123894,1.6931471805599454,0.014983603367787127,1,2,113,65
fujigaki_q03,fujigaki,藤垣裕子,q03,3,東京大学の研究に対するお考えをお聞かせ下さい。,candidate_question,analysis_term_no_stopwords,自由,0.008849557522123894,1.6931471805599454,0.014983603367787127,1,2,113,66
fujigaki_q03,fujigaki,藤垣裕子,q03,3,東京大学の研究に対するお考えをお聞かせ下さい。,candidate_question,analysis_term_no_stopwords,関わる,0.008849557522123894,1.6931471805599454,0.014983603367787127,1,2,113,67
fujigaki_q03,fujigaki,藤垣裕子,q03,3,東京大学の研究に対するお考えをお聞かせ下さい。,candidate_question,analysis_term_no_stopwords,際,0.008849557522123894,1.6931471805599454,0.014983603367787127,1,2,113,68
fujigaki_q03,fujigaki,藤垣裕子,q03,3,東京大学の研究に対するお考えをお聞かせ下さい。,candidate_question,analysis_term_no_stopwords,公共,0.008849557522123894,1.4054651081081644,0.012437744319541278,1,3,113,69
fujigaki_q03,fujigaki,藤垣裕子,q03,3,東京大学の研究に対するお考えをお聞かせ下さい。,candidate_question,analysis_term_no_stopwords,出来る,0.008849557522123894,1.4054651081081644,0.012437744319541278,1,3,113,70
fujigaki_q03,fujigaki,藤垣裕子,q03,3,東京大学の研究に対するお考えをお聞かせ下さい。,candidate_question,analysis_term_no_stopwords,学術,0.008849557522123894,1.4054651081081644,0.012437744319541278,1,3,113,71
fujigaki_q03,fujigaki,藤垣裕子,q03,3,東京大学の研究に対するお考えをお聞かせ下さい。,candidate_question,analysis_term_no_stopwords,知,0.008849557522123894,1.4054651081081644,0.012437744319541278,1,3,113,72
fujigaki_q03,fujigaki,藤垣裕子,q03,3,東京大学の研究に対するお考えをお聞かせ下さい。,candidate_question,analysis_term_no_stopwords,科学,0.008849557522123894,1.1823215567939547,0.010463022626495174,1,4,113,73
fujigaki_q03,fujigaki,藤垣裕子,q03,3,東京大学の研究に対するお考えをお聞かせ下さい。,candidate_question,analysis_term_no_stopwords,トウキョウ,0.008849557522123894,1.0,0.008849557522123894,1,5,113,74
fujigaki_q03,fujigaki,藤垣裕子,q03,3,東京大学の研究に対するお考えをお聞かせ下さい。,candidate_question,analysis_term_no_stopwords,社会,0.008849557522123894,1.0,0.008849557522123894,1,5,113,75
ohkoshi_q03,ohkoshi,大越慎一,q03,3,東京大学の研究に対するお考えをお聞かせ下さい。,candidate_question,analysis_term_no_stopwords,為る,0.0641025641025641,1.0,0.0641025641025641,5,5,78,1
ohkoshi_q03,ohkoshi,大越慎一,q03,3,東京大学の研究に対するお考えをお聞かせ下さい。,candidate_question,analysis_term_no_stopwords,繋げる,0.02564102564102564,2.09861228866811,0.05381057150431051,2,1,78,2
ohkoshi_q03,ohkoshi,大越慎一,q03,3,東京大学の研究に対するお考えをお聞かせ下さい。,candidate_question,analysis_term_no_stopwords,科学,0.038461538461538464,1.1823215567939547,0.04547390603053672,3,4,78,3
ohkoshi_q03,ohkoshi,大越慎一,q03,3,東京大学の研究に対するお考えをお聞かせ下さい。,candidate_question,analysis_term_no_stopwords,世界,0.02564102564102564,1.6931471805599454,0.04341403027076783,2,2,78,4
ohkoshi_q03,ohkoshi,大越慎一,q03,3,東京大学の研究に対するお考えをお聞かせ下さい。,candidate_question,analysis_term_no_stopwords,価値,0.02564102564102564,1.6931471805599454,0.04341403027076783,2,2,78,5
ohkoshi_q03,ohkoshi,大越慎一,q03,3,東京大学の研究に対するお考えをお聞かせ下さい。,candidate_question,analysis_term_no_stopwords,創造,0.02564102564102564,1.6931471805599454,0.04341403027076783,2,2,78,6
ohkoshi_q03,ohkoshi,大越慎一,q03,3,東京大学の研究に対するお考えをお聞かせ下さい。,candidate_question,analysis_term_no_stopwords,学知,0.02564102564102564,1.6931471805599454,0.04341403027076783,2,2,78,7
ohkoshi_q03,ohkoshi,大越慎一,q03,3,東京大学の研究に対するお考えをお聞かせ下さい。,candidate_question,analysis_term_no_stopwords,有る,0.038461538461538464,1.0,0.038461538461538464,3,5,78,8
ohkoshi_q03,ohkoshi,大越慎一,q03,3,東京大学の研究に対するお考えをお聞かせ下さい。,candidate_question,analysis_term_no_stopwords,基礎,0.02564102564102564,1.4054651081081644,0.036037566874568314,2,3,78,9
ohkoshi_q03,ohkoshi,大越慎一,q03,3,東京大学の研究に対するお考えをお聞かせ下さい。,candidate_question,analysis_term_no_stopwords,分野,0.02564102564102564,1.1823215567939547,0.030315937353691143,2,4,78,10
ohkoshi_q03,ohkoshi,大越慎一,q03,3,東京大学の研究に対するお考えをお聞かせ下さい。,candidate_question,analysis_term_no_stopwords,無い,0.02564102564102564,1.1823215567939547,0.030315937353691143,2,4,78,11
ohkoshi_q03,ohkoshi,大越慎一,q03,3,東京大学の研究に対するお考えをお聞かせ下さい。,candidate_question,analysis_term_no_stopwords,gx,0.01282051282051282,2.09861228866811,0.026905285752155256,1,1,78,12
ohkoshi_q03,ohkoshi,大越慎一,q03,3,東京大学の研究に対するお考えをお聞かせ下さい。,candidate_question,analysis_term_no_stopwords,サイエンス-science,0.01282051282051282,2.09861228866811,0.026905285752155256,1,1,78,13
ohkoshi_q03,ohkoshi,大越慎一,q03,3,東京大学の研究に対するお考えをお聞かせ下さい。,candidate_question,analysis_term_no_stopwords,マテリアル-material,0.01282051282051282,2.09861228866811,0.026905285752155256,1,1,78,14
ohkoshi_q03,ohkoshi,大越慎一,q03,3,東京大学の研究に対するお考えをお聞かせ下さい。,candidate_question,analysis_term_no_stopwords,ライフ-life,0.01282051282051282,2.09861228866811,0.026905285752155256,1,1,78,15
ohkoshi_q03,ohkoshi,大越慎一,q03,3,東京大学の研究に対するお考えをお聞かせ下さい。,candidate_question,analysis_term_no_stopwords,一人一人,0.01282051282051282,2.09861228866811,0.026905285752155256,1,1,78,16
ohkoshi_q03,ohkoshi,大越慎一,q03,3,東京大学の研究に対するお考えをお聞かせ下さい。,candidate_question,analysis_term_no_stopwords,共,0.01282051282051282,2.09861228866811,0.026905285752155256,1,1,78,17
ohkoshi_q03,ohkoshi,大越慎一,q03,3,東京大学の研究に対するお考えをお聞かせ下さい。,candidate_question,analysis_term_no_stopwords,切り開く,0.01282051282051282,2.09861228866811,0.026905285752155256,1,1,78,18
ohkoshi_q03,ohkoshi,大越慎一,q03,3,東京大学の研究に対するお考えをお聞かせ下さい。,candidate_question,analysis_term_no_stopwords,医学,0.01282051282051282,2.09861228866811,0.026905285752155256,1,1,78,19
ohkoshi_q03,ohkoshi,大越慎一,q03,3,東京大学の研究に対するお考えをお聞かせ下さい。,candidate_question,analysis_term_no_stopwords,医療,0.01282051282051282,2.09861228866811,0.026905285752155256,1,1,78,20
ohkoshi_q03,ohkoshi,大越慎一,q03,3,東京大学の研究に対するお考えをお聞かせ下さい。,candidate_question,analysis_term_no_stopwords,半,0.01282051282051282,2.09861228866811,0.026905285752155256,1,1,78,21
ohkoshi_q03,ohkoshi,大越慎一,q03,3,東京大学の研究に対するお考えをお聞かせ下さい。,candidate_question,analysis_term_no_stopwords,国,0.01282051282051282,2.09861228866811,0.026905285752155256,1,1,78,22
ohkoshi_q03,ohkoshi,大越慎一,q03,3,東京大学の研究に対するお考えをお聞かせ下さい。,candidate_question,analysis_term_no_stopwords,多岐,0.01282051282051282,2.09861228866811,0.026905285752155256,1,1,78,23
ohkoshi_q03,ohkoshi,大越慎一,q03,3,東京大学の研究に対するお考えをお聞かせ下さい。,candidate_question,analysis_term_no_stopwords,学識,0.01282051282051282,2.09861228866811,0.026905285752155256,1,1,78,24
ohkoshi_q03,ohkoshi,大越慎一,q03,3,東京大学の研究に対するお考えをお聞かせ下さい。,candidate_question,analysis_term_no_stopwords,宇宙,0.01282051282051282,2.09861228866811,0.026905285752155256,1,1,78,25
ohkoshi_q03,ohkoshi,大越慎一,q03,3,東京大学の研究に対するお考えをお聞かせ下さい。,candidate_question,analysis_term_no_stopwords,導体,0.01282051282051282,2.09861228866811,0.026905285752155256,1,1,78,26
ohkoshi_q03,ohkoshi,大越慎一,q03,3,東京大学の研究に対するお考えをお聞かせ下さい。,candidate_question,analysis_term_no_stopwords,屈指,0.01282051282051282,2.09861228866811,0.026905285752155256,1,1,78,27
ohkoshi_q03,ohkoshi,大越慎一,q03,3,東京大学の研究に対するお考えをお聞かせ下さい。,candidate_question,analysis_term_no_stopwords,工学,0.01282051282051282,2.09861228866811,0.026905285752155256,1,1,78,28
ohkoshi_q03,ohkoshi,大越慎一,q03,3,東京大学の研究に対するお考えをお聞かせ下さい。,candidate_question,analysis_term_no_stopwords,新しい,0.01282051282051282,2.09861228866811,0.026905285752155256,1,1,78,29
ohkoshi_q03,ohkoshi,大越慎一,q03,3,東京大学の研究に対するお考えをお聞かせ下さい。,candidate_question,analysis_term_no_stopwords,未来,0.01282051282051282,2.09861228866811,0.026905285752155256,1,1,78,30
ohkoshi_q03,ohkoshi,大越慎一,q03,3,東京大学の研究に対するお考えをお聞かせ下さい。,candidate_question,analysis_term_no_stopwords,法学,0.01282051282051282,2.09861228866811,0.026905285752155256,1,1,78,31
ohkoshi_q03,ohkoshi,大越慎一,q03,3,東京大学の研究に対するお考えをお聞かせ下さい。,candidate_question,analysis_term_no_stopwords,海洋,0.01282051282051282,2.09861228866811,0.026905285752155256,1,1,78,32
ohkoshi_q03,ohkoshi,大越慎一,q03,3,東京大学の研究に対するお考えをお聞かせ下さい。,candidate_question,analysis_term_no_stopwords,渡る,0.01282051282051282,2.09861228866811,0.026905285752155256,1,1,78,33
ohkoshi_q03,ohkoshi,大越慎一,q03,3,東京大学の研究に対するお考えをお聞かせ下さい。,candidate_question,analysis_term_no_stopwords,源泉,0.01282051282051282,2.09861228866811,0.026905285752155256,1,1,78,34
ohkoshi_q03,ohkoshi,大越慎一,q03,3,東京大学の研究に対するお考えをお聞かせ下さい。,candidate_question,analysis_term_no_stopwords,発想,0.01282051282051282,2.09861228866811,0.026905285752155256,1,1,78,35
ohkoshi_q03,ohkoshi,大越慎一,q03,3,東京大学の研究に対するお考えをお聞かせ下さい。,candidate_question,analysis_term_no_stopwords,経済,0.01282051282051282,2.09861228866811,0.026905285752155256,1,1,78,36
ohkoshi_q03,ohkoshi,大越慎一,q03,3,東京大学の研究に対するお考えをお聞かせ下さい。,candidate_question,analysis_term_no_stopwords,薬学,0.01282051282051282,2.09861228866811,0.026905285752155256,1,1,78,37
ohkoshi_q03,ohkoshi,大越慎一,q03,3,東京大学の研究に対するお考えをお聞かせ下さい。,candidate_question,analysis_term_no_stopwords,農学,0.01282051282051282,2.09861228866811,0.026905285752155256,1,1,78,38
ohkoshi_q03,ohkoshi,大越慎一,q03,3,東京大学の研究に対するお考えをお聞かせ下さい。,candidate_question,analysis_term_no_stopwords,開拓,0.01282051282051282,2.09861228866811,0.026905285752155256,1,1,78,39
ohkoshi_q03,ohkoshi,大越慎一,q03,3,東京大学の研究に対するお考えをお聞かせ下さい。,candidate_question,analysis_term_no_stopwords,事,0.02564102564102564,1.0,0.02564102564102564,2,5,78,40
ohkoshi_q03,ohkoshi,大越慎一,q03,3,東京大学の研究に対するお考えをお聞かせ下さい。,candidate_question,analysis_term_no_stopwords,社会,0.02564102564102564,1.0,0.02564102564102564,2,5,78,41
ohkoshi_q03,ohkoshi,大越慎一,q03,3,東京大学の研究に対するお考えをお聞かせ下さい。,candidate_question,analysis_term_no_stopwords,イノベーション-innovation,0.01282051282051282,1.6931471805599454,0.021707015135383916,1,2,78,42
ohkoshi_q03,ohkoshi,大越慎一,q03,3,東京大学の研究に対するお考えをお聞かせ下さい。,candidate_question,analysis_term_no_stopwords,基づく,0.01282051282051282,1.6931471805599454,0.021707015135383916,1,2,78,43
ohkoshi_q03,ohkoshi,大越慎一,q03,3,東京大学の研究に対するお考えをお聞かせ下さい。,candidate_question,analysis_term_no_stopwords,好奇,0.01282051282051282,1.6931471805599454,0.021707015135383916,1,2,78,44
ohkoshi_q03,ohkoshi,大越慎一,q03,3,東京大学の研究に対するお考えをお聞かせ下さい。,candidate_question,analysis_term_no_stopwords,展開,0.01282051282051282,1.6931471805599454,0.021707015135383916,1,2,78,45
ohkoshi_q03,ohkoshi,大越慎一,q03,3,東京大学の研究に対するお考えをお聞かせ下さい。,candidate_question,analysis_term_no_stopwords,情報,0.01282051282051282,1.6931471805599454,0.021707015135383916,1,2,78,46
ohkoshi_q03,ohkoshi,大越慎一,q03,3,東京大学の研究に対するお考えをお聞かせ下さい。,candidate_question,analysis_term_no_stopwords,技術,0.01282051282051282,1.6931471805599454,0.021707015135383916,1,2,78,47
ohkoshi_q03,ohkoshi,大越慎一,q03,3,東京大学の研究に対するお考えをお聞かせ下さい。,candidate_question,analysis_term_no_stopwords,政策,0.01282051282051282,1.6931471805599454,0.021707015135383916,1,2,78,48
ohkoshi_q03,ohkoshi,大越慎一,q03,3,東京大学の研究に対するお考えをお聞かせ下さい。,candidate_question,analysis_term_no_stopwords,深い,0.01282051282051282,1.6931471805599454,0.021707015135383916,1,2,78,49
ohkoshi_q03,ohkoshi,大越慎一,q03,3,東京大学の研究に対するお考えをお聞かせ下さい。,candidate_question,analysis_term_no_stopwords,深化,0.01282051282051282,1.6931471805599454,0.021707015135383916,1,2,78,50
ohkoshi_q03,ohkoshi,大越慎一,q03,3,東京大学の研究に対するお考えをお聞かせ下さい。,candidate_question,analysis_term_no_stopwords,物,0.01282051282051282,1.6931471805599454,0.021707015135383916,1,2,78,51
ohkoshi_q03,ohkoshi,大越慎一,q03,3,東京大学の研究に対するお考えをお聞かせ下さい。,candidate_question,analysis_term_no_stopwords,自然,0.01282051282051282,1.6931471805599454,0.021707015135383916,1,2,78,52
ohkoshi_q03,ohkoshi,大越慎一,q03,3,東京大学の研究に対するお考えをお聞かせ下さい。,candidate_question,analysis_term_no_stopwords,自由,0.01282051282051282,1.6931471805599454,0.021707015135383916,1,2,78,53
ohkoshi_q03,ohkoshi,大越慎一,q03,3,東京大学の研究に対するお考えをお聞かせ下さい。,candidate_question,analysis_term_no_stopwords,ai,0.01282051282051282,1.4054651081081644,0.018018783437284157,1,3,78,54
ohkoshi_q03,ohkoshi,大越慎一,q03,3,東京大学の研究に対するお考えをお聞かせ下さい。,candidate_question,analysis_term_no_stopwords,人文,0.01282051282051282,1.4054651081081644,0.018018783437284157,1,3,78,55
ohkoshi_q03,ohkoshi,大越慎一,q03,3,東京大学の研究に対するお考えをお聞かせ下さい。,candidate_question,analysis_term_no_stopwords,公共,0.01282051282051282,1.4054651081081644,0.018018783437284157,1,3,78,56
ohkoshi_q03,ohkoshi,大越慎一,q03,3,東京大学の研究に対するお考えをお聞かせ下さい。,candidate_question,analysis_term_no_stopwords,於く,0.01282051282051282,1.4054651081081644,0.018018783437284157,1,3,78,57
ohkoshi_q03,ohkoshi,大越慎一,q03,3,東京大学の研究に対するお考えをお聞かせ下さい。,candidate_question,analysis_term_no_stopwords,課題,0.01282051282051282,1.4054651081081644,0.018018783437284157,1,3,78,58
ohkoshi_q03,ohkoshi,大越慎一,q03,3,東京大学の研究に対するお考えをお聞かせ下さい。,candidate_question,analysis_term_no_stopwords,成る,0.01282051282051282,1.1823215567939547,0.015157968676845572,1,4,78,59
ohkoshi_q03,ohkoshi,大越慎一,q03,3,東京大学の研究に対するお考えをお聞かせ下さい。,candidate_question,analysis_term_no_stopwords,トウキョウ,0.01282051282051282,1.0,0.01282051282051282,1,5,78,60
someya_q03,someya,染谷隆夫,q03,3,東京大学の研究に対するお考えをお聞かせ下さい。,candidate_question,analysis_term_no_stopwords,為る,0.08403361344537816,1.0,0.08403361344537816,10,5,119,1
someya_q03,someya,染谷隆夫,q03,3,東京大学の研究に対するお考えをお聞かせ下さい。,candidate_question,analysis_term_no_stopwords,制度,0.025210084033613446,2.09861228866811,0.05290619215129689,3,1,119,2
someya_q03,someya,染谷隆夫,q03,3,東京大学の研究に対するお考えをお聞かせ下さい。,candidate_question,analysis_term_no_stopwords,尊重,0.025210084033613446,2.09861228866811,0.05290619215129689,3,1,119,3
someya_q03,someya,染谷隆夫,q03,3,東京大学の研究に対するお考えをお聞かせ下さい。,candidate_question,analysis_term_no_stopwords,最大,0.025210084033613446,2.09861228866811,0.05290619215129689,3,1,119,4
someya_q03,someya,染谷隆夫,q03,3,東京大学の研究に対するお考えをお聞かせ下さい。,candidate_question,analysis_term_no_stopwords,有る,0.04201680672268908,1.0,0.04201680672268908,5,5,119,5
someya_q03,someya,染谷隆夫,q03,3,東京大学の研究に対するお考えをお聞かせ下さい。,candidate_question,analysis_term_no_stopwords,人類,0.01680672268907563,2.09861228866811,0.03527079476753126,2,1,119,6
someya_q03,someya,染谷隆夫,q03,3,東京大学の研究に対するお考えをお聞かせ下さい。,candidate_question,analysis_term_no_stopwords,使命,0.01680672268907563,2.09861228866811,0.03527079476753126,2,1,119,7
someya_q03,someya,染谷隆夫,q03,3,東京大学の研究に対するお考えをお聞かせ下さい。,candidate_question,analysis_term_no_stopwords,担う,0.01680672268907563,2.09861228866811,0.03527079476753126,2,1,119,8
someya_q03,someya,染谷隆夫,q03,3,東京大学の研究に対するお考えをお聞かせ下さい。,candidate_question,analysis_term_no_stopwords,探究,0.01680672268907563,2.09861228866811,0.03527079476753126,2,1,119,9
someya_q03,someya,染谷隆夫,q03,3,東京大学の研究に対するお考えをお聞かせ下さい。,candidate_question,analysis_term_no_stopwords,社会,0.03361344537815126,1.0,0.03361344537815126,4,5,119,10
someya_q03,someya,染谷隆夫,q03,3,東京大学の研究に対するお考えをお聞かせ下さい。,candidate_question,analysis_term_no_stopwords,創造,0.01680672268907563,1.6931471805599454,0.028456255135461267,2,2,119,11
someya_q03,someya,染谷隆夫,q03,3,東京大学の研究に対するお考えをお聞かせ下さい。,candidate_question,analysis_term_no_stopwords,整える,0.01680672268907563,1.6931471805599454,0.028456255135461267,2,2,119,12
someya_q03,someya,染谷隆夫,q03,3,東京大学の研究に対するお考えをお聞かせ下さい。,candidate_question,analysis_term_no_stopwords,本部,0.01680672268907563,1.6931471805599454,0.028456255135461267,2,2,119,13
someya_q03,someya,染谷隆夫,q03,3,東京大学の研究に対するお考えをお聞かせ下さい。,candidate_question,analysis_term_no_stopwords,現場,0.01680672268907563,1.6931471805599454,0.028456255135461267,2,2,119,14
someya_q03,someya,染谷隆夫,q03,3,東京大学の研究に対するお考えをお聞かせ下さい。,candidate_question,analysis_term_no_stopwords,環境,0.01680672268907563,1.6931471805599454,0.028456255135461267,2,2,119,15
someya_q03,someya,染谷隆夫,q03,3,東京大学の研究に対するお考えをお聞かせ下さい。,candidate_question,analysis_term_no_stopwords,領域,0.01680672268907563,1.6931471805599454,0.028456255135461267,2,2,119,16
someya_q03,someya,染谷隆夫,q03,3,東京大学の研究に対するお考えをお聞かせ下さい。,candidate_question,analysis_term_no_stopwords,トウキョウ,0.025210084033613446,1.0,0.025210084033613446,3,5,119,17
someya_q03,someya,染谷隆夫,q03,3,東京大学の研究に対するお考えをお聞かせ下さい。,candidate_question,analysis_term_no_stopwords,事,0.025210084033613446,1.0,0.025210084033613446,3,5,119,18
someya_q03,someya,染谷隆夫,q03,3,東京大学の研究に対するお考えをお聞かせ下さい。,candidate_question,analysis_term_no_stopwords,居る,0.01680672268907563,1.1823215567939547,0.01987095053435218,2,4,119,19
someya_q03,someya,染谷隆夫,q03,3,東京大学の研究に対するお考えをお聞かせ下さい。,candidate_question,analysis_term_no_stopwords,アイディア-idea,0.008403361344537815,2.09861228866811,0.01763539738376563,1,1,119,20
someya_q03,someya,染谷隆夫,q03,3,東京大学の研究に対するお考えをお聞かせ下さい。,candidate_question,analysis_term_no_stopwords,アカデミア-academia,0.008403361344537815,2.09861228866811,0.01763539738376563,1,1,119,21
someya_q03,someya,染谷隆夫,q03,3,東京大学の研究に対するお考えをお聞かせ下さい。,candidate_question,analysis_term_no_stopwords,シニア-senior,0.008403361344537815,2.09861228866811,0.01763539738376563,1,1,119,22
someya_q03,someya,染谷隆夫,q03,3,東京大学の研究に対するお考えをお聞かせ下さい。,candidate_question,analysis_term_no_stopwords,リスク-risk,0.008403361344537815,2.09861228866811,0.01763539738376563,1,1,119,23
someya_q03,someya,染谷隆夫,q03,3,東京大学の研究に対するお考えをお聞かせ下さい。,candidate_question,analysis_term_no_stopwords,世,0.008403361344537815,2.09861228866811,0.01763539738376563,1,1,119,24
someya_q03,someya,染谷隆夫,q03,3,東京大学の研究に対するお考えをお聞かせ下さい。,candidate_question,analysis_term_no_stopwords,世代,0.008403361344537815,2.09861228866811,0.01763539738376563,1,1,119,25
someya_q03,someya,染谷隆夫,q03,3,東京大学の研究に対するお考えをお聞かせ下さい。,candidate_question,analysis_term_no_stopwords,中堅,0.008403361344537815,2.09861228866811,0.01763539738376563,1,1,119,26
someya_q03,someya,染谷隆夫,q03,3,東京大学の研究に対するお考えをお聞かせ下さい。,candidate_question,analysis_term_no_stopwords,低減,0.008403361344537815,2.09861228866811,0.01763539738376563,1,1,119,27
someya_q03,someya,染谷隆夫,q03,3,東京大学の研究に対するお考えをお聞かせ下さい。,candidate_question,analysis_term_no_stopwords,個人,0.008403361344537815,2.09861228866811,0.01763539738376563,1,1,119,28
someya_q03,someya,染谷隆夫,q03,3,東京大学の研究に対するお考えをお聞かせ下さい。,candidate_question,analysis_term_no_stopwords,其々,0.008403361344537815,2.09861228866811,0.01763539738376563,1,1,119,29
someya_q03,someya,染谷隆夫,q03,3,東京大学の研究に対するお考えをお聞かせ下さい。,candidate_question,analysis_term_no_stopwords,加速,0.008403361344537815,2.09861228866811,0.01763539738376563,1,1,119,30
someya_q03,someya,染谷隆夫,q03,3,東京大学の研究に対するお考えをお聞かせ下さい。,candidate_question,analysis_term_no_stopwords,努める,0.008403361344537815,2.09861228866811,0.01763539738376563,1,1,119,31
someya_q03,someya,染谷隆夫,q03,3,東京大学の研究に対するお考えをお聞かせ下さい。,candidate_question,analysis_term_no_stopwords,協働,0.008403361344537815,2.09861228866811,0.01763539738376563,1,1,119,32
someya_q03,someya,染谷隆夫,q03,3,東京大学の研究に対するお考えをお聞かせ下さい。,candidate_question,analysis_term_no_stopwords,基本,0.008403361344537815,2.09861228866811,0.01763539738376563,1,1,119,33
someya_q03,someya,染谷隆夫,q03,3,東京大学の研究に対するお考えをお聞かせ下さい。,candidate_question,analysis_term_no_stopwords,基準,0.008403361344537815,2.09861228866811,0.01763539738376563,1,1,119,34
someya_q03,someya,染谷隆夫,q03,3,東京大学の研究に対するお考えをお聞かせ下さい。,candidate_question,analysis_term_no_stopwords,境界,0.008403361344537815,2.09861228866811,0.01763539738376563,1,1,119,35
someya_q03,someya,染谷隆夫,q03,3,東京大学の研究に対するお考えをお聞かせ下さい。,candidate_question,analysis_term_no_stopwords,安心,0.008403361344537815,2.09861228866811,0.01763539738376563,1,1,119,36
someya_q03,someya,染谷隆夫,q03,3,東京大学の研究に対するお考えをお聞かせ下さい。,candidate_question,analysis_term_no_stopwords,引き出す,0.008403361344537815,2.09861228866811,0.01763539738376563,1,1,119,37
someya_q03,someya,染谷隆夫,q03,3,東京大学の研究に対するお考えをお聞かせ下さい。,candidate_question,analysis_term_no_stopwords,役割,0.008403361344537815,2.09861228866811,0.01763539738376563,1,1,119,38
someya_q03,someya,染谷隆夫,q03,3,東京大学の研究に対するお考えをお聞かせ下さい。,candidate_question,analysis_term_no_stopwords,思想,0.008403361344537815,2.09861228866811,0.01763539738376563,1,1,119,39
someya_q03,someya,染谷隆夫,q03,3,東京大学の研究に対するお考えをお聞かせ下さい。,candidate_question,analysis_term_no_stopwords,抱え込む,0.008403361344537815,2.09861228866811,0.01763539738376563,1,1,119,40
someya_q03,someya,染谷隆夫,q03,3,東京大学の研究に対するお考えをお聞かせ下さい。,candidate_question,analysis_term_no_stopwords,挑戦,0.008403361344537815,2.09861228866811,0.01763539738376563,1,1,119,41
someya_q03,someya,染谷隆夫,q03,3,東京大学の研究に対するお考えをお聞かせ下さい。,candidate_question,analysis_term_no_stopwords,日々,0.008403361344537815,2.09861228866811,0.01763539738376563,1,1,119,42
someya_q03,someya,染谷隆夫,q03,3,東京大学の研究に対するお考えをお聞かせ下さい。,candidate_question,analysis_term_no_stopwords,未知,0.008403361344537815,2.09861228866811,0.01763539738376563,1,1,119,43
someya_q03,someya,染谷隆夫,q03,3,東京大学の研究に対するお考えをお聞かせ下さい。,candidate_question,analysis_term_no_stopwords,本質,0.008403361344537815,2.09861228866811,0.01763539738376563,1,1,119,44
someya_q03,someya,染谷隆夫,q03,3,東京大学の研究に対するお考えをお聞かせ下さい。,candidate_question,analysis_term_no_stopwords,流行,0.008403361344537815,2.09861228866811,0.01763539738376563,1,1,119,45
someya_q03,someya,染谷隆夫,q03,3,東京大学の研究に対するお考えをお聞かせ下さい。,candidate_question,analysis_term_no_stopwords,理解,0.008403361344537815,2.09861228866811,0.01763539738376563,1,1,119,46
someya_q03,someya,染谷隆夫,q03,3,東京大学の研究に対するお考えをお聞かせ下さい。,candidate_question,analysis_term_no_stopwords,確立,0.008403361344537815,2.09861228866811,0.01763539738376563,1,1,119,47
someya_q03,someya,染谷隆夫,q03,3,東京大学の研究に対するお考えをお聞かせ下さい。,candidate_question,analysis_term_no_stopwords,経験,0.008403361344537815,2.09861228866811,0.01763539738376563,1,1,119,48
someya_q03,someya,染谷隆夫,q03,3,東京大学の研究に対するお考えをお聞かせ下さい。,candidate_question,analysis_term_no_stopwords,継承,0.008403361344537815,2.09861228866811,0.01763539738376563,1,1,119,49
someya_q03,someya,染谷隆夫,q03,3,東京大学の研究に対するお考えをお聞かせ下さい。,candidate_question,analysis_term_no_stopwords,自律,0.008403361344537815,2.09861228866811,0.01763539738376563,1,1,119,50
someya_q03,someya,染谷隆夫,q03,3,東京大学の研究に対するお考えをお聞かせ下さい。,candidate_question,analysis_term_no_stopwords,自身,0.008403361344537815,2.09861228866811,0.01763539738376563,1,1,119,51
someya_q03,someya,染谷隆夫,q03,3,東京大学の研究に対するお考えをお聞かせ下さい。,candidate_question,analysis_term_no_stopwords,若手,0.008403361344537815,2.09861228866811,0.01763539738376563,1,1,119,52
someya_q03,someya,染谷隆夫,q03,3,東京大学の研究に対するお考えをお聞かせ下さい。,candidate_question,analysis_term_no_stopwords,裁量,0.008403361344537815,2.09861228866811,0.01763539738376563,1,1,119,53
someya_q03,someya,染谷隆夫,q03,3,東京大学の研究に対するお考えをお聞かせ下さい。,candidate_question,analysis_term_no_stopwords,遺産,0.008403361344537815,2.09861228866811,0.01763539738376563,1,1,119,54
someya_q03,someya,染谷隆夫,q03,3,東京大学の研究に対するお考えをお聞かせ下さい。,candidate_question,analysis_term_no_stopwords,阿る,0.008403361344537815,2.09861228866811,0.01763539738376563,1,1,119,55
someya_q03,someya,染谷隆夫,q03,3,東京大学の研究に対するお考えをお聞かせ下さい。,candidate_question,analysis_term_no_stopwords,価値,0.008403361344537815,1.6931471805599454,0.014228127567730633,1,2,119,56
someya_q03,someya,染谷隆夫,q03,3,東京大学の研究に対するお考えをお聞かせ下さい。,candidate_question,analysis_term_no_stopwords,先端,0.008403361344537815,1.6931471805599454,0.014228127567730633,1,2,119,57
someya_q03,someya,染谷隆夫,q03,3,東京大学の研究に対するお考えをお聞かせ下さい。,candidate_question,analysis_term_no_stopwords,取り組む,0.008403361344537815,1.6931471805599454,0.014228127567730633,1,2,119,58
someya_q03,someya,染谷隆夫,q03,3,東京大学の研究に対するお考えをお聞かせ下さい。,candidate_question,analysis_term_no_stopwords,基づく,0.008403361344537815,1.6931471805599454,0.014228127567730633,1,2,119,59
someya_q03,someya,染谷隆夫,q03,3,東京大学の研究に対するお考えをお聞かせ下さい。,candidate_question,analysis_term_no_stopwords,好奇,0.008403361344537815,1.6931471805599454,0.014228127567730633,1,2,119,60
someya_q03,someya,染谷隆夫,q03,3,東京大学の研究に対するお考えをお聞かせ下さい。,candidate_question,analysis_term_no_stopwords,対応,0.008403361344537815,1.6931471805599454,0.014228127567730633,1,2,119,61
someya_q03,someya,染谷隆夫,q03,3,東京大学の研究に対するお考えをお聞かせ下さい。,candidate_question,analysis_term_no_stopwords,専門,0.008403361344537815,1.6931471805599454,0.014228127567730633,1,2,119,62
someya_q03,someya,染谷隆夫,q03,3,東京大学の研究に対するお考えをお聞かせ下さい。,candidate_question,analysis_term_no_stopwords,支援,0.008403361344537815,1.6931471805599454,0.014228127567730633,1,2,119,63
someya_q03,someya,染谷隆夫,q03,3,東京大学の研究に対するお考えをお聞かせ下さい。,candidate_question,analysis_term_no_stopwords,整備,0.008403361344537815,1.6931471805599454,0.014228127567730633,1,2,119,64
someya_q03,someya,染谷隆夫,q03,3,東京大学の研究に対するお考えをお聞かせ下さい。,candidate_question,analysis_term_no_stopwords,文化,0.008403361344537815,1.6931471805599454,0.014228127567730633,1,2,119,65
someya_q03,someya,染谷隆夫,q03,3,東京大学の研究に対するお考えをお聞かせ下さい。,candidate_question,analysis_term_no_stopwords,歴史,0.008403361344537815,1.6931471805599454,0.014228127567730633,1,2,119,66
someya_q03,someya,染谷隆夫,q03,3,東京大学の研究に対するお考えをお聞かせ下さい。,candidate_question,analysis_term_no_stopwords,法,0.008403361344537815,1.6931471805599454,0.014228127567730633,1,2,119,67
someya_q03,someya,染谷隆夫,q03,3,東京大学の研究に対するお考えをお聞かせ下さい。,candidate_question,analysis_term_no_stopwords,深い,0.008403361344537815,1.6931471805599454,0.014228127567730633,1,2,119,68
someya_q03,someya,染谷隆夫,q03,3,東京大学の研究に対するお考えをお聞かせ下さい。,candidate_question,analysis_term_no_stopwords,示す,0.008403361344537815,1.6931471805599454,0.014228127567730633,1,2,119,69
someya_q03,someya,染谷隆夫,q03,3,東京大学の研究に対するお考えをお聞かせ下さい。,candidate_question,analysis_term_no_stopwords,築く,0.008403361344537815,1.6931471805599454,0.014228127567730633,1,2,119,70
someya_q03,someya,染谷隆夫,q03,3,東京大学の研究に対するお考えをお聞かせ下さい。,candidate_question,analysis_term_no_stopwords,組織,0.008403361344537815,1.6931471805599454,0.014228127567730633,1,2,119,71
someya_q03,someya,染谷隆夫,q03,3,東京大学の研究に対するお考えをお聞かせ下さい。,candidate_question,analysis_term_no_stopwords,言語,0.008403361344537815,1.6931471805599454,0.014228127567730633,1,2,119,72
someya_q03,someya,染谷隆夫,q03,3,東京大学の研究に対するお考えをお聞かせ下さい。,candidate_question,analysis_term_no_stopwords,還元,0.008403361344537815,1.6931471805599454,0.014228127567730633,1,2,119,73
someya_q03,someya,染谷隆夫,q03,3,東京大学の研究に対するお考えをお聞かせ下さい。,candidate_question,analysis_term_no_stopwords,部局,0.008403361344537815,1.6931471805599454,0.014228127567730633,1,2,119,74
someya_q03,someya,染谷隆夫,q03,3,東京大学の研究に対するお考えをお聞かせ下さい。,candidate_question,analysis_term_no_stopwords,公共,0.008403361344537815,1.4054651081081644,0.011810631160572809,1,3,119,75
someya_q03,someya,染谷隆夫,q03,3,東京大学の研究に対するお考えをお聞かせ下さい。,candidate_question,analysis_term_no_stopwords,出来る,0.008403361344537815,1.4054651081081644,0.011810631160572809,1,3,119,76
someya_q03,someya,染谷隆夫,q03,3,東京大学の研究に対するお考えをお聞かせ下さい。,candidate_question,analysis_term_no_stopwords,学術,0.008403361344537815,1.4054651081081644,0.011810631160572809,1,3,119,77
someya_q03,someya,染谷隆夫,q03,3,東京大学の研究に対するお考えをお聞かせ下さい。,candidate_question,analysis_term_no_stopwords,生かす,0.008403361344537815,1.4054651081081644,0.011810631160572809,1,3,119,78
someya_q03,someya,染谷隆夫,q03,3,東京大学の研究に対するお考えをお聞かせ下さい。,candidate_question,analysis_term_no_stopwords,知,0.008403361344537815,1.4054651081081644,0.011810631160572809,1,3,119,79
someya_q03,someya,染谷隆夫,q03,3,東京大学の研究に対するお考えをお聞かせ下さい。,candidate_question,analysis_term_no_stopwords,課題,0.008403361344537815,1.4054651081081644,0.011810631160572809,1,3,119,80
someya_q03,someya,染谷隆夫,q03,3,東京大学の研究に対するお考えをお聞かせ下さい。,candidate_question,analysis_term_no_stopwords,成る,0.008403361344537815,1.1823215567939547,0.00993547526717609,1,4,119,81
someya_q03,someya,染谷隆夫,q03,3,東京大学の研究に対するお考えをお聞かせ下さい。,candidate_question,analysis_term_no_stopwords,無い,0.008403361344537815,1.1823215567939547,0.00993547526717609,1,4,119,82
sugano_q03,sugano,菅野暁,q03,3,東京大学の研究に対するお考えをお聞かせ下さい。,candidate_question,analysis_term_no_stopwords,為る,0.09448818897637795,1.0,0.09448818897637795,12,5,127,1
sugano_q03,sugano,菅野暁,q03,3,東京大学の研究に対するお考えをお聞かせ下さい。,candidate_question,analysis_term_no_stopwords,分野,0.047244094488188976,1.1823215567939547,0.055857711344596286,6,4,127,2
sugano_q03,sugano,菅野暁,q03,3,東京大学の研究に対するお考えをお聞かせ下さい。,candidate_question,analysis_term_no_stopwords,考える,0.031496062992125984,1.6931471805599454,0.05332747025385655,4,2,127,3
sugano_q03,sugano,菅野暁,q03,3,東京大学の研究に対するお考えをお聞かせ下さい。,candidate_question,analysis_term_no_stopwords,無い,0.03937007874015748,1.1823215567939547,0.04654809278716357,5,4,127,4
sugano_q03,sugano,菅野暁,q03,3,東京大学の研究に対するお考えをお聞かせ下さい。,candidate_question,analysis_term_no_stopwords,有る,0.03937007874015748,1.0,0.03937007874015748,5,5,127,5
sugano_q03,sugano,菅野暁,q03,3,東京大学の研究に対するお考えをお聞かせ下さい。,candidate_question,analysis_term_no_stopwords,変える,0.015748031496062992,2.09861228866811,0.033049012419970235,2,1,127,6
sugano_q03,sugano,菅野暁,q03,3,東京大学の研究に対するお考えをお聞かせ下さい。,candidate_question,analysis_term_no_stopwords,変化,0.015748031496062992,2.09861228866811,0.033049012419970235,2,1,127,7
sugano_q03,sugano,菅野暁,q03,3,東京大学の研究に対するお考えをお聞かせ下さい。,candidate_question,analysis_term_no_stopwords,広い,0.015748031496062992,2.09861228866811,0.033049012419970235,2,1,127,8
sugano_q03,sugano,菅野暁,q03,3,東京大学の研究に対するお考えをお聞かせ下さい。,candidate_question,analysis_term_no_stopwords,所,0.015748031496062992,2.09861228866811,0.033049012419970235,2,1,127,9
sugano_q03,sugano,菅野暁,q03,3,東京大学の研究に対するお考えをお聞かせ下さい。,candidate_question,analysis_term_no_stopwords,政府,0.015748031496062992,2.09861228866811,0.033049012419970235,2,1,127,10
sugano_q03,sugano,菅野暁,q03,3,東京大学の研究に対するお考えをお聞かせ下さい。,candidate_question,analysis_term_no_stopwords,来る,0.015748031496062992,2.09861228866811,0.033049012419970235,2,1,127,11
sugano_q03,sugano,菅野暁,q03,3,東京大学の研究に対するお考えをお聞かせ下さい。,candidate_question,analysis_term_no_stopwords,活動,0.015748031496062992,2.09861228866811,0.033049012419970235,2,1,127,12
sugano_q03,sugano,菅野暁,q03,3,東京大学の研究に対するお考えをお聞かせ下さい。,candidate_question,analysis_term_no_stopwords,維持,0.015748031496062992,2.09861228866811,0.033049012419970235,2,1,127,13
sugano_q03,sugano,菅野暁,q03,3,東京大学の研究に対するお考えをお聞かせ下さい。,candidate_question,analysis_term_no_stopwords,行く,0.015748031496062992,2.09861228866811,0.033049012419970235,2,1,127,14
sugano_q03,sugano,菅野暁,q03,3,東京大学の研究に対するお考えをお聞かせ下さい。,candidate_question,analysis_term_no_stopwords,事,0.031496062992125984,1.0,0.031496062992125984,4,5,127,15
sugano_q03,sugano,菅野暁,q03,3,東京大学の研究に対するお考えをお聞かせ下さい。,candidate_question,analysis_term_no_stopwords,居る,0.023622047244094488,1.1823215567939547,0.027928855672298143,3,4,127,16
sugano_q03,sugano,菅野暁,q03,3,東京大学の研究に対するお考えをお聞かせ下さい。,candidate_question,analysis_term_no_stopwords,対する,0.015748031496062992,1.6931471805599454,0.026663735126928274,2,2,127,17
sugano_q03,sugano,菅野暁,q03,3,東京大学の研究に対するお考えをお聞かせ下さい。,candidate_question,analysis_term_no_stopwords,強化,0.015748031496062992,1.6931471805599454,0.026663735126928274,2,2,127,18
sugano_q03,sugano,菅野暁,q03,3,東京大学の研究に対するお考えをお聞かせ下さい。,candidate_question,analysis_term_no_stopwords,日本,0.015748031496062992,1.6931471805599454,0.026663735126928274,2,2,127,19
sugano_q03,sugano,菅野暁,q03,3,東京大学の研究に対するお考えをお聞かせ下さい。,candidate_question,analysis_term_no_stopwords,述べる,0.015748031496062992,1.6931471805599454,0.026663735126928274,2,2,127,20
sugano_q03,sugano,菅野暁,q03,3,東京大学の研究に対するお考えをお聞かせ下さい。,candidate_question,analysis_term_no_stopwords,社会,0.023622047244094488,1.0,0.023622047244094488,3,5,127,21
sugano_q03,sugano,菅野暁,q03,3,東京大学の研究に対するお考えをお聞かせ下さい。,candidate_question,analysis_term_no_stopwords,基礎,0.015748031496062992,1.4054651081081644,0.022133308789104952,2,3,127,22
sugano_q03,sugano,菅野暁,q03,3,東京大学の研究に対するお考えをお聞かせ下さい。,candidate_question,analysis_term_no_stopwords,必要,0.015748031496062992,1.4054651081081644,0.022133308789104952,2,3,127,23
sugano_q03,sugano,菅野暁,q03,3,東京大学の研究に対するお考えをお聞かせ下さい。,candidate_question,analysis_term_no_stopwords,科学,0.015748031496062992,1.1823215567939547,0.018619237114865426,2,4,127,24
sugano_q03,sugano,菅野暁,q03,3,東京大学の研究に対するお考えをお聞かせ下さい。,candidate_question,analysis_term_no_stopwords,ニーズ-needs,0.007874015748031496,2.09861228866811,0.016524506209985117,1,1,127,25
sugano_q03,sugano,菅野暁,q03,3,東京大学の研究に対するお考えをお聞かせ下さい。,candidate_question,analysis_term_no_stopwords,ノーベル-nobel,0.007874015748031496,2.09861228866811,0.016524506209985117,1,1,127,26
sugano_q03,sugano,菅野暁,q03,3,東京大学の研究に対するお考えをお聞かせ下さい。,candidate_question,analysis_term_no_stopwords,バランス-balance,0.007874015748031496,2.09861228866811,0.016524506209985117,1,1,127,27
sugano_q03,sugano,菅野暁,q03,3,東京大学の研究に対するお考えをお聞かせ下さい。,candidate_question,analysis_term_no_stopwords,ポートフォリオ-portfolio,0.007874015748031496,2.09861228866811,0.016524506209985117,1,1,127,28
sugano_q03,sugano,菅野暁,q03,3,東京大学の研究に対するお考えをお聞かせ下さい。,candidate_question,analysis_term_no_stopwords,一方,0.007874015748031496,2.09861228866811,0.016524506209985117,1,1,127,29
sugano_q03,sugano,菅野暁,q03,3,東京大学の研究に対するお考えをお聞かせ下さい。,candidate_question,analysis_term_no_stopwords,不足,0.007874015748031496,2.09861228866811,0.016524506209985117,1,1,127,30
sugano_q03,sugano,菅野暁,q03,3,東京大学の研究に対するお考えをお聞かせ下さい。,candidate_question,analysis_term_no_stopwords,中長期,0.007874015748031496,2.09861228866811,0.016524506209985117,1,1,127,31
sugano_q03,sugano,菅野暁,q03,3,東京大学の研究に対するお考えをお聞かせ下さい。,candidate_question,analysis_term_no_stopwords,前提,0.007874015748031496,2.09861228866811,0.016524506209985117,1,1,127,32
sugano_q03,sugano,菅野暁,q03,3,東京大学の研究に対するお考えをお聞かせ下さい。,candidate_question,analysis_term_no_stopwords,危機,0.007874015748031496,2.09861228866811,0.016524506209985117,1,1,127,33
sugano_q03,sugano,菅野暁,q03,3,東京大学の研究に対するお考えをお聞かせ下さい。,candidate_question,analysis_term_no_stopwords,取り組み,0.007874015748031496,2.09861228866811,0.016524506209985117,1,1,127,34
sugano_q03,sugano,菅野暁,q03,3,東京大学の研究に対するお考えをお聞かせ下さい。,candidate_question,analysis_term_no_stopwords,取れる,0.007874015748031496,2.09861228866811,0.016524506209985117,1,1,127,35
sugano_q03,sugano,菅野暁,q03,3,東京大学の研究に対するお考えをお聞かせ下さい。,candidate_question,analysis_term_no_stopwords,受賞,0.007874015748031496,2.09861228866811,0.016524506209985117,1,1,127,36
sugano_q03,sugano,菅野暁,q03,3,東京大学の研究に対するお考えをお聞かせ下さい。,candidate_question,analysis_term_no_stopwords,幅,0.007874015748031496,2.09861228866811,0.016524506209985117,1,1,127,37
sugano_q03,sugano,菅野暁,q03,3,東京大学の研究に対するお考えをお聞かせ下さい。,candidate_question,analysis_term_no_stopwords,従事,0.007874015748031496,2.09861228866811,0.016524506209985117,1,1,127,38
sugano_q03,sugano,菅野暁,q03,3,東京大学の研究に対するお考えをお聞かせ下さい。,candidate_question,analysis_term_no_stopwords,従来,0.007874015748031496,2.09861228866811,0.016524506209985117,1,1,127,39
sugano_q03,sugano,菅野暁,q03,3,東京大学の研究に対するお考えをお聞かせ下さい。,candidate_question,analysis_term_no_stopwords,戦略,0.007874015748031496,2.09861228866811,0.016524506209985117,1,1,127,40
sugano_q03,sugano,菅野暁,q03,3,東京大学の研究に対するお考えをお聞かせ下さい。,candidate_question,analysis_term_no_stopwords,拡大,0.007874015748031496,2.09861228866811,0.016524506209985117,1,1,127,41
sugano_q03,sugano,菅野暁,q03,3,東京大学の研究に対するお考えをお聞かせ下さい。,candidate_question,analysis_term_no_stopwords,昨年,0.007874015748031496,2.09861228866811,0.016524506209985117,1,1,127,42
sugano_q03,sugano,菅野暁,q03,3,東京大学の研究に対するお考えをお聞かせ下さい。,candidate_question,analysis_term_no_stopwords,状態,0.007874015748031496,2.09861228866811,0.016524506209985117,1,1,127,43
sugano_q03,sugano,菅野暁,q03,3,東京大学の研究に対するお考えをお聞かせ下さい。,candidate_question,analysis_term_no_stopwords,留める,0.007874015748031496,2.09861228866811,0.016524506209985117,1,1,127,44
sugano_q03,sugano,菅野暁,q03,3,東京大学の研究に対するお考えをお聞かせ下さい。,candidate_question,analysis_term_no_stopwords,確保,0.007874015748031496,2.09861228866811,0.016524506209985117,1,1,127,45
sugano_q03,sugano,菅野暁,q03,3,東京大学の研究に対するお考えをお聞かせ下さい。,candidate_question,analysis_term_no_stopwords,答える,0.007874015748031496,2.09861228866811,0.016524506209985117,1,1,127,46
sugano_q03,sugano,菅野暁,q03,3,東京大学の研究に対するお考えをお聞かせ下さい。,candidate_question,analysis_term_no_stopwords,繰り返す,0.007874015748031496,2.09861228866811,0.016524506209985117,1,1,127,47
sugano_q03,sugano,菅野暁,q03,3,東京大学の研究に対するお考えをお聞かせ下さい。,candidate_question,analysis_term_no_stopwords,考え,0.007874015748031496,2.09861228866811,0.016524506209985117,1,1,127,48
sugano_q03,sugano,菅野暁,q03,3,東京大学の研究に対するお考えをお聞かせ下さい。,candidate_question,analysis_term_no_stopwords,若干,0.007874015748031496,2.09861228866811,0.016524506209985117,1,1,127,49
sugano_q03,sugano,菅野暁,q03,3,東京大学の研究に対するお考えをお聞かせ下さい。,candidate_question,analysis_term_no_stopwords,裾野,0.007874015748031496,2.09861228866811,0.016524506209985117,1,1,127,50
sugano_q03,sugano,菅野暁,q03,3,東京大学の研究に対するお考えをお聞かせ下さい。,candidate_question,analysis_term_no_stopwords,複雑,0.007874015748031496,2.09861228866811,0.016524506209985117,1,1,127,51
sugano_q03,sugano,菅野暁,q03,3,東京大学の研究に対するお考えをお聞かせ下さい。,candidate_question,analysis_term_no_stopwords,見る,0.007874015748031496,2.09861228866811,0.016524506209985117,1,1,127,52
sugano_q03,sugano,菅野暁,q03,3,東京大学の研究に対するお考えをお聞かせ下さい。,candidate_question,analysis_term_no_stopwords,見極め,0.007874015748031496,2.09861228866811,0.016524506209985117,1,1,127,53
sugano_q03,sugano,菅野暁,q03,3,東京大学の研究に対するお考えをお聞かせ下さい。,candidate_question,analysis_term_no_stopwords,財源,0.007874015748031496,2.09861228866811,0.016524506209985117,1,1,127,54
sugano_q03,sugano,菅野暁,q03,3,東京大学の研究に対するお考えをお聞かせ下さい。,candidate_question,analysis_term_no_stopwords,資金,0.007874015748031496,2.09861228866811,0.016524506209985117,1,1,127,55
sugano_q03,sugano,菅野暁,q03,3,東京大学の研究に対するお考えをお聞かせ下さい。,candidate_question,analysis_term_no_stopwords,賞,0.007874015748031496,2.09861228866811,0.016524506209985117,1,1,127,56
sugano_q03,sugano,菅野暁,q03,3,東京大学の研究に対するお考えをお聞かせ下さい。,candidate_question,analysis_term_no_stopwords,越える,0.007874015748031496,2.09861228866811,0.016524506209985117,1,1,127,57
sugano_q03,sugano,菅野暁,q03,3,東京大学の研究に対するお考えをお聞かせ下さい。,candidate_question,analysis_term_no_stopwords,遣る,0.007874015748031496,2.09861228866811,0.016524506209985117,1,1,127,58
sugano_q03,sugano,菅野暁,q03,3,東京大学の研究に対するお考えをお聞かせ下さい。,candidate_question,analysis_term_no_stopwords,集中,0.007874015748031496,2.09861228866811,0.016524506209985117,1,1,127,59
sugano_q03,sugano,菅野暁,q03,3,東京大学の研究に対するお考えをお聞かせ下さい。,candidate_question,analysis_term_no_stopwords,トウキョウ,0.015748031496062992,1.0,0.015748031496062992,2,5,127,60
sugano_q03,sugano,菅野暁,q03,3,東京大学の研究に対するお考えをお聞かせ下さい。,candidate_question,analysis_term_no_stopwords,専門,0.007874015748031496,1.6931471805599454,0.013331867563464137,1,2,127,61
sugano_q03,sugano,菅野暁,q03,3,東京大学の研究に対するお考えをお聞かせ下さい。,candidate_question,analysis_term_no_stopwords,成果,0.007874015748031496,1.6931471805599454,0.013331867563464137,1,2,127,62
sugano_q03,sugano,菅野暁,q03,3,東京大学の研究に対するお考えをお聞かせ下さい。,candidate_question,analysis_term_no_stopwords,持つ,0.007874015748031496,1.6931471805599454,0.013331867563464137,1,2,127,63
sugano_q03,sugano,菅野暁,q03,3,東京大学の研究に対するお考えをお聞かせ下さい。,candidate_question,analysis_term_no_stopwords,支援,0.007874015748031496,1.6931471805599454,0.013331867563464137,1,2,127,64
sugano_q03,sugano,菅野暁,q03,3,東京大学の研究に対するお考えをお聞かせ下さい。,candidate_question,analysis_term_no_stopwords,政策,0.007874015748031496,1.6931471805599454,0.013331867563464137,1,2,127,65
sugano_q03,sugano,菅野暁,q03,3,東京大学の研究に対するお考えをお聞かせ下さい。,candidate_question,analysis_term_no_stopwords,方向,0.007874015748031496,1.6931471805599454,0.013331867563464137,1,2,127,66
sugano_q03,sugano,菅野暁,q03,3,東京大学の研究に対するお考えをお聞かせ下さい。,candidate_question,analysis_term_no_stopwords,発展,0.007874015748031496,1.6931471805599454,0.013331867563464137,1,2,127,67
sugano_q03,sugano,菅野暁,q03,3,東京大学の研究に対するお考えをお聞かせ下さい。,candidate_question,analysis_term_no_stopwords,進める,0.007874015748031496,1.6931471805599454,0.013331867563464137,1,2,127,68
sugano_q03,sugano,菅野暁,q03,3,東京大学の研究に対するお考えをお聞かせ下さい。,candidate_question,analysis_term_no_stopwords,還元,0.007874015748031496,1.6931471805599454,0.013331867563464137,1,2,127,69
sugano_q03,sugano,菅野暁,q03,3,東京大学の研究に対するお考えをお聞かせ下さい。,candidate_question,analysis_term_no_stopwords,重点,0.007874015748031496,1.6931471805599454,0.013331867563464137,1,2,127,70
sugano_q03,sugano,菅野暁,q03,3,東京大学の研究に対するお考えをお聞かせ下さい。,candidate_question,analysis_term_no_stopwords,ai,0.007874015748031496,1.4054651081081644,0.011066654394552476,1,3,127,71
sugano_q03,sugano,菅野暁,q03,3,東京大学の研究に対するお考えをお聞かせ下さい。,candidate_question,analysis_term_no_stopwords,人文,0.007874015748031496,1.4054651081081644,0.011066654394552476,1,3,127,72
sugano_q03,sugano,菅野暁,q03,3,東京大学の研究に対するお考えをお聞かせ下さい。,candidate_question,analysis_term_no_stopwords,於く,0.007874015748031496,1.4054651081081644,0.011066654394552476,1,3,127,73
sugano_q03,sugano,菅野暁,q03,3,東京大学の研究に対するお考えをお聞かせ下さい。,candidate_question,analysis_term_no_stopwords,為,0.007874015748031496,1.4054651081081644,0.011066654394552476,1,3,127,74
sugano_q03,sugano,菅野暁,q03,3,東京大学の研究に対するお考えをお聞かせ下さい。,candidate_question,analysis_term_no_stopwords,言う,0.007874015748031496,1.4054651081081644,0.011066654394552476,1,3,127,75
sugano_q03,sugano,菅野暁,q03,3,東京大学の研究に対するお考えをお聞かせ下さい。,candidate_question,analysis_term_no_stopwords,成る,0.007874015748031496,1.1823215567939547,0.009309618557432713,1,4,127,76
yamamoto_q03,yamamoto,山本隆司,q03,3,東京大学の研究に対するお考えをお聞かせ下さい。,candidate_question,analysis_term_no_stopwords,為る,0.11407766990291263,1.0,0.11407766990291263,47,5,412,1
yamamoto_q03,yamamoto,山本隆司,q03,3,東京大学の研究に対するお考えをお聞かせ下さい。,candidate_question,analysis_term_no_stopwords,ユニット-unit,0.019417475728155338,2.09861228866811,0.04074975317802155,8,1,412,2
yamamoto_q03,yamamoto,山本隆司,q03,3,東京大学の研究に対するお考えをお聞かせ下さい。,candidate_question,analysis_term_no_stopwords,有る,0.02912621359223301,1.0,0.02912621359223301,12,5,412,3
yamamoto_q03,yamamoto,山本隆司,q03,3,東京大学の研究に対するお考えをお聞かせ下さい。,candidate_question,analysis_term_no_stopwords,部局,0.01699029126213592,1.6931471805599454,0.02876706374737771,7,2,412,4
yamamoto_q03,yamamoto,山本隆司,q03,3,東京大学の研究に対するお考えをお聞かせ下さい。,candidate_question,analysis_term_no_stopwords,学術,0.019417475728155338,1.4054651081081644,0.0272905846234595,8,3,412,5
yamamoto_q03,yamamoto,山本隆司,q03,3,東京大学の研究に対するお考えをお聞かせ下さい。,candidate_question,analysis_term_no_stopwords,上,0.012135922330097087,2.09861228866811,0.02546859573626347,5,1,412,6
yamamoto_q03,yamamoto,山本隆司,q03,3,東京大学の研究に対するお考えをお聞かせ下さい。,candidate_question,analysis_term_no_stopwords,トウキョウ,0.024271844660194174,1.0,0.024271844660194174,10,5,412,7
yamamoto_q03,yamamoto,山本隆司,q03,3,東京大学の研究に対するお考えをお聞かせ下さい。,candidate_question,analysis_term_no_stopwords,必要,0.01699029126213592,1.4054651081081644,0.023879261545527063,7,3,412,8
yamamoto_q03,yamamoto,山本隆司,q03,3,東京大学の研究に対するお考えをお聞かせ下さい。,candidate_question,analysis_term_no_stopwords,言う,0.01699029126213592,1.4054651081081644,0.023879261545527063,7,3,412,9
yamamoto_q03,yamamoto,山本隆司,q03,3,東京大学の研究に対するお考えをお聞かせ下さい。,candidate_question,analysis_term_no_stopwords,国際,0.012135922330097087,1.6931471805599454,0.020547902676698367,5,2,412,10
yamamoto_q03,yamamoto,山本隆司,q03,3,東京大学の研究に対するお考えをお聞かせ下さい。,candidate_question,analysis_term_no_stopwords,点,0.012135922330097087,1.6931471805599454,0.020547902676698367,5,2,412,11
yamamoto_q03,yamamoto,山本隆司,q03,3,東京大学の研究に対するお考えをお聞かせ下さい。,candidate_question,analysis_term_no_stopwords,為,0.014563106796116505,1.4054651081081644,0.020467938467594628,6,3,412,12
yamamoto_q03,yamamoto,山本隆司,q03,3,東京大学の研究に対するお考えをお聞かせ下さい。,candidate_question,analysis_term_no_stopwords,プロセス-process,0.009708737864077669,2.09861228866811,0.020374876589010774,4,1,412,13
yamamoto_q03,yamamoto,山本隆司,q03,3,東京大学の研究に対するお考えをお聞かせ下さい。,candidate_question,analysis_term_no_stopwords,人,0.009708737864077669,2.09861228866811,0.020374876589010774,4,1,412,14
yamamoto_q03,yamamoto,山本隆司,q03,3,東京大学の研究に対するお考えをお聞かせ下さい。,candidate_question,analysis_term_no_stopwords,因る,0.009708737864077669,2.09861228866811,0.020374876589010774,4,1,412,15
yamamoto_q03,yamamoto,山本隆司,q03,3,東京大学の研究に対するお考えをお聞かせ下さい。,candidate_question,analysis_term_no_stopwords,社,0.009708737864077669,2.09861228866811,0.020374876589010774,4,1,412,16
yamamoto_q03,yamamoto,山本隆司,q03,3,東京大学の研究に対するお考えをお聞かせ下さい。,candidate_question,analysis_term_no_stopwords,評価,0.009708737864077669,2.09861228866811,0.020374876589010774,4,1,412,17
yamamoto_q03,yamamoto,山本隆司,q03,3,東京大学の研究に対するお考えをお聞かせ下さい。,candidate_question,analysis_term_no_stopwords,分野,0.01699029126213592,1.1823215567939547,0.020087987615431267,7,4,412,18
yamamoto_q03,yamamoto,山本隆司,q03,3,東京大学の研究に対するお考えをお聞かせ下さい。,candidate_question,analysis_term_no_stopwords,居る,0.01699029126213592,1.1823215567939547,0.020087987615431267,7,4,412,19
yamamoto_q03,yamamoto,山本隆司,q03,3,東京大学の研究に対するお考えをお聞かせ下さい。,candidate_question,analysis_term_no_stopwords,成る,0.01699029126213592,1.1823215567939547,0.020087987615431267,7,4,412,20
yamamoto_q03,yamamoto,山本隆司,q03,3,東京大学の研究に対するお考えをお聞かせ下さい。,candidate_question,analysis_term_no_stopwords,基礎,0.012135922330097087,1.4054651081081644,0.01705661538966219,5,3,412,21
yamamoto_q03,yamamoto,山本隆司,q03,3,東京大学の研究に対するお考えをお聞かせ下さい。,candidate_question,analysis_term_no_stopwords,テーマ-theme,0.007281553398058253,2.09861228866811,0.015281157441758083,3,1,412,22
yamamoto_q03,yamamoto,山本隆司,q03,3,東京大学の研究に対するお考えをお聞かせ下さい。,candidate_question,analysis_term_no_stopwords,留意,0.007281553398058253,2.09861228866811,0.015281157441758083,3,1,412,23
yamamoto_q03,yamamoto,山本隆司,q03,3,東京大学の研究に対するお考えをお聞かせ下さい。,candidate_question,analysis_term_no_stopwords,行う,0.007281553398058253,2.09861228866811,0.015281157441758083,3,1,412,24
yamamoto_q03,yamamoto,山本隆司,q03,3,東京大学の研究に対するお考えをお聞かせ下さい。,candidate_question,analysis_term_no_stopwords,計画,0.007281553398058253,2.09861228866811,0.015281157441758083,3,1,412,25
yamamoto_q03,yamamoto,山本隆司,q03,3,東京大学の研究に対するお考えをお聞かせ下さい。,candidate_question,analysis_term_no_stopwords,関係,0.007281553398058253,2.09861228866811,0.015281157441758083,3,1,412,26
yamamoto_q03,yamamoto,山本隆司,q03,3,東京大学の研究に対するお考えをお聞かせ下さい。,candidate_question,analysis_term_no_stopwords,高める,0.007281553398058253,2.09861228866811,0.015281157441758083,3,1,412,27
yamamoto_q03,yamamoto,山本隆司,q03,3,東京大学の研究に対するお考えをお聞かせ下さい。,candidate_question,analysis_term_no_stopwords,社会,0.014563106796116505,1.0,0.014563106796116505,6,5,412,28
yamamoto_q03,yamamoto,山本隆司,q03,3,東京大学の研究に対するお考えをお聞かせ下さい。,candidate_question,analysis_term_no_stopwords,出来る,0.009708737864077669,1.4054651081081644,0.01364529231172975,4,3,412,29
yamamoto_q03,yamamoto,山本隆司,q03,3,東京大学の研究に対するお考えをお聞かせ下さい。,candidate_question,analysis_term_no_stopwords,物,0.007281553398058253,1.6931471805599454,0.01232874160601902,3,2,412,30
yamamoto_q03,yamamoto,山本隆司,q03,3,東京大学の研究に対するお考えをお聞かせ下さい。,candidate_question,analysis_term_no_stopwords,組織,0.007281553398058253,1.6931471805599454,0.01232874160601902,3,2,412,31
yamamoto_q03,yamamoto,山本隆司,q03,3,東京大学の研究に対するお考えをお聞かせ下さい。,candidate_question,analysis_term_no_stopwords,自然,0.007281553398058253,1.6931471805599454,0.01232874160601902,3,2,412,32
yamamoto_q03,yamamoto,山本隆司,q03,3,東京大学の研究に対するお考えをお聞かせ下さい。,candidate_question,analysis_term_no_stopwords,連携,0.007281553398058253,1.6931471805599454,0.01232874160601902,3,2,412,33
yamamoto_q03,yamamoto,山本隆司,q03,3,東京大学の研究に対するお考えをお聞かせ下さい。,candidate_question,analysis_term_no_stopwords,事,0.012135922330097087,1.0,0.012135922330097087,5,5,412,34
yamamoto_q03,yamamoto,山本隆司,q03,3,東京大学の研究に対するお考えをお聞かせ下さい。,candidate_question,analysis_term_no_stopwords,科学,0.009708737864077669,1.1823215567939547,0.011478850065960724,4,4,412,35
yamamoto_q03,yamamoto,山本隆司,q03,3,東京大学の研究に対するお考えをお聞かせ下さい。,candidate_question,analysis_term_no_stopwords,つく,0.0048543689320388345,2.09861228866811,0.010187438294505387,2,1,412,36
yamamoto_q03,yamamoto,山本隆司,q03,3,東京大学の研究に対するお考えをお聞かせ下さい。,candidate_question,analysis_term_no_stopwords,グループ-group,0.0048543689320388345,2.09861228866811,0.010187438294505387,2,1,412,37
yamamoto_q03,yamamoto,山本隆司,q03,3,東京大学の研究に対するお考えをお聞かせ下さい。,candidate_question,analysis_term_no_stopwords,シナジー-synergy,0.0048543689320388345,2.09861228866811,0.010187438294505387,2,1,412,38
yamamoto_q03,yamamoto,山本隆司,q03,3,東京大学の研究に対するお考えをお聞かせ下さい。,candidate_question,analysis_term_no_stopwords,チャレンジング-challenging,0.0048543689320388345,2.09861228866811,0.010187438294505387,2,1,412,39
yamamoto_q03,yamamoto,山本隆司,q03,3,東京大学の研究に対するお考えをお聞かせ下さい。,candidate_question,analysis_term_no_stopwords,以下,0.0048543689320388345,2.09861228866811,0.010187438294505387,2,1,412,40
yamamoto_q03,yamamoto,山本隆司,q03,3,東京大学の研究に対するお考えをお聞かせ下さい。,candidate_question,analysis_term_no_stopwords,全学,0.0048543689320388345,2.09861228866811,0.010187438294505387,2,1,412,41
yamamoto_q03,yamamoto,山本隆司,q03,3,東京大学の研究に対するお考えをお聞かせ下さい。,candidate_question,analysis_term_no_stopwords,削ぐ,0.0048543689320388345,2.09861228866811,0.010187438294505387,2,1,412,42
yamamoto_q03,yamamoto,山本隆司,q03,3,東京大学の研究に対するお考えをお聞かせ下さい。,candidate_question,analysis_term_no_stopwords,問う,0.0048543689320388345,2.09861228866811,0.010187438294505387,2,1,412,43
yamamoto_q03,yamamoto,山本隆司,q03,3,東京大学の研究に対するお考えをお聞かせ下さい。,candidate_question,analysis_term_no_stopwords,場合,0.0048543689320388345,2.09861228866811,0.010187438294505387,2,1,412,44
yamamoto_q03,yamamoto,山本隆司,q03,3,東京大学の研究に対するお考えをお聞かせ下さい。,candidate_question,analysis_term_no_stopwords,尖る,0.0048543689320388345,2.09861228866811,0.010187438294505387,2,1,412,45
yamamoto_q03,yamamoto,山本隆司,q03,3,東京大学の研究に対するお考えをお聞かせ下さい。,candidate_question,analysis_term_no_stopwords,循環,0.0048543689320388345,2.09861228866811,0.010187438294505387,2,1,412,46
yamamoto_q03,yamamoto,山本隆司,q03,3,東京大学の研究に対するお考えをお聞かせ下さい。,candidate_question,analysis_term_no_stopwords,持続,0.0048543689320388345,2.09861228866811,0.010187438294505387,2,1,412,47
yamamoto_q03,yamamoto,山本隆司,q03,3,東京大学の研究に対するお考えをお聞かせ下さい。,candidate_question,analysis_term_no_stopwords,指標,0.0048543689320388345,2.09861228866811,0.010187438294505387,2,1,412,48
yamamoto_q03,yamamoto,山本隆司,q03,3,東京大学の研究に対するお考えをお聞かせ下さい。,candidate_question,analysis_term_no_stopwords,活力,0.0048543689320388345,2.09861228866811,0.010187438294505387,2,1,412,49
yamamoto_q03,yamamoto,山本隆司,q03,3,東京大学の研究に対するお考えをお聞かせ下さい。,candidate_question,analysis_term_no_stopwords,活用,0.0048543689320388345,2.09861228866811,0.010187438294505387,2,1,412,50
yamamoto_q03,yamamoto,山本隆司,q03,3,東京大学の研究に対するお考えをお聞かせ下さい。,candidate_question,analysis_term_no_stopwords,無し,0.0048543689320388345,2.09861228866811,0.010187438294505387,2,1,412,51
yamamoto_q03,yamamoto,山本隆司,q03,3,東京大学の研究に対するお考えをお聞かせ下さい。,candidate_question,analysis_term_no_stopwords,異なる,0.0048543689320388345,2.09861228866811,0.010187438294505387,2,1,412,52
yamamoto_q03,yamamoto,山本隆司,q03,3,東京大学の研究に対するお考えをお聞かせ下さい。,candidate_question,analysis_term_no_stopwords,設定,0.0048543689320388345,2.09861228866811,0.010187438294505387,2,1,412,53
yamamoto_q03,yamamoto,山本隆司,q03,3,東京大学の研究に対するお考えをお聞かせ下さい。,candidate_question,analysis_term_no_stopwords,設置,0.0048543689320388345,2.09861228866811,0.010187438294505387,2,1,412,54
yamamoto_q03,yamamoto,山本隆司,q03,3,東京大学の研究に対するお考えをお聞かせ下さい。,candidate_question,analysis_term_no_stopwords,責任,0.0048543689320388345,2.09861228866811,0.010187438294505387,2,1,412,55
yamamoto_q03,yamamoto,山本隆司,q03,3,東京大学の研究に対するお考えをお聞かせ下さい。,candidate_question,analysis_term_no_stopwords,資源,0.0048543689320388345,2.09861228866811,0.010187438294505387,2,1,412,56
yamamoto_q03,yamamoto,山本隆司,q03,3,東京大学の研究に対するお考えをお聞かせ下さい。,candidate_question,analysis_term_no_stopwords,配分,0.0048543689320388345,2.09861228866811,0.010187438294505387,2,1,412,57
yamamoto_q03,yamamoto,山本隆司,q03,3,東京大学の研究に対するお考えをお聞かせ下さい。,candidate_question,analysis_term_no_stopwords,学知,0.0048543689320388345,1.6931471805599454,0.008219161070679345,2,2,412,58
yamamoto_q03,yamamoto,山本隆司,q03,3,東京大学の研究に対するお考えをお聞かせ下さい。,candidate_question,analysis_term_no_stopwords,対応,0.0048543689320388345,1.6931471805599454,0.008219161070679345,2,2,412,59
yamamoto_q03,yamamoto,山本隆司,q03,3,東京大学の研究に対するお考えをお聞かせ下さい。,candidate_question,analysis_term_no_stopwords,展開,0.0048543689320388345,1.6931471805599454,0.008219161070679345,2,2,412,60
yamamoto_q03,yamamoto,山本隆司,q03,3,東京大学の研究に対するお考えをお聞かせ下さい。,candidate_question,analysis_term_no_stopwords,本部,0.0048543689320388345,1.6931471805599454,0.008219161070679345,2,2,412,61
yamamoto_q03,yamamoto,山本隆司,q03,3,東京大学の研究に対するお考えをお聞かせ下さい。,candidate_question,analysis_term_no_stopwords,法,0.0048543689320388345,1.6931471805599454,0.008219161070679345,2,2,412,62
yamamoto_q03,yamamoto,山本隆司,q03,3,東京大学の研究に対するお考えをお聞かせ下さい。,candidate_question,analysis_term_no_stopwords,深化,0.0048543689320388345,1.6931471805599454,0.008219161070679345,2,2,412,63
yamamoto_q03,yamamoto,山本隆司,q03,3,東京大学の研究に対するお考えをお聞かせ下さい。,candidate_question,analysis_term_no_stopwords,発展,0.0048543689320388345,1.6931471805599454,0.008219161070679345,2,2,412,64
yamamoto_q03,yamamoto,山本隆司,q03,3,東京大学の研究に対するお考えをお聞かせ下さい。,candidate_question,analysis_term_no_stopwords,ai,0.0048543689320388345,1.4054651081081644,0.006822646155864875,2,3,412,65
yamamoto_q03,yamamoto,山本隆司,q03,3,東京大学の研究に対するお考えをお聞かせ下さい。,candidate_question,analysis_term_no_stopwords,無い,0.0048543689320388345,1.1823215567939547,0.005739425032980362,2,4,412,66
yamamoto_q03,yamamoto,山本隆司,q03,3,東京大学の研究に対するお考えをお聞かせ下さい。,candidate_question,analysis_term_no_stopwords,アップ-up,0.0024271844660194173,2.09861228866811,0.005093719147252694,1,1,412,67
yamamoto_q03,yamamoto,山本隆司,q03,3,東京大学の研究に対するお考えをお聞かせ下さい。,candidate_question,analysis_term_no_stopwords,ジャーナル-journal,0.0024271844660194173,2.09861228866811,0.005093719147252694,1,1,412,68
yamamoto_q03,yamamoto,山本隆司,q03,3,東京大学の研究に対するお考えをお聞かせ下さい。,candidate_question,analysis_term_no_stopwords,センター-center,0.0024271844660194173,2.09861228866811,0.005093719147252694,1,1,412,69
yamamoto_q03,yamamoto,山本隆司,q03,3,東京大学の研究に対するお考えをお聞かせ下さい。,candidate_question,analysis_term_no_stopwords,ダウン-down,0.0024271844660194173,2.09861228866811,0.005093719147252694,1,1,412,70
yamamoto_q03,yamamoto,山本隆司,q03,3,東京大学の研究に対するお考えをお聞かせ下さい。,candidate_question,analysis_term_no_stopwords,ネットワーク-network,0.0024271844660194173,2.09861228866811,0.005093719147252694,1,1,412,71
yamamoto_q03,yamamoto,山本隆司,q03,3,東京大学の研究に対するお考えをお聞かせ下さい。,candidate_question,analysis_term_no_stopwords,ボトム-bottom,0.0024271844660194173,2.09861228866811,0.005093719147252694,1,1,412,72
yamamoto_q03,yamamoto,山本隆司,q03,3,東京大学の研究に対するお考えをお聞かせ下さい。,candidate_question,analysis_term_no_stopwords,一,0.0024271844660194173,2.09861228866811,0.005093719147252694,1,1,412,73
yamamoto_q03,yamamoto,山本隆司,q03,3,東京大学の研究に対するお考えをお聞かせ下さい。,candidate_question,analysis_term_no_stopwords,一体,0.0024271844660194173,2.09861228866811,0.005093719147252694,1,1,412,74
yamamoto_q03,yamamoto,山本隆司,q03,3,東京大学の研究に対するお考えをお聞かせ下さい。,candidate_question,analysis_term_no_stopwords,上げる,0.0024271844660194173,2.09861228866811,0.005093719147252694,1,1,412,75
yamamoto_q03,yamamoto,山本隆司,q03,3,東京大学の研究に対するお考えをお聞かせ下さい。,candidate_question,analysis_term_no_stopwords,交差,0.0024271844660194173,2.09861228866811,0.005093719147252694,1,1,412,76
yamamoto_q03,yamamoto,山本隆司,q03,3,東京大学の研究に対するお考えをお聞かせ下さい。,candidate_question,analysis_term_no_stopwords,交換,0.0024271844660194173,2.09861228866811,0.005093719147252694,1,1,412,77
yamamoto_q03,yamamoto,山本隆司,q03,3,東京大学の研究に対するお考えをお聞かせ下さい。,candidate_question,analysis_term_no_stopwords,人事,0.0024271844660194173,2.09861228866811,0.005093719147252694,1,1,412,78
yamamoto_q03,yamamoto,山本隆司,q03,3,東京大学の研究に対するお考えをお聞かせ下さい。,candidate_question,analysis_term_no_stopwords,今後,0.0024271844660194173,2.09861228866811,0.005093719147252694,1,1,412,79
yamamoto_q03,yamamoto,山本隆司,q03,3,東京大学の研究に対するお考えをお聞かせ下さい。,candidate_question,analysis_term_no_stopwords,付く,0.0024271844660194173,2.09861228866811,0.005093719147252694,1,1,412,80
yamamoto_q03,yamamoto,山本隆司,q03,3,東京大学の研究に対するお考えをお聞かせ下さい。,candidate_question,analysis_term_no_stopwords,体制,0.0024271844660194173,2.09861228866811,0.005093719147252694,1,1,412,81
yamamoto_q03,yamamoto,山本隆司,q03,3,東京大学の研究に対するお考えをお聞かせ下さい。,candidate_question,analysis_term_no_stopwords,作る,0.0024271844660194173,2.09861228866811,0.005093719147252694,1,1,412,82
yamamoto_q03,yamamoto,山本隆司,q03,3,東京大学の研究に対するお考えをお聞かせ下さい。,candidate_question,analysis_term_no_stopwords,候補,0.0024271844660194173,2.09861228866811,0.005093719147252694,1,1,412,83
yamamoto_q03,yamamoto,山本隆司,q03,3,東京大学の研究に対するお考えをお聞かせ下さい。,candidate_question,analysis_term_no_stopwords,先,0.0024271844660194173,2.09861228866811,0.005093719147252694,1,1,412,84
yamamoto_q03,yamamoto,山本隆司,q03,3,東京大学の研究に対するお考えをお聞かせ下さい。,candidate_question,analysis_term_no_stopwords,共有,0.0024271844660194173,2.09861228866811,0.005093719147252694,1,1,412,85
yamamoto_q03,yamamoto,山本隆司,q03,3,東京大学の研究に対するお考えをお聞かせ下さい。,candidate_question,analysis_term_no_stopwords,共著,0.0024271844660194173,2.09861228866811,0.005093719147252694,1,1,412,86
yamamoto_q03,yamamoto,山本隆司,q03,3,東京大学の研究に対するお考えをお聞かせ下さい。,candidate_question,analysis_term_no_stopwords,具体,0.0024271844660194173,2.09861228866811,0.005093719147252694,1,1,412,87
yamamoto_q03,yamamoto,山本隆司,q03,3,東京大学の研究に対するお考えをお聞かせ下さい。,candidate_question,analysis_term_no_stopwords,分割,0.0024271844660194173,2.09861228866811,0.005093719147252694,1,1,412,88
yamamoto_q03,yamamoto,山本隆司,q03,3,東京大学の研究に対するお考えをお聞かせ下さい。,candidate_question,analysis_term_no_stopwords,効率,0.0024271844660194173,2.09861228866811,0.005093719147252694,1,1,412,89
yamamoto_q03,yamamoto,山本隆司,q03,3,東京大学の研究に対するお考えをお聞かせ下さい。,candidate_question,analysis_term_no_stopwords,動向,0.0024271844660194173,2.09861228866811,0.005093719147252694,1,1,412,90
yamamoto_q03,yamamoto,山本隆司,q03,3,東京大学の研究に対するお考えをお聞かせ下さい。,candidate_question,analysis_term_no_stopwords,動員,0.0024271844660194173,2.09861228866811,0.005093719147252694,1,1,412,91
yamamoto_q03,yamamoto,山本隆司,q03,3,東京大学の研究に対するお考えをお聞かせ下さい。,candidate_question,analysis_term_no_stopwords,卓越,0.0024271844660194173,2.09861228866811,0.005093719147252694,1,1,412,92
yamamoto_q03,yamamoto,山本隆司,q03,3,東京大学の研究に対するお考えをお聞かせ下さい。,candidate_question,analysis_term_no_stopwords,単位,0.0024271844660194173,2.09861228866811,0.005093719147252694,1,1,412,93
yamamoto_q03,yamamoto,山本隆司,q03,3,東京大学の研究に対するお考えをお聞かせ下さい。,candidate_question,analysis_term_no_stopwords,収集,0.0024271844660194173,2.09861228866811,0.005093719147252694,1,1,412,94
yamamoto_q03,yamamoto,山本隆司,q03,3,東京大学の研究に対するお考えをお聞かせ下さい。,candidate_question,analysis_term_no_stopwords,合わせる,0.0024271844660194173,2.09861228866811,0.005093719147252694,1,1,412,95
yamamoto_q03,yamamoto,山本隆司,q03,3,東京大学の研究に対するお考えをお聞かせ下さい。,candidate_question,analysis_term_no_stopwords,含む,0.0024271844660194173,2.09861228866811,0.005093719147252694,1,1,412,96
yamamoto_q03,yamamoto,山本隆司,q03,3,東京大学の研究に対するお考えをお聞かせ下さい。,candidate_question,analysis_term_no_stopwords,問題,0.0024271844660194173,2.09861228866811,0.005093719147252694,1,1,412,97
yamamoto_q03,yamamoto,山本隆司,q03,3,東京大学の研究に対するお考えをお聞かせ下さい。,candidate_question,analysis_term_no_stopwords,国内外,0.0024271844660194173,2.09861228866811,0.005093719147252694,1,1,412,98
yamamoto_q03,yamamoto,山本隆司,q03,3,東京大学の研究に対するお考えをお聞かせ下さい。,candidate_question,analysis_term_no_stopwords,変更,0.0024271844660194173,2.09861228866811,0.005093719147252694,1,1,412,99
yamamoto_q03,yamamoto,山本隆司,q03,3,東京大学の研究に対するお考えをお聞かせ下さい。,candidate_question,analysis_term_no_stopwords,変革,0.0024271844660194173,2.09861228866811,0.005093719147252694,1,1,412,100
yamamoto_q03,yamamoto,山本隆司,q03,3,東京大学の研究に対するお考えをお聞かせ下さい。,candidate_question,analysis_term_no_stopwords,学生,0.0024271844660194173,2.09861228866811,0.005093719147252694,1,1,412,101
yamamoto_q03,yamamoto,山本隆司,q03,3,東京大学の研究に対するお考えをお聞かせ下さい。,candidate_question,analysis_term_no_stopwords,実現,0.0024271844660194173,2.09861228866811,0.005093719147252694,1,1,412,102
yamamoto_q03,yamamoto,山本隆司,q03,3,東京大学の研究に対するお考えをお聞かせ下さい。,candidate_question,analysis_term_no_stopwords,実装,0.0024271844660194173,2.09861228866811,0.005093719147252694,1,1,412,103
yamamoto_q03,yamamoto,山本隆司,q03,3,東京大学の研究に対するお考えをお聞かせ下さい。,candidate_question,analysis_term_no_stopwords,対象,0.0024271844660194173,2.09861228866811,0.005093719147252694,1,1,412,104
yamamoto_q03,yamamoto,山本隆司,q03,3,東京大学の研究に対するお考えをお聞かせ下さい。,candidate_question,analysis_term_no_stopwords,小手,0.0024271844660194173,2.09861228866811,0.005093719147252694,1,1,412,105
yamamoto_q03,yamamoto,山本隆司,q03,3,東京大学の研究に対するお考えをお聞かせ下さい。,candidate_question,analysis_term_no_stopwords,廃止,0.0024271844660194173,2.09861228866811,0.005093719147252694,1,1,412,106
yamamoto_q03,yamamoto,山本隆司,q03,3,東京大学の研究に対するお考えをお聞かせ下さい。,candidate_question,analysis_term_no_stopwords,強い,0.0024271844660194173,2.09861228866811,0.005093719147252694,1,1,412,107
yamamoto_q03,yamamoto,山本隆司,q03,3,東京大学の研究に対するお考えをお聞かせ下さい。,candidate_question,analysis_term_no_stopwords,当たる,0.0024271844660194173,2.09861228866811,0.005093719147252694,1,1,412,108
yamamoto_q03,yamamoto,山本隆司,q03,3,東京大学の研究に対するお考えをお聞かせ下さい。,candidate_question,analysis_term_no_stopwords,性格,0.0024271844660194173,2.09861228866811,0.005093719147252694,1,1,412,109
yamamoto_q03,yamamoto,山本隆司,q03,3,東京大学の研究に対するお考えをお聞かせ下さい。,candidate_question,analysis_term_no_stopwords,意思,0.0024271844660194173,2.09861228866811,0.005093719147252694,1,1,412,110
yamamoto_q03,yamamoto,山本隆司,q03,3,東京大学の研究に対するお考えをお聞かせ下さい。,candidate_question,analysis_term_no_stopwords,指摘,0.0024271844660194173,2.09861228866811,0.005093719147252694,1,1,412,111
yamamoto_q03,yamamoto,山本隆司,q03,3,東京大学の研究に対するお考えをお聞かせ下さい。,candidate_question,analysis_term_no_stopwords,捕らえる,0.0024271844660194173,2.09861228866811,0.005093719147252694,1,1,412,112
yamamoto_q03,yamamoto,山本隆司,q03,3,東京大学の研究に対するお考えをお聞かせ下さい。,candidate_question,analysis_term_no_stopwords,推進,0.0024271844660194173,2.09861228866811,0.005093719147252694,1,1,412,113
yamamoto_q03,yamamoto,山本隆司,q03,3,東京大学の研究に対するお考えをお聞かせ下さい。,candidate_question,analysis_term_no_stopwords,提案,0.0024271844660194173,2.09861228866811,0.005093719147252694,1,1,412,114
yamamoto_q03,yamamoto,山本隆司,q03,3,東京大学の研究に対するお考えをお聞かせ下さい。,candidate_question,analysis_term_no_stopwords,教職員,0.0024271844660194173,2.09861228866811,0.005093719147252694,1,1,412,115
yamamoto_q03,yamamoto,山本隆司,q03,3,東京大学の研究に対するお考えをお聞かせ下さい。,candidate_question,analysis_term_no_stopwords,整合,0.0024271844660194173,2.09861228866811,0.005093719147252694,1,1,412,116
yamamoto_q03,yamamoto,山本隆司,q03,3,東京大学の研究に対するお考えをお聞かせ下さい。,candidate_question,analysis_term_no_stopwords,方法,0.0024271844660194173,2.09861228866811,0.005093719147252694,1,1,412,117
yamamoto_q03,yamamoto,山本隆司,q03,3,東京大学の研究に対するお考えをお聞かせ下さい。,candidate_question,analysis_term_no_stopwords,方策,0.0024271844660194173,2.09861228866811,0.005093719147252694,1,1,412,118
yamamoto_q03,yamamoto,山本隆司,q03,3,東京大学の研究に対するお考えをお聞かせ下さい。,candidate_question,analysis_term_no_stopwords,施設,0.0024271844660194173,2.09861228866811,0.005093719147252694,1,1,412,119
yamamoto_q03,yamamoto,山本隆司,q03,3,東京大学の研究に対するお考えをお聞かせ下さい。,candidate_question,analysis_term_no_stopwords,時,0.0024271844660194173,2.09861228866811,0.005093719147252694,1,1,412,120
yamamoto_q03,yamamoto,山本隆司,q03,3,東京大学の研究に対するお考えをお聞かせ下さい。,candidate_question,analysis_term_no_stopwords,構想,0.0024271844660194173,2.09861228866811,0.005093719147252694,1,1,412,121
yamamoto_q03,yamamoto,山本隆司,q03,3,東京大学の研究に対するお考えをお聞かせ下さい。,candidate_question,analysis_term_no_stopwords,構成,0.0024271844660194173,2.09861228866811,0.005093719147252694,1,1,412,122
yamamoto_q03,yamamoto,山本隆司,q03,3,東京大学の研究に対するお考えをお聞かせ下さい。,candidate_question,analysis_term_no_stopwords,横,0.0024271844660194173,2.09861228866811,0.005093719147252694,1,1,412,123
yamamoto_q03,yamamoto,山本隆司,q03,3,東京大学の研究に対するお考えをお聞かせ下さい。,candidate_question,analysis_term_no_stopwords,横断,0.0024271844660194173,2.09861228866811,0.005093719147252694,1,1,412,124
yamamoto_q03,yamamoto,山本隆司,q03,3,東京大学の研究に対するお考えをお聞かせ下さい。,candidate_question,analysis_term_no_stopwords,機構,0.0024271844660194173,2.09861228866811,0.005093719147252694,1,1,412,125
yamamoto_q03,yamamoto,山本隆司,q03,3,東京大学の研究に対するお考えをお聞かせ下さい。,candidate_question,analysis_term_no_stopwords,次,0.0024271844660194173,2.09861228866811,0.005093719147252694,1,1,412,126
yamamoto_q03,yamamoto,山本隆司,q03,3,東京大学の研究に対するお考えをお聞かせ下さい。,candidate_question,analysis_term_no_stopwords,求める,0.0024271844660194173,2.09861228866811,0.005093719147252694,1,1,412,127
yamamoto_q03,yamamoto,山本隆司,q03,3,東京大学の研究に対するお考えをお聞かせ下さい。,candidate_question,analysis_term_no_stopwords,決める,0.0024271844660194173,2.09861228866811,0.005093719147252694,1,1,412,128
yamamoto_q03,yamamoto,山本隆司,q03,3,東京大学の研究に対するお考えをお聞かせ下さい。,candidate_question,analysis_term_no_stopwords,決定,0.0024271844660194173,2.09861228866811,0.005093719147252694,1,1,412,129
yamamoto_q03,yamamoto,山本隆司,q03,3,東京大学の研究に対するお考えをお聞かせ下さい。,candidate_question,analysis_term_no_stopwords,注意,0.0024271844660194173,2.09861228866811,0.005093719147252694,1,1,412,130
yamamoto_q03,yamamoto,山本隆司,q03,3,東京大学の研究に対するお考えをお聞かせ下さい。,candidate_question,analysis_term_no_stopwords,測る,0.0024271844660194173,2.09861228866811,0.005093719147252694,1,1,412,131
yamamoto_q03,yamamoto,山本隆司,q03,3,東京大学の研究に対するお考えをお聞かせ下さい。,candidate_question,analysis_term_no_stopwords,特化,0.0024271844660194173,2.09861228866811,0.005093719147252694,1,1,412,132
yamamoto_q03,yamamoto,山本隆司,q03,3,東京大学の研究に対するお考えをお聞かせ下さい。,candidate_question,analysis_term_no_stopwords,特徴,0.0024271844660194173,2.09861228866811,0.005093719147252694,1,1,412,133
yamamoto_q03,yamamoto,山本隆司,q03,3,東京大学の研究に対するお考えをお聞かせ下さい。,candidate_question,analysis_term_no_stopwords,特性,0.0024271844660194173,2.09861228866811,0.005093719147252694,1,1,412,134
yamamoto_q03,yamamoto,山本隆司,q03,3,東京大学の研究に対するお考えをお聞かせ下さい。,candidate_question,analysis_term_no_stopwords,現在,0.0024271844660194173,2.09861228866811,0.005093719147252694,1,1,412,135
yamamoto_q03,yamamoto,山本隆司,q03,3,東京大学の研究に対するお考えをお聞かせ下さい。,candidate_question,analysis_term_no_stopwords,現状,0.0024271844660194173,2.09861228866811,0.005093719147252694,1,1,412,136
yamamoto_q03,yamamoto,山本隆司,q03,3,東京大学の研究に対するお考えをお聞かせ下さい。,candidate_question,analysis_term_no_stopwords,生ずる,0.0024271844660194173,2.09861228866811,0.005093719147252694,1,1,412,137
yamamoto_q03,yamamoto,山本隆司,q03,3,東京大学の研究に対するお考えをお聞かせ下さい。,candidate_question,analysis_term_no_stopwords,生まれる,0.0024271844660194173,2.09861228866811,0.005093719147252694,1,1,412,138
yamamoto_q03,yamamoto,山本隆司,q03,3,東京大学の研究に対するお考えをお聞かせ下さい。,candidate_question,analysis_term_no_stopwords,生み出す,0.0024271844660194173,2.09861228866811,0.005093719147252694,1,1,412,139
yamamoto_q03,yamamoto,山本隆司,q03,3,東京大学の研究に対するお考えをお聞かせ下さい。,candidate_question,analysis_term_no_stopwords,生む,0.0024271844660194173,2.09861228866811,0.005093719147252694,1,1,412,140
yamamoto_q03,yamamoto,山本隆司,q03,3,東京大学の研究に対するお考えをお聞かせ下さい。,candidate_question,analysis_term_no_stopwords,発信,0.0024271844660194173,2.09861228866811,0.005093719147252694,1,1,412,141
yamamoto_q03,yamamoto,山本隆司,q03,3,東京大学の研究に対するお考えをお聞かせ下さい。,candidate_question,analysis_term_no_stopwords,発生,0.0024271844660194173,2.09861228866811,0.005093719147252694,1,1,412,142
yamamoto_q03,yamamoto,山本隆司,q03,3,東京大学の研究に対するお考えをお聞かせ下さい。,candidate_question,analysis_term_no_stopwords,発表,0.0024271844660194173,2.09861228866811,0.005093719147252694,1,1,412,143
yamamoto_q03,yamamoto,山本隆司,q03,3,東京大学の研究に対するお考えをお聞かせ下さい。,candidate_question,analysis_term_no_stopwords,発見,0.0024271844660194173,2.09861228866811,0.005093719147252694,1,1,412,144
yamamoto_q03,yamamoto,山本隆司,q03,3,東京大学の研究に対するお考えをお聞かせ下さい。,candidate_question,analysis_term_no_stopwords,科長,0.0024271844660194173,2.09861228866811,0.005093719147252694,1,1,412,145
yamamoto_q03,yamamoto,山本隆司,q03,3,東京大学の研究に対するお考えをお聞かせ下さい。,candidate_question,analysis_term_no_stopwords,立つ,0.0024271844660194173,2.09861228866811,0.005093719147252694,1,1,412,146
yamamoto_q03,yamamoto,山本隆司,q03,3,東京大学の研究に対するお考えをお聞かせ下さい。,candidate_question,analysis_term_no_stopwords,策定,0.0024271844660194173,2.09861228866811,0.005093719147252694,1,1,412,147
yamamoto_q03,yamamoto,山本隆司,q03,3,東京大学の研究に対するお考えをお聞かせ下さい。,candidate_question,analysis_term_no_stopwords,管理,0.0024271844660194173,2.09861228866811,0.005093719147252694,1,1,412,148
yamamoto_q03,yamamoto,山本隆司,q03,3,東京大学の研究に対するお考えをお聞かせ下さい。,candidate_question,analysis_term_no_stopwords,統合,0.0024271844660194173,2.09861228866811,0.005093719147252694,1,1,412,149
yamamoto_q03,yamamoto,山本隆司,q03,3,東京大学の研究に対するお考えをお聞かせ下さい。,candidate_question,analysis_term_no_stopwords,継続,0.0024271844660194173,2.09861228866811,0.005093719147252694,1,1,412,150
yamamoto_q03,yamamoto,山本隆司,q03,3,東京大学の研究に対するお考えをお聞かせ下さい。,candidate_question,analysis_term_no_stopwords,縦横,0.0024271844660194173,2.09861228866811,0.005093719147252694,1,1,412,151
yamamoto_q03,yamamoto,山本隆司,q03,3,東京大学の研究に対するお考えをお聞かせ下さい。,candidate_question,analysis_term_no_stopwords,英語,0.0024271844660194173,2.09861228866811,0.005093719147252694,1,1,412,152
yamamoto_q03,yamamoto,山本隆司,q03,3,東京大学の研究に対するお考えをお聞かせ下さい。,candidate_question,analysis_term_no_stopwords,要する,0.0024271844660194173,2.09861228866811,0.005093719147252694,1,1,412,153
yamamoto_q03,yamamoto,山本隆司,q03,3,東京大学の研究に対するお考えをお聞かせ下さい。,candidate_question,analysis_term_no_stopwords,観点,0.0024271844660194173,2.09861228866811,0.005093719147252694,1,1,412,154
yamamoto_q03,yamamoto,山本隆司,q03,3,東京大学の研究に対するお考えをお聞かせ下さい。,candidate_question,analysis_term_no_stopwords,詰める,0.0024271844660194173,2.09861228866811,0.005093719147252694,1,1,412,155
yamamoto_q03,yamamoto,山本隆司,q03,3,東京大学の研究に対するお考えをお聞かせ下さい。,candidate_question,analysis_term_no_stopwords,認識,0.0024271844660194173,2.09861228866811,0.005093719147252694,1,1,412,156
yamamoto_q03,yamamoto,山本隆司,q03,3,東京大学の研究に対するお考えをお聞かせ下さい。,candidate_question,analysis_term_no_stopwords,論文,0.0024271844660194173,2.09861228866811,0.005093719147252694,1,1,412,157
yamamoto_q03,yamamoto,山本隆司,q03,3,東京大学の研究に対するお考えをお聞かせ下さい。,candidate_question,analysis_term_no_stopwords,議論,0.0024271844660194173,2.09861228866811,0.005093719147252694,1,1,412,158
yamamoto_q03,yamamoto,山本隆司,q03,3,東京大学の研究に対するお考えをお聞かせ下さい。,candidate_question,analysis_term_no_stopwords,進度,0.0024271844660194173,2.09861228866811,0.005093719147252694,1,1,412,159
yamamoto_q03,yamamoto,山本隆司,q03,3,東京大学の研究に対するお考えをお聞かせ下さい。,candidate_question,analysis_term_no_stopwords,進捗,0.0024271844660194173,2.09861228866811,0.005093719147252694,1,1,412,160
yamamoto_q03,yamamoto,山本隆司,q03,3,東京大学の研究に対するお考えをお聞かせ下さい。,candidate_question,analysis_term_no_stopwords,運営,0.0024271844660194173,2.09861228866811,0.005093719147252694,1,1,412,161
yamamoto_q03,yamamoto,山本隆司,q03,3,東京大学の研究に対するお考えをお聞かせ下さい。,candidate_question,analysis_term_no_stopwords,過程,0.0024271844660194173,2.09861228866811,0.005093719147252694,1,1,412,162
yamamoto_q03,yamamoto,山本隆司,q03,3,東京大学の研究に対するお考えをお聞かせ下さい。,candidate_question,analysis_term_no_stopwords,道筋,0.0024271844660194173,2.09861228866811,0.005093719147252694,1,1,412,163
yamamoto_q03,yamamoto,山本隆司,q03,3,東京大学の研究に対するお考えをお聞かせ下さい。,candidate_question,analysis_term_no_stopwords,違い,0.0024271844660194173,2.09861228866811,0.005093719147252694,1,1,412,164
yamamoto_q03,yamamoto,山本隆司,q03,3,東京大学の研究に対するお考えをお聞かせ下さい。,candidate_question,analysis_term_no_stopwords,開発,0.0024271844660194173,2.09861228866811,0.005093719147252694,1,1,412,165
yamamoto_q03,yamamoto,山本隆司,q03,3,東京大学の研究に対するお考えをお聞かせ下さい。,candidate_question,analysis_term_no_stopwords,雇用,0.0024271844660194173,2.09861228866811,0.005093719147252694,1,1,412,166
yamamoto_q03,yamamoto,山本隆司,q03,3,東京大学の研究に対するお考えをお聞かせ下さい。,candidate_question,analysis_term_no_stopwords,イノベーション-innovation,0.0024271844660194173,1.6931471805599454,0.004109580535339673,1,2,412,167
yamamoto_q03,yamamoto,山本隆司,q03,3,東京大学の研究に対するお考えをお聞かせ下さい。,candidate_question,analysis_term_no_stopwords,トップ-top,0.0024271844660194173,1.6931471805599454,0.004109580535339673,1,2,412,168
yamamoto_q03,yamamoto,山本隆司,q03,3,東京大学の研究に対するお考えをお聞かせ下さい。,candidate_question,analysis_term_no_stopwords,取り組む,0.0024271844660194173,1.6931471805599454,0.004109580535339673,1,2,412,169
yamamoto_q03,yamamoto,山本隆司,q03,3,東京大学の研究に対するお考えをお聞かせ下さい。,candidate_question,analysis_term_no_stopwords,対する,0.0024271844660194173,1.6931471805599454,0.004109580535339673,1,2,412,170
yamamoto_q03,yamamoto,山本隆司,q03,3,東京大学の研究に対するお考えをお聞かせ下さい。,candidate_question,analysis_term_no_stopwords,強化,0.0024271844660194173,1.6931471805599454,0.004109580535339673,1,2,412,171
yamamoto_q03,yamamoto,山本隆司,q03,3,東京大学の研究に対するお考えをお聞かせ下さい。,candidate_question,analysis_term_no_stopwords,情報,0.0024271844660194173,1.6931471805599454,0.004109580535339673,1,2,412,172
yamamoto_q03,yamamoto,山本隆司,q03,3,東京大学の研究に対するお考えをお聞かせ下さい。,candidate_question,analysis_term_no_stopwords,成果,0.0024271844660194173,1.6931471805599454,0.004109580535339673,1,2,412,173
yamamoto_q03,yamamoto,山本隆司,q03,3,東京大学の研究に対するお考えをお聞かせ下さい。,candidate_question,analysis_term_no_stopwords,持つ,0.0024271844660194173,1.6931471805599454,0.004109580535339673,1,2,412,174
yamamoto_q03,yamamoto,山本隆司,q03,3,東京大学の研究に対するお考えをお聞かせ下さい。,candidate_question,analysis_term_no_stopwords,整備,0.0024271844660194173,1.6931471805599454,0.004109580535339673,1,2,412,175
yamamoto_q03,yamamoto,山本隆司,q03,3,東京大学の研究に対するお考えをお聞かせ下さい。,candidate_question,analysis_term_no_stopwords,文化,0.0024271844660194173,1.6931471805599454,0.004109580535339673,1,2,412,176
yamamoto_q03,yamamoto,山本隆司,q03,3,東京大学の研究に対するお考えをお聞かせ下さい。,candidate_question,analysis_term_no_stopwords,方向,0.0024271844660194173,1.6931471805599454,0.004109580535339673,1,2,412,177
yamamoto_q03,yamamoto,山本隆司,q03,3,東京大学の研究に対するお考えをお聞かせ下さい。,candidate_question,analysis_term_no_stopwords,歴史,0.0024271844660194173,1.6931471805599454,0.004109580535339673,1,2,412,178
yamamoto_q03,yamamoto,山本隆司,q03,3,東京大学の研究に対するお考えをお聞かせ下さい。,candidate_question,analysis_term_no_stopwords,現場,0.0024271844660194173,1.6931471805599454,0.004109580535339673,1,2,412,179
yamamoto_q03,yamamoto,山本隆司,q03,3,東京大学の研究に対するお考えをお聞かせ下さい。,candidate_question,analysis_term_no_stopwords,知見,0.0024271844660194173,1.6931471805599454,0.004109580535339673,1,2,412,180
yamamoto_q03,yamamoto,山本隆司,q03,3,東京大学の研究に対するお考えをお聞かせ下さい。,candidate_question,analysis_term_no_stopwords,示す,0.0024271844660194173,1.6931471805599454,0.004109580535339673,1,2,412,181
yamamoto_q03,yamamoto,山本隆司,q03,3,東京大学の研究に対するお考えをお聞かせ下さい。,candidate_question,analysis_term_no_stopwords,築く,0.0024271844660194173,1.6931471805599454,0.004109580535339673,1,2,412,182
yamamoto_q03,yamamoto,山本隆司,q03,3,東京大学の研究に対するお考えをお聞かせ下さい。,candidate_question,analysis_term_no_stopwords,言語,0.0024271844660194173,1.6931471805599454,0.004109580535339673,1,2,412,183
yamamoto_q03,yamamoto,山本隆司,q03,3,東京大学の研究に対するお考えをお聞かせ下さい。,candidate_question,analysis_term_no_stopwords,述べる,0.0024271844660194173,1.6931471805599454,0.004109580535339673,1,2,412,184
yamamoto_q03,yamamoto,山本隆司,q03,3,東京大学の研究に対するお考えをお聞かせ下さい。,candidate_question,analysis_term_no_stopwords,進める,0.0024271844660194173,1.6931471805599454,0.004109580535339673,1,2,412,185
yamamoto_q03,yamamoto,山本隆司,q03,3,東京大学の研究に対するお考えをお聞かせ下さい。,candidate_question,analysis_term_no_stopwords,重点,0.0024271844660194173,1.6931471805599454,0.004109580535339673,1,2,412,186
yamamoto_q03,yamamoto,山本隆司,q03,3,東京大学の研究に対するお考えをお聞かせ下さい。,candidate_question,analysis_term_no_stopwords,関わる,0.0024271844660194173,1.6931471805599454,0.004109580535339673,1,2,412,187
yamamoto_q03,yamamoto,山本隆司,q03,3,東京大学の研究に対するお考えをお聞かせ下さい。,candidate_question,analysis_term_no_stopwords,際,0.0024271844660194173,1.6931471805599454,0.004109580535339673,1,2,412,188
yamamoto_q03,yamamoto,山本隆司,q03,3,東京大学の研究に対するお考えをお聞かせ下さい。,candidate_question,analysis_term_no_stopwords,領域,0.0024271844660194173,1.6931471805599454,0.004109580535339673,1,2,412,189
yamamoto_q03,yamamoto,山本隆司,q03,3,東京大学の研究に対するお考えをお聞かせ下さい。,candidate_question,analysis_term_no_stopwords,人文,0.0024271844660194173,1.4054651081081644,0.0034113230779324374,1,3,412,190
yamamoto_q03,yamamoto,山本隆司,q03,3,東京大学の研究に対するお考えをお聞かせ下さい。,candidate_question,analysis_term_no_stopwords,於く,0.0024271844660194173,1.4054651081081644,0.0034113230779324374,1,3,412,191
yamamoto_q03,yamamoto,山本隆司,q03,3,東京大学の研究に対するお考えをお聞かせ下さい。,candidate_question,analysis_term_no_stopwords,生かす,0.0024271844660194173,1.4054651081081644,0.0034113230779324374,1,3,412,192
yamamoto_q03,yamamoto,山本隆司,q03,3,東京大学の研究に対するお考えをお聞かせ下さい。,candidate_question,analysis_term_no_stopwords,知,0.0024271844660194173,1.4054651081081644,0.0034113230779324374,1,3,412,193
yamamoto_q03,yamamoto,山本隆司,q03,3,東京大学の研究に対するお考えをお聞かせ下さい。,candidate_question,analysis_term_no_stopwords,課題,0.0024271844660194173,1.4054651081081644,0.0034113230779324374,1,3,412,194
fujigaki_q04,fujigaki,藤垣裕子,q04,4,東京大学の運営・経営、社会連携、国際化に対するお考えをお聞かせ下さい。,candidate_question,analysis_term_no_stopwords,為る,0.07216494845360824,1.0,0.07216494845360824,21,5,291,1
fujigaki_q04,fujigaki,藤垣裕子,q04,4,東京大学の運営・経営、社会連携、国際化に対するお考えをお聞かせ下さい。,candidate_question,analysis_term_no_stopwords,環境,0.027491408934707903,1.6931471805599454,0.04654700152742118,8,2,291,2
fujigaki_q04,fujigaki,藤垣裕子,q04,4,東京大学の運営・経営、社会連携、国際化に対するお考えをお聞かせ下さい。,candidate_question,analysis_term_no_stopwords,有る,0.037800687285223365,1.0,0.037800687285223365,11,5,291,3
fujigaki_q04,fujigaki,藤垣裕子,q04,4,東京大学の運営・経営、社会連携、国際化に対するお考えをお聞かせ下さい。,candidate_question,analysis_term_no_stopwords,事,0.030927835051546393,1.0,0.030927835051546393,9,5,291,4
fujigaki_q04,fujigaki,藤垣裕子,q04,4,東京大学の運営・経営、社会連携、国際化に対するお考えをお聞かせ下さい。,candidate_question,analysis_term_no_stopwords,居る,0.020618556701030927,1.1823215567939547,0.02437776405760731,6,4,291,5
fujigaki_q04,fujigaki,藤垣裕子,q04,4,東京大学の運営・経営、社会連携、国際化に対するお考えをお聞かせ下さい。,candidate_question,analysis_term_no_stopwords,考える,0.020618556701030927,1.1823215567939547,0.02437776405760731,6,4,291,6
fujigaki_q04,fujigaki,藤垣裕子,q04,4,東京大学の運営・経営、社会連携、国際化に対するお考えをお聞かせ下さい。,candidate_question,analysis_term_no_stopwords,人類,0.010309278350515464,2.09861228866811,0.021635178233691855,3,1,291,7
fujigaki_q04,fujigaki,藤垣裕子,q04,4,東京大学の運営・経営、社会連携、国際化に対するお考えをお聞かせ下さい。,candidate_question,analysis_term_no_stopwords,変える,0.010309278350515464,2.09861228866811,0.021635178233691855,3,1,291,8
fujigaki_q04,fujigaki,藤垣裕子,q04,4,東京大学の運営・経営、社会連携、国際化に対するお考えをお聞かせ下さい。,candidate_question,analysis_term_no_stopwords,必要,0.020618556701030927,1.0,0.020618556701030927,6,5,291,9
fujigaki_q04,fujigaki,藤垣裕子,q04,4,東京大学の運営・経営、社会連携、国際化に対するお考えをお聞かせ下さい。,candidate_question,analysis_term_no_stopwords,成る,0.020618556701030927,1.0,0.020618556701030927,6,5,291,10
fujigaki_q04,fujigaki,藤垣裕子,q04,4,東京大学の運営・経営、社会連携、国際化に対するお考えをお聞かせ下さい。,candidate_question,analysis_term_no_stopwords,日本,0.010309278350515464,1.6931471805599454,0.01745512557278294,3,2,291,11
fujigaki_q04,fujigaki,藤垣裕子,q04,4,東京大学の運営・経営、社会連携、国際化に対するお考えをお聞かせ下さい。,candidate_question,analysis_term_no_stopwords,来る,0.010309278350515464,1.6931471805599454,0.01745512557278294,3,2,291,12
fujigaki_q04,fujigaki,藤垣裕子,q04,4,東京大学の運営・経営、社会連携、国際化に対するお考えをお聞かせ下さい。,candidate_question,analysis_term_no_stopwords,部,0.010309278350515464,1.6931471805599454,0.01745512557278294,3,2,291,13
fujigaki_q04,fujigaki,藤垣裕子,q04,4,東京大学の運営・経営、社会連携、国際化に対するお考えをお聞かせ下さい。,candidate_question,analysis_term_no_stopwords,社会,0.01718213058419244,1.0,0.01718213058419244,5,5,291,14
fujigaki_q04,fujigaki,藤垣裕子,q04,4,東京大学の運営・経営、社会連携、国際化に対するお考えをお聞かせ下さい。,candidate_question,analysis_term_no_stopwords,連携,0.01718213058419244,1.0,0.01718213058419244,5,5,291,15
fujigaki_q04,fujigaki,藤垣裕子,q04,4,東京大学の運営・経営、社会連携、国際化に対するお考えをお聞かせ下さい。,candidate_question,analysis_term_no_stopwords,トップ-top,0.006872852233676976,2.09861228866811,0.01442345215579457,2,1,291,16
fujigaki_q04,fujigaki,藤垣裕子,q04,4,東京大学の運営・経営、社会連携、国際化に対するお考えをお聞かせ下さい。,candidate_question,analysis_term_no_stopwords,交流,0.006872852233676976,2.09861228866811,0.01442345215579457,2,1,291,17
fujigaki_q04,fujigaki,藤垣裕子,q04,4,東京大学の運営・経営、社会連携、国際化に対するお考えをお聞かせ下さい。,candidate_question,analysis_term_no_stopwords,周年,0.006872852233676976,2.09861228866811,0.01442345215579457,2,1,291,18
fujigaki_q04,fujigaki,藤垣裕子,q04,4,東京大学の運営・経営、社会連携、国際化に対するお考えをお聞かせ下さい。,candidate_question,analysis_term_no_stopwords,場,0.006872852233676976,2.09861228866811,0.01442345215579457,2,1,291,19
fujigaki_q04,fujigaki,藤垣裕子,q04,4,東京大学の運営・経営、社会連携、国際化に対するお考えをお聞かせ下さい。,candidate_question,analysis_term_no_stopwords,来日,0.006872852233676976,2.09861228866811,0.01442345215579457,2,1,291,20
fujigaki_q04,fujigaki,藤垣裕子,q04,4,東京大学の運営・経営、社会連携、国際化に対するお考えをお聞かせ下さい。,candidate_question,analysis_term_no_stopwords,産業,0.006872852233676976,2.09861228866811,0.01442345215579457,2,1,291,21
fujigaki_q04,fujigaki,藤垣裕子,q04,4,東京大学の運営・経営、社会連携、国際化に対するお考えをお聞かせ下さい。,candidate_question,analysis_term_no_stopwords,遺産,0.006872852233676976,2.09861228866811,0.01442345215579457,2,1,291,22
fujigaki_q04,fujigaki,藤垣裕子,q04,4,東京大学の運営・経営、社会連携、国際化に対するお考えをお聞かせ下さい。,candidate_question,analysis_term_no_stopwords,閉じる,0.006872852233676976,2.09861228866811,0.01442345215579457,2,1,291,23
fujigaki_q04,fujigaki,藤垣裕子,q04,4,東京大学の運営・経営、社会連携、国際化に対するお考えをお聞かせ下さい。,candidate_question,analysis_term_no_stopwords,為,0.013745704467353952,1.0,0.013745704467353952,4,5,291,24
fujigaki_q04,fujigaki,藤垣裕子,q04,4,東京大学の運営・経営、社会連携、国際化に対するお考えをお聞かせ下さい。,candidate_question,analysis_term_no_stopwords,物,0.013745704467353952,1.0,0.013745704467353952,4,5,291,25
fujigaki_q04,fujigaki,藤垣裕子,q04,4,東京大学の運営・経営、社会連携、国際化に対するお考えをお聞かせ下さい。,candidate_question,analysis_term_no_stopwords,世代,0.006872852233676976,1.6931471805599454,0.011636750381855295,2,2,291,26
fujigaki_q04,fujigaki,藤垣裕子,q04,4,東京大学の運営・経営、社会連携、国際化に対するお考えをお聞かせ下さい。,candidate_question,analysis_term_no_stopwords,切る,0.006872852233676976,1.6931471805599454,0.011636750381855295,2,2,291,27
fujigaki_q04,fujigaki,藤垣裕子,q04,4,東京大学の運営・経営、社会連携、国際化に対するお考えをお聞かせ下さい。,candidate_question,analysis_term_no_stopwords,努力,0.006872852233676976,1.6931471805599454,0.011636750381855295,2,2,291,28
fujigaki_q04,fujigaki,藤垣裕子,q04,4,東京大学の運営・経営、社会連携、国際化に対するお考えをお聞かせ下さい。,candidate_question,analysis_term_no_stopwords,整える,0.006872852233676976,1.6931471805599454,0.011636750381855295,2,2,291,29
fujigaki_q04,fujigaki,藤垣裕子,q04,4,東京大学の運営・経営、社会連携、国際化に対するお考えをお聞かせ下さい。,candidate_question,analysis_term_no_stopwords,留学,0.006872852233676976,1.6931471805599454,0.011636750381855295,2,2,291,30
fujigaki_q04,fujigaki,藤垣裕子,q04,4,東京大学の運営・経営、社会連携、国際化に対するお考えをお聞かせ下さい。,candidate_question,analysis_term_no_stopwords,トウキョウ,0.010309278350515464,1.0,0.010309278350515464,3,5,291,31
fujigaki_q04,fujigaki,藤垣裕子,q04,4,東京大学の運営・経営、社会連携、国際化に対するお考えをお聞かせ下さい。,candidate_question,analysis_term_no_stopwords,共,0.006872852233676976,1.4054651081081644,0.00965955400761625,2,3,291,32
fujigaki_q04,fujigaki,藤垣裕子,q04,4,東京大学の運営・経営、社会連携、国際化に対するお考えをお聞かせ下さい。,candidate_question,analysis_term_no_stopwords,学長,0.006872852233676976,1.4054651081081644,0.00965955400761625,2,3,291,33
fujigaki_q04,fujigaki,藤垣裕子,q04,4,東京大学の運営・経営、社会連携、国際化に対するお考えをお聞かせ下さい。,candidate_question,analysis_term_no_stopwords,構成,0.006872852233676976,1.4054651081081644,0.00965955400761625,2,3,291,34
fujigaki_q04,fujigaki,藤垣裕子,q04,4,東京大学の運営・経営、社会連携、国際化に対するお考えをお聞かせ下さい。,candidate_question,analysis_term_no_stopwords,行く,0.006872852233676976,1.4054651081081644,0.00965955400761625,2,3,291,35
fujigaki_q04,fujigaki,藤垣裕子,q04,4,東京大学の運営・経営、社会連携、国際化に対するお考えをお聞かせ下さい。,candidate_question,analysis_term_no_stopwords,言う,0.006872852233676976,1.4054651081081644,0.00965955400761625,2,3,291,36
fujigaki_q04,fujigaki,藤垣裕子,q04,4,東京大学の運営・経営、社会連携、国際化に対するお考えをお聞かせ下さい。,candidate_question,analysis_term_no_stopwords,運用,0.006872852233676976,1.4054651081081644,0.00965955400761625,2,3,291,37
fujigaki_q04,fujigaki,藤垣裕子,q04,4,東京大学の運営・経営、社会連携、国際化に対するお考えをお聞かせ下さい。,candidate_question,analysis_term_no_stopwords,出来る,0.006872852233676976,1.1823215567939547,0.008125921352535771,2,4,291,38
fujigaki_q04,fujigaki,藤垣裕子,q04,4,東京大学の運営・経営、社会連携、国際化に対するお考えをお聞かせ下さい。,candidate_question,analysis_term_no_stopwords,agency,0.003436426116838488,2.09861228866811,0.007211726077897285,1,1,291,39
fujigaki_q04,fujigaki,藤垣裕子,q04,4,東京大学の運営・経営、社会連携、国際化に対するお考えをお聞かせ下さい。,candidate_question,analysis_term_no_stopwords,college,0.003436426116838488,2.09861228866811,0.007211726077897285,1,1,291,40
fujigaki_q04,fujigaki,藤垣裕子,q04,4,東京大学の運営・経営、社会連携、国際化に対するお考えをお聞かせ下さい。,candidate_question,analysis_term_no_stopwords,design,0.003436426116838488,2.09861228866811,0.007211726077897285,1,1,291,41
fujigaki_q04,fujigaki,藤垣裕子,q04,4,東京大学の運営・経営、社会連携、国際化に対するお考えをお聞かせ下さい。,candidate_question,analysis_term_no_stopwords,funding,0.003436426116838488,2.09861228866811,0.007211726077897285,1,1,291,42
fujigaki_q04,fujigaki,藤垣裕子,q04,4,東京大学の運営・経営、社会連携、国際化に対するお考えをお聞かせ下さい。,candidate_question,analysis_term_no_stopwords,of,0.003436426116838488,2.09861228866811,0.007211726077897285,1,1,291,43
fujigaki_q04,fujigaki,藤垣裕子,q04,4,東京大学の運営・経営、社会連携、国際化に対するお考えをお聞かせ下さい。,candidate_question,analysis_term_no_stopwords,peak,0.003436426116838488,2.09861228866811,0.007211726077897285,1,1,291,44
fujigaki_q04,fujigaki,藤垣裕子,q04,4,東京大学の運営・経営、社会連携、国際化に対するお考えをお聞かせ下さい。,candidate_question,analysis_term_no_stopwords,sts,0.003436426116838488,2.09861228866811,0.007211726077897285,1,1,291,45
fujigaki_q04,fujigaki,藤垣裕子,q04,4,東京大学の運営・経営、社会連携、国際化に対するお考えをお聞かせ下さい。,candidate_question,analysis_term_no_stopwords,キャンパス-campus,0.003436426116838488,2.09861228866811,0.007211726077897285,1,1,291,46
fujigaki_q04,fujigaki,藤垣裕子,q04,4,東京大学の運営・経営、社会連携、国際化に対するお考えをお聞かせ下さい。,candidate_question,analysis_term_no_stopwords,クラス-class,0.003436426116838488,2.09861228866811,0.007211726077897285,1,1,291,47
fujigaki_q04,fujigaki,藤垣裕子,q04,4,東京大学の運営・経営、社会連携、国際化に対するお考えをお聞かせ下さい。,candidate_question,analysis_term_no_stopwords,コマバ,0.003436426116838488,2.09861228866811,0.007211726077897285,1,1,291,48
fujigaki_q04,fujigaki,藤垣裕子,q04,4,東京大学の運営・経営、社会連携、国際化に対するお考えをお聞かせ下さい。,candidate_question,analysis_term_no_stopwords,ネットワーク-network,0.003436426116838488,2.09861228866811,0.007211726077897285,1,1,291,49
fujigaki_q04,fujigaki,藤垣裕子,q04,4,東京大学の運営・経営、社会連携、国際化に対するお考えをお聞かせ下さい。,candidate_question,analysis_term_no_stopwords,パートナー-partner,0.003436426116838488,2.09861228866811,0.007211726077897285,1,1,291,50
fujigaki_q04,fujigaki,藤垣裕子,q04,4,東京大学の運営・経営、社会連携、国際化に対するお考えをお聞かせ下さい。,candidate_question,analysis_term_no_stopwords,フォーラム-forum,0.003436426116838488,2.09861228866811,0.007211726077897285,1,1,291,51
fujigaki_q04,fujigaki,藤垣裕子,q04,4,東京大学の運営・経営、社会連携、国際化に対するお考えをお聞かせ下さい。,candidate_question,analysis_term_no_stopwords,リカレント-recurrent,0.003436426116838488,2.09861228866811,0.007211726077897285,1,1,291,52
fujigaki_q04,fujigaki,藤垣裕子,q04,4,東京大学の運営・経営、社会連携、国際化に対するお考えをお聞かせ下さい。,candidate_question,analysis_term_no_stopwords,リード-lead,0.003436426116838488,2.09861228866811,0.007211726077897285,1,1,291,53
fujigaki_q04,fujigaki,藤垣裕子,q04,4,東京大学の運営・経営、社会連携、国際化に対するお考えをお聞かせ下さい。,candidate_question,analysis_term_no_stopwords,上述,0.003436426116838488,2.09861228866811,0.007211726077897285,1,1,291,54
fujigaki_q04,fujigaki,藤垣裕子,q04,4,東京大学の運営・経営、社会連携、国際化に対するお考えをお聞かせ下さい。,candidate_question,analysis_term_no_stopwords,人件,0.003436426116838488,2.09861228866811,0.007211726077897285,1,1,291,55
fujigaki_q04,fujigaki,藤垣裕子,q04,4,東京大学の運営・経営、社会連携、国際化に対するお考えをお聞かせ下さい。,candidate_question,analysis_term_no_stopwords,会合,0.003436426116838488,2.09861228866811,0.007211726077897285,1,1,291,56
fujigaki_q04,fujigaki,藤垣裕子,q04,4,東京大学の運営・経営、社会連携、国際化に対するお考えをお聞かせ下さい。,candidate_question,analysis_term_no_stopwords,伝達,0.003436426116838488,2.09861228866811,0.007211726077897285,1,1,291,57
fujigaki_q04,fujigaki,藤垣裕子,q04,4,東京大学の運営・経営、社会連携、国際化に対するお考えをお聞かせ下さい。,candidate_question,analysis_term_no_stopwords,側面,0.003436426116838488,2.09861228866811,0.007211726077897285,1,1,291,58
fujigaki_q04,fujigaki,藤垣裕子,q04,4,東京大学の運営・経営、社会連携、国際化に対するお考えをお聞かせ下さい。,candidate_question,analysis_term_no_stopwords,先陣,0.003436426116838488,2.09861228866811,0.007211726077897285,1,1,291,59
fujigaki_q04,fujigaki,藤垣裕子,q04,4,東京大学の運営・経営、社会連携、国際化に対するお考えをお聞かせ下さい。,candidate_question,analysis_term_no_stopwords,共存,0.003436426116838488,2.09861228866811,0.007211726077897285,1,1,291,60
fujigaki_q04,fujigaki,藤垣裕子,q04,4,東京大学の運営・経営、社会連携、国際化に対するお考えをお聞かせ下さい。,candidate_question,analysis_term_no_stopwords,共有,0.003436426116838488,2.09861228866811,0.007211726077897285,1,1,291,61
fujigaki_q04,fujigaki,藤垣裕子,q04,4,東京大学の運営・経営、社会連携、国際化に対するお考えをお聞かせ下さい。,candidate_question,analysis_term_no_stopwords,内,0.003436426116838488,2.09861228866811,0.007211726077897285,1,1,291,62
fujigaki_q04,fujigaki,藤垣裕子,q04,4,東京大学の運営・経営、社会連携、国際化に対するお考えをお聞かせ下さい。,candidate_question,analysis_term_no_stopwords,切り崩す,0.003436426116838488,2.09861228866811,0.007211726077897285,1,1,291,63
fujigaki_q04,fujigaki,藤垣裕子,q04,4,東京大学の運営・経営、社会連携、国際化に対するお考えをお聞かせ下さい。,candidate_question,analysis_term_no_stopwords,切り捨てる,0.003436426116838488,2.09861228866811,0.007211726077897285,1,1,291,64
fujigaki_q04,fujigaki,藤垣裕子,q04,4,東京大学の運営・経営、社会連携、国際化に対するお考えをお聞かせ下さい。,candidate_question,analysis_term_no_stopwords,労力,0.003436426116838488,2.09861228866811,0.007211726077897285,1,1,291,65
fujigaki_q04,fujigaki,藤垣裕子,q04,4,東京大学の運営・経営、社会連携、国際化に対するお考えをお聞かせ下さい。,candidate_question,analysis_term_no_stopwords,勧める,0.003436426116838488,2.09861228866811,0.007211726077897285,1,1,291,66
fujigaki_q04,fujigaki,藤垣裕子,q04,4,東京大学の運営・経営、社会連携、国際化に対するお考えをお聞かせ下さい。,candidate_question,analysis_term_no_stopwords,取れる,0.003436426116838488,2.09861228866811,0.007211726077897285,1,1,291,67
fujigaki_q04,fujigaki,藤垣裕子,q04,4,東京大学の運営・経営、社会連携、国際化に対するお考えをお聞かせ下さい。,candidate_question,analysis_term_no_stopwords,受託,0.003436426116838488,2.09861228866811,0.007211726077897285,1,1,291,68
fujigaki_q04,fujigaki,藤垣裕子,q04,4,東京大学の運営・経営、社会連携、国際化に対するお考えをお聞かせ下さい。,candidate_question,analysis_term_no_stopwords,向ける,0.003436426116838488,2.09861228866811,0.007211726077897285,1,1,291,69
fujigaki_q04,fujigaki,藤垣裕子,q04,4,東京大学の運営・経営、社会連携、国際化に対するお考えをお聞かせ下さい。,candidate_question,analysis_term_no_stopwords,呉れる,0.003436426116838488,2.09861228866811,0.007211726077897285,1,1,291,70
fujigaki_q04,fujigaki,藤垣裕子,q04,4,東京大学の運営・経営、社会連携、国際化に対するお考えをお聞かせ下さい。,candidate_question,analysis_term_no_stopwords,営み,0.003436426116838488,2.09861228866811,0.007211726077897285,1,1,291,71
fujigaki_q04,fujigaki,藤垣裕子,q04,4,東京大学の運営・経営、社会連携、国際化に対するお考えをお聞かせ下さい。,candidate_question,analysis_term_no_stopwords,在学,0.003436426116838488,2.09861228866811,0.007211726077897285,1,1,291,72
fujigaki_q04,fujigaki,藤垣裕子,q04,4,東京大学の運営・経営、社会連携、国際化に対するお考えをお聞かせ下さい。,candidate_question,analysis_term_no_stopwords,地球,0.003436426116838488,2.09861228866811,0.007211726077897285,1,1,291,73
fujigaki_q04,fujigaki,藤垣裕子,q04,4,東京大学の運営・経営、社会連携、国際化に対するお考えをお聞かせ下さい。,candidate_question,analysis_term_no_stopwords,境界,0.003436426116838488,2.09861228866811,0.007211726077897285,1,1,291,74
fujigaki_q04,fujigaki,藤垣裕子,q04,4,東京大学の運営・経営、社会連携、国際化に対するお考えをお聞かせ下さい。,candidate_question,analysis_term_no_stopwords,多く,0.003436426116838488,2.09861228866811,0.007211726077897285,1,1,291,75
fujigaki_q04,fujigaki,藤垣裕子,q04,4,東京大学の運営・経営、社会連携、国際化に対するお考えをお聞かせ下さい。,candidate_question,analysis_term_no_stopwords,存在,0.003436426116838488,2.09861228866811,0.007211726077897285,1,1,291,76
fujigaki_q04,fujigaki,藤垣裕子,q04,4,東京大学の運営・経営、社会連携、国際化に対するお考えをお聞かせ下さい。,candidate_question,analysis_term_no_stopwords,存続,0.003436426116838488,2.09861228866811,0.007211726077897285,1,1,291,77
fujigaki_q04,fujigaki,藤垣裕子,q04,4,東京大学の運営・経営、社会連携、国際化に対するお考えをお聞かせ下さい。,candidate_question,analysis_term_no_stopwords,学ぶ,0.003436426116838488,2.09861228866811,0.007211726077897285,1,1,291,78
fujigaki_q04,fujigaki,藤垣裕子,q04,4,東京大学の運営・経営、社会連携、国際化に対するお考えをお聞かせ下さい。,candidate_question,analysis_term_no_stopwords,履修,0.003436426116838488,2.09861228866811,0.007211726077897285,1,1,291,79
fujigaki_q04,fujigaki,藤垣裕子,q04,4,東京大学の運営・経営、社会連携、国際化に対するお考えをお聞かせ下さい。,candidate_question,analysis_term_no_stopwords,工夫,0.003436426116838488,2.09861228866811,0.007211726077897285,1,1,291,80
fujigaki_q04,fujigaki,藤垣裕子,q04,4,東京大学の運営・経営、社会連携、国際化に対するお考えをお聞かせ下さい。,candidate_question,analysis_term_no_stopwords,引き継ぐ,0.003436426116838488,2.09861228866811,0.007211726077897285,1,1,291,81
fujigaki_q04,fujigaki,藤垣裕子,q04,4,東京大学の運営・経営、社会連携、国際化に対するお考えをお聞かせ下さい。,candidate_question,analysis_term_no_stopwords,感,0.003436426116838488,2.09861228866811,0.007211726077897285,1,1,291,82
fujigaki_q04,fujigaki,藤垣裕子,q04,4,東京大学の運営・経営、社会連携、国際化に対するお考えをお聞かせ下さい。,candidate_question,analysis_term_no_stopwords,手助け,0.003436426116838488,2.09861228866811,0.007211726077897285,1,1,291,83
fujigaki_q04,fujigaki,藤垣裕子,q04,4,東京大学の運営・経営、社会連携、国際化に対するお考えをお聞かせ下さい。,candidate_question,analysis_term_no_stopwords,指定,0.003436426116838488,2.09861228866811,0.007211726077897285,1,1,291,84
fujigaki_q04,fujigaki,藤垣裕子,q04,4,東京大学の運営・経営、社会連携、国際化に対するお考えをお聞かせ下さい。,candidate_question,analysis_term_no_stopwords,採算,0.003436426116838488,2.09861228866811,0.007211726077897285,1,1,291,85
fujigaki_q04,fujigaki,藤垣裕子,q04,4,東京大学の運営・経営、社会連携、国際化に対するお考えをお聞かせ下さい。,candidate_question,analysis_term_no_stopwords,政策,0.003436426116838488,2.09861228866811,0.007211726077897285,1,1,291,86
fujigaki_q04,fujigaki,藤垣裕子,q04,4,東京大学の運営・経営、社会連携、国際化に対するお考えをお聞かせ下さい。,candidate_question,analysis_term_no_stopwords,新しい,0.003436426116838488,2.09861228866811,0.007211726077897285,1,1,291,87
fujigaki_q04,fujigaki,藤垣裕子,q04,4,東京大学の運営・経営、社会連携、国際化に対するお考えをお聞かせ下さい。,candidate_question,analysis_term_no_stopwords,旅費,0.003436426116838488,2.09861228866811,0.007211726077897285,1,1,291,88
fujigaki_q04,fujigaki,藤垣裕子,q04,4,東京大学の運営・経営、社会連携、国際化に対するお考えをお聞かせ下さい。,candidate_question,analysis_term_no_stopwords,普通,0.003436426116838488,2.09861228866811,0.007211726077897285,1,1,291,89
fujigaki_q04,fujigaki,藤垣裕子,q04,4,東京大学の運営・経営、社会連携、国際化に対するお考えをお聞かせ下さい。,candidate_question,analysis_term_no_stopwords,深い,0.003436426116838488,2.09861228866811,0.007211726077897285,1,1,291,90
fujigaki_q04,fujigaki,藤垣裕子,q04,4,東京大学の運営・経営、社会連携、国際化に対するお考えをお聞かせ下さい。,candidate_question,analysis_term_no_stopwords,準備,0.003436426116838488,2.09861228866811,0.007211726077897285,1,1,291,91
fujigaki_q04,fujigaki,藤垣裕子,q04,4,東京大学の運営・経営、社会連携、国際化に対するお考えをお聞かせ下さい。,candidate_question,analysis_term_no_stopwords,滞在,0.003436426116838488,2.09861228866811,0.007211726077897285,1,1,291,92
fujigaki_q04,fujigaki,藤垣裕子,q04,4,東京大学の運営・経営、社会連携、国際化に対するお考えをお聞かせ下さい。,candidate_question,analysis_term_no_stopwords,現在,0.003436426116838488,2.09861228866811,0.007211726077897285,1,1,291,93
fujigaki_q04,fujigaki,藤垣裕子,q04,4,東京大学の運営・経営、社会連携、国際化に対するお考えをお聞かせ下さい。,candidate_question,analysis_term_no_stopwords,示唆,0.003436426116838488,2.09861228866811,0.007211726077897285,1,1,291,94
fujigaki_q04,fujigaki,藤垣裕子,q04,4,東京大学の運営・経営、社会連携、国際化に対するお考えをお聞かせ下さい。,candidate_question,analysis_term_no_stopwords,科学,0.003436426116838488,2.09861228866811,0.007211726077897285,1,1,291,95
fujigaki_q04,fujigaki,藤垣裕子,q04,4,東京大学の運営・経営、社会連携、国際化に対するお考えをお聞かせ下さい。,candidate_question,analysis_term_no_stopwords,経費,0.003436426116838488,2.09861228866811,0.007211726077897285,1,1,291,96
fujigaki_q04,fujigaki,藤垣裕子,q04,4,東京大学の運営・経営、社会連携、国際化に対するお考えをお聞かせ下さい。,candidate_question,analysis_term_no_stopwords,継承,0.003436426116838488,2.09861228866811,0.007211726077897285,1,1,291,97
fujigaki_q04,fujigaki,藤垣裕子,q04,4,東京大学の運営・経営、社会連携、国際化に対するお考えをお聞かせ下さい。,candidate_question,analysis_term_no_stopwords,繋がり,0.003436426116838488,2.09861228866811,0.007211726077897285,1,1,291,98
fujigaki_q04,fujigaki,藤垣裕子,q04,4,東京大学の運営・経営、社会連携、国際化に対するお考えをお聞かせ下さい。,candidate_question,analysis_term_no_stopwords,裂く,0.003436426116838488,2.09861228866811,0.007211726077897285,1,1,291,99
fujigaki_q04,fujigaki,藤垣裕子,q04,4,東京大学の運営・経営、社会連携、国際化に対するお考えをお聞かせ下さい。,candidate_question,analysis_term_no_stopwords,装置,0.003436426116838488,2.09861228866811,0.007211726077897285,1,1,291,100
fujigaki_q04,fujigaki,藤垣裕子,q04,4,東京大学の運営・経営、社会連携、国際化に対するお考えをお聞かせ下さい。,candidate_question,analysis_term_no_stopwords,見定め,0.003436426116838488,2.09861228866811,0.007211726077897285,1,1,291,101
fujigaki_q04,fujigaki,藤垣裕子,q04,4,東京大学の運営・経営、社会連携、国際化に対するお考えをお聞かせ下さい。,candidate_question,analysis_term_no_stopwords,議論,0.003436426116838488,2.09861228866811,0.007211726077897285,1,1,291,102
fujigaki_q04,fujigaki,藤垣裕子,q04,4,東京大学の運営・経営、社会連携、国際化に対するお考えをお聞かせ下さい。,candidate_question,analysis_term_no_stopwords,進む,0.003436426116838488,2.09861228866811,0.007211726077897285,1,1,291,103
fujigaki_q04,fujigaki,藤垣裕子,q04,4,東京大学の運営・経営、社会連携、国際化に対するお考えをお聞かせ下さい。,candidate_question,analysis_term_no_stopwords,開発,0.003436426116838488,2.09861228866811,0.007211726077897285,1,1,291,104
fujigaki_q04,fujigaki,藤垣裕子,q04,4,東京大学の運営・経営、社会連携、国際化に対するお考えをお聞かせ下さい。,candidate_question,analysis_term_no_stopwords,限る,0.003436426116838488,2.09861228866811,0.007211726077897285,1,1,291,105
fujigaki_q04,fujigaki,藤垣裕子,q04,4,東京大学の運営・経営、社会連携、国際化に対するお考えをお聞かせ下さい。,candidate_question,analysis_term_no_stopwords,集まる,0.003436426116838488,2.09861228866811,0.007211726077897285,1,1,291,106
fujigaki_q04,fujigaki,藤垣裕子,q04,4,東京大学の運営・経営、社会連携、国際化に対するお考えをお聞かせ下さい。,candidate_question,analysis_term_no_stopwords,集める,0.003436426116838488,2.09861228866811,0.007211726077897285,1,1,291,107
fujigaki_q04,fujigaki,藤垣裕子,q04,4,東京大学の運営・経営、社会連携、国際化に対するお考えをお聞かせ下さい。,candidate_question,analysis_term_no_stopwords,駆動,0.003436426116838488,2.09861228866811,0.007211726077897285,1,1,291,108
fujigaki_q04,fujigaki,藤垣裕子,q04,4,東京大学の運営・経営、社会連携、国際化に対するお考えをお聞かせ下さい。,candidate_question,analysis_term_no_stopwords,つく,0.006872852233676976,1.0,0.006872852233676976,2,5,291,109
fujigaki_q04,fujigaki,藤垣裕子,q04,4,東京大学の運営・経営、社会連携、国際化に対するお考えをお聞かせ下さい。,candidate_question,analysis_term_no_stopwords,国際,0.006872852233676976,1.0,0.006872852233676976,2,5,291,110
fujigaki_q04,fujigaki,藤垣裕子,q04,4,東京大学の運営・経営、社会連携、国際化に対するお考えをお聞かせ下さい。,candidate_question,analysis_term_no_stopwords,学生,0.006872852233676976,1.0,0.006872852233676976,2,5,291,111
fujigaki_q04,fujigaki,藤垣裕子,q04,4,東京大学の運営・経営、社会連携、国際化に対するお考えをお聞かせ下さい。,candidate_question,analysis_term_no_stopwords,無い,0.006872852233676976,1.0,0.006872852233676976,2,5,291,112
fujigaki_q04,fujigaki,藤垣裕子,q04,4,東京大学の運営・経営、社会連携、国際化に対するお考えをお聞かせ下さい。,candidate_question,analysis_term_no_stopwords,経営,0.006872852233676976,1.0,0.006872852233676976,2,5,291,113
fujigaki_q04,fujigaki,藤垣裕子,q04,4,東京大学の運営・経営、社会連携、国際化に対するお考えをお聞かせ下さい。,candidate_question,analysis_term_no_stopwords,運営,0.006872852233676976,1.0,0.006872852233676976,2,5,291,114
fujigaki_q04,fujigaki,藤垣裕子,q04,4,東京大学の運営・経営、社会連携、国際化に対するお考えをお聞かせ下さい。,candidate_question,analysis_term_no_stopwords,utokyo,0.003436426116838488,1.6931471805599454,0.005818375190927648,1,2,291,115
fujigaki_q04,fujigaki,藤垣裕子,q04,4,東京大学の運営・経営、社会連携、国際化に対するお考えをお聞かせ下さい。,candidate_question,analysis_term_no_stopwords,スタートアップ-start-up,0.003436426116838488,1.6931471805599454,0.005818375190927648,1,2,291,116
fujigaki_q04,fujigaki,藤垣裕子,q04,4,東京大学の運営・経営、社会連携、国際化に対するお考えをお聞かせ下さい。,candidate_question,analysis_term_no_stopwords,マネージメント-management,0.003436426116838488,1.6931471805599454,0.005818375190927648,1,2,291,117
fujigaki_q04,fujigaki,藤垣裕子,q04,4,東京大学の運営・経営、社会連携、国際化に対するお考えをお聞かせ下さい。,candidate_question,analysis_term_no_stopwords,中,0.003436426116838488,1.6931471805599454,0.005818375190927648,1,2,291,118
fujigaki_q04,fujigaki,藤垣裕子,q04,4,東京大学の運営・経営、社会連携、国際化に対するお考えをお聞かせ下さい。,candidate_question,analysis_term_no_stopwords,仕舞う,0.003436426116838488,1.6931471805599454,0.005818375190927648,1,2,291,119
fujigaki_q04,fujigaki,藤垣裕子,q04,4,東京大学の運営・経営、社会連携、国際化に対するお考えをお聞かせ下さい。,candidate_question,analysis_term_no_stopwords,他,0.003436426116838488,1.6931471805599454,0.005818375190927648,1,2,291,120
fujigaki_q04,fujigaki,藤垣裕子,q04,4,東京大学の運営・経営、社会連携、国際化に対するお考えをお聞かせ下さい。,candidate_question,analysis_term_no_stopwords,企業,0.003436426116838488,1.6931471805599454,0.005818375190927648,1,2,291,121
fujigaki_q04,fujigaki,藤垣裕子,q04,4,東京大学の運営・経営、社会連携、国際化に対するお考えをお聞かせ下さい。,candidate_question,analysis_term_no_stopwords,体,0.003436426116838488,1.6931471805599454,0.005818375190927648,1,2,291,122
fujigaki_q04,fujigaki,藤垣裕子,q04,4,東京大学の運営・経営、社会連携、国際化に対するお考えをお聞かせ下さい。,candidate_question,analysis_term_no_stopwords,作り,0.003436426116838488,1.6931471805599454,0.005818375190927648,1,2,291,123
fujigaki_q04,fujigaki,藤垣裕子,q04,4,東京大学の運営・経営、社会連携、国際化に対するお考えをお聞かせ下さい。,candidate_question,analysis_term_no_stopwords,作る,0.003436426116838488,1.6931471805599454,0.005818375190927648,1,2,291,124
fujigaki_q04,fujigaki,藤垣裕子,q04,4,東京大学の運営・経営、社会連携、国際化に対するお考えをお聞かせ下さい。,candidate_question,analysis_term_no_stopwords,取る,0.003436426116838488,1.6931471805599454,0.005818375190927648,1,2,291,125
fujigaki_q04,fujigaki,藤垣裕子,q04,4,東京大学の運営・経営、社会連携、国際化に対するお考えをお聞かせ下さい。,candidate_question,analysis_term_no_stopwords,同時,0.003436426116838488,1.6931471805599454,0.005818375190927648,1,2,291,126
fujigaki_q04,fujigaki,藤垣裕子,q04,4,東京大学の運営・経営、社会連携、国際化に対するお考えをお聞かせ下さい。,candidate_question,analysis_term_no_stopwords,図る,0.003436426116838488,1.6931471805599454,0.005818375190927648,1,2,291,127
fujigaki_q04,fujigaki,藤垣裕子,q04,4,東京大学の運営・経営、社会連携、国際化に対するお考えをお聞かせ下さい。,candidate_question,analysis_term_no_stopwords,基金,0.003436426116838488,1.6931471805599454,0.005818375190927648,1,2,291,128
fujigaki_q04,fujigaki,藤垣裕子,q04,4,東京大学の運営・経営、社会連携、国際化に対するお考えをお聞かせ下さい。,candidate_question,analysis_term_no_stopwords,変革,0.003436426116838488,1.6931471805599454,0.005818375190927648,1,2,291,129
fujigaki_q04,fujigaki,藤垣裕子,q04,4,東京大学の運営・経営、社会連携、国際化に対するお考えをお聞かせ下さい。,candidate_question,analysis_term_no_stopwords,学内,0.003436426116838488,1.6931471805599454,0.005818375190927648,1,2,291,130
fujigaki_q04,fujigaki,藤垣裕子,q04,4,東京大学の運営・経営、社会連携、国際化に対するお考えをお聞かせ下さい。,candidate_question,analysis_term_no_stopwords,展開,0.003436426116838488,1.6931471805599454,0.005818375190927648,1,2,291,131
fujigaki_q04,fujigaki,藤垣裕子,q04,4,東京大学の運営・経営、社会連携、国際化に対するお考えをお聞かせ下さい。,candidate_question,analysis_term_no_stopwords,常,0.003436426116838488,1.6931471805599454,0.005818375190927648,1,2,291,132
fujigaki_q04,fujigaki,藤垣裕子,q04,4,東京大学の運営・経営、社会連携、国際化に対するお考えをお聞かせ下さい。,candidate_question,analysis_term_no_stopwords,年,0.003436426116838488,1.6931471805599454,0.005818375190927648,1,2,291,133
fujigaki_q04,fujigaki,藤垣裕子,q04,4,東京大学の運営・経営、社会連携、国際化に対するお考えをお聞かせ下さい。,candidate_question,analysis_term_no_stopwords,当てる,0.003436426116838488,1.6931471805599454,0.005818375190927648,1,2,291,134
fujigaki_q04,fujigaki,藤垣裕子,q04,4,東京大学の運営・経営、社会連携、国際化に対するお考えをお聞かせ下さい。,candidate_question,analysis_term_no_stopwords,形成,0.003436426116838488,1.6931471805599454,0.005818375190927648,1,2,291,135
fujigaki_q04,fujigaki,藤垣裕子,q04,4,東京大学の運営・経営、社会連携、国際化に対するお考えをお聞かせ下さい。,candidate_question,analysis_term_no_stopwords,得る,0.003436426116838488,1.6931471805599454,0.005818375190927648,1,2,291,136
fujigaki_q04,fujigaki,藤垣裕子,q04,4,東京大学の運営・経営、社会連携、国際化に対するお考えをお聞かせ下さい。,candidate_question,analysis_term_no_stopwords,情報,0.003436426116838488,1.6931471805599454,0.005818375190927648,1,2,291,137
fujigaki_q04,fujigaki,藤垣裕子,q04,4,東京大学の運営・経営、社会連携、国際化に対するお考えをお聞かせ下さい。,candidate_question,analysis_term_no_stopwords,技術,0.003436426116838488,1.6931471805599454,0.005818375190927648,1,2,291,138
fujigaki_q04,fujigaki,藤垣裕子,q04,4,東京大学の運営・経営、社会連携、国際化に対するお考えをお聞かせ下さい。,candidate_question,analysis_term_no_stopwords,拠点,0.003436426116838488,1.6931471805599454,0.005818375190927648,1,2,291,139
fujigaki_q04,fujigaki,藤垣裕子,q04,4,東京大学の運営・経営、社会連携、国際化に対するお考えをお聞かせ下さい。,candidate_question,analysis_term_no_stopwords,施策,0.003436426116838488,1.6931471805599454,0.005818375190927648,1,2,291,140
fujigaki_q04,fujigaki,藤垣裕子,q04,4,東京大学の運営・経営、社会連携、国際化に対するお考えをお聞かせ下さい。,candidate_question,analysis_term_no_stopwords,梶,0.003436426116838488,1.6931471805599454,0.005818375190927648,1,2,291,141
fujigaki_q04,fujigaki,藤垣裕子,q04,4,東京大学の運営・経営、社会連携、国際化に対するお考えをお聞かせ下さい。,candidate_question,analysis_term_no_stopwords,活用,0.003436426116838488,1.6931471805599454,0.005818375190927648,1,2,291,142
fujigaki_q04,fujigaki,藤垣裕子,q04,4,東京大学の運営・経営、社会連携、国際化に対するお考えをお聞かせ下さい。,candidate_question,analysis_term_no_stopwords,理解,0.003436426116838488,1.6931471805599454,0.005818375190927648,1,2,291,143
fujigaki_q04,fujigaki,藤垣裕子,q04,4,東京大学の運営・経営、社会連携、国際化に対するお考えをお聞かせ下さい。,candidate_question,analysis_term_no_stopwords,目的,0.003436426116838488,1.6931471805599454,0.005818375190927648,1,2,291,144
fujigaki_q04,fujigaki,藤垣裕子,q04,4,東京大学の運営・経営、社会連携、国際化に対するお考えをお聞かせ下さい。,candidate_question,analysis_term_no_stopwords,確保,0.003436426116838488,1.6931471805599454,0.005818375190927648,1,2,291,145
fujigaki_q04,fujigaki,藤垣裕子,q04,4,東京大学の運営・経営、社会連携、国際化に対するお考えをお聞かせ下さい。,candidate_question,analysis_term_no_stopwords,示す,0.003436426116838488,1.6931471805599454,0.005818375190927648,1,2,291,146
fujigaki_q04,fujigaki,藤垣裕子,q04,4,東京大学の運営・経営、社会連携、国際化に対するお考えをお聞かせ下さい。,candidate_question,analysis_term_no_stopwords,築く,0.003436426116838488,1.6931471805599454,0.005818375190927648,1,2,291,147
fujigaki_q04,fujigaki,藤垣裕子,q04,4,東京大学の運営・経営、社会連携、国際化に対するお考えをお聞かせ下さい。,candidate_question,analysis_term_no_stopwords,続ける,0.003436426116838488,1.6931471805599454,0.005818375190927648,1,2,291,148
fujigaki_q04,fujigaki,藤垣裕子,q04,4,東京大学の運営・経営、社会連携、国際化に対するお考えをお聞かせ下さい。,candidate_question,analysis_term_no_stopwords,良い,0.003436426116838488,1.6931471805599454,0.005818375190927648,1,2,291,149
fujigaki_q04,fujigaki,藤垣裕子,q04,4,東京大学の運営・経営、社会連携、国際化に対するお考えをお聞かせ下さい。,candidate_question,analysis_term_no_stopwords,通り,0.003436426116838488,1.6931471805599454,0.005818375190927648,1,2,291,150
fujigaki_q04,fujigaki,藤垣裕子,q04,4,東京大学の運営・経営、社会連携、国際化に対するお考えをお聞かせ下さい。,candidate_question,analysis_term_no_stopwords,部門,0.003436426116838488,1.6931471805599454,0.005818375190927648,1,2,291,151
fujigaki_q04,fujigaki,藤垣裕子,q04,4,東京大学の運営・経営、社会連携、国際化に対するお考えをお聞かせ下さい。,candidate_question,analysis_term_no_stopwords,間接,0.003436426116838488,1.6931471805599454,0.005818375190927648,1,2,291,152
fujigaki_q04,fujigaki,藤垣裕子,q04,4,東京大学の運営・経営、社会連携、国際化に対するお考えをお聞かせ下さい。,candidate_question,analysis_term_no_stopwords,エンダウメント,0.003436426116838488,1.4054651081081644,0.004829777003808125,1,3,291,153
fujigaki_q04,fujigaki,藤垣裕子,q04,4,東京大学の運営・経営、社会連携、国際化に対するお考えをお聞かせ下さい。,candidate_question,analysis_term_no_stopwords,充実,0.003436426116838488,1.4054651081081644,0.004829777003808125,1,3,291,154
fujigaki_q04,fujigaki,藤垣裕子,q04,4,東京大学の運営・経営、社会連携、国際化に対するお考えをお聞かせ下さい。,candidate_question,analysis_term_no_stopwords,利益,0.003436426116838488,1.4054651081081644,0.004829777003808125,1,3,291,155
fujigaki_q04,fujigaki,藤垣裕子,q04,4,東京大学の運営・経営、社会連携、国際化に対するお考えをお聞かせ下さい。,candidate_question,analysis_term_no_stopwords,国内,0.003436426116838488,1.4054651081081644,0.004829777003808125,1,3,291,156
fujigaki_q04,fujigaki,藤垣裕子,q04,4,東京大学の運営・経営、社会連携、国際化に対するお考えをお聞かせ下さい。,candidate_question,analysis_term_no_stopwords,増やす,0.003436426116838488,1.4054651081081644,0.004829777003808125,1,3,291,157
fujigaki_q04,fujigaki,藤垣裕子,q04,4,東京大学の運営・経営、社会連携、国際化に対するお考えをお聞かせ下さい。,candidate_question,analysis_term_no_stopwords,大きい,0.003436426116838488,1.4054651081081644,0.004829777003808125,1,3,291,158
fujigaki_q04,fujigaki,藤垣裕子,q04,4,東京大学の運営・経営、社会連携、国際化に対するお考えをお聞かせ下さい。,candidate_question,analysis_term_no_stopwords,学問,0.003436426116838488,1.4054651081081644,0.004829777003808125,1,3,291,159
fujigaki_q04,fujigaki,藤垣裕子,q04,4,東京大学の運営・経営、社会連携、国際化に対するお考えをお聞かせ下さい。,candidate_question,analysis_term_no_stopwords,役割,0.003436426116838488,1.4054651081081644,0.004829777003808125,1,3,291,160
fujigaki_q04,fujigaki,藤垣裕子,q04,4,東京大学の運営・経営、社会連携、国際化に対するお考えをお聞かせ下さい。,candidate_question,analysis_term_no_stopwords,投資,0.003436426116838488,1.4054651081081644,0.004829777003808125,1,3,291,161
fujigaki_q04,fujigaki,藤垣裕子,q04,4,東京大学の運営・経営、社会連携、国際化に対するお考えをお聞かせ下さい。,candidate_question,analysis_term_no_stopwords,構築,0.003436426116838488,1.4054651081081644,0.004829777003808125,1,3,291,162
fujigaki_q04,fujigaki,藤垣裕子,q04,4,東京大学の運営・経営、社会連携、国際化に対するお考えをお聞かせ下さい。,candidate_question,analysis_term_no_stopwords,決定,0.003436426116838488,1.4054651081081644,0.004829777003808125,1,3,291,163
fujigaki_q04,fujigaki,藤垣裕子,q04,4,東京大学の運営・経営、社会連携、国際化に対するお考えをお聞かせ下さい。,candidate_question,analysis_term_no_stopwords,点,0.003436426116838488,1.4054651081081644,0.004829777003808125,1,3,291,164
fujigaki_q04,fujigaki,藤垣裕子,q04,4,東京大学の運営・経営、社会連携、国際化に対するお考えをお聞かせ下さい。,candidate_question,analysis_term_no_stopwords,生み出す,0.003436426116838488,1.4054651081081644,0.004829777003808125,1,3,291,165
fujigaki_q04,fujigaki,藤垣裕子,q04,4,東京大学の運営・経営、社会連携、国際化に対するお考えをお聞かせ下さい。,candidate_question,analysis_term_no_stopwords,知,0.003436426116838488,1.4054651081081644,0.004829777003808125,1,3,291,166
fujigaki_q04,fujigaki,藤垣裕子,q04,4,東京大学の運営・経営、社会連携、国際化に対するお考えをお聞かせ下さい。,candidate_question,analysis_term_no_stopwords,財務,0.003436426116838488,1.4054651081081644,0.004829777003808125,1,3,291,167
fujigaki_q04,fujigaki,藤垣裕子,q04,4,東京大学の運営・経営、社会連携、国際化に対するお考えをお聞かせ下さい。,candidate_question,analysis_term_no_stopwords,寄付,0.003436426116838488,1.1823215567939547,0.0040629606762678855,1,4,291,168
fujigaki_q04,fujigaki,藤垣裕子,q04,4,東京大学の運営・経営、社会連携、国際化に対するお考えをお聞かせ下さい。,candidate_question,analysis_term_no_stopwords,於く,0.003436426116838488,1.1823215567939547,0.0040629606762678855,1,4,291,169
fujigaki_q04,fujigaki,藤垣裕子,q04,4,東京大学の運営・経営、社会連携、国際化に対するお考えをお聞かせ下さい。,candidate_question,analysis_term_no_stopwords,海外,0.003436426116838488,1.1823215567939547,0.0040629606762678855,1,4,291,170
fujigaki_q04,fujigaki,藤垣裕子,q04,4,東京大学の運営・経営、社会連携、国際化に対するお考えをお聞かせ下さい。,candidate_question,analysis_term_no_stopwords,行う,0.003436426116838488,1.1823215567939547,0.0040629606762678855,1,4,291,171
fujigaki_q04,fujigaki,藤垣裕子,q04,4,東京大学の運営・経営、社会連携、国際化に対するお考えをお聞かせ下さい。,candidate_question,analysis_term_no_stopwords,因る,0.003436426116838488,1.0,0.003436426116838488,1,5,291,172
fujigaki_q04,fujigaki,藤垣裕子,q04,4,東京大学の運営・経営、社会連携、国際化に対するお考えをお聞かせ下さい。,candidate_question,analysis_term_no_stopwords,改革,0.003436426116838488,1.0,0.003436426116838488,1,5,291,173
fujigaki_q04,fujigaki,藤垣裕子,q04,4,東京大学の運営・経営、社会連携、国際化に対するお考えをお聞かせ下さい。,candidate_question,analysis_term_no_stopwords,活動,0.003436426116838488,1.0,0.003436426116838488,1,5,291,174
ohkoshi_q04,ohkoshi,大越慎一,q04,4,東京大学の運営・経営、社会連携、国際化に対するお考えをお聞かせ下さい。,candidate_question,analysis_term_no_stopwords,為る,0.060810810810810814,1.0,0.060810810810810814,9,5,148,1
ohkoshi_q04,ohkoshi,大越慎一,q04,4,東京大学の運営・経営、社会連携、国際化に対するお考えをお聞かせ下さい。,candidate_question,analysis_term_no_stopwords,共同,0.02702702702702703,2.09861228866811,0.05671925104508406,4,1,148,2
ohkoshi_q04,ohkoshi,大越慎一,q04,4,東京大学の運営・経営、社会連携、国際化に対するお考えをお聞かせ下さい。,candidate_question,analysis_term_no_stopwords,有る,0.033783783783783786,1.0,0.033783783783783786,5,5,148,3
ohkoshi_q04,ohkoshi,大越慎一,q04,4,東京大学の運営・経営、社会連携、国際化に対するお考えをお聞かせ下さい。,candidate_question,analysis_term_no_stopwords,為,0.02702702702702703,1.0,0.02702702702702703,4,5,148,4
ohkoshi_q04,ohkoshi,大越慎一,q04,4,東京大学の運営・経営、社会連携、国際化に対するお考えをお聞かせ下さい。,candidate_question,analysis_term_no_stopwords,連携,0.02702702702702703,1.0,0.02702702702702703,4,5,148,5
ohkoshi_q04,ohkoshi,大越慎一,q04,4,東京大学の運営・経営、社会連携、国際化に対するお考えをお聞かせ下さい。,candidate_question,analysis_term_no_stopwords,産,0.013513513513513514,1.6931471805599454,0.02288036730486413,2,2,148,6
ohkoshi_q04,ohkoshi,大越慎一,q04,4,東京大学の運営・経営、社会連携、国際化に対するお考えをお聞かせ下さい。,candidate_question,analysis_term_no_stopwords,国際,0.02027027027027027,1.0,0.02027027027027027,3,5,148,7
ohkoshi_q04,ohkoshi,大越慎一,q04,4,東京大学の運営・経営、社会連携、国際化に対するお考えをお聞かせ下さい。,candidate_question,analysis_term_no_stopwords,必要,0.02027027027027027,1.0,0.02027027027027027,3,5,148,8
ohkoshi_q04,ohkoshi,大越慎一,q04,4,東京大学の運営・経営、社会連携、国際化に対するお考えをお聞かせ下さい。,candidate_question,analysis_term_no_stopwords,加える,0.013513513513513514,1.4054651081081644,0.01899277173119141,2,3,148,9
ohkoshi_q04,ohkoshi,大越慎一,q04,4,東京大学の運営・経営、社会連携、国際化に対するお考えをお聞かせ下さい。,candidate_question,analysis_term_no_stopwords,基盤,0.013513513513513514,1.4054651081081644,0.01899277173119141,2,3,148,10
ohkoshi_q04,ohkoshi,大越慎一,q04,4,東京大学の運営・経営、社会連携、国際化に対するお考えをお聞かせ下さい。,candidate_question,analysis_term_no_stopwords,推進,0.013513513513513514,1.4054651081081644,0.01899277173119141,2,3,148,11
ohkoshi_q04,ohkoshi,大越慎一,q04,4,東京大学の運営・経営、社会連携、国際化に対するお考えをお聞かせ下さい。,candidate_question,analysis_term_no_stopwords,構築,0.013513513513513514,1.4054651081081644,0.01899277173119141,2,3,148,12
ohkoshi_q04,ohkoshi,大越慎一,q04,4,東京大学の運営・経営、社会連携、国際化に対するお考えをお聞かせ下さい。,candidate_question,analysis_term_no_stopwords,進める,0.013513513513513514,1.4054651081081644,0.01899277173119141,2,3,148,13
ohkoshi_q04,ohkoshi,大越慎一,q04,4,東京大学の運営・経営、社会連携、国際化に対するお考えをお聞かせ下さい。,candidate_question,analysis_term_no_stopwords,寄付,0.013513513513513514,1.1823215567939547,0.015977318335053444,2,4,148,14
ohkoshi_q04,ohkoshi,大越慎一,q04,4,東京大学の運営・経営、社会連携、国際化に対するお考えをお聞かせ下さい。,candidate_question,analysis_term_no_stopwords,於く,0.013513513513513514,1.1823215567939547,0.015977318335053444,2,4,148,15
ohkoshi_q04,ohkoshi,大越慎一,q04,4,東京大学の運営・経営、社会連携、国際化に対するお考えをお聞かせ下さい。,candidate_question,analysis_term_no_stopwords,海外,0.013513513513513514,1.1823215567939547,0.015977318335053444,2,4,148,16
ohkoshi_q04,ohkoshi,大越慎一,q04,4,東京大学の運営・経営、社会連携、国際化に対するお考えをお聞かせ下さい。,candidate_question,analysis_term_no_stopwords,組織,0.013513513513513514,1.1823215567939547,0.015977318335053444,2,4,148,17
ohkoshi_q04,ohkoshi,大越慎一,q04,4,東京大学の運営・経営、社会連携、国際化に対するお考えをお聞かせ下さい。,candidate_question,analysis_term_no_stopwords,asean,0.006756756756756757,2.09861228866811,0.014179812761271015,1,1,148,18
ohkoshi_q04,ohkoshi,大越慎一,q04,4,東京大学の運営・経営、社会連携、国際化に対するお考えをお聞かせ下さい。,candidate_question,analysis_term_no_stopwords,dei,0.006756756756756757,2.09861228866811,0.014179812761271015,1,1,148,19
ohkoshi_q04,ohkoshi,大越慎一,q04,4,東京大学の運営・経営、社会連携、国際化に対するお考えをお聞かせ下さい。,candidate_question,analysis_term_no_stopwords,dx,0.006756756756756757,2.09861228866811,0.014179812761271015,1,1,148,20
ohkoshi_q04,ohkoshi,大越慎一,q04,4,東京大学の運営・経営、社会連携、国際化に対するお考えをお聞かせ下さい。,candidate_question,analysis_term_no_stopwords,インテリジェンス-intelligence,0.006756756756756757,2.09861228866811,0.014179812761271015,1,1,148,21
ohkoshi_q04,ohkoshi,大越慎一,q04,4,東京大学の運営・経営、社会連携、国際化に対するお考えをお聞かせ下さい。,candidate_question,analysis_term_no_stopwords,インド-india,0.006756756756756757,2.09861228866811,0.014179812761271015,1,1,148,22
ohkoshi_q04,ohkoshi,大越慎一,q04,4,東京大学の運営・経営、社会連携、国際化に対するお考えをお聞かせ下さい。,candidate_question,analysis_term_no_stopwords,サウス-south,0.006756756756756757,2.09861228866811,0.014179812761271015,1,1,148,23
ohkoshi_q04,ohkoshi,大越慎一,q04,4,東京大学の運営・経営、社会連携、国際化に対するお考えをお聞かせ下さい。,candidate_question,analysis_term_no_stopwords,セキュリティー-security,0.006756756756756757,2.09861228866811,0.014179812761271015,1,1,148,24
ohkoshi_q04,ohkoshi,大越慎一,q04,4,東京大学の運営・経営、社会連携、国際化に対するお考えをお聞かせ下さい。,candidate_question,analysis_term_no_stopwords,タイワン,0.006756756756756757,2.09861228866811,0.014179812761271015,1,1,148,25
ohkoshi_q04,ohkoshi,大越慎一,q04,4,東京大学の運営・経営、社会連携、国際化に対するお考えをお聞かせ下さい。,candidate_question,analysis_term_no_stopwords,ダブル-double,0.006756756756756757,2.09861228866811,0.014179812761271015,1,1,148,26
ohkoshi_q04,ohkoshi,大越慎一,q04,4,東京大学の運営・経営、社会連携、国際化に対するお考えをお聞かせ下さい。,candidate_question,analysis_term_no_stopwords,ディグリー-degree,0.006756756756756757,2.09861228866811,0.014179812761271015,1,1,148,27
ohkoshi_q04,ohkoshi,大越慎一,q04,4,東京大学の運営・経営、社会連携、国際化に対するお考えをお聞かせ下さい。,candidate_question,analysis_term_no_stopwords,バリア-barrier,0.006756756756756757,2.09861228866811,0.014179812761271015,1,1,148,28
ohkoshi_q04,ohkoshi,大越慎一,q04,4,東京大学の運営・経営、社会連携、国際化に対するお考えをお聞かせ下さい。,candidate_question,analysis_term_no_stopwords,フリー-free,0.006756756756756757,2.09861228866811,0.014179812761271015,1,1,148,29
ohkoshi_q04,ohkoshi,大越慎一,q04,4,東京大学の運営・経営、社会連携、国際化に対するお考えをお聞かせ下さい。,candidate_question,analysis_term_no_stopwords,修繕,0.006756756756756757,2.09861228866811,0.014179812761271015,1,1,148,30
ohkoshi_q04,ohkoshi,大越慎一,q04,4,東京大学の運営・経営、社会連携、国際化に対するお考えをお聞かせ下さい。,candidate_question,analysis_term_no_stopwords,共創,0.006756756756756757,2.09861228866811,0.014179812761271015,1,1,148,31
ohkoshi_q04,ohkoshi,大越慎一,q04,4,東京大学の運営・経営、社会連携、国際化に対するお考えをお聞かせ下さい。,candidate_question,analysis_term_no_stopwords,創出,0.006756756756756757,2.09861228866811,0.014179812761271015,1,1,148,32
ohkoshi_q04,ohkoshi,大越慎一,q04,4,東京大学の運営・経営、社会連携、国際化に対するお考えをお聞かせ下さい。,candidate_question,analysis_term_no_stopwords,博士,0.006756756756756757,2.09861228866811,0.014179812761271015,1,1,148,33
ohkoshi_q04,ohkoshi,大越慎一,q04,4,東京大学の運営・経営、社会連携、国際化に対するお考えをお聞かせ下さい。,candidate_question,analysis_term_no_stopwords,問い,0.006756756756756757,2.09861228866811,0.014179812761271015,1,1,148,34
ohkoshi_q04,ohkoshi,大越慎一,q04,4,東京大学の運営・経営、社会連携、国際化に対するお考えをお聞かせ下さい。,candidate_question,analysis_term_no_stopwords,土地,0.006756756756756757,2.09861228866811,0.014179812761271015,1,1,148,35
ohkoshi_q04,ohkoshi,大越慎一,q04,4,東京大学の運営・経営、社会連携、国際化に対するお考えをお聞かせ下さい。,candidate_question,analysis_term_no_stopwords,堅持,0.006756756756756757,2.09861228866811,0.014179812761271015,1,1,148,36
ohkoshi_q04,ohkoshi,大越慎一,q04,4,東京大学の運営・経営、社会連携、国際化に対するお考えをお聞かせ下さい。,candidate_question,analysis_term_no_stopwords,学術,0.006756756756756757,2.09861228866811,0.014179812761271015,1,1,148,37
ohkoshi_q04,ohkoshi,大越慎一,q04,4,東京大学の運営・経営、社会連携、国際化に対するお考えをお聞かせ下さい。,candidate_question,analysis_term_no_stopwords,安定,0.006756756756756757,2.09861228866811,0.014179812761271015,1,1,148,38
ohkoshi_q04,ohkoshi,大越慎一,q04,4,東京大学の運営・経営、社会連携、国際化に対するお考えをお聞かせ下さい。,candidate_question,analysis_term_no_stopwords,対,0.006756756756756757,2.09861228866811,0.014179812761271015,1,1,148,39
ohkoshi_q04,ohkoshi,大越慎一,q04,4,東京大学の運営・経営、社会連携、国際化に対するお考えをお聞かせ下さい。,candidate_question,analysis_term_no_stopwords,建物,0.006756756756756757,2.09861228866811,0.014179812761271015,1,1,148,40
ohkoshi_q04,ohkoshi,大越慎一,q04,4,東京大学の運営・経営、社会連携、国際化に対するお考えをお聞かせ下さい。,candidate_question,analysis_term_no_stopwords,後押し,0.006756756756756757,2.09861228866811,0.014179812761271015,1,1,148,41
ohkoshi_q04,ohkoshi,大越慎一,q04,4,東京大学の運営・経営、社会連携、国際化に対するお考えをお聞かせ下さい。,candidate_question,analysis_term_no_stopwords,手段,0.006756756756756757,2.09861228866811,0.014179812761271015,1,1,148,42
ohkoshi_q04,ohkoshi,大越慎一,q04,4,東京大学の運営・経営、社会連携、国際化に対するお考えをお聞かせ下さい。,candidate_question,analysis_term_no_stopwords,改築,0.006756756756756757,2.09861228866811,0.014179812761271015,1,1,148,43
ohkoshi_q04,ohkoshi,大越慎一,q04,4,東京大学の運営・経営、社会連携、国際化に対するお考えをお聞かせ下さい。,candidate_question,analysis_term_no_stopwords,新設,0.006756756756756757,2.09861228866811,0.014179812761271015,1,1,148,44
ohkoshi_q04,ohkoshi,大越慎一,q04,4,東京大学の運営・経営、社会連携、国際化に対するお考えをお聞かせ下さい。,candidate_question,analysis_term_no_stopwords,男女,0.006756756756756757,2.09861228866811,0.014179812761271015,1,1,148,45
ohkoshi_q04,ohkoshi,大越慎一,q04,4,東京大学の運営・経営、社会連携、国際化に対するお考えをお聞かせ下さい。,candidate_question,analysis_term_no_stopwords,積極,0.006756756756756757,2.09861228866811,0.014179812761271015,1,1,148,46
ohkoshi_q04,ohkoshi,大越慎一,q04,4,東京大学の運営・経営、社会連携、国際化に対するお考えをお聞かせ下さい。,candidate_question,analysis_term_no_stopwords,組み合わせる,0.006756756756756757,2.09861228866811,0.014179812761271015,1,1,148,47
ohkoshi_q04,ohkoshi,大越慎一,q04,4,東京大学の運営・経営、社会連携、国際化に対するお考えをお聞かせ下さい。,candidate_question,analysis_term_no_stopwords,維持,0.006756756756756757,2.09861228866811,0.014179812761271015,1,1,148,48
ohkoshi_q04,ohkoshi,大越慎一,q04,4,東京大学の運営・経営、社会連携、国際化に対するお考えをお聞かせ下さい。,candidate_question,analysis_term_no_stopwords,育成,0.006756756756756757,2.09861228866811,0.014179812761271015,1,1,148,49
ohkoshi_q04,ohkoshi,大越慎一,q04,4,東京大学の運営・経営、社会連携、国際化に対するお考えをお聞かせ下さい。,candidate_question,analysis_term_no_stopwords,若手,0.006756756756756757,2.09861228866811,0.014179812761271015,1,1,148,50
ohkoshi_q04,ohkoshi,大越慎一,q04,4,東京大学の運営・経営、社会連携、国際化に対するお考えをお聞かせ下さい。,candidate_question,analysis_term_no_stopwords,見出だす,0.006756756756756757,2.09861228866811,0.014179812761271015,1,1,148,51
ohkoshi_q04,ohkoshi,大越慎一,q04,4,東京大学の運営・経営、社会連携、国際化に対するお考えをお聞かせ下さい。,candidate_question,analysis_term_no_stopwords,設備,0.006756756756756757,2.09861228866811,0.014179812761271015,1,1,148,52
ohkoshi_q04,ohkoshi,大越慎一,q04,4,東京大学の運営・経営、社会連携、国際化に対するお考えをお聞かせ下さい。,candidate_question,analysis_term_no_stopwords,設置,0.006756756756756757,2.09861228866811,0.014179812761271015,1,1,148,53
ohkoshi_q04,ohkoshi,大越慎一,q04,4,東京大学の運営・経営、社会連携、国際化に対するお考えをお聞かせ下さい。,candidate_question,analysis_term_no_stopwords,評価,0.006756756756756757,2.09861228866811,0.014179812761271015,1,1,148,54
ohkoshi_q04,ohkoshi,大越慎一,q04,4,東京大学の運営・経営、社会連携、国際化に対するお考えをお聞かせ下さい。,candidate_question,analysis_term_no_stopwords,諸国,0.006756756756756757,2.09861228866811,0.014179812761271015,1,1,148,55
ohkoshi_q04,ohkoshi,大越慎一,q04,4,東京大学の運営・経営、社会連携、国際化に対するお考えをお聞かせ下さい。,candidate_question,analysis_term_no_stopwords,資産,0.006756756756756757,2.09861228866811,0.014179812761271015,1,1,148,56
ohkoshi_q04,ohkoshi,大越慎一,q04,4,東京大学の運営・経営、社会連携、国際化に対するお考えをお聞かせ下さい。,candidate_question,analysis_term_no_stopwords,起点,0.006756756756756757,2.09861228866811,0.014179812761271015,1,1,148,57
ohkoshi_q04,ohkoshi,大越慎一,q04,4,東京大学の運営・経営、社会連携、国際化に対するお考えをお聞かせ下さい。,candidate_question,analysis_term_no_stopwords,配分,0.006756756756756757,2.09861228866811,0.014179812761271015,1,1,148,58
ohkoshi_q04,ohkoshi,大越慎一,q04,4,東京大学の運営・経営、社会連携、国際化に対するお考えをお聞かせ下さい。,candidate_question,analysis_term_no_stopwords,韓国,0.006756756756756757,2.09861228866811,0.014179812761271015,1,1,148,59
ohkoshi_q04,ohkoshi,大越慎一,q04,4,東京大学の運営・経営、社会連携、国際化に対するお考えをお聞かせ下さい。,candidate_question,analysis_term_no_stopwords,因る,0.013513513513513514,1.0,0.013513513513513514,2,5,148,60
ohkoshi_q04,ohkoshi,大越慎一,q04,4,東京大学の運営・経営、社会連携、国際化に対するお考えをお聞かせ下さい。,candidate_question,analysis_term_no_stopwords,社会,0.013513513513513514,1.0,0.013513513513513514,2,5,148,61
ohkoshi_q04,ohkoshi,大越慎一,q04,4,東京大学の運営・経営、社会連携、国際化に対するお考えをお聞かせ下さい。,candidate_question,analysis_term_no_stopwords,経営,0.013513513513513514,1.0,0.013513513513513514,2,5,148,62
ohkoshi_q04,ohkoshi,大越慎一,q04,4,東京大学の運営・経営、社会連携、国際化に対するお考えをお聞かせ下さい。,candidate_question,analysis_term_no_stopwords,運営,0.013513513513513514,1.0,0.013513513513513514,2,5,148,63
ohkoshi_q04,ohkoshi,大越慎一,q04,4,東京大学の運営・経営、社会連携、国際化に対するお考えをお聞かせ下さい。,candidate_question,analysis_term_no_stopwords,マネージメント-management,0.006756756756756757,1.6931471805599454,0.011440183652432065,1,2,148,64
ohkoshi_q04,ohkoshi,大越慎一,q04,4,東京大学の運営・経営、社会連携、国際化に対するお考えをお聞かせ下さい。,candidate_question,analysis_term_no_stopwords,交付,0.006756756756756757,1.6931471805599454,0.011440183652432065,1,2,148,65
ohkoshi_q04,ohkoshi,大越慎一,q04,4,東京大学の運営・経営、社会連携、国際化に対するお考えをお聞かせ下さい。,candidate_question,analysis_term_no_stopwords,人事,0.006756756756756757,1.6931471805599454,0.011440183652432065,1,2,148,66
ohkoshi_q04,ohkoshi,大越慎一,q04,4,東京大学の運営・経営、社会連携、国際化に対するお考えをお聞かせ下さい。,candidate_question,analysis_term_no_stopwords,先端,0.006756756756756757,1.6931471805599454,0.011440183652432065,1,2,148,67
ohkoshi_q04,ohkoshi,大越慎一,q04,4,東京大学の運営・経営、社会連携、国際化に対するお考えをお聞かせ下さい。,candidate_question,analysis_term_no_stopwords,公共,0.006756756756756757,1.6931471805599454,0.011440183652432065,1,2,148,68
ohkoshi_q04,ohkoshi,大越慎一,q04,4,東京大学の運営・経営、社会連携、国際化に対するお考えをお聞かせ下さい。,candidate_question,analysis_term_no_stopwords,分野,0.006756756756756757,1.6931471805599454,0.011440183652432065,1,2,148,69
ohkoshi_q04,ohkoshi,大越慎一,q04,4,東京大学の運営・経営、社会連携、国際化に対するお考えをお聞かせ下さい。,candidate_question,analysis_term_no_stopwords,効果,0.006756756756756757,1.6931471805599454,0.011440183652432065,1,2,148,70
ohkoshi_q04,ohkoshi,大越慎一,q04,4,東京大学の運営・経営、社会連携、国際化に対するお考えをお聞かせ下さい。,candidate_question,analysis_term_no_stopwords,参画,0.006756756756756757,1.6931471805599454,0.011440183652432065,1,2,148,71
ohkoshi_q04,ohkoshi,大越慎一,q04,4,東京大学の運営・経営、社会連携、国際化に対するお考えをお聞かせ下さい。,candidate_question,analysis_term_no_stopwords,含む,0.006756756756756757,1.6931471805599454,0.011440183652432065,1,2,148,72
ohkoshi_q04,ohkoshi,大越慎一,q04,4,東京大学の運営・経営、社会連携、国際化に対するお考えをお聞かせ下さい。,candidate_question,analysis_term_no_stopwords,国,0.006756756756756757,1.6931471805599454,0.011440183652432065,1,2,148,73
ohkoshi_q04,ohkoshi,大越慎一,q04,4,東京大学の運営・経営、社会連携、国際化に対するお考えをお聞かせ下さい。,candidate_question,analysis_term_no_stopwords,基金,0.006756756756756757,1.6931471805599454,0.011440183652432065,1,2,148,74
ohkoshi_q04,ohkoshi,大越慎一,q04,4,東京大学の運営・経営、社会連携、国際化に対するお考えをお聞かせ下さい。,candidate_question,analysis_term_no_stopwords,大型,0.006756756756756757,1.6931471805599454,0.011440183652432065,1,2,148,75
ohkoshi_q04,ohkoshi,大越慎一,q04,4,東京大学の運営・経営、社会連携、国際化に対するお考えをお聞かせ下さい。,candidate_question,analysis_term_no_stopwords,技術,0.006756756756756757,1.6931471805599454,0.011440183652432065,1,2,148,76
ohkoshi_q04,ohkoshi,大越慎一,q04,4,東京大学の運営・経営、社会連携、国際化に対するお考えをお聞かせ下さい。,candidate_question,analysis_term_no_stopwords,拠点,0.006756756756756757,1.6931471805599454,0.011440183652432065,1,2,148,77
ohkoshi_q04,ohkoshi,大越慎一,q04,4,東京大学の運営・経営、社会連携、国際化に対するお考えをお聞かせ下さい。,candidate_question,analysis_term_no_stopwords,持続,0.006756756756756757,1.6931471805599454,0.011440183652432065,1,2,148,78
ohkoshi_q04,ohkoshi,大越慎一,q04,4,東京大学の運営・経営、社会連携、国際化に対するお考えをお聞かせ下さい。,candidate_question,analysis_term_no_stopwords,支援,0.006756756756756757,1.6931471805599454,0.011440183652432065,1,2,148,79
ohkoshi_q04,ohkoshi,大越慎一,q04,4,東京大学の運営・経営、社会連携、国際化に対するお考えをお聞かせ下さい。,candidate_question,analysis_term_no_stopwords,最大,0.006756756756756757,1.6931471805599454,0.011440183652432065,1,2,148,80
ohkoshi_q04,ohkoshi,大越慎一,q04,4,東京大学の運営・経営、社会連携、国際化に対するお考えをお聞かせ下さい。,candidate_question,analysis_term_no_stopwords,活用,0.006756756756756757,1.6931471805599454,0.011440183652432065,1,2,148,81
ohkoshi_q04,ohkoshi,大越慎一,q04,4,東京大学の運営・経営、社会連携、国際化に対するお考えをお聞かせ下さい。,candidate_question,analysis_term_no_stopwords,自由,0.006756756756756757,1.6931471805599454,0.011440183652432065,1,2,148,82
ohkoshi_q04,ohkoshi,大越慎一,q04,4,東京大学の運営・経営、社会連携、国際化に対するお考えをお聞かせ下さい。,candidate_question,analysis_term_no_stopwords,財源,0.006756756756756757,1.6931471805599454,0.011440183652432065,1,2,148,83
ohkoshi_q04,ohkoshi,大越慎一,q04,4,東京大学の運営・経営、社会連携、国際化に対するお考えをお聞かせ下さい。,candidate_question,analysis_term_no_stopwords,重点,0.006756756756756757,1.6931471805599454,0.011440183652432065,1,2,148,84
ohkoshi_q04,ohkoshi,大越慎一,q04,4,東京大学の運営・経営、社会連携、国際化に対するお考えをお聞かせ下さい。,candidate_question,analysis_term_no_stopwords,間,0.006756756756756757,1.6931471805599454,0.011440183652432065,1,2,148,85
ohkoshi_q04,ohkoshi,大越慎一,q04,4,東京大学の運営・経営、社会連携、国際化に対するお考えをお聞かせ下さい。,candidate_question,analysis_term_no_stopwords,エンダウメント,0.006756756756756757,1.4054651081081644,0.009496385865595706,1,3,148,86
ohkoshi_q04,ohkoshi,大越慎一,q04,4,東京大学の運営・経営、社会連携、国際化に対するお考えをお聞かせ下さい。,candidate_question,analysis_term_no_stopwords,人材,0.006756756756756757,1.4054651081081644,0.009496385865595706,1,3,148,87
ohkoshi_q04,ohkoshi,大越慎一,q04,4,東京大学の運営・経営、社会連携、国際化に対するお考えをお聞かせ下さい。,candidate_question,analysis_term_no_stopwords,価値,0.006756756756756757,1.4054651081081644,0.009496385865595706,1,3,148,88
ohkoshi_q04,ohkoshi,大越慎一,q04,4,東京大学の運営・経営、社会連携、国際化に対するお考えをお聞かせ下さい。,candidate_question,analysis_term_no_stopwords,充実,0.006756756756756757,1.4054651081081644,0.009496385865595706,1,3,148,89
ohkoshi_q04,ohkoshi,大越慎一,q04,4,東京大学の運営・経営、社会連携、国際化に対するお考えをお聞かせ下さい。,candidate_question,analysis_term_no_stopwords,共,0.006756756756756757,1.4054651081081644,0.009496385865595706,1,3,148,90
ohkoshi_q04,ohkoshi,大越慎一,q04,4,東京大学の運営・経営、社会連携、国際化に対するお考えをお聞かせ下さい。,candidate_question,analysis_term_no_stopwords,創造,0.006756756756756757,1.4054651081081644,0.009496385865595706,1,3,148,91
ohkoshi_q04,ohkoshi,大越慎一,q04,4,東京大学の運営・経営、社会連携、国際化に対するお考えをお聞かせ下さい。,candidate_question,analysis_term_no_stopwords,学問,0.006756756756756757,1.4054651081081644,0.009496385865595706,1,3,148,92
ohkoshi_q04,ohkoshi,大越慎一,q04,4,東京大学の運営・経営、社会連携、国際化に対するお考えをお聞かせ下さい。,candidate_question,analysis_term_no_stopwords,教員,0.006756756756756757,1.4054651081081644,0.009496385865595706,1,3,148,93
ohkoshi_q04,ohkoshi,大越慎一,q04,4,東京大学の運営・経営、社会連携、国際化に対するお考えをお聞かせ下さい。,candidate_question,analysis_term_no_stopwords,財務,0.006756756756756757,1.4054651081081644,0.009496385865595706,1,3,148,94
ohkoshi_q04,ohkoshi,大越慎一,q04,4,東京大学の運営・経営、社会連携、国際化に対するお考えをお聞かせ下さい。,candidate_question,analysis_term_no_stopwords,資源,0.006756756756756757,1.4054651081081644,0.009496385865595706,1,3,148,95
ohkoshi_q04,ohkoshi,大越慎一,q04,4,東京大学の運営・経営、社会連携、国際化に対するお考えをお聞かせ下さい。,candidate_question,analysis_term_no_stopwords,資金,0.006756756756756757,1.4054651081081644,0.009496385865595706,1,3,148,96
ohkoshi_q04,ohkoshi,大越慎一,q04,4,東京大学の運営・経営、社会連携、国際化に対するお考えをお聞かせ下さい。,candidate_question,analysis_term_no_stopwords,運用,0.006756756756756757,1.4054651081081644,0.009496385865595706,1,3,148,97
ohkoshi_q04,ohkoshi,大越慎一,q04,4,東京大学の運営・経営、社会連携、国際化に対するお考えをお聞かせ下さい。,candidate_question,analysis_term_no_stopwords,体制,0.006756756756756757,1.1823215567939547,0.007988659167526722,1,4,148,98
ohkoshi_q04,ohkoshi,大越慎一,q04,4,東京大学の運営・経営、社会連携、国際化に対するお考えをお聞かせ下さい。,candidate_question,analysis_term_no_stopwords,強化,0.006756756756756757,1.1823215567939547,0.007988659167526722,1,4,148,99
ohkoshi_q04,ohkoshi,大越慎一,q04,4,東京大学の運営・経営、社会連携、国際化に対するお考えをお聞かせ下さい。,candidate_question,analysis_term_no_stopwords,考える,0.006756756756756757,1.1823215567939547,0.007988659167526722,1,4,148,100
ohkoshi_q04,ohkoshi,大越慎一,q04,4,東京大学の運営・経営、社会連携、国際化に対するお考えをお聞かせ下さい。,candidate_question,analysis_term_no_stopwords,つく,0.006756756756756757,1.0,0.006756756756756757,1,5,148,101
ohkoshi_q04,ohkoshi,大越慎一,q04,4,東京大学の運営・経営、社会連携、国際化に対するお考えをお聞かせ下さい。,candidate_question,analysis_term_no_stopwords,トウキョウ,0.006756756756756757,1.0,0.006756756756756757,1,5,148,102
ohkoshi_q04,ohkoshi,大越慎一,q04,4,東京大学の運営・経営、社会連携、国際化に対するお考えをお聞かせ下さい。,candidate_question,analysis_term_no_stopwords,事,0.006756756756756757,1.0,0.006756756756756757,1,5,148,103
ohkoshi_q04,ohkoshi,大越慎一,q04,4,東京大学の運営・経営、社会連携、国際化に対するお考えをお聞かせ下さい。,candidate_question,analysis_term_no_stopwords,学生,0.006756756756756757,1.0,0.006756756756756757,1,5,148,104
ohkoshi_q04,ohkoshi,大越慎一,q04,4,東京大学の運営・経営、社会連携、国際化に対するお考えをお聞かせ下さい。,candidate_question,analysis_term_no_stopwords,成る,0.006756756756756757,1.0,0.006756756756756757,1,5,148,105
ohkoshi_q04,ohkoshi,大越慎一,q04,4,東京大学の運営・経営、社会連携、国際化に対するお考えをお聞かせ下さい。,candidate_question,analysis_term_no_stopwords,改革,0.006756756756756757,1.0,0.006756756756756757,1,5,148,106
ohkoshi_q04,ohkoshi,大越慎一,q04,4,東京大学の運営・経営、社会連携、国際化に対するお考えをお聞かせ下さい。,candidate_question,analysis_term_no_stopwords,活動,0.006756756756756757,1.0,0.006756756756756757,1,5,148,107
ohkoshi_q04,ohkoshi,大越慎一,q04,4,東京大学の運営・経営、社会連携、国際化に対するお考えをお聞かせ下さい。,candidate_question,analysis_term_no_stopwords,無い,0.006756756756756757,1.0,0.006756756756756757,1,5,148,108
ohkoshi_q04,ohkoshi,大越慎一,q04,4,東京大学の運営・経営、社会連携、国際化に対するお考えをお聞かせ下さい。,candidate_question,analysis_term_no_stopwords,物,0.006756756756756757,1.0,0.006756756756756757,1,5,148,109
someya_q04,someya,染谷隆夫,q04,4,東京大学の運営・経営、社会連携、国際化に対するお考えをお聞かせ下さい。,candidate_question,analysis_term_no_stopwords,為る,0.08450704225352113,1.0,0.08450704225352113,18,5,213,1
someya_q04,someya,染谷隆夫,q04,4,東京大学の運営・経営、社会連携、国際化に対するお考えをお聞かせ下さい。,candidate_question,analysis_term_no_stopwords,ガバナンス-governance,0.018779342723004695,1.6931471805599454,0.031796191184224325,4,2,213,2
someya_q04,someya,染谷隆夫,q04,4,東京大学の運営・経営、社会連携、国際化に対するお考えをお聞かせ下さい。,candidate_question,analysis_term_no_stopwords,循環,0.014084507042253521,2.09861228866811,0.029557919558705775,3,1,213,3
someya_q04,someya,染谷隆夫,q04,4,東京大学の運営・経営、社会連携、国際化に対するお考えをお聞かせ下さい。,candidate_question,analysis_term_no_stopwords,社会,0.028169014084507043,1.0,0.028169014084507043,6,5,213,4
someya_q04,someya,染谷隆夫,q04,4,東京大学の運営・経営、社会連携、国際化に対するお考えをお聞かせ下さい。,candidate_question,analysis_term_no_stopwords,世界,0.014084507042253521,1.6931471805599454,0.023847143388168245,3,2,213,5
someya_q04,someya,染谷隆夫,q04,4,東京大学の運営・経営、社会連携、国際化に対するお考えをお聞かせ下さい。,candidate_question,analysis_term_no_stopwords,確保,0.014084507042253521,1.6931471805599454,0.023847143388168245,3,2,213,6
someya_q04,someya,染谷隆夫,q04,4,東京大学の運営・経営、社会連携、国際化に対するお考えをお聞かせ下さい。,candidate_question,analysis_term_no_stopwords,人材,0.014084507042253521,1.4054651081081644,0.01979528321279105,3,3,213,7
someya_q04,someya,染谷隆夫,q04,4,東京大学の運営・経営、社会連携、国際化に対するお考えをお聞かせ下さい。,candidate_question,analysis_term_no_stopwords,基盤,0.014084507042253521,1.4054651081081644,0.01979528321279105,3,3,213,8
someya_q04,someya,染谷隆夫,q04,4,東京大学の運営・経営、社会連携、国際化に対するお考えをお聞かせ下さい。,candidate_question,analysis_term_no_stopwords,構成,0.014084507042253521,1.4054651081081644,0.01979528321279105,3,3,213,9
someya_q04,someya,染谷隆夫,q04,4,東京大学の運営・経営、社会連携、国際化に対するお考えをお聞かせ下さい。,candidate_question,analysis_term_no_stopwords,リソース-resource,0.009389671361502348,2.09861228866811,0.01970527970580385,2,1,213,10
someya_q04,someya,染谷隆夫,q04,4,東京大学の運営・経営、社会連携、国際化に対するお考えをお聞かせ下さい。,candidate_question,analysis_term_no_stopwords,備える,0.009389671361502348,2.09861228866811,0.01970527970580385,2,1,213,11
someya_q04,someya,染谷隆夫,q04,4,東京大学の運営・経営、社会連携、国際化に対するお考えをお聞かせ下さい。,candidate_question,analysis_term_no_stopwords,全学,0.009389671361502348,2.09861228866811,0.01970527970580385,2,1,213,12
someya_q04,someya,染谷隆夫,q04,4,東京大学の運営・経営、社会連携、国際化に対するお考えをお聞かせ下さい。,candidate_question,analysis_term_no_stopwords,協創,0.009389671361502348,2.09861228866811,0.01970527970580385,2,1,213,13
someya_q04,someya,染谷隆夫,q04,4,東京大学の運営・経営、社会連携、国際化に対するお考えをお聞かせ下さい。,candidate_question,analysis_term_no_stopwords,呼び込む,0.009389671361502348,2.09861228866811,0.01970527970580385,2,1,213,14
someya_q04,someya,染谷隆夫,q04,4,東京大学の運営・経営、社会連携、国際化に対するお考えをお聞かせ下さい。,candidate_question,analysis_term_no_stopwords,無い,0.018779342723004695,1.0,0.018779342723004695,4,5,213,15
someya_q04,someya,染谷隆夫,q04,4,東京大学の運営・経営、社会連携、国際化に対するお考えをお聞かせ下さい。,candidate_question,analysis_term_no_stopwords,出来る,0.014084507042253521,1.1823215567939547,0.0166524162928726,3,4,213,16
someya_q04,someya,染谷隆夫,q04,4,東京大学の運営・経営、社会連携、国際化に対するお考えをお聞かせ下さい。,candidate_question,analysis_term_no_stopwords,組織,0.014084507042253521,1.1823215567939547,0.0166524162928726,3,4,213,17
someya_q04,someya,染谷隆夫,q04,4,東京大学の運営・経営、社会連携、国際化に対するお考えをお聞かせ下さい。,candidate_question,analysis_term_no_stopwords,整える,0.009389671361502348,1.6931471805599454,0.015898095592112162,2,2,213,18
someya_q04,someya,染谷隆夫,q04,4,東京大学の運営・経営、社会連携、国際化に対するお考えをお聞かせ下さい。,candidate_question,analysis_term_no_stopwords,本部,0.009389671361502348,1.6931471805599454,0.015898095592112162,2,2,213,19
someya_q04,someya,染谷隆夫,q04,4,東京大学の運営・経営、社会連携、国際化に対するお考えをお聞かせ下さい。,candidate_question,analysis_term_no_stopwords,環境,0.009389671361502348,1.6931471805599454,0.015898095592112162,2,2,213,20
someya_q04,someya,染谷隆夫,q04,4,東京大学の運営・経営、社会連携、国際化に対するお考えをお聞かせ下さい。,candidate_question,analysis_term_no_stopwords,産,0.009389671361502348,1.6931471805599454,0.015898095592112162,2,2,213,21
someya_q04,someya,染谷隆夫,q04,4,東京大学の運営・経営、社会連携、国際化に対するお考えをお聞かせ下さい。,candidate_question,analysis_term_no_stopwords,知財,0.009389671361502348,1.6931471805599454,0.015898095592112162,2,2,213,22
someya_q04,someya,染谷隆夫,q04,4,東京大学の運営・経営、社会連携、国際化に対するお考えをお聞かせ下さい。,candidate_question,analysis_term_no_stopwords,築く,0.009389671361502348,1.6931471805599454,0.015898095592112162,2,2,213,23
someya_q04,someya,染谷隆夫,q04,4,東京大学の運営・経営、社会連携、国際化に対するお考えをお聞かせ下さい。,candidate_question,analysis_term_no_stopwords,財源,0.009389671361502348,1.6931471805599454,0.015898095592112162,2,2,213,24
someya_q04,someya,染谷隆夫,q04,4,東京大学の運営・経営、社会連携、国際化に対するお考えをお聞かせ下さい。,candidate_question,analysis_term_no_stopwords,還元,0.009389671361502348,1.6931471805599454,0.015898095592112162,2,2,213,25
someya_q04,someya,染谷隆夫,q04,4,東京大学の運営・経営、社会連携、国際化に対するお考えをお聞かせ下さい。,candidate_question,analysis_term_no_stopwords,有る,0.014084507042253521,1.0,0.014084507042253521,3,5,213,26
someya_q04,someya,染谷隆夫,q04,4,東京大学の運営・経営、社会連携、国際化に対するお考えをお聞かせ下さい。,candidate_question,analysis_term_no_stopwords,経営,0.014084507042253521,1.0,0.014084507042253521,3,5,213,27
someya_q04,someya,染谷隆夫,q04,4,東京大学の運営・経営、社会連携、国際化に対するお考えをお聞かせ下さい。,candidate_question,analysis_term_no_stopwords,価値,0.009389671361502348,1.4054651081081644,0.013196855475194032,2,3,213,28
someya_q04,someya,染谷隆夫,q04,4,東京大学の運営・経営、社会連携、国際化に対するお考えをお聞かせ下さい。,candidate_question,analysis_term_no_stopwords,制度,0.009389671361502348,1.4054651081081644,0.013196855475194032,2,3,213,29
someya_q04,someya,染谷隆夫,q04,4,東京大学の運営・経営、社会連携、国際化に対するお考えをお聞かせ下さい。,candidate_question,analysis_term_no_stopwords,加える,0.009389671361502348,1.4054651081081644,0.013196855475194032,2,3,213,30
someya_q04,someya,染谷隆夫,q04,4,東京大学の運営・経営、社会連携、国際化に対するお考えをお聞かせ下さい。,candidate_question,analysis_term_no_stopwords,専門,0.009389671361502348,1.4054651081081644,0.013196855475194032,2,3,213,31
someya_q04,someya,染谷隆夫,q04,4,東京大学の運営・経営、社会連携、国際化に対するお考えをお聞かせ下さい。,candidate_question,analysis_term_no_stopwords,投資,0.009389671361502348,1.4054651081081644,0.013196855475194032,2,3,213,32
someya_q04,someya,染谷隆夫,q04,4,東京大学の運営・経営、社会連携、国際化に対するお考えをお聞かせ下さい。,candidate_question,analysis_term_no_stopwords,知,0.009389671361502348,1.4054651081081644,0.013196855475194032,2,3,213,33
someya_q04,someya,染谷隆夫,q04,4,東京大学の運営・経営、社会連携、国際化に対するお考えをお聞かせ下さい。,candidate_question,analysis_term_no_stopwords,課題,0.009389671361502348,1.4054651081081644,0.013196855475194032,2,3,213,34
someya_q04,someya,染谷隆夫,q04,4,東京大学の運営・経営、社会連携、国際化に対するお考えをお聞かせ下さい。,candidate_question,analysis_term_no_stopwords,財務,0.009389671361502348,1.4054651081081644,0.013196855475194032,2,3,213,35
someya_q04,someya,染谷隆夫,q04,4,東京大学の運営・経営、社会連携、国際化に対するお考えをお聞かせ下さい。,candidate_question,analysis_term_no_stopwords,資金,0.009389671361502348,1.4054651081081644,0.013196855475194032,2,3,213,36
someya_q04,someya,染谷隆夫,q04,4,東京大学の運営・経営、社会連携、国際化に対するお考えをお聞かせ下さい。,candidate_question,analysis_term_no_stopwords,体制,0.009389671361502348,1.1823215567939547,0.011101610861915068,2,4,213,37
someya_q04,someya,染谷隆夫,q04,4,東京大学の運営・経営、社会連携、国際化に対するお考えをお聞かせ下さい。,candidate_question,analysis_term_no_stopwords,強化,0.009389671361502348,1.1823215567939547,0.011101610861915068,2,4,213,38
someya_q04,someya,染谷隆夫,q04,4,東京大学の運営・経営、社会連携、国際化に対するお考えをお聞かせ下さい。,candidate_question,analysis_term_no_stopwords,enterprise,0.004694835680751174,2.09861228866811,0.009852639852901924,1,1,213,39
someya_q04,someya,染谷隆夫,q04,4,東京大学の運営・経営、社会連携、国際化に対するお考えをお聞かせ下さい。,candidate_question,analysis_term_no_stopwords,一律,0.004694835680751174,2.09861228866811,0.009852639852901924,1,1,213,40
someya_q04,someya,染谷隆夫,q04,4,東京大学の運営・経営、社会連携、国際化に対するお考えをお聞かせ下さい。,candidate_question,analysis_term_no_stopwords,上位,0.004694835680751174,2.09861228866811,0.009852639852901924,1,1,213,41
someya_q04,someya,染谷隆夫,q04,4,東京大学の運営・経営、社会連携、国際化に対するお考えをお聞かせ下さい。,candidate_question,analysis_term_no_stopwords,不安,0.004694835680751174,2.09861228866811,0.009852639852901924,1,1,213,42
someya_q04,someya,染谷隆夫,q04,4,東京大学の運営・経営、社会連携、国際化に対するお考えをお聞かせ下さい。,candidate_question,analysis_term_no_stopwords,事業,0.004694835680751174,2.09861228866811,0.009852639852901924,1,1,213,43
someya_q04,someya,染谷隆夫,q04,4,東京大学の運営・経営、社会連携、国際化に対するお考えをお聞かせ下さい。,candidate_question,analysis_term_no_stopwords,作り出す,0.004694835680751174,2.09861228866811,0.009852639852901924,1,1,213,44
someya_q04,someya,染谷隆夫,q04,4,東京大学の運営・経営、社会連携、国際化に対するお考えをお聞かせ下さい。,candidate_question,analysis_term_no_stopwords,促す,0.004694835680751174,2.09861228866811,0.009852639852901924,1,1,213,45
someya_q04,someya,染谷隆夫,q04,4,東京大学の運営・経営、社会連携、国際化に対するお考えをお聞かせ下さい。,candidate_question,analysis_term_no_stopwords,優れる,0.004694835680751174,2.09861228866811,0.009852639852901924,1,1,213,46
someya_q04,someya,染谷隆夫,q04,4,東京大学の運営・経営、社会連携、国際化に対するお考えをお聞かせ下さい。,candidate_question,analysis_term_no_stopwords,先頭,0.004694835680751174,2.09861228866811,0.009852639852901924,1,1,213,47
someya_q04,someya,染谷隆夫,q04,4,東京大学の運営・経営、社会連携、国際化に対するお考えをお聞かせ下さい。,candidate_question,analysis_term_no_stopwords,公正,0.004694835680751174,2.09861228866811,0.009852639852901924,1,1,213,48
someya_q04,someya,染谷隆夫,q04,4,東京大学の運営・経営、社会連携、国際化に対するお考えをお聞かせ下さい。,candidate_question,analysis_term_no_stopwords,制約,0.004694835680751174,2.09861228866811,0.009852639852901924,1,1,213,49
someya_q04,someya,染谷隆夫,q04,4,東京大学の運営・経営、社会連携、国際化に対するお考えをお聞かせ下さい。,candidate_question,analysis_term_no_stopwords,取り除く,0.004694835680751174,2.09861228866811,0.009852639852901924,1,1,213,50
someya_q04,someya,染谷隆夫,q04,4,東京大学の運営・経営、社会連携、国際化に対するお考えをお聞かせ下さい。,candidate_question,analysis_term_no_stopwords,向上,0.004694835680751174,2.09861228866811,0.009852639852901924,1,1,213,51
someya_q04,someya,染谷隆夫,q04,4,東京大学の運営・経営、社会連携、国際化に対するお考えをお聞かせ下さい。,candidate_question,analysis_term_no_stopwords,問う,0.004694835680751174,2.09861228866811,0.009852639852901924,1,1,213,52
someya_q04,someya,染谷隆夫,q04,4,東京大学の運営・経営、社会連携、国際化に対するお考えをお聞かせ下さい。,candidate_question,analysis_term_no_stopwords,壁,0.004694835680751174,2.09861228866811,0.009852639852901924,1,1,213,53
someya_q04,someya,染谷隆夫,q04,4,東京大学の運営・経営、社会連携、国際化に対するお考えをお聞かせ下さい。,candidate_question,analysis_term_no_stopwords,多元,0.004694835680751174,2.09861228866811,0.009852639852901924,1,1,213,54
someya_q04,someya,染谷隆夫,q04,4,東京大学の運営・経営、社会連携、国際化に対するお考えをお聞かせ下さい。,candidate_question,analysis_term_no_stopwords,安心,0.004694835680751174,2.09861228866811,0.009852639852901924,1,1,213,55
someya_q04,someya,染谷隆夫,q04,4,東京大学の運営・経営、社会連携、国際化に対するお考えをお聞かせ下さい。,candidate_question,analysis_term_no_stopwords,実現,0.004694835680751174,2.09861228866811,0.009852639852901924,1,1,213,56
someya_q04,someya,染谷隆夫,q04,4,東京大学の運営・経営、社会連携、国際化に対するお考えをお聞かせ下さい。,candidate_question,analysis_term_no_stopwords,対話,0.004694835680751174,2.09861228866811,0.009852639852901924,1,1,213,57
someya_q04,someya,染谷隆夫,q04,4,東京大学の運営・経営、社会連携、国際化に対するお考えをお聞かせ下さい。,candidate_question,analysis_term_no_stopwords,引き受ける,0.004694835680751174,2.09861228866811,0.009852639852901924,1,1,213,58
someya_q04,someya,染谷隆夫,q04,4,東京大学の運営・経営、社会連携、国際化に対するお考えをお聞かせ下さい。,candidate_question,analysis_term_no_stopwords,応ずる,0.004694835680751174,2.09861228866811,0.009852639852901924,1,1,213,59
someya_q04,someya,染谷隆夫,q04,4,東京大学の運営・経営、社会連携、国際化に対するお考えをお聞かせ下さい。,candidate_question,analysis_term_no_stopwords,成果,0.004694835680751174,2.09861228866811,0.009852639852901924,1,1,213,60
someya_q04,someya,染谷隆夫,q04,4,東京大学の運営・経営、社会連携、国際化に対するお考えをお聞かせ下さい。,candidate_question,analysis_term_no_stopwords,手続き,0.004694835680751174,2.09861228866811,0.009852639852901924,1,1,213,61
someya_q04,someya,染谷隆夫,q04,4,東京大学の運営・経営、社会連携、国際化に対するお考えをお聞かせ下さい。,candidate_question,analysis_term_no_stopwords,抱く,0.004694835680751174,2.09861228866811,0.009852639852901924,1,1,213,62
someya_q04,someya,染谷隆夫,q04,4,東京大学の運営・経営、社会連携、国際化に対するお考えをお聞かせ下さい。,candidate_question,analysis_term_no_stopwords,攻撃,0.004694835680751174,2.09861228866811,0.009852639852901924,1,1,213,63
someya_q04,someya,染谷隆夫,q04,4,東京大学の運営・経営、社会連携、国際化に対するお考えをお聞かせ下さい。,candidate_question,analysis_term_no_stopwords,政府,0.004694835680751174,2.09861228866811,0.009852639852901924,1,1,213,64
someya_q04,someya,染谷隆夫,q04,4,東京大学の運営・経営、社会連携、国際化に対するお考えをお聞かせ下さい。,candidate_question,analysis_term_no_stopwords,文理,0.004694835680751174,2.09861228866811,0.009852639852901924,1,1,213,65
someya_q04,someya,染谷隆夫,q04,4,東京大学の運営・経営、社会連携、国際化に対するお考えをお聞かせ下さい。,candidate_question,analysis_term_no_stopwords,晒す,0.004694835680751174,2.09861228866811,0.009852639852901924,1,1,213,66
someya_q04,someya,染谷隆夫,q04,4,東京大学の運営・経営、社会連携、国際化に対するお考えをお聞かせ下さい。,candidate_question,analysis_term_no_stopwords,水準,0.004694835680751174,2.09861228866811,0.009852639852901924,1,1,213,67
someya_q04,someya,染谷隆夫,q04,4,東京大学の運営・経営、社会連携、国際化に対するお考えをお聞かせ下さい。,candidate_question,analysis_term_no_stopwords,活躍,0.004694835680751174,2.09861228866811,0.009852639852901924,1,1,213,68
someya_q04,someya,染谷隆夫,q04,4,東京大学の運営・経営、社会連携、国際化に対するお考えをお聞かせ下さい。,candidate_question,analysis_term_no_stopwords,潜在,0.004694835680751174,2.09861228866811,0.009852639852901924,1,1,213,69
someya_q04,someya,染谷隆夫,q04,4,東京大学の運営・経営、社会連携、国際化に対するお考えをお聞かせ下さい。,candidate_question,analysis_term_no_stopwords,理念,0.004694835680751174,2.09861228866811,0.009852639852901924,1,1,213,70
someya_q04,someya,染谷隆夫,q04,4,東京大学の運営・経営、社会連携、国際化に対するお考えをお聞かせ下さい。,candidate_question,analysis_term_no_stopwords,理想,0.004694835680751174,2.09861228866811,0.009852639852901924,1,1,213,71
someya_q04,someya,染谷隆夫,q04,4,東京大学の運営・経営、社会連携、国際化に対するお考えをお聞かせ下さい。,candidate_question,analysis_term_no_stopwords,発信,0.004694835680751174,2.09861228866811,0.009852639852901924,1,1,213,72
someya_q04,someya,染谷隆夫,q04,4,東京大学の運営・経営、社会連携、国際化に対するお考えをお聞かせ下さい。,candidate_question,analysis_term_no_stopwords,登用,0.004694835680751174,2.09861228866811,0.009852639852901924,1,1,213,73
someya_q04,someya,染谷隆夫,q04,4,東京大学の運営・経営、社会連携、国際化に対するお考えをお聞かせ下さい。,candidate_question,analysis_term_no_stopwords,確立,0.004694835680751174,2.09861228866811,0.009852639852901924,1,1,213,74
someya_q04,someya,染谷隆夫,q04,4,東京大学の運営・経営、社会連携、国際化に対するお考えをお聞かせ下さい。,candidate_question,analysis_term_no_stopwords,立つ,0.004694835680751174,2.09861228866811,0.009852639852901924,1,1,213,75
someya_q04,someya,染谷隆夫,q04,4,東京大学の運営・経営、社会連携、国際化に対するお考えをお聞かせ下さい。,candidate_question,analysis_term_no_stopwords,統制,0.004694835680751174,2.09861228866811,0.009852639852901924,1,1,213,76
someya_q04,someya,染谷隆夫,q04,4,東京大学の運営・経営、社会連携、国際化に対するお考えをお聞かせ下さい。,candidate_question,analysis_term_no_stopwords,繋げる,0.004694835680751174,2.09861228866811,0.009852639852901924,1,1,213,77
someya_q04,someya,染谷隆夫,q04,4,東京大学の運営・経営、社会連携、国際化に対するお考えをお聞かせ下さい。,candidate_question,analysis_term_no_stopwords,自ら,0.004694835680751174,2.09861228866811,0.009852639852901924,1,1,213,78
someya_q04,someya,染谷隆夫,q04,4,東京大学の運営・経営、社会連携、国際化に対するお考えをお聞かせ下さい。,candidate_question,analysis_term_no_stopwords,要する,0.004694835680751174,2.09861228866811,0.009852639852901924,1,1,213,79
someya_q04,someya,染谷隆夫,q04,4,東京大学の運営・経営、社会連携、国際化に対するお考えをお聞かせ下さい。,candidate_question,analysis_term_no_stopwords,見据える,0.004694835680751174,2.09861228866811,0.009852639852901924,1,1,213,80
someya_q04,someya,染谷隆夫,q04,4,東京大学の運営・経営、社会連携、国際化に対するお考えをお聞かせ下さい。,candidate_question,analysis_term_no_stopwords,言語,0.004694835680751174,2.09861228866811,0.009852639852901924,1,1,213,81
someya_q04,someya,染谷隆夫,q04,4,東京大学の運営・経営、社会連携、国際化に対するお考えをお聞かせ下さい。,candidate_question,analysis_term_no_stopwords,設立,0.004694835680751174,2.09861228866811,0.009852639852901924,1,1,213,82
someya_q04,someya,染谷隆夫,q04,4,東京大学の運営・経営、社会連携、国際化に対するお考えをお聞かせ下さい。,candidate_question,analysis_term_no_stopwords,試み,0.004694835680751174,2.09861228866811,0.009852639852901924,1,1,213,83
someya_q04,someya,染谷隆夫,q04,4,東京大学の運営・経営、社会連携、国際化に対するお考えをお聞かせ下さい。,candidate_question,analysis_term_no_stopwords,説明,0.004694835680751174,2.09861228866811,0.009852639852901924,1,1,213,84
someya_q04,someya,染谷隆夫,q04,4,東京大学の運営・経営、社会連携、国際化に対するお考えをお聞かせ下さい。,candidate_question,analysis_term_no_stopwords,貢献,0.004694835680751174,2.09861228866811,0.009852639852901924,1,1,213,85
someya_q04,someya,染谷隆夫,q04,4,東京大学の運営・経営、社会連携、国際化に対するお考えをお聞かせ下さい。,candidate_question,analysis_term_no_stopwords,長期,0.004694835680751174,2.09861228866811,0.009852639852901924,1,1,213,86
someya_q04,someya,染谷隆夫,q04,4,東京大学の運営・経営、社会連携、国際化に対するお考えをお聞かせ下さい。,candidate_question,analysis_term_no_stopwords,集う,0.004694835680751174,2.09861228866811,0.009852639852901924,1,1,213,87
someya_q04,someya,染谷隆夫,q04,4,東京大学の運営・経営、社会連携、国際化に対するお考えをお聞かせ下さい。,candidate_question,analysis_term_no_stopwords,高める,0.004694835680751174,2.09861228866811,0.009852639852901924,1,1,213,88
someya_q04,someya,染谷隆夫,q04,4,東京大学の運営・経営、社会連携、国際化に対するお考えをお聞かせ下さい。,candidate_question,analysis_term_no_stopwords,齎す,0.004694835680751174,2.09861228866811,0.009852639852901924,1,1,213,89
someya_q04,someya,染谷隆夫,q04,4,東京大学の運営・経営、社会連携、国際化に対するお考えをお聞かせ下さい。,candidate_question,analysis_term_no_stopwords,トウキョウ,0.009389671361502348,1.0,0.009389671361502348,2,5,213,90
someya_q04,someya,染谷隆夫,q04,4,東京大学の運営・経営、社会連携、国際化に対するお考えをお聞かせ下さい。,candidate_question,analysis_term_no_stopwords,因る,0.009389671361502348,1.0,0.009389671361502348,2,5,213,91
someya_q04,someya,染谷隆夫,q04,4,東京大学の運営・経営、社会連携、国際化に対するお考えをお聞かせ下さい。,candidate_question,analysis_term_no_stopwords,国際,0.009389671361502348,1.0,0.009389671361502348,2,5,213,92
someya_q04,someya,染谷隆夫,q04,4,東京大学の運営・経営、社会連携、国際化に対するお考えをお聞かせ下さい。,candidate_question,analysis_term_no_stopwords,成る,0.009389671361502348,1.0,0.009389671361502348,2,5,213,93
someya_q04,someya,染谷隆夫,q04,4,東京大学の運営・経営、社会連携、国際化に対するお考えをお聞かせ下さい。,candidate_question,analysis_term_no_stopwords,為,0.009389671361502348,1.0,0.009389671361502348,2,5,213,94
someya_q04,someya,染谷隆夫,q04,4,東京大学の運営・経営、社会連携、国際化に対するお考えをお聞かせ下さい。,candidate_question,analysis_term_no_stopwords,運営,0.009389671361502348,1.0,0.009389671361502348,2,5,213,95
someya_q04,someya,染谷隆夫,q04,4,東京大学の運営・経営、社会連携、国際化に対するお考えをお聞かせ下さい。,candidate_question,analysis_term_no_stopwords,utokyo,0.004694835680751174,1.6931471805599454,0.007949047796056081,1,2,213,96
someya_q04,someya,染谷隆夫,q04,4,東京大学の運営・経営、社会連携、国際化に対するお考えをお聞かせ下さい。,candidate_question,analysis_term_no_stopwords,スタートアップ-start-up,0.004694835680751174,1.6931471805599454,0.007949047796056081,1,2,213,97
someya_q04,someya,染谷隆夫,q04,4,東京大学の運営・経営、社会連携、国際化に対するお考えをお聞かせ下さい。,candidate_question,analysis_term_no_stopwords,信頼,0.004694835680751174,1.6931471805599454,0.007949047796056081,1,2,213,98
someya_q04,someya,染谷隆夫,q04,4,東京大学の運営・経営、社会連携、国際化に対するお考えをお聞かせ下さい。,candidate_question,analysis_term_no_stopwords,同時,0.004694835680751174,1.6931471805599454,0.007949047796056081,1,2,213,99
someya_q04,someya,染谷隆夫,q04,4,東京大学の運営・経営、社会連携、国際化に対するお考えをお聞かせ下さい。,candidate_question,analysis_term_no_stopwords,外部,0.004694835680751174,1.6931471805599454,0.007949047796056081,1,2,213,100
someya_q04,someya,染谷隆夫,q04,4,東京大学の運営・経営、社会連携、国際化に対するお考えをお聞かせ下さい。,candidate_question,analysis_term_no_stopwords,大型,0.004694835680751174,1.6931471805599454,0.007949047796056081,1,2,213,101
someya_q04,someya,染谷隆夫,q04,4,東京大学の運営・経営、社会連携、国際化に対するお考えをお聞かせ下さい。,candidate_question,analysis_term_no_stopwords,得る,0.004694835680751174,1.6931471805599454,0.007949047796056081,1,2,213,102
someya_q04,someya,染谷隆夫,q04,4,東京大学の運営・経営、社会連携、国際化に対するお考えをお聞かせ下さい。,candidate_question,analysis_term_no_stopwords,支える,0.004694835680751174,1.6931471805599454,0.007949047796056081,1,2,213,103
someya_q04,someya,染谷隆夫,q04,4,東京大学の運営・経営、社会連携、国際化に対するお考えをお聞かせ下さい。,candidate_question,analysis_term_no_stopwords,支援,0.004694835680751174,1.6931471805599454,0.007949047796056081,1,2,213,104
someya_q04,someya,染谷隆夫,q04,4,東京大学の運営・経営、社会連携、国際化に対するお考えをお聞かせ下さい。,candidate_question,analysis_term_no_stopwords,本来,0.004694835680751174,1.6931471805599454,0.007949047796056081,1,2,213,105
someya_q04,someya,染谷隆夫,q04,4,東京大学の運営・経営、社会連携、国際化に対するお考えをお聞かせ下さい。,candidate_question,analysis_term_no_stopwords,獲得,0.004694835680751174,1.6931471805599454,0.007949047796056081,1,2,213,106
someya_q04,someya,染谷隆夫,q04,4,東京大学の運営・経営、社会連携、国際化に対するお考えをお聞かせ下さい。,candidate_question,analysis_term_no_stopwords,監視,0.004694835680751174,1.6931471805599454,0.007949047796056081,1,2,213,107
someya_q04,someya,染谷隆夫,q04,4,東京大学の運営・経営、社会連携、国際化に対するお考えをお聞かせ下さい。,candidate_question,analysis_term_no_stopwords,目的,0.004694835680751174,1.6931471805599454,0.007949047796056081,1,2,213,108
someya_q04,someya,染谷隆夫,q04,4,東京大学の運営・経営、社会連携、国際化に対するお考えをお聞かせ下さい。,candidate_question,analysis_term_no_stopwords,示す,0.004694835680751174,1.6931471805599454,0.007949047796056081,1,2,213,109
someya_q04,someya,染谷隆夫,q04,4,東京大学の運営・経営、社会連携、国際化に対するお考えをお聞かせ下さい。,candidate_question,analysis_term_no_stopwords,続ける,0.004694835680751174,1.6931471805599454,0.007949047796056081,1,2,213,110
someya_q04,someya,染谷隆夫,q04,4,東京大学の運営・経営、社会連携、国際化に対するお考えをお聞かせ下さい。,candidate_question,analysis_term_no_stopwords,解決,0.004694835680751174,1.6931471805599454,0.007949047796056081,1,2,213,111
someya_q04,someya,染谷隆夫,q04,4,東京大学の運営・経営、社会連携、国際化に対するお考えをお聞かせ下さい。,candidate_question,analysis_term_no_stopwords,部局,0.004694835680751174,1.6931471805599454,0.007949047796056081,1,2,213,112
someya_q04,someya,染谷隆夫,q04,4,東京大学の運営・経営、社会連携、国際化に対するお考えをお聞かせ下さい。,candidate_question,analysis_term_no_stopwords,集中,0.004694835680751174,1.6931471805599454,0.007949047796056081,1,2,213,113
someya_q04,someya,染谷隆夫,q04,4,東京大学の運営・経営、社会連携、国際化に対するお考えをお聞かせ下さい。,candidate_question,analysis_term_no_stopwords,エンダウメント,0.004694835680751174,1.4054651081081644,0.006598427737597016,1,3,213,114
someya_q04,someya,染谷隆夫,q04,4,東京大学の運営・経営、社会連携、国際化に対するお考えをお聞かせ下さい。,candidate_question,analysis_term_no_stopwords,増やす,0.004694835680751174,1.4054651081081644,0.006598427737597016,1,3,213,115
someya_q04,someya,染谷隆夫,q04,4,東京大学の運営・経営、社会連携、国際化に対するお考えをお聞かせ下さい。,candidate_question,analysis_term_no_stopwords,推進,0.004694835680751174,1.4054651081081644,0.006598427737597016,1,3,213,116
someya_q04,someya,染谷隆夫,q04,4,東京大学の運営・経営、社会連携、国際化に対するお考えをお聞かせ下さい。,candidate_question,analysis_term_no_stopwords,業務,0.004694835680751174,1.4054651081081644,0.006598427737597016,1,3,213,117
someya_q04,someya,染谷隆夫,q04,4,東京大学の運営・経営、社会連携、国際化に対するお考えをお聞かせ下さい。,candidate_question,analysis_term_no_stopwords,機能,0.004694835680751174,1.4054651081081644,0.006598427737597016,1,3,213,118
someya_q04,someya,染谷隆夫,q04,4,東京大学の運営・経営、社会連携、国際化に対するお考えをお聞かせ下さい。,candidate_question,analysis_term_no_stopwords,総長,0.004694835680751174,1.4054651081081644,0.006598427737597016,1,3,213,119
someya_q04,someya,染谷隆夫,q04,4,東京大学の運営・経営、社会連携、国際化に対するお考えをお聞かせ下さい。,candidate_question,analysis_term_no_stopwords,職員,0.004694835680751174,1.4054651081081644,0.006598427737597016,1,3,213,120
someya_q04,someya,染谷隆夫,q04,4,東京大学の運営・経営、社会連携、国際化に対するお考えをお聞かせ下さい。,candidate_question,analysis_term_no_stopwords,責任,0.004694835680751174,1.4054651081081644,0.006598427737597016,1,3,213,121
someya_q04,someya,染谷隆夫,q04,4,東京大学の運営・経営、社会連携、国際化に対するお考えをお聞かせ下さい。,candidate_question,analysis_term_no_stopwords,資源,0.004694835680751174,1.4054651081081644,0.006598427737597016,1,3,213,122
someya_q04,someya,染谷隆夫,q04,4,東京大学の運営・経営、社会連携、国際化に対するお考えをお聞かせ下さい。,candidate_question,analysis_term_no_stopwords,進める,0.004694835680751174,1.4054651081081644,0.006598427737597016,1,3,213,123
someya_q04,someya,染谷隆夫,q04,4,東京大学の運営・経営、社会連携、国際化に対するお考えをお聞かせ下さい。,candidate_question,analysis_term_no_stopwords,寄付,0.004694835680751174,1.1823215567939547,0.005550805430957534,1,4,213,124
someya_q04,someya,染谷隆夫,q04,4,東京大学の運営・経営、社会連携、国際化に対するお考えをお聞かせ下さい。,candidate_question,analysis_term_no_stopwords,居る,0.004694835680751174,1.1823215567939547,0.005550805430957534,1,4,213,125
someya_q04,someya,染谷隆夫,q04,4,東京大学の運営・経営、社会連携、国際化に対するお考えをお聞かせ下さい。,candidate_question,analysis_term_no_stopwords,海外,0.004694835680751174,1.1823215567939547,0.005550805430957534,1,4,213,126
someya_q04,someya,染谷隆夫,q04,4,東京大学の運営・経営、社会連携、国際化に対するお考えをお聞かせ下さい。,candidate_question,analysis_term_no_stopwords,行う,0.004694835680751174,1.1823215567939547,0.005550805430957534,1,4,213,127
someya_q04,someya,染谷隆夫,q04,4,東京大学の運営・経営、社会連携、国際化に対するお考えをお聞かせ下さい。,candidate_question,analysis_term_no_stopwords,つく,0.004694835680751174,1.0,0.004694835680751174,1,5,213,128
someya_q04,someya,染谷隆夫,q04,4,東京大学の運営・経営、社会連携、国際化に対するお考えをお聞かせ下さい。,candidate_question,analysis_term_no_stopwords,事,0.004694835680751174,1.0,0.004694835680751174,1,5,213,129
someya_q04,someya,染谷隆夫,q04,4,東京大学の運営・経営、社会連携、国際化に対するお考えをお聞かせ下さい。,candidate_question,analysis_term_no_stopwords,学生,0.004694835680751174,1.0,0.004694835680751174,1,5,213,130
someya_q04,someya,染谷隆夫,q04,4,東京大学の運営・経営、社会連携、国際化に対するお考えをお聞かせ下さい。,candidate_question,analysis_term_no_stopwords,必要,0.004694835680751174,1.0,0.004694835680751174,1,5,213,131
someya_q04,someya,染谷隆夫,q04,4,東京大学の運営・経営、社会連携、国際化に対するお考えをお聞かせ下さい。,candidate_question,analysis_term_no_stopwords,改革,0.004694835680751174,1.0,0.004694835680751174,1,5,213,132
someya_q04,someya,染谷隆夫,q04,4,東京大学の運営・経営、社会連携、国際化に対するお考えをお聞かせ下さい。,candidate_question,analysis_term_no_stopwords,活動,0.004694835680751174,1.0,0.004694835680751174,1,5,213,133
someya_q04,someya,染谷隆夫,q04,4,東京大学の運営・経営、社会連携、国際化に対するお考えをお聞かせ下さい。,candidate_question,analysis_term_no_stopwords,物,0.004694835680751174,1.0,0.004694835680751174,1,5,213,134
someya_q04,someya,染谷隆夫,q04,4,東京大学の運営・経営、社会連携、国際化に対するお考えをお聞かせ下さい。,candidate_question,analysis_term_no_stopwords,連携,0.004694835680751174,1.0,0.004694835680751174,1,5,213,135
sugano_q04,sugano,菅野暁,q04,4,東京大学の運営・経営、社会連携、国際化に対するお考えをお聞かせ下さい。,candidate_question,analysis_term_no_stopwords,為る,0.07724425887265135,1.0,0.07724425887265135,37,5,479,1
sugano_q04,sugano,菅野暁,q04,4,東京大学の運営・経営、社会連携、国際化に対するお考えをお聞かせ下さい。,candidate_question,analysis_term_no_stopwords,有る,0.03966597077244259,1.0,0.03966597077244259,19,5,479,2
sugano_q04,sugano,菅野暁,q04,4,東京大学の運営・経営、社会連携、国際化に対するお考えをお聞かせ下さい。,candidate_question,analysis_term_no_stopwords,職員,0.022964509394572025,1.4054651081081644,0.03227581667889313,11,3,479,3
sugano_q04,sugano,菅野暁,q04,4,東京大学の運営・経営、社会連携、国際化に対するお考えをお聞かせ下さい。,candidate_question,analysis_term_no_stopwords,事,0.025052192066805846,1.0,0.025052192066805846,12,5,479,4
sugano_q04,sugano,菅野暁,q04,4,東京大学の運営・経営、社会連携、国際化に対するお考えをお聞かせ下さい。,candidate_question,analysis_term_no_stopwords,経営,0.022964509394572025,1.0,0.022964509394572025,11,5,479,5
sugano_q04,sugano,菅野暁,q04,4,東京大学の運営・経営、社会連携、国際化に対するお考えをお聞かせ下さい。,candidate_question,analysis_term_no_stopwords,トウキョウ,0.020876826722338204,1.0,0.020876826722338204,10,5,479,6
sugano_q04,sugano,菅野暁,q04,4,東京大学の運営・経営、社会連携、国際化に対するお考えをお聞かせ下さい。,candidate_question,analysis_term_no_stopwords,居る,0.016701461377870562,1.1823215567939547,0.01974649781701803,8,4,479,7
sugano_q04,sugano,菅野暁,q04,4,東京大学の運営・経営、社会連携、国際化に対するお考えをお聞かせ下さい。,candidate_question,analysis_term_no_stopwords,教員,0.012526096033402923,1.4054651081081644,0.01760499091575989,6,3,479,8
sugano_q04,sugano,菅野暁,q04,4,東京大学の運営・経営、社会連携、国際化に対するお考えをお聞かせ下さい。,candidate_question,analysis_term_no_stopwords,言う,0.012526096033402923,1.4054651081081644,0.01760499091575989,6,3,479,9
sugano_q04,sugano,菅野暁,q04,4,東京大学の運営・経営、社会連携、国際化に対するお考えをお聞かせ下さい。,candidate_question,analysis_term_no_stopwords,サポート-support,0.008350730688935281,2.09861228866811,0.017524946043157495,4,1,479,10
sugano_q04,sugano,菅野暁,q04,4,東京大学の運営・経営、社会連携、国際化に対するお考えをお聞かせ下さい。,candidate_question,analysis_term_no_stopwords,関する,0.008350730688935281,2.09861228866811,0.017524946043157495,4,1,479,11
sugano_q04,sugano,菅野暁,q04,4,東京大学の運営・経営、社会連携、国際化に対するお考えをお聞かせ下さい。,candidate_question,analysis_term_no_stopwords,為,0.016701461377870562,1.0,0.016701461377870562,8,5,479,12
sugano_q04,sugano,菅野暁,q04,4,東京大学の運営・経営、社会連携、国際化に対するお考えをお聞かせ下さい。,candidate_question,analysis_term_no_stopwords,責任,0.010438413361169102,1.4054651081081644,0.014670825763133239,5,3,479,13
sugano_q04,sugano,菅野暁,q04,4,東京大学の運営・経営、社会連携、国際化に対するお考えをお聞かせ下さい。,candidate_question,analysis_term_no_stopwords,事項,0.006263048016701462,2.09861228866811,0.013143709532368122,3,1,479,14
sugano_q04,sugano,菅野暁,q04,4,東京大学の運営・経営、社会連携、国際化に対するお考えをお聞かせ下さい。,candidate_question,analysis_term_no_stopwords,名,0.006263048016701462,2.09861228866811,0.013143709532368122,3,1,479,15
sugano_q04,sugano,菅野暁,q04,4,東京大学の運営・経営、社会連携、国際化に対するお考えをお聞かせ下さい。,candidate_question,analysis_term_no_stopwords,必須,0.006263048016701462,2.09861228866811,0.013143709532368122,3,1,479,16
sugano_q04,sugano,菅野暁,q04,4,東京大学の運営・経営、社会連携、国際化に対するお考えをお聞かせ下さい。,candidate_question,analysis_term_no_stopwords,繋ぐ,0.006263048016701462,2.09861228866811,0.013143709532368122,3,1,479,17
sugano_q04,sugano,菅野暁,q04,4,東京大学の運営・経営、社会連携、国際化に対するお考えをお聞かせ下さい。,candidate_question,analysis_term_no_stopwords,国際,0.012526096033402923,1.0,0.012526096033402923,6,5,479,18
sugano_q04,sugano,菅野暁,q04,4,東京大学の運営・経営、社会連携、国際化に対するお考えをお聞かせ下さい。,candidate_question,analysis_term_no_stopwords,必要,0.012526096033402923,1.0,0.012526096033402923,6,5,479,19
sugano_q04,sugano,菅野暁,q04,4,東京大学の運営・経営、社会連携、国際化に対するお考えをお聞かせ下さい。,candidate_question,analysis_term_no_stopwords,社会,0.012526096033402923,1.0,0.012526096033402923,6,5,479,20
sugano_q04,sugano,菅野暁,q04,4,東京大学の運営・経営、社会連携、国際化に対するお考えをお聞かせ下さい。,candidate_question,analysis_term_no_stopwords,考える,0.010438413361169102,1.1823215567939547,0.01234156113563627,5,4,479,21
sugano_q04,sugano,菅野暁,q04,4,東京大学の運営・経営、社会連携、国際化に対するお考えをお聞かせ下さい。,candidate_question,analysis_term_no_stopwords,行く,0.008350730688935281,1.4054651081081644,0.011736660610506591,4,3,479,22
sugano_q04,sugano,菅野暁,q04,4,東京大学の運営・経営、社会連携、国際化に対するお考えをお聞かせ下さい。,candidate_question,analysis_term_no_stopwords,企業,0.006263048016701462,1.6931471805599454,0.010604262091189637,3,2,479,23
sugano_q04,sugano,菅野暁,q04,4,東京大学の運営・経営、社会連携、国際化に対するお考えをお聞かせ下さい。,candidate_question,analysis_term_no_stopwords,会議,0.006263048016701462,1.6931471805599454,0.010604262091189637,3,2,479,24
sugano_q04,sugano,菅野暁,q04,4,東京大学の運営・経営、社会連携、国際化に対するお考えをお聞かせ下さい。,candidate_question,analysis_term_no_stopwords,全体,0.006263048016701462,1.6931471805599454,0.010604262091189637,3,2,479,25
sugano_q04,sugano,菅野暁,q04,4,東京大学の運営・経営、社会連携、国際化に対するお考えをお聞かせ下さい。,candidate_question,analysis_term_no_stopwords,持続,0.006263048016701462,1.6931471805599454,0.010604262091189637,3,2,479,26
sugano_q04,sugano,菅野暁,q04,4,東京大学の運営・経営、社会連携、国際化に対するお考えをお聞かせ下さい。,candidate_question,analysis_term_no_stopwords,権限,0.006263048016701462,1.6931471805599454,0.010604262091189637,3,2,479,27
sugano_q04,sugano,菅野暁,q04,4,東京大学の運営・経営、社会連携、国際化に対するお考えをお聞かせ下さい。,candidate_question,analysis_term_no_stopwords,つく,0.010438413361169102,1.0,0.010438413361169102,5,5,479,28
sugano_q04,sugano,菅野暁,q04,4,東京大学の運営・経営、社会連携、国際化に対するお考えをお聞かせ下さい。,candidate_question,analysis_term_no_stopwords,体制,0.008350730688935281,1.1823215567939547,0.009873248908509016,4,4,479,29
sugano_q04,sugano,菅野暁,q04,4,東京大学の運営・経営、社会連携、国際化に対するお考えをお聞かせ下さい。,candidate_question,analysis_term_no_stopwords,endowment,0.0041753653444676405,2.09861228866811,0.008762473021578747,2,1,479,30
sugano_q04,sugano,菅野暁,q04,4,東京大学の運営・経営、社会連携、国際化に対するお考えをお聞かせ下さい。,candidate_question,analysis_term_no_stopwords,キャリア-career,0.0041753653444676405,2.09861228866811,0.008762473021578747,2,1,479,31
sugano_q04,sugano,菅野暁,q04,4,東京大学の運営・経営、社会連携、国際化に対するお考えをお聞かせ下さい。,candidate_question,analysis_term_no_stopwords,コンテンツ-contents,0.0041753653444676405,2.09861228866811,0.008762473021578747,2,1,479,32
sugano_q04,sugano,菅野暁,q04,4,東京大学の運営・経営、社会連携、国際化に対するお考えをお聞かせ下さい。,candidate_question,analysis_term_no_stopwords,パス-pass,0.0041753653444676405,2.09861228866811,0.008762473021578747,2,1,479,33
sugano_q04,sugano,菅野暁,q04,4,東京大学の運営・経営、社会連携、国際化に対するお考えをお聞かせ下さい。,candidate_question,analysis_term_no_stopwords,中長期,0.0041753653444676405,2.09861228866811,0.008762473021578747,2,1,479,34
sugano_q04,sugano,菅野暁,q04,4,東京大学の運営・経営、社会連携、国際化に対するお考えをお聞かせ下さい。,candidate_question,analysis_term_no_stopwords,処遇,0.0041753653444676405,2.09861228866811,0.008762473021578747,2,1,479,35
sugano_q04,sugano,菅野暁,q04,4,東京大学の運営・経営、社会連携、国際化に対するお考えをお聞かせ下さい。,candidate_question,analysis_term_no_stopwords,執行,0.0041753653444676405,2.09861228866811,0.008762473021578747,2,1,479,36
sugano_q04,sugano,菅野暁,q04,4,東京大学の運営・経営、社会連携、国際化に対するお考えをお聞かせ下さい。,candidate_question,analysis_term_no_stopwords,増す,0.0041753653444676405,2.09861228866811,0.008762473021578747,2,1,479,37
sugano_q04,sugano,菅野暁,q04,4,東京大学の運営・経営、社会連携、国際化に対するお考えをお聞かせ下さい。,candidate_question,analysis_term_no_stopwords,多い,0.0041753653444676405,2.09861228866811,0.008762473021578747,2,1,479,38
sugano_q04,sugano,菅野暁,q04,4,東京大学の運営・経営、社会連携、国際化に対するお考えをお聞かせ下さい。,candidate_question,analysis_term_no_stopwords,年度,0.0041753653444676405,2.09861228866811,0.008762473021578747,2,1,479,39
sugano_q04,sugano,菅野暁,q04,4,東京大学の運営・経営、社会連携、国際化に対するお考えをお聞かせ下さい。,candidate_question,analysis_term_no_stopwords,思う,0.0041753653444676405,2.09861228866811,0.008762473021578747,2,1,479,40
sugano_q04,sugano,菅野暁,q04,4,東京大学の運営・経営、社会連携、国際化に対するお考えをお聞かせ下さい。,candidate_question,analysis_term_no_stopwords,成長,0.0041753653444676405,2.09861228866811,0.008762473021578747,2,1,479,41
sugano_q04,sugano,菅野暁,q04,4,東京大学の運営・経営、社会連携、国際化に対するお考えをお聞かせ下さい。,candidate_question,analysis_term_no_stopwords,抜本,0.0041753653444676405,2.09861228866811,0.008762473021578747,2,1,479,42
sugano_q04,sugano,菅野暁,q04,4,東京大学の運営・経営、社会連携、国際化に対するお考えをお聞かせ下さい。,candidate_question,analysis_term_no_stopwords,民間,0.0041753653444676405,2.09861228866811,0.008762473021578747,2,1,479,43
sugano_q04,sugano,菅野暁,q04,4,東京大学の運営・経営、社会連携、国際化に対するお考えをお聞かせ下さい。,candidate_question,analysis_term_no_stopwords,決める,0.0041753653444676405,2.09861228866811,0.008762473021578747,2,1,479,44
sugano_q04,sugano,菅野暁,q04,4,東京大学の運営・経営、社会連携、国際化に対するお考えをお聞かせ下さい。,candidate_question,analysis_term_no_stopwords,理事,0.0041753653444676405,2.09861228866811,0.008762473021578747,2,1,479,45
sugano_q04,sugano,菅野暁,q04,4,東京大学の運営・経営、社会連携、国際化に対するお考えをお聞かせ下さい。,candidate_question,analysis_term_no_stopwords,発展,0.0041753653444676405,2.09861228866811,0.008762473021578747,2,1,479,46
sugano_q04,sugano,菅野暁,q04,4,東京大学の運営・経営、社会連携、国際化に対するお考えをお聞かせ下さい。,candidate_question,analysis_term_no_stopwords,視点,0.0041753653444676405,2.09861228866811,0.008762473021578747,2,1,479,47
sugano_q04,sugano,菅野暁,q04,4,東京大学の運営・経営、社会連携、国際化に対するお考えをお聞かせ下さい。,candidate_question,analysis_term_no_stopwords,因る,0.008350730688935281,1.0,0.008350730688935281,4,5,479,48
sugano_q04,sugano,菅野暁,q04,4,東京大学の運営・経営、社会連携、国際化に対するお考えをお聞かせ下さい。,candidate_question,analysis_term_no_stopwords,連携,0.008350730688935281,1.0,0.008350730688935281,4,5,479,49
sugano_q04,sugano,菅野暁,q04,4,東京大学の運営・経営、社会連携、国際化に対するお考えをお聞かせ下さい。,candidate_question,analysis_term_no_stopwords,運営,0.008350730688935281,1.0,0.008350730688935281,4,5,479,50
sugano_q04,sugano,菅野暁,q04,4,東京大学の運営・経営、社会連携、国際化に対するお考えをお聞かせ下さい。,candidate_question,analysis_term_no_stopwords,強化,0.006263048016701462,1.1823215567939547,0.007404936681381763,3,4,479,51
sugano_q04,sugano,菅野暁,q04,4,東京大学の運営・経営、社会連携、国際化に対するお考えをお聞かせ下さい。,candidate_question,analysis_term_no_stopwords,於く,0.006263048016701462,1.1823215567939547,0.007404936681381763,3,4,479,52
sugano_q04,sugano,菅野暁,q04,4,東京大学の運営・経営、社会連携、国際化に対するお考えをお聞かせ下さい。,candidate_question,analysis_term_no_stopwords,中,0.0041753653444676405,1.6931471805599454,0.007069508060793091,2,2,479,53
sugano_q04,sugano,菅野暁,q04,4,東京大学の運営・経営、社会連携、国際化に対するお考えをお聞かせ下さい。,candidate_question,analysis_term_no_stopwords,予算,0.0041753653444676405,1.6931471805599454,0.007069508060793091,2,2,479,54
sugano_q04,sugano,菅野暁,q04,4,東京大学の運営・経営、社会連携、国際化に対するお考えをお聞かせ下さい。,candidate_question,analysis_term_no_stopwords,人事,0.0041753653444676405,1.6931471805599454,0.007069508060793091,2,2,479,55
sugano_q04,sugano,菅野暁,q04,4,東京大学の運営・経営、社会連携、国際化に対するお考えをお聞かせ下さい。,candidate_question,analysis_term_no_stopwords,国,0.0041753653444676405,1.6931471805599454,0.007069508060793091,2,2,479,56
sugano_q04,sugano,菅野暁,q04,4,東京大学の運営・経営、社会連携、国際化に対するお考えをお聞かせ下さい。,candidate_question,analysis_term_no_stopwords,国立,0.0041753653444676405,1.6931471805599454,0.007069508060793091,2,2,479,57
sugano_q04,sugano,菅野暁,q04,4,東京大学の運営・経営、社会連携、国際化に対するお考えをお聞かせ下さい。,candidate_question,analysis_term_no_stopwords,外部,0.0041753653444676405,1.6931471805599454,0.007069508060793091,2,2,479,58
sugano_q04,sugano,菅野暁,q04,4,東京大学の運営・経営、社会連携、国際化に対するお考えをお聞かせ下さい。,candidate_question,analysis_term_no_stopwords,対応,0.0041753653444676405,1.6931471805599454,0.007069508060793091,2,2,479,59
sugano_q04,sugano,菅野暁,q04,4,東京大学の運営・経営、社会連携、国際化に対するお考えをお聞かせ下さい。,candidate_question,analysis_term_no_stopwords,年,0.0041753653444676405,1.6931471805599454,0.007069508060793091,2,2,479,60
sugano_q04,sugano,菅野暁,q04,4,東京大学の運営・経営、社会連携、国際化に対するお考えをお聞かせ下さい。,candidate_question,analysis_term_no_stopwords,支える,0.0041753653444676405,1.6931471805599454,0.007069508060793091,2,2,479,61
sugano_q04,sugano,菅野暁,q04,4,東京大学の運営・経営、社会連携、国際化に対するお考えをお聞かせ下さい。,candidate_question,analysis_term_no_stopwords,施策,0.0041753653444676405,1.6931471805599454,0.007069508060793091,2,2,479,62
sugano_q04,sugano,菅野暁,q04,4,東京大学の運営・経営、社会連携、国際化に対するお考えをお聞かせ下さい。,candidate_question,analysis_term_no_stopwords,来る,0.0041753653444676405,1.6931471805599454,0.007069508060793091,2,2,479,63
sugano_q04,sugano,菅野暁,q04,4,東京大学の運営・経営、社会連携、国際化に対するお考えをお聞かせ下さい。,candidate_question,analysis_term_no_stopwords,法人,0.0041753653444676405,1.6931471805599454,0.007069508060793091,2,2,479,64
sugano_q04,sugano,菅野暁,q04,4,東京大学の運営・経営、社会連携、国際化に対するお考えをお聞かせ下さい。,candidate_question,analysis_term_no_stopwords,見る,0.0041753653444676405,1.6931471805599454,0.007069508060793091,2,2,479,65
sugano_q04,sugano,菅野暁,q04,4,東京大学の運営・経営、社会連携、国際化に対するお考えをお聞かせ下さい。,candidate_question,analysis_term_no_stopwords,還元,0.0041753653444676405,1.6931471805599454,0.007069508060793091,2,2,479,66
sugano_q04,sugano,菅野暁,q04,4,東京大学の運営・経営、社会連携、国際化に対するお考えをお聞かせ下さい。,candidate_question,analysis_term_no_stopwords,関係,0.0041753653444676405,1.6931471805599454,0.007069508060793091,2,2,479,67
sugano_q04,sugano,菅野暁,q04,4,東京大学の運営・経営、社会連携、国際化に対するお考えをお聞かせ下さい。,candidate_question,analysis_term_no_stopwords,成る,0.006263048016701462,1.0,0.006263048016701462,3,5,479,68
sugano_q04,sugano,菅野暁,q04,4,東京大学の運営・経営、社会連携、国際化に対するお考えをお聞かせ下さい。,candidate_question,analysis_term_no_stopwords,物,0.006263048016701462,1.0,0.006263048016701462,3,5,479,69
sugano_q04,sugano,菅野暁,q04,4,東京大学の運営・経営、社会連携、国際化に対するお考えをお聞かせ下さい。,candidate_question,analysis_term_no_stopwords,人材,0.0041753653444676405,1.4054651081081644,0.0058683303052532955,2,3,479,70
sugano_q04,sugano,菅野暁,q04,4,東京大学の運営・経営、社会連携、国際化に対するお考えをお聞かせ下さい。,candidate_question,analysis_term_no_stopwords,利益,0.0041753653444676405,1.4054651081081644,0.0058683303052532955,2,3,479,71
sugano_q04,sugano,菅野暁,q04,4,東京大学の運営・経営、社会連携、国際化に対するお考えをお聞かせ下さい。,candidate_question,analysis_term_no_stopwords,増やす,0.0041753653444676405,1.4054651081081644,0.0058683303052532955,2,3,479,72
sugano_q04,sugano,菅野暁,q04,4,東京大学の運営・経営、社会連携、国際化に対するお考えをお聞かせ下さい。,candidate_question,analysis_term_no_stopwords,役割,0.0041753653444676405,1.4054651081081644,0.0058683303052532955,2,3,479,73
sugano_q04,sugano,菅野暁,q04,4,東京大学の運営・経営、社会連携、国際化に対するお考えをお聞かせ下さい。,candidate_question,analysis_term_no_stopwords,構築,0.0041753653444676405,1.4054651081081644,0.0058683303052532955,2,3,479,74
sugano_q04,sugano,菅野暁,q04,4,東京大学の運営・経営、社会連携、国際化に対するお考えをお聞かせ下さい。,candidate_question,analysis_term_no_stopwords,決定,0.0041753653444676405,1.4054651081081644,0.0058683303052532955,2,3,479,75
sugano_q04,sugano,菅野暁,q04,4,東京大学の運営・経営、社会連携、国際化に対するお考えをお聞かせ下さい。,candidate_question,analysis_term_no_stopwords,点,0.0041753653444676405,1.4054651081081644,0.0058683303052532955,2,3,479,76
sugano_q04,sugano,菅野暁,q04,4,東京大学の運営・経営、社会連携、国際化に対するお考えをお聞かせ下さい。,candidate_question,analysis_term_no_stopwords,海外,0.0041753653444676405,1.1823215567939547,0.004936624454254508,2,4,479,77
sugano_q04,sugano,菅野暁,q04,4,東京大学の運営・経営、社会連携、国際化に対するお考えをお聞かせ下さい。,candidate_question,analysis_term_no_stopwords,組織,0.0041753653444676405,1.1823215567939547,0.004936624454254508,2,4,479,78
sugano_q04,sugano,菅野暁,q04,4,東京大学の運営・経営、社会連携、国際化に対するお考えをお聞かせ下さい。,candidate_question,analysis_term_no_stopwords,行う,0.0041753653444676405,1.1823215567939547,0.004936624454254508,2,4,479,79
sugano_q04,sugano,菅野暁,q04,4,東京大学の運営・経営、社会連携、国際化に対するお考えをお聞かせ下さい。,candidate_question,analysis_term_no_stopwords,off,0.0020876826722338203,2.09861228866811,0.004381236510789374,1,1,479,80
sugano_q04,sugano,菅野暁,q04,4,東京大学の運営・経営、社会連携、国際化に対するお考えをお聞かせ下さい。,candidate_question,analysis_term_no_stopwords,payout,0.0020876826722338203,2.09861228866811,0.004381236510789374,1,1,479,81
sugano_q04,sugano,菅野暁,q04,4,東京大学の運営・経営、社会連携、国際化に対するお考えをお聞かせ下さい。,candidate_question,analysis_term_no_stopwords,qs,0.0020876826722338203,2.09861228866811,0.004381236510789374,1,1,479,82
sugano_q04,sugano,菅野暁,q04,4,東京大学の運営・経営、社会連携、国際化に対するお考えをお聞かせ下さい。,candidate_question,analysis_term_no_stopwords,rfp,0.0020876826722338203,2.09861228866811,0.004381236510789374,1,1,479,83
sugano_q04,sugano,菅野暁,q04,4,東京大学の運営・経営、社会連携、国際化に対するお考えをお聞かせ下さい。,candidate_question,analysis_term_no_stopwords,spin,0.0020876826722338203,2.09861228866811,0.004381236510789374,1,1,479,84
sugano_q04,sugano,菅野暁,q04,4,東京大学の運営・経営、社会連携、国際化に対するお考えをお聞かせ下さい。,candidate_question,analysis_term_no_stopwords,the,0.0020876826722338203,2.09861228866811,0.004381236510789374,1,1,479,85
sugano_q04,sugano,菅野暁,q04,4,東京大学の運営・経営、社会連携、国際化に対するお考えをお聞かせ下さい。,candidate_question,analysis_term_no_stopwords,アジア-asia,0.0020876826722338203,2.09861228866811,0.004381236510789374,1,1,479,86
sugano_q04,sugano,菅野暁,q04,4,東京大学の運営・経営、社会連携、国際化に対するお考えをお聞かせ下さい。,candidate_question,analysis_term_no_stopwords,アップデート-update,0.0020876826722338203,2.09861228866811,0.004381236510789374,1,1,479,87
sugano_q04,sugano,菅野暁,q04,4,東京大学の運営・経営、社会連携、国際化に対するお考えをお聞かせ下さい。,candidate_question,analysis_term_no_stopwords,データーベース-database,0.0020876826722338203,2.09861228866811,0.004381236510789374,1,1,479,88
sugano_q04,sugano,菅野暁,q04,4,東京大学の運営・経営、社会連携、国際化に対するお考えをお聞かせ下さい。,candidate_question,analysis_term_no_stopwords,プラス-plus,0.0020876826722338203,2.09861228866811,0.004381236510789374,1,1,479,89
sugano_q04,sugano,菅野暁,q04,4,東京大学の運営・経営、社会連携、国際化に対するお考えをお聞かせ下さい。,candidate_question,analysis_term_no_stopwords,プラットホーム-platform,0.0020876826722338203,2.09861228866811,0.004381236510789374,1,1,479,90
sugano_q04,sugano,菅野暁,q04,4,東京大学の運営・経営、社会連携、国際化に対するお考えをお聞かせ下さい。,candidate_question,analysis_term_no_stopwords,ポートフォリオ-portfolio,0.0020876826722338203,2.09861228866811,0.004381236510789374,1,1,479,91
sugano_q04,sugano,菅野暁,q04,4,東京大学の運営・経営、社会連携、国際化に対するお考えをお聞かせ下さい。,candidate_question,analysis_term_no_stopwords,マネージ-manage,0.0020876826722338203,2.09861228866811,0.004381236510789374,1,1,479,92
sugano_q04,sugano,菅野暁,q04,4,東京大学の運営・経営、社会連携、国際化に対するお考えをお聞かせ下さい。,candidate_question,analysis_term_no_stopwords,モニタリング-monitoring,0.0020876826722338203,2.09861228866811,0.004381236510789374,1,1,479,93
sugano_q04,sugano,菅野暁,q04,4,東京大学の運営・経営、社会連携、国際化に対するお考えをお聞かせ下さい。,candidate_question,analysis_term_no_stopwords,ランキング-ranking,0.0020876826722338203,2.09861228866811,0.004381236510789374,1,1,479,94
sugano_q04,sugano,菅野暁,q04,4,東京大学の運営・経営、社会連携、国際化に対するお考えをお聞かせ下さい。,candidate_question,analysis_term_no_stopwords,一目,0.0020876826722338203,2.09861228866811,0.004381236510789374,1,1,479,95
sugano_q04,sugano,菅野暁,q04,4,東京大学の運営・経営、社会連携、国際化に対するお考えをお聞かせ下さい。,candidate_question,analysis_term_no_stopwords,上がる,0.0020876826722338203,2.09861228866811,0.004381236510789374,1,1,479,96
sugano_q04,sugano,菅野暁,q04,4,東京大学の運営・経営、社会連携、国際化に対するお考えをお聞かせ下さい。,candidate_question,analysis_term_no_stopwords,中堅,0.0020876826722338203,2.09861228866811,0.004381236510789374,1,1,479,97
sugano_q04,sugano,菅野暁,q04,4,東京大学の運営・経営、社会連携、国際化に対するお考えをお聞かせ下さい。,candidate_question,analysis_term_no_stopwords,主務,0.0020876826722338203,2.09861228866811,0.004381236510789374,1,1,479,98
sugano_q04,sugano,菅野暁,q04,4,東京大学の運営・経営、社会連携、国際化に対するお考えをお聞かせ下さい。,candidate_question,analysis_term_no_stopwords,付く,0.0020876826722338203,2.09861228866811,0.004381236510789374,1,1,479,99
sugano_q04,sugano,菅野暁,q04,4,東京大学の運営・経営、社会連携、国際化に対するお考えをお聞かせ下さい。,candidate_question,analysis_term_no_stopwords,位置,0.0020876826722338203,2.09861228866811,0.004381236510789374,1,1,479,100
sugano_q04,sugano,菅野暁,q04,4,東京大学の運営・経営、社会連携、国際化に対するお考えをお聞かせ下さい。,candidate_question,analysis_term_no_stopwords,余地,0.0020876826722338203,2.09861228866811,0.004381236510789374,1,1,479,101
sugano_q04,sugano,菅野暁,q04,4,東京大学の運営・経営、社会連携、国際化に対するお考えをお聞かせ下さい。,candidate_question,analysis_term_no_stopwords,依存,0.0020876826722338203,2.09861228866811,0.004381236510789374,1,1,479,102
sugano_q04,sugano,菅野暁,q04,4,東京大学の運営・経営、社会連携、国際化に対するお考えをお聞かせ下さい。,candidate_question,analysis_term_no_stopwords,侭,0.0020876826722338203,2.09861228866811,0.004381236510789374,1,1,479,103
sugano_q04,sugano,菅野暁,q04,4,東京大学の運営・経営、社会連携、国際化に対するお考えをお聞かせ下さい。,candidate_question,analysis_term_no_stopwords,充当,0.0020876826722338203,2.09861228866811,0.004381236510789374,1,1,479,104
sugano_q04,sugano,菅野暁,q04,4,東京大学の運営・経営、社会連携、国際化に対するお考えをお聞かせ下さい。,candidate_question,analysis_term_no_stopwords,其々,0.0020876826722338203,2.09861228866811,0.004381236510789374,1,1,479,105
sugano_q04,sugano,菅野暁,q04,4,東京大学の運営・経営、社会連携、国際化に対するお考えをお聞かせ下さい。,candidate_question,analysis_term_no_stopwords,判断,0.0020876826722338203,2.09861228866811,0.004381236510789374,1,1,479,106
sugano_q04,sugano,菅野暁,q04,4,東京大学の運営・経営、社会連携、国際化に対するお考えをお聞かせ下さい。,candidate_question,analysis_term_no_stopwords,加速,0.0020876826722338203,2.09861228866811,0.004381236510789374,1,1,479,107
sugano_q04,sugano,菅野暁,q04,4,東京大学の運営・経営、社会連携、国際化に対するお考えをお聞かせ下さい。,candidate_question,analysis_term_no_stopwords,動き,0.0020876826722338203,2.09861228866811,0.004381236510789374,1,1,479,108
sugano_q04,sugano,菅野暁,q04,4,東京大学の運営・経営、社会連携、国際化に対するお考えをお聞かせ下さい。,candidate_question,analysis_term_no_stopwords,収支,0.0020876826722338203,2.09861228866811,0.004381236510789374,1,1,479,109
sugano_q04,sugano,菅野暁,q04,4,東京大学の運営・経営、社会連携、国際化に対するお考えをお聞かせ下さい。,candidate_question,analysis_term_no_stopwords,受け取る,0.0020876826722338203,2.09861228866811,0.004381236510789374,1,1,479,110
sugano_q04,sugano,菅野暁,q04,4,東京大学の運営・経営、社会連携、国際化に対するお考えをお聞かせ下さい。,candidate_question,analysis_term_no_stopwords,埋もれる,0.0020876826722338203,2.09861228866811,0.004381236510789374,1,1,479,111
sugano_q04,sugano,菅野暁,q04,4,東京大学の運営・経営、社会連携、国際化に対するお考えをお聞かせ下さい。,candidate_question,analysis_term_no_stopwords,基礎,0.0020876826722338203,2.09861228866811,0.004381236510789374,1,1,479,112
sugano_q04,sugano,菅野暁,q04,4,東京大学の運営・経営、社会連携、国際化に対するお考えをお聞かせ下さい。,candidate_question,analysis_term_no_stopwords,増加,0.0020876826722338203,2.09861228866811,0.004381236510789374,1,1,479,113
sugano_q04,sugano,菅野暁,q04,4,東京大学の運営・経営、社会連携、国際化に対するお考えをお聞かせ下さい。,candidate_question,analysis_term_no_stopwords,変わる,0.0020876826722338203,2.09861228866811,0.004381236510789374,1,1,479,114
sugano_q04,sugano,菅野暁,q04,4,東京大学の運営・経営、社会連携、国際化に対するお考えをお聞かせ下さい。,candidate_question,analysis_term_no_stopwords,外,0.0020876826722338203,2.09861228866811,0.004381236510789374,1,1,479,115
sugano_q04,sugano,菅野暁,q04,4,東京大学の運営・経営、社会連携、国際化に対するお考えをお聞かせ下さい。,candidate_question,analysis_term_no_stopwords,奨学,0.0020876826722338203,2.09861228866811,0.004381236510789374,1,1,479,116
sugano_q04,sugano,菅野暁,q04,4,東京大学の運営・経営、社会連携、国際化に対するお考えをお聞かせ下さい。,candidate_question,analysis_term_no_stopwords,学部,0.0020876826722338203,2.09861228866811,0.004381236510789374,1,1,479,117
sugano_q04,sugano,菅野暁,q04,4,東京大学の運営・経営、社会連携、国際化に対するお考えをお聞かせ下さい。,candidate_question,analysis_term_no_stopwords,定義,0.0020876826722338203,2.09861228866811,0.004381236510789374,1,1,479,118
sugano_q04,sugano,菅野暁,q04,4,東京大学の運営・経営、社会連携、国際化に対するお考えをお聞かせ下さい。,candidate_question,analysis_term_no_stopwords,差,0.0020876826722338203,2.09861228866811,0.004381236510789374,1,1,479,119
sugano_q04,sugano,菅野暁,q04,4,東京大学の運営・経営、社会連携、国際化に対するお考えをお聞かせ下さい。,candidate_question,analysis_term_no_stopwords,幾,0.0020876826722338203,2.09861228866811,0.004381236510789374,1,1,479,120
sugano_q04,sugano,菅野暁,q04,4,東京大学の運営・経営、社会連携、国際化に対するお考えをお聞かせ下さい。,candidate_question,analysis_term_no_stopwords,広がり,0.0020876826722338203,2.09861228866811,0.004381236510789374,1,1,479,121
sugano_q04,sugano,菅野暁,q04,4,東京大学の運営・経営、社会連携、国際化に対するお考えをお聞かせ下さい。,candidate_question,analysis_term_no_stopwords,形,0.0020876826722338203,2.09861228866811,0.004381236510789374,1,1,479,122
sugano_q04,sugano,菅野暁,q04,4,東京大学の運営・経営、社会連携、国際化に対するお考えをお聞かせ下さい。,candidate_question,analysis_term_no_stopwords,役,0.0020876826722338203,2.09861228866811,0.004381236510789374,1,1,479,123
sugano_q04,sugano,菅野暁,q04,4,東京大学の運営・経営、社会連携、国際化に対するお考えをお聞かせ下さい。,candidate_question,analysis_term_no_stopwords,感ずる,0.0020876826722338203,2.09861228866811,0.004381236510789374,1,1,479,124
sugano_q04,sugano,菅野暁,q04,4,東京大学の運営・経営、社会連携、国際化に対するお考えをお聞かせ下さい。,candidate_question,analysis_term_no_stopwords,戦略,0.0020876826722338203,2.09861228866811,0.004381236510789374,1,1,479,125
sugano_q04,sugano,菅野暁,q04,4,東京大学の運営・経営、社会連携、国際化に対するお考えをお聞かせ下さい。,candidate_question,analysis_term_no_stopwords,所,0.0020876826722338203,2.09861228866811,0.004381236510789374,1,1,479,126
sugano_q04,sugano,菅野暁,q04,4,東京大学の運営・経営、社会連携、国際化に対するお考えをお聞かせ下さい。,candidate_question,analysis_term_no_stopwords,所在,0.0020876826722338203,2.09861228866811,0.004381236510789374,1,1,479,127
sugano_q04,sugano,菅野暁,q04,4,東京大学の運営・経営、社会連携、国際化に対するお考えをお聞かせ下さい。,candidate_question,analysis_term_no_stopwords,打つ,0.0020876826722338203,2.09861228866811,0.004381236510789374,1,1,479,128
sugano_q04,sugano,菅野暁,q04,4,東京大学の運営・経営、社会連携、国際化に対するお考えをお聞かせ下さい。,candidate_question,analysis_term_no_stopwords,抜きん出る,0.0020876826722338203,2.09861228866811,0.004381236510789374,1,1,479,129
sugano_q04,sugano,菅野暁,q04,4,東京大学の運営・経営、社会連携、国際化に対するお考えをお聞かせ下さい。,candidate_question,analysis_term_no_stopwords,採用,0.0020876826722338203,2.09861228866811,0.004381236510789374,1,1,479,130
sugano_q04,sugano,菅野暁,q04,4,東京大学の運営・経営、社会連携、国際化に対するお考えをお聞かせ下さい。,candidate_question,analysis_term_no_stopwords,携わる,0.0020876826722338203,2.09861228866811,0.004381236510789374,1,1,479,131
sugano_q04,sugano,菅野暁,q04,4,東京大学の運営・経営、社会連携、国際化に対するお考えをお聞かせ下さい。,candidate_question,analysis_term_no_stopwords,改善,0.0020876826722338203,2.09861228866811,0.004381236510789374,1,1,479,132
sugano_q04,sugano,菅野暁,q04,4,東京大学の運営・経営、社会連携、国際化に対するお考えをお聞かせ下さい。,candidate_question,analysis_term_no_stopwords,数,0.0020876826722338203,2.09861228866811,0.004381236510789374,1,1,479,133
sugano_q04,sugano,菅野暁,q04,4,東京大学の運営・経営、社会連携、国際化に対するお考えをお聞かせ下さい。,candidate_question,analysis_term_no_stopwords,整備,0.0020876826722338203,2.09861228866811,0.004381236510789374,1,1,479,134
sugano_q04,sugano,菅野暁,q04,4,東京大学の運営・経営、社会連携、国際化に対するお考えをお聞かせ下さい。,candidate_question,analysis_term_no_stopwords,有する,0.0020876826722338203,2.09861228866811,0.004381236510789374,1,1,479,135
sugano_q04,sugano,菅野暁,q04,4,東京大学の運営・経営、社会連携、国際化に対するお考えをお聞かせ下さい。,candidate_question,analysis_term_no_stopwords,有意,0.0020876826722338203,2.09861228866811,0.004381236510789374,1,1,479,136
sugano_q04,sugano,菅野暁,q04,4,東京大学の運営・経営、社会連携、国際化に対するお考えをお聞かせ下さい。,candidate_question,analysis_term_no_stopwords,本末,0.0020876826722338203,2.09861228866811,0.004381236510789374,1,1,479,137
sugano_q04,sugano,菅野暁,q04,4,東京大学の運営・経営、社会連携、国際化に対するお考えをお聞かせ下さい。,candidate_question,analysis_term_no_stopwords,極論,0.0020876826722338203,2.09861228866811,0.004381236510789374,1,1,479,138
sugano_q04,sugano,菅野暁,q04,4,東京大学の運営・経営、社会連携、国際化に対するお考えをお聞かせ下さい。,candidate_question,analysis_term_no_stopwords,機会,0.0020876826722338203,2.09861228866811,0.004381236510789374,1,1,479,139
sugano_q04,sugano,菅野暁,q04,4,東京大学の運営・経営、社会連携、国際化に対するお考えをお聞かせ下さい。,candidate_question,analysis_term_no_stopwords,機関,0.0020876826722338203,2.09861228866811,0.004381236510789374,1,1,479,140
sugano_q04,sugano,菅野暁,q04,4,東京大学の運営・経営、社会連携、国際化に対するお考えをお聞かせ下さい。,candidate_question,analysis_term_no_stopwords,欧米,0.0020876826722338203,2.09861228866811,0.004381236510789374,1,1,479,141
sugano_q04,sugano,菅野暁,q04,4,東京大学の運営・経営、社会連携、国際化に対するお考えをお聞かせ下さい。,candidate_question,analysis_term_no_stopwords,正直,0.0020876826722338203,2.09861228866811,0.004381236510789374,1,1,479,142
sugano_q04,sugano,菅野暁,q04,4,東京大学の運営・経営、社会連携、国際化に対するお考えをお聞かせ下さい。,candidate_question,analysis_term_no_stopwords,毎年,0.0020876826722338203,2.09861228866811,0.004381236510789374,1,1,479,143
sugano_q04,sugano,菅野暁,q04,4,東京大学の運営・経営、社会連携、国際化に対するお考えをお聞かせ下さい。,candidate_question,analysis_term_no_stopwords,比べる,0.0020876826722338203,2.09861228866811,0.004381236510789374,1,1,479,144
sugano_q04,sugano,菅野暁,q04,4,東京大学の運営・経営、社会連携、国際化に対するお考えをお聞かせ下さい。,candidate_question,analysis_term_no_stopwords,派遣,0.0020876826722338203,2.09861228866811,0.004381236510789374,1,1,479,145
sugano_q04,sugano,菅野暁,q04,4,東京大学の運営・経営、社会連携、国際化に対するお考えをお聞かせ下さい。,candidate_question,analysis_term_no_stopwords,流れ,0.0020876826722338203,2.09861228866811,0.004381236510789374,1,1,479,146
sugano_q04,sugano,菅野暁,q04,4,東京大学の運営・経営、社会連携、国際化に対するお考えをお聞かせ下さい。,candidate_question,analysis_term_no_stopwords,熟議,0.0020876826722338203,2.09861228866811,0.004381236510789374,1,1,479,147
sugano_q04,sugano,菅野暁,q04,4,東京大学の運営・経営、社会連携、国際化に対するお考えをお聞かせ下さい。,candidate_question,analysis_term_no_stopwords,特性,0.0020876826722338203,2.09861228866811,0.004381236510789374,1,1,479,148
sugano_q04,sugano,菅野暁,q04,4,東京大学の運営・経営、社会連携、国際化に対するお考えをお聞かせ下さい。,candidate_question,analysis_term_no_stopwords,状態,0.0020876826722338203,2.09861228866811,0.004381236510789374,1,1,479,149
sugano_q04,sugano,菅野暁,q04,4,東京大学の運営・経営、社会連携、国際化に対するお考えをお聞かせ下さい。,candidate_question,analysis_term_no_stopwords,理由,0.0020876826722338203,2.09861228866811,0.004381236510789374,1,1,479,150
sugano_q04,sugano,菅野暁,q04,4,東京大学の運営・経営、社会連携、国際化に対するお考えをお聞かせ下さい。,candidate_question,analysis_term_no_stopwords,申し上げる,0.0020876826722338203,2.09861228866811,0.004381236510789374,1,1,479,151
sugano_q04,sugano,菅野暁,q04,4,東京大学の運営・経営、社会連携、国際化に対するお考えをお聞かせ下さい。,candidate_question,analysis_term_no_stopwords,疑問,0.0020876826722338203,2.09861228866811,0.004381236510789374,1,1,479,152
sugano_q04,sugano,菅野暁,q04,4,東京大学の運営・経営、社会連携、国際化に対するお考えをお聞かせ下さい。,candidate_question,analysis_term_no_stopwords,疲弊,0.0020876826722338203,2.09861228866811,0.004381236510789374,1,1,479,153
sugano_q04,sugano,菅野暁,q04,4,東京大学の運営・経営、社会連携、国際化に対するお考えをお聞かせ下さい。,candidate_question,analysis_term_no_stopwords,益,0.0020876826722338203,2.09861228866811,0.004381236510789374,1,1,479,154
sugano_q04,sugano,菅野暁,q04,4,東京大学の運営・経営、社会連携、国際化に対するお考えをお聞かせ下さい。,candidate_question,analysis_term_no_stopwords,目指す,0.0020876826722338203,2.09861228866811,0.004381236510789374,1,1,479,155
sugano_q04,sugano,菅野暁,q04,4,東京大学の運営・経営、社会連携、国際化に対するお考えをお聞かせ下さい。,candidate_question,analysis_term_no_stopwords,相応しい,0.0020876826722338203,2.09861228866811,0.004381236510789374,1,1,479,156
sugano_q04,sugano,菅野暁,q04,4,東京大学の運営・経営、社会連携、国際化に対するお考えをお聞かせ下さい。,candidate_question,analysis_term_no_stopwords,科研,0.0020876826722338203,2.09861228866811,0.004381236510789374,1,1,479,157
sugano_q04,sugano,菅野暁,q04,4,東京大学の運営・経営、社会連携、国際化に対するお考えをお聞かせ下さい。,candidate_question,analysis_term_no_stopwords,移行,0.0020876826722338203,2.09861228866811,0.004381236510789374,1,1,479,158
sugano_q04,sugano,菅野暁,q04,4,東京大学の運営・経営、社会連携、国際化に対するお考えをお聞かせ下さい。,candidate_question,analysis_term_no_stopwords,程度,0.0020876826722338203,2.09861228866811,0.004381236510789374,1,1,479,159
sugano_q04,sugano,菅野暁,q04,4,東京大学の運営・経営、社会連携、国際化に対するお考えをお聞かせ下さい。,candidate_question,analysis_term_no_stopwords,米国,0.0020876826722338203,2.09861228866811,0.004381236510789374,1,1,479,160
sugano_q04,sugano,菅野暁,q04,4,東京大学の運営・経営、社会連携、国際化に対するお考えをお聞かせ下さい。,candidate_question,analysis_term_no_stopwords,経常,0.0020876826722338203,2.09861228866811,0.004381236510789374,1,1,479,161
sugano_q04,sugano,菅野暁,q04,4,東京大学の運営・経営、社会連携、国際化に対するお考えをお聞かせ下さい。,candidate_question,analysis_term_no_stopwords,給付,0.0020876826722338203,2.09861228866811,0.004381236510789374,1,1,479,162
sugano_q04,sugano,菅野暁,q04,4,東京大学の運営・経営、社会連携、国際化に対するお考えをお聞かせ下さい。,candidate_question,analysis_term_no_stopwords,繰り入れる,0.0020876826722338203,2.09861228866811,0.004381236510789374,1,1,479,163
sugano_q04,sugano,菅野暁,q04,4,東京大学の運営・経営、社会連携、国際化に対するお考えをお聞かせ下さい。,candidate_question,analysis_term_no_stopwords,職位,0.0020876826722338203,2.09861228866811,0.004381236510789374,1,1,479,164
sugano_q04,sugano,菅野暁,q04,4,東京大学の運営・経営、社会連携、国際化に対するお考えをお聞かせ下さい。,candidate_question,analysis_term_no_stopwords,自分,0.0020876826722338203,2.09861228866811,0.004381236510789374,1,1,479,165
sugano_q04,sugano,菅野暁,q04,4,東京大学の運営・経営、社会連携、国際化に対するお考えをお聞かせ下さい。,candidate_question,analysis_term_no_stopwords,自助,0.0020876826722338203,2.09861228866811,0.004381236510789374,1,1,479,166
sugano_q04,sugano,菅野暁,q04,4,東京大学の運営・経営、社会連携、国際化に対するお考えをお聞かせ下さい。,candidate_question,analysis_term_no_stopwords,自立,0.0020876826722338203,2.09861228866811,0.004381236510789374,1,1,479,167
sugano_q04,sugano,菅野暁,q04,4,東京大学の運営・経営、社会連携、国際化に対するお考えをお聞かせ下さい。,candidate_question,analysis_term_no_stopwords,複数,0.0020876826722338203,2.09861228866811,0.004381236510789374,1,1,479,168
sugano_q04,sugano,菅野暁,q04,4,東京大学の運営・経営、社会連携、国際化に対するお考えをお聞かせ下さい。,candidate_question,analysis_term_no_stopwords,設計,0.0020876826722338203,2.09861228866811,0.004381236510789374,1,1,479,169
sugano_q04,sugano,菅野暁,q04,4,東京大学の運営・経営、社会連携、国際化に対するお考えをお聞かせ下さい。,candidate_question,analysis_term_no_stopwords,諮る,0.0020876826722338203,2.09861228866811,0.004381236510789374,1,1,479,170
sugano_q04,sugano,菅野暁,q04,4,東京大学の運営・経営、社会連携、国際化に対するお考えをお聞かせ下さい。,candidate_question,analysis_term_no_stopwords,負う,0.0020876826722338203,2.09861228866811,0.004381236510789374,1,1,479,171
sugano_q04,sugano,菅野暁,q04,4,東京大学の運営・経営、社会連携、国際化に対するお考えをお聞かせ下さい。,candidate_question,analysis_term_no_stopwords,費消,0.0020876826722338203,2.09861228866811,0.004381236510789374,1,1,479,172
sugano_q04,sugano,菅野暁,q04,4,東京大学の運営・経営、社会連携、国際化に対するお考えをお聞かせ下さい。,candidate_question,analysis_term_no_stopwords,賄う,0.0020876826722338203,2.09861228866811,0.004381236510789374,1,1,479,173
sugano_q04,sugano,菅野暁,q04,4,東京大学の運営・経営、社会連携、国際化に対するお考えをお聞かせ下さい。,candidate_question,analysis_term_no_stopwords,転倒,0.0020876826722338203,2.09861228866811,0.004381236510789374,1,1,479,174
sugano_q04,sugano,菅野暁,q04,4,東京大学の運営・経営、社会連携、国際化に対するお考えをお聞かせ下さい。,candidate_question,analysis_term_no_stopwords,近年,0.0020876826722338203,2.09861228866811,0.004381236510789374,1,1,479,175
sugano_q04,sugano,菅野暁,q04,4,東京大学の運営・経営、社会連携、国際化に対するお考えをお聞かせ下さい。,candidate_question,analysis_term_no_stopwords,追う,0.0020876826722338203,2.09861228866811,0.004381236510789374,1,1,479,176
sugano_q04,sugano,菅野暁,q04,4,東京大学の運営・経営、社会連携、国際化に対するお考えをお聞かせ下さい。,candidate_question,analysis_term_no_stopwords,退職,0.0020876826722338203,2.09861228866811,0.004381236510789374,1,1,479,177
sugano_q04,sugano,菅野暁,q04,4,東京大学の運営・経営、社会連携、国際化に対するお考えをお聞かせ下さい。,candidate_question,analysis_term_no_stopwords,途上,0.0020876826722338203,2.09861228866811,0.004381236510789374,1,1,479,178
sugano_q04,sugano,菅野暁,q04,4,東京大学の運営・経営、社会連携、国際化に対するお考えをお聞かせ下さい。,candidate_question,analysis_term_no_stopwords,遅れる,0.0020876826722338203,2.09861228866811,0.004381236510789374,1,1,479,179
sugano_q04,sugano,菅野暁,q04,4,東京大学の運営・経営、社会連携、国際化に対するお考えをお聞かせ下さい。,candidate_question,analysis_term_no_stopwords,過ぎる,0.0020876826722338203,2.09861228866811,0.004381236510789374,1,1,479,180
sugano_q04,sugano,菅野暁,q04,4,東京大学の運営・経営、社会連携、国際化に対するお考えをお聞かせ下さい。,candidate_question,analysis_term_no_stopwords,配する,0.0020876826722338203,2.09861228866811,0.004381236510789374,1,1,479,181
sugano_q04,sugano,菅野暁,q04,4,東京大学の運営・経営、社会連携、国際化に対するお考えをお聞かせ下さい。,candidate_question,analysis_term_no_stopwords,防ぐ,0.0020876826722338203,2.09861228866811,0.004381236510789374,1,1,479,182
sugano_q04,sugano,菅野暁,q04,4,東京大学の運営・経営、社会連携、国際化に対するお考えをお聞かせ下さい。,candidate_question,analysis_term_no_stopwords,陥る,0.0020876826722338203,2.09861228866811,0.004381236510789374,1,1,479,183
sugano_q04,sugano,菅野暁,q04,4,東京大学の運営・経営、社会連携、国際化に対するお考えをお聞かせ下さい。,candidate_question,analysis_term_no_stopwords,集団,0.0020876826722338203,2.09861228866811,0.004381236510789374,1,1,479,184
sugano_q04,sugano,菅野暁,q04,4,東京大学の運営・経営、社会連携、国際化に対するお考えをお聞かせ下さい。,candidate_question,analysis_term_no_stopwords,面,0.0020876826722338203,2.09861228866811,0.004381236510789374,1,1,479,185
sugano_q04,sugano,菅野暁,q04,4,東京大学の運営・経営、社会連携、国際化に対するお考えをお聞かせ下さい。,candidate_question,analysis_term_no_stopwords,改革,0.0041753653444676405,1.0,0.0041753653444676405,2,5,479,186
sugano_q04,sugano,菅野暁,q04,4,東京大学の運営・経営、社会連携、国際化に対するお考えをお聞かせ下さい。,candidate_question,analysis_term_no_stopwords,無い,0.0041753653444676405,1.0,0.0041753653444676405,2,5,479,187
sugano_q04,sugano,菅野暁,q04,4,東京大学の運営・経営、社会連携、国際化に対するお考えをお聞かせ下さい。,candidate_question,analysis_term_no_stopwords,ステークホルダー-stakeholder,0.0020876826722338203,1.6931471805599454,0.0035347540303965453,1,2,479,188
sugano_q04,sugano,菅野暁,q04,4,東京大学の運営・経営、社会連携、国際化に対するお考えをお聞かせ下さい。,candidate_question,analysis_term_no_stopwords,中心,0.0020876826722338203,1.6931471805599454,0.0035347540303965453,1,2,479,189
sugano_q04,sugano,菅野暁,q04,4,東京大学の運営・経営、社会連携、国際化に対するお考えをお聞かせ下さい。,candidate_question,analysis_term_no_stopwords,交付,0.0020876826722338203,1.6931471805599454,0.0035347540303965453,1,2,479,190
sugano_q04,sugano,菅野暁,q04,4,東京大学の運営・経営、社会連携、国際化に対するお考えをお聞かせ下さい。,candidate_question,analysis_term_no_stopwords,作り,0.0020876826722338203,1.6931471805599454,0.0035347540303965453,1,2,479,191
sugano_q04,sugano,菅野暁,q04,4,東京大学の運営・経営、社会連携、国際化に対するお考えをお聞かせ下さい。,candidate_question,analysis_term_no_stopwords,分担,0.0020876826722338203,1.6931471805599454,0.0035347540303965453,1,2,479,192
sugano_q04,sugano,菅野暁,q04,4,東京大学の運営・経営、社会連携、国際化に対するお考えをお聞かせ下さい。,candidate_question,analysis_term_no_stopwords,切る,0.0020876826722338203,1.6931471805599454,0.0035347540303965453,1,2,479,193
sugano_q04,sugano,菅野暁,q04,4,東京大学の運営・経営、社会連携、国際化に対するお考えをお聞かせ下さい。,candidate_question,analysis_term_no_stopwords,努力,0.0020876826722338203,1.6931471805599454,0.0035347540303965453,1,2,479,194
sugano_q04,sugano,菅野暁,q04,4,東京大学の運営・経営、社会連携、国際化に対するお考えをお聞かせ下さい。,candidate_question,analysis_term_no_stopwords,効率,0.0020876826722338203,1.6931471805599454,0.0035347540303965453,1,2,479,195
sugano_q04,sugano,菅野暁,q04,4,東京大学の運営・経営、社会連携、国際化に対するお考えをお聞かせ下さい。,candidate_question,analysis_term_no_stopwords,取る,0.0020876826722338203,1.6931471805599454,0.0035347540303965453,1,2,479,196
sugano_q04,sugano,菅野暁,q04,4,東京大学の運営・経営、社会連携、国際化に対するお考えをお聞かせ下さい。,candidate_question,analysis_term_no_stopwords,図る,0.0020876826722338203,1.6931471805599454,0.0035347540303965453,1,2,479,197
sugano_q04,sugano,菅野暁,q04,4,東京大学の運営・経営、社会連携、国際化に対するお考えをお聞かせ下さい。,candidate_question,analysis_term_no_stopwords,基づく,0.0020876826722338203,1.6931471805599454,0.0035347540303965453,1,2,479,198
sugano_q04,sugano,菅野暁,q04,4,東京大学の運営・経営、社会連携、国際化に対するお考えをお聞かせ下さい。,candidate_question,analysis_term_no_stopwords,学内,0.0020876826722338203,1.6931471805599454,0.0035347540303965453,1,2,479,199
sugano_q04,sugano,菅野暁,q04,4,東京大学の運営・経営、社会連携、国際化に対するお考えをお聞かせ下さい。,candidate_question,analysis_term_no_stopwords,対する,0.0020876826722338203,1.6931471805599454,0.0035347540303965453,1,2,479,200
sugano_q04,sugano,菅野暁,q04,4,東京大学の運営・経営、社会連携、国際化に対するお考えをお聞かせ下さい。,candidate_question,analysis_term_no_stopwords,将来,0.0020876826722338203,1.6931471805599454,0.0035347540303965453,1,2,479,201
sugano_q04,sugano,菅野暁,q04,4,東京大学の運営・経営、社会連携、国際化に対するお考えをお聞かせ下さい。,candidate_question,analysis_term_no_stopwords,常,0.0020876826722338203,1.6931471805599454,0.0035347540303965453,1,2,479,202
sugano_q04,sugano,菅野暁,q04,4,東京大学の運営・経営、社会連携、国際化に対するお考えをお聞かせ下さい。,candidate_question,analysis_term_no_stopwords,当てる,0.0020876826722338203,1.6931471805599454,0.0035347540303965453,1,2,479,203
sugano_q04,sugano,菅野暁,q04,4,東京大学の運営・経営、社会連携、国際化に対するお考えをお聞かせ下さい。,candidate_question,analysis_term_no_stopwords,担当,0.0020876826722338203,1.6931471805599454,0.0035347540303965453,1,2,479,204
sugano_q04,sugano,菅野暁,q04,4,東京大学の運営・経営、社会連携、国際化に対するお考えをお聞かせ下さい。,candidate_question,analysis_term_no_stopwords,拡大,0.0020876826722338203,1.6931471805599454,0.0035347540303965453,1,2,479,205
sugano_q04,sugano,菅野暁,q04,4,東京大学の運営・経営、社会連携、国際化に対するお考えをお聞かせ下さい。,candidate_question,analysis_term_no_stopwords,持つ,0.0020876826722338203,1.6931471805599454,0.0035347540303965453,1,2,479,206
sugano_q04,sugano,菅野暁,q04,4,東京大学の運営・経営、社会連携、国際化に対するお考えをお聞かせ下さい。,candidate_question,analysis_term_no_stopwords,最大,0.0020876826722338203,1.6931471805599454,0.0035347540303965453,1,2,479,207
sugano_q04,sugano,菅野暁,q04,4,東京大学の運営・経営、社会連携、国際化に対するお考えをお聞かせ下さい。,candidate_question,analysis_term_no_stopwords,梶,0.0020876826722338203,1.6931471805599454,0.0035347540303965453,1,2,479,208
sugano_q04,sugano,菅野暁,q04,4,東京大学の運営・経営、社会連携、国際化に対するお考えをお聞かせ下さい。,candidate_question,analysis_term_no_stopwords,次,0.0020876826722338203,1.6931471805599454,0.0035347540303965453,1,2,479,209
sugano_q04,sugano,菅野暁,q04,4,東京大学の運営・経営、社会連携、国際化に対するお考えをお聞かせ下さい。,candidate_question,analysis_term_no_stopwords,渡る,0.0020876826722338203,1.6931471805599454,0.0035347540303965453,1,2,479,210
sugano_q04,sugano,菅野暁,q04,4,東京大学の運営・経営、社会連携、国際化に対するお考えをお聞かせ下さい。,candidate_question,analysis_term_no_stopwords,獲得,0.0020876826722338203,1.6931471805599454,0.0035347540303965453,1,2,479,211
sugano_q04,sugano,菅野暁,q04,4,東京大学の運営・経営、社会連携、国際化に対するお考えをお聞かせ下さい。,candidate_question,analysis_term_no_stopwords,現状,0.0020876826722338203,1.6931471805599454,0.0035347540303965453,1,2,479,212
sugano_q04,sugano,菅野暁,q04,4,東京大学の運営・経営、社会連携、国際化に対するお考えをお聞かせ下さい。,candidate_question,analysis_term_no_stopwords,留学,0.0020876826722338203,1.6931471805599454,0.0035347540303965453,1,2,479,213
sugano_q04,sugano,菅野暁,q04,4,東京大学の運営・経営、社会連携、国際化に対するお考えをお聞かせ下さい。,candidate_question,analysis_term_no_stopwords,知財,0.0020876826722338203,1.6931471805599454,0.0035347540303965453,1,2,479,214
sugano_q04,sugano,菅野暁,q04,4,東京大学の運営・経営、社会連携、国際化に対するお考えをお聞かせ下さい。,candidate_question,analysis_term_no_stopwords,自律,0.0020876826722338203,1.6931471805599454,0.0035347540303965453,1,2,479,215
sugano_q04,sugano,菅野暁,q04,4,東京大学の運営・経営、社会連携、国際化に対するお考えをお聞かせ下さい。,candidate_question,analysis_term_no_stopwords,表面,0.0020876826722338203,1.6931471805599454,0.0035347540303965453,1,2,479,216
sugano_q04,sugano,菅野暁,q04,4,東京大学の運営・経営、社会連携、国際化に対するお考えをお聞かせ下さい。,candidate_question,analysis_term_no_stopwords,観点,0.0020876826722338203,1.6931471805599454,0.0035347540303965453,1,2,479,217
sugano_q04,sugano,菅野暁,q04,4,東京大学の運営・経営、社会連携、国際化に対するお考えをお聞かせ下さい。,candidate_question,analysis_term_no_stopwords,負担,0.0020876826722338203,1.6931471805599454,0.0035347540303965453,1,2,479,218
sugano_q04,sugano,菅野暁,q04,4,東京大学の運営・経営、社会連携、国際化に対するお考えをお聞かせ下さい。,candidate_question,analysis_term_no_stopwords,財政,0.0020876826722338203,1.6931471805599454,0.0035347540303965453,1,2,479,219
sugano_q04,sugano,菅野暁,q04,4,東京大学の運営・経営、社会連携、国際化に対するお考えをお聞かせ下さい。,candidate_question,analysis_term_no_stopwords,述べる,0.0020876826722338203,1.6931471805599454,0.0035347540303965453,1,2,479,220
sugano_q04,sugano,菅野暁,q04,4,東京大学の運営・経営、社会連携、国際化に対するお考えをお聞かせ下さい。,candidate_question,analysis_term_no_stopwords,部,0.0020876826722338203,1.6931471805599454,0.0035347540303965453,1,2,479,221
sugano_q04,sugano,菅野暁,q04,4,東京大学の運営・経営、社会連携、国際化に対するお考えをお聞かせ下さい。,candidate_question,analysis_term_no_stopwords,価値,0.0020876826722338203,1.4054651081081644,0.0029341651526266477,1,3,479,222
sugano_q04,sugano,菅野暁,q04,4,東京大学の運営・経営、社会連携、国際化に対するお考えをお聞かせ下さい。,candidate_question,analysis_term_no_stopwords,充実,0.0020876826722338203,1.4054651081081644,0.0029341651526266477,1,3,479,223
sugano_q04,sugano,菅野暁,q04,4,東京大学の運営・経営、社会連携、国際化に対するお考えをお聞かせ下さい。,candidate_question,analysis_term_no_stopwords,制度,0.0020876826722338203,1.4054651081081644,0.0029341651526266477,1,3,479,224
sugano_q04,sugano,菅野暁,q04,4,東京大学の運営・経営、社会連携、国際化に対するお考えをお聞かせ下さい。,candidate_question,analysis_term_no_stopwords,創造,0.0020876826722338203,1.4054651081081644,0.0029341651526266477,1,3,479,225
sugano_q04,sugano,菅野暁,q04,4,東京大学の運営・経営、社会連携、国際化に対するお考えをお聞かせ下さい。,candidate_question,analysis_term_no_stopwords,国内,0.0020876826722338203,1.4054651081081644,0.0029341651526266477,1,3,479,226
sugano_q04,sugano,菅野暁,q04,4,東京大学の運営・経営、社会連携、国際化に対するお考えをお聞かせ下さい。,candidate_question,analysis_term_no_stopwords,大きい,0.0020876826722338203,1.4054651081081644,0.0029341651526266477,1,3,479,227
sugano_q04,sugano,菅野暁,q04,4,東京大学の運営・経営、社会連携、国際化に対するお考えをお聞かせ下さい。,candidate_question,analysis_term_no_stopwords,学長,0.0020876826722338203,1.4054651081081644,0.0029341651526266477,1,3,479,228
sugano_q04,sugano,菅野暁,q04,4,東京大学の運営・経営、社会連携、国際化に対するお考えをお聞かせ下さい。,candidate_question,analysis_term_no_stopwords,専門,0.0020876826722338203,1.4054651081081644,0.0029341651526266477,1,3,479,229
sugano_q04,sugano,菅野暁,q04,4,東京大学の運営・経営、社会連携、国際化に対するお考えをお聞かせ下さい。,candidate_question,analysis_term_no_stopwords,投資,0.0020876826722338203,1.4054651081081644,0.0029341651526266477,1,3,479,230
sugano_q04,sugano,菅野暁,q04,4,東京大学の運営・経営、社会連携、国際化に対するお考えをお聞かせ下さい。,candidate_question,analysis_term_no_stopwords,業務,0.0020876826722338203,1.4054651081081644,0.0029341651526266477,1,3,479,231
sugano_q04,sugano,菅野暁,q04,4,東京大学の運営・経営、社会連携、国際化に対するお考えをお聞かせ下さい。,candidate_question,analysis_term_no_stopwords,機能,0.0020876826722338203,1.4054651081081644,0.0029341651526266477,1,3,479,232
sugano_q04,sugano,菅野暁,q04,4,東京大学の運営・経営、社会連携、国際化に対するお考えをお聞かせ下さい。,candidate_question,analysis_term_no_stopwords,生み出す,0.0020876826722338203,1.4054651081081644,0.0029341651526266477,1,3,479,233
sugano_q04,sugano,菅野暁,q04,4,東京大学の運営・経営、社会連携、国際化に対するお考えをお聞かせ下さい。,candidate_question,analysis_term_no_stopwords,総長,0.0020876826722338203,1.4054651081081644,0.0029341651526266477,1,3,479,234
sugano_q04,sugano,菅野暁,q04,4,東京大学の運営・経営、社会連携、国際化に対するお考えをお聞かせ下さい。,candidate_question,analysis_term_no_stopwords,課題,0.0020876826722338203,1.4054651081081644,0.0029341651526266477,1,3,479,235
sugano_q04,sugano,菅野暁,q04,4,東京大学の運営・経営、社会連携、国際化に対するお考えをお聞かせ下さい。,candidate_question,analysis_term_no_stopwords,資金,0.0020876826722338203,1.4054651081081644,0.0029341651526266477,1,3,479,236
sugano_q04,sugano,菅野暁,q04,4,東京大学の運営・経営、社会連携、国際化に対するお考えをお聞かせ下さい。,candidate_question,analysis_term_no_stopwords,進める,0.0020876826722338203,1.4054651081081644,0.0029341651526266477,1,3,479,237
sugano_q04,sugano,菅野暁,q04,4,東京大学の運営・経営、社会連携、国際化に対するお考えをお聞かせ下さい。,candidate_question,analysis_term_no_stopwords,運用,0.0020876826722338203,1.4054651081081644,0.0029341651526266477,1,3,479,238
sugano_q04,sugano,菅野暁,q04,4,東京大学の運営・経営、社会連携、国際化に対するお考えをお聞かせ下さい。,candidate_question,analysis_term_no_stopwords,出来る,0.0020876826722338203,1.1823215567939547,0.002468312227127254,1,4,479,239
sugano_q04,sugano,菅野暁,q04,4,東京大学の運営・経営、社会連携、国際化に対するお考えをお聞かせ下さい。,candidate_question,analysis_term_no_stopwords,寄付,0.0020876826722338203,1.1823215567939547,0.002468312227127254,1,4,479,240
sugano_q04,sugano,菅野暁,q04,4,東京大学の運営・経営、社会連携、国際化に対するお考えをお聞かせ下さい。,candidate_question,analysis_term_no_stopwords,学生,0.0020876826722338203,1.0,0.0020876826722338203,1,5,479,241
sugano_q04,sugano,菅野暁,q04,4,東京大学の運営・経営、社会連携、国際化に対するお考えをお聞かせ下さい。,candidate_question,analysis_term_no_stopwords,活動,0.0020876826722338203,1.0,0.0020876826722338203,1,5,479,242
yamamoto_q04,yamamoto,山本隆司,q04,4,東京大学の運営・経営、社会連携、国際化に対するお考えをお聞かせ下さい。,candidate_question,analysis_term_no_stopwords,為る,0.07323943661971831,1.0,0.07323943661971831,52,5,710,1
yamamoto_q04,yamamoto,山本隆司,q04,4,東京大学の運営・経営、社会連携、国際化に対するお考えをお聞かせ下さい。,candidate_question,analysis_term_no_stopwords,ガバナンス-governance,0.023943661971830985,1.6931471805599454,0.040540143759886016,17,2,710,2
yamamoto_q04,yamamoto,山本隆司,q04,4,東京大学の運営・経営、社会連携、国際化に対するお考えをお聞かせ下さい。,candidate_question,analysis_term_no_stopwords,有る,0.036619718309859155,1.0,0.036619718309859155,26,5,710,3
yamamoto_q04,yamamoto,山本隆司,q04,4,東京大学の運営・経営、社会連携、国際化に対するお考えをお聞かせ下さい。,candidate_question,analysis_term_no_stopwords,居る,0.029577464788732393,1.1823215567939547,0.03497007421503246,21,4,710,4
yamamoto_q04,yamamoto,山本隆司,q04,4,東京大学の運営・経営、社会連携、国際化に対するお考えをお聞かせ下さい。,candidate_question,analysis_term_no_stopwords,問題,0.014084507042253521,2.09861228866811,0.029557919558705775,10,1,710,5
yamamoto_q04,yamamoto,山本隆司,q04,4,東京大学の運営・経営、社会連携、国際化に対するお考えをお聞かせ下さい。,candidate_question,analysis_term_no_stopwords,言う,0.014084507042253521,1.4054651081081644,0.01979528321279105,10,3,710,6
yamamoto_q04,yamamoto,山本隆司,q04,4,東京大学の運営・経営、社会連携、国際化に対するお考えをお聞かせ下さい。,candidate_question,analysis_term_no_stopwords,トウキョウ,0.01971830985915493,1.0,0.01971830985915493,14,5,710,7
yamamoto_q04,yamamoto,山本隆司,q04,4,東京大学の運営・経営、社会連携、国際化に対するお考えをお聞かせ下さい。,candidate_question,analysis_term_no_stopwords,法人,0.011267605633802818,1.6931471805599454,0.019077714710534596,8,2,710,8
yamamoto_q04,yamamoto,山本隆司,q04,4,東京大学の運営・経営、社会連携、国際化に対するお考えをお聞かせ下さい。,candidate_question,analysis_term_no_stopwords,関係,0.011267605633802818,1.6931471805599454,0.019077714710534596,8,2,710,9
yamamoto_q04,yamamoto,山本隆司,q04,4,東京大学の運営・経営、社会連携、国際化に対するお考えをお聞かせ下さい。,candidate_question,analysis_term_no_stopwords,組織,0.015492957746478873,1.1823215567939547,0.01831765792215986,11,4,710,10
yamamoto_q04,yamamoto,山本隆司,q04,4,東京大学の運営・経営、社会連携、国際化に対するお考えをお聞かせ下さい。,candidate_question,analysis_term_no_stopwords,成る,0.018309859154929577,1.0,0.018309859154929577,13,5,710,11
yamamoto_q04,yamamoto,山本隆司,q04,4,東京大学の運営・経営、社会連携、国際化に対するお考えをお聞かせ下さい。,candidate_question,analysis_term_no_stopwords,総長,0.01267605633802817,1.4054651081081644,0.017815754891511944,9,3,710,12
yamamoto_q04,yamamoto,山本隆司,q04,4,東京大学の運営・経営、社会連携、国際化に対するお考えをお聞かせ下さい。,candidate_question,analysis_term_no_stopwords,課題,0.01267605633802817,1.4054651081081644,0.017815754891511944,9,3,710,13
yamamoto_q04,yamamoto,山本隆司,q04,4,東京大学の運営・経営、社会連携、国際化に対するお考えをお聞かせ下さい。,candidate_question,analysis_term_no_stopwords,プロセス-process,0.008450704225352112,2.09861228866811,0.017734751735223462,6,1,710,14
yamamoto_q04,yamamoto,山本隆司,q04,4,東京大学の運営・経営、社会連携、国際化に対するお考えをお聞かせ下さい。,candidate_question,analysis_term_no_stopwords,意思,0.008450704225352112,2.09861228866811,0.017734751735223462,6,1,710,15
yamamoto_q04,yamamoto,山本隆司,q04,4,東京大学の運営・経営、社会連携、国際化に対するお考えをお聞かせ下さい。,candidate_question,analysis_term_no_stopwords,会議,0.009859154929577466,1.6931471805599454,0.016693000371717774,7,2,710,16
yamamoto_q04,yamamoto,山本隆司,q04,4,東京大学の運営・経営、社会連携、国際化に対するお考えをお聞かせ下さい。,candidate_question,analysis_term_no_stopwords,本部,0.009859154929577466,1.6931471805599454,0.016693000371717774,7,2,710,17
yamamoto_q04,yamamoto,山本隆司,q04,4,東京大学の運営・経営、社会連携、国際化に対するお考えをお聞かせ下さい。,candidate_question,analysis_term_no_stopwords,部局,0.009859154929577466,1.6931471805599454,0.016693000371717774,7,2,710,18
yamamoto_q04,yamamoto,山本隆司,q04,4,東京大学の運営・経営、社会連携、国際化に対するお考えをお聞かせ下さい。,candidate_question,analysis_term_no_stopwords,例,0.007042253521126761,2.09861228866811,0.014778959779352887,5,1,710,19
yamamoto_q04,yamamoto,山本隆司,q04,4,東京大学の運営・経営、社会連携、国際化に対するお考えをお聞かせ下さい。,candidate_question,analysis_term_no_stopwords,法,0.007042253521126761,2.09861228866811,0.014778959779352887,5,1,710,20
yamamoto_q04,yamamoto,山本隆司,q04,4,東京大学の運営・経営、社会連携、国際化に対するお考えをお聞かせ下さい。,candidate_question,analysis_term_no_stopwords,管理,0.007042253521126761,2.09861228866811,0.014778959779352887,5,1,710,21
yamamoto_q04,yamamoto,山本隆司,q04,4,東京大学の運営・経営、社会連携、国際化に対するお考えをお聞かせ下さい。,candidate_question,analysis_term_no_stopwords,体,0.008450704225352112,1.6931471805599454,0.014308286032900946,6,2,710,22
yamamoto_q04,yamamoto,山本隆司,q04,4,東京大学の運営・経営、社会連携、国際化に対するお考えをお聞かせ下さい。,candidate_question,analysis_term_no_stopwords,事,0.014084507042253521,1.0,0.014084507042253521,10,5,710,23
yamamoto_q04,yamamoto,山本隆司,q04,4,東京大学の運営・経営、社会連携、国際化に対するお考えをお聞かせ下さい。,candidate_question,analysis_term_no_stopwords,つく,0.01267605633802817,1.0,0.01267605633802817,9,5,710,24
yamamoto_q04,yamamoto,山本隆司,q04,4,東京大学の運営・経営、社会連携、国際化に対するお考えをお聞かせ下さい。,candidate_question,analysis_term_no_stopwords,為,0.01267605633802817,1.0,0.01267605633802817,9,5,710,25
yamamoto_q04,yamamoto,山本隆司,q04,4,東京大学の運営・経営、社会連携、国際化に対するお考えをお聞かせ下さい。,candidate_question,analysis_term_no_stopwords,全体,0.007042253521126761,1.6931471805599454,0.011923571694084123,5,2,710,26
yamamoto_q04,yamamoto,山本隆司,q04,4,東京大学の運営・経営、社会連携、国際化に対するお考えをお聞かせ下さい。,candidate_question,analysis_term_no_stopwords,役割,0.008450704225352112,1.4054651081081644,0.011877169927674628,6,3,710,27
yamamoto_q04,yamamoto,山本隆司,q04,4,東京大学の運営・経営、社会連携、国際化に対するお考えをお聞かせ下さい。,candidate_question,analysis_term_no_stopwords,決定,0.008450704225352112,1.4054651081081644,0.011877169927674628,6,3,710,28
yamamoto_q04,yamamoto,山本隆司,q04,4,東京大学の運営・経営、社会連携、国際化に対するお考えをお聞かせ下さい。,candidate_question,analysis_term_no_stopwords,牽制,0.005633802816901409,2.09861228866811,0.01182316782348231,4,1,710,29
yamamoto_q04,yamamoto,山本隆司,q04,4,東京大学の運営・経営、社会連携、国際化に対するお考えをお聞かせ下さい。,candidate_question,analysis_term_no_stopwords,認識,0.005633802816901409,2.09861228866811,0.01182316782348231,4,1,710,30
yamamoto_q04,yamamoto,山本隆司,q04,4,東京大学の運営・経営、社会連携、国際化に対するお考えをお聞かせ下さい。,candidate_question,analysis_term_no_stopwords,選考,0.005633802816901409,2.09861228866811,0.01182316782348231,4,1,710,31
yamamoto_q04,yamamoto,山本隆司,q04,4,東京大学の運営・経営、社会連携、国際化に対するお考えをお聞かせ下さい。,candidate_question,analysis_term_no_stopwords,必要,0.009859154929577466,1.0,0.009859154929577466,7,5,710,32
yamamoto_q04,yamamoto,山本隆司,q04,4,東京大学の運営・経営、社会連携、国際化に対するお考えをお聞かせ下さい。,candidate_question,analysis_term_no_stopwords,活動,0.009859154929577466,1.0,0.009859154929577466,7,5,710,33
yamamoto_q04,yamamoto,山本隆司,q04,4,東京大学の運営・経営、社会連携、国際化に対するお考えをお聞かせ下さい。,candidate_question,analysis_term_no_stopwords,対応,0.005633802816901409,1.6931471805599454,0.009538857355267298,4,2,710,34
yamamoto_q04,yamamoto,山本隆司,q04,4,東京大学の運営・経営、社会連携、国際化に対するお考えをお聞かせ下さい。,candidate_question,analysis_term_no_stopwords,自由,0.005633802816901409,1.6931471805599454,0.009538857355267298,4,2,710,35
yamamoto_q04,yamamoto,山本隆司,q04,4,東京大学の運営・経営、社会連携、国際化に対するお考えをお聞かせ下さい。,candidate_question,analysis_term_no_stopwords,観点,0.005633802816901409,1.6931471805599454,0.009538857355267298,4,2,710,36
yamamoto_q04,yamamoto,山本隆司,q04,4,東京大学の運営・経営、社会連携、国際化に対するお考えをお聞かせ下さい。,candidate_question,analysis_term_no_stopwords,二,0.004225352112676056,2.09861228866811,0.008867375867611731,3,1,710,37
yamamoto_q04,yamamoto,山本隆司,q04,4,東京大学の運営・経営、社会連携、国際化に対するお考えをお聞かせ下さい。,candidate_question,analysis_term_no_stopwords,以上,0.004225352112676056,2.09861228866811,0.008867375867611731,3,1,710,38
yamamoto_q04,yamamoto,山本隆司,q04,4,東京大学の運営・経営、社会連携、国際化に対するお考えをお聞かせ下さい。,candidate_question,analysis_term_no_stopwords,合議,0.004225352112676056,2.09861228866811,0.008867375867611731,3,1,710,39
yamamoto_q04,yamamoto,山本隆司,q04,4,東京大学の運営・経営、社会連携、国際化に対するお考えをお聞かせ下さい。,candidate_question,analysis_term_no_stopwords,対立,0.004225352112676056,2.09861228866811,0.008867375867611731,3,1,710,40
yamamoto_q04,yamamoto,山本隆司,q04,4,東京大学の運営・経営、社会連携、国際化に対するお考えをお聞かせ下さい。,candidate_question,analysis_term_no_stopwords,方針,0.004225352112676056,2.09861228866811,0.008867375867611731,3,1,710,41
yamamoto_q04,yamamoto,山本隆司,q04,4,東京大学の運営・経営、社会連携、国際化に対するお考えをお聞かせ下さい。,candidate_question,analysis_term_no_stopwords,根本,0.004225352112676056,2.09861228866811,0.008867375867611731,3,1,710,42
yamamoto_q04,yamamoto,山本隆司,q04,4,東京大学の運営・経営、社会連携、国際化に対するお考えをお聞かせ下さい。,candidate_question,analysis_term_no_stopwords,残す,0.004225352112676056,2.09861228866811,0.008867375867611731,3,1,710,43
yamamoto_q04,yamamoto,山本隆司,q04,4,東京大学の運営・経営、社会連携、国際化に対するお考えをお聞かせ下さい。,candidate_question,analysis_term_no_stopwords,状況,0.004225352112676056,2.09861228866811,0.008867375867611731,3,1,710,44
yamamoto_q04,yamamoto,山本隆司,q04,4,東京大学の運営・経営、社会連携、国際化に対するお考えをお聞かせ下さい。,candidate_question,analysis_term_no_stopwords,現場,0.004225352112676056,2.09861228866811,0.008867375867611731,3,1,710,45
yamamoto_q04,yamamoto,山本隆司,q04,4,東京大学の運営・経営、社会連携、国際化に対するお考えをお聞かせ下さい。,candidate_question,analysis_term_no_stopwords,部署,0.004225352112676056,2.09861228866811,0.008867375867611731,3,1,710,46
yamamoto_q04,yamamoto,山本隆司,q04,4,東京大学の運営・経営、社会連携、国際化に対するお考えをお聞かせ下さい。,candidate_question,analysis_term_no_stopwords,難しい,0.004225352112676056,2.09861228866811,0.008867375867611731,3,1,710,47
yamamoto_q04,yamamoto,山本隆司,q04,4,東京大学の運営・経営、社会連携、国際化に対するお考えをお聞かせ下さい。,candidate_question,analysis_term_no_stopwords,項,0.004225352112676056,2.09861228866811,0.008867375867611731,3,1,710,48
yamamoto_q04,yamamoto,山本隆司,q04,4,東京大学の運営・経営、社会連携、国際化に対するお考えをお聞かせ下さい。,candidate_question,analysis_term_no_stopwords,領域,0.004225352112676056,2.09861228866811,0.008867375867611731,3,1,710,49
yamamoto_q04,yamamoto,山本隆司,q04,4,東京大学の運営・経営、社会連携、国際化に対するお考えをお聞かせ下さい。,candidate_question,analysis_term_no_stopwords,運営,0.008450704225352112,1.0,0.008450704225352112,6,5,710,50
yamamoto_q04,yamamoto,山本隆司,q04,4,東京大学の運営・経営、社会連携、国際化に対するお考えをお聞かせ下さい。,candidate_question,analysis_term_no_stopwords,出来る,0.007042253521126761,1.1823215567939547,0.0083262081464363,5,4,710,51
yamamoto_q04,yamamoto,山本隆司,q04,4,東京大学の運営・経営、社会連携、国際化に対するお考えをお聞かせ下さい。,candidate_question,analysis_term_no_stopwords,分担,0.004225352112676056,1.6931471805599454,0.007154143016450473,3,2,710,52
yamamoto_q04,yamamoto,山本隆司,q04,4,東京大学の運営・経営、社会連携、国際化に対するお考えをお聞かせ下さい。,candidate_question,analysis_term_no_stopwords,担当,0.004225352112676056,1.6931471805599454,0.007154143016450473,3,2,710,53
yamamoto_q04,yamamoto,山本隆司,q04,4,東京大学の運営・経営、社会連携、国際化に対するお考えをお聞かせ下さい。,candidate_question,analysis_term_no_stopwords,改革,0.007042253521126761,1.0,0.007042253521126761,5,5,710,54
yamamoto_q04,yamamoto,山本隆司,q04,4,東京大学の運営・経営、社会連携、国際化に対するお考えをお聞かせ下さい。,candidate_question,analysis_term_no_stopwords,無い,0.007042253521126761,1.0,0.007042253521126761,5,5,710,55
yamamoto_q04,yamamoto,山本隆司,q04,4,東京大学の運営・経営、社会連携、国際化に対するお考えをお聞かせ下さい。,candidate_question,analysis_term_no_stopwords,連携,0.007042253521126761,1.0,0.007042253521126761,5,5,710,56
yamamoto_q04,yamamoto,山本隆司,q04,4,東京大学の運営・経営、社会連携、国際化に対するお考えをお聞かせ下さい。,candidate_question,analysis_term_no_stopwords,大きい,0.004225352112676056,1.4054651081081644,0.005938584963837314,3,3,710,57
yamamoto_q04,yamamoto,山本隆司,q04,4,東京大学の運営・経営、社会連携、国際化に対するお考えをお聞かせ下さい。,candidate_question,analysis_term_no_stopwords,学問,0.004225352112676056,1.4054651081081644,0.005938584963837314,3,3,710,58
yamamoto_q04,yamamoto,山本隆司,q04,4,東京大学の運営・経営、社会連携、国際化に対するお考えをお聞かせ下さい。,candidate_question,analysis_term_no_stopwords,推進,0.004225352112676056,1.4054651081081644,0.005938584963837314,3,3,710,59
yamamoto_q04,yamamoto,山本隆司,q04,4,東京大学の運営・経営、社会連携、国際化に対するお考えをお聞かせ下さい。,candidate_question,analysis_term_no_stopwords,構成,0.004225352112676056,1.4054651081081644,0.005938584963837314,3,3,710,60
yamamoto_q04,yamamoto,山本隆司,q04,4,東京大学の運営・経営、社会連携、国際化に対するお考えをお聞かせ下さい。,candidate_question,analysis_term_no_stopwords,機能,0.004225352112676056,1.4054651081081644,0.005938584963837314,3,3,710,61
yamamoto_q04,yamamoto,山本隆司,q04,4,東京大学の運営・経営、社会連携、国際化に対するお考えをお聞かせ下さい。,candidate_question,analysis_term_no_stopwords,資源,0.004225352112676056,1.4054651081081644,0.005938584963837314,3,3,710,62
yamamoto_q04,yamamoto,山本隆司,q04,4,東京大学の運営・経営、社会連携、国際化に対するお考えをお聞かせ下さい。,candidate_question,analysis_term_no_stopwords,コミュニケーション-communication,0.0028169014084507044,2.09861228866811,0.005911583911741155,2,1,710,63
yamamoto_q04,yamamoto,山本隆司,q04,4,東京大学の運営・経営、社会連携、国際化に対するお考えをお聞かせ下さい。,candidate_question,analysis_term_no_stopwords,シナジー-synergy,0.0028169014084507044,2.09861228866811,0.005911583911741155,2,1,710,64
yamamoto_q04,yamamoto,山本隆司,q04,4,東京大学の運営・経営、社会連携、国際化に対するお考えをお聞かせ下さい。,candidate_question,analysis_term_no_stopwords,任務,0.0028169014084507044,2.09861228866811,0.005911583911741155,2,1,710,65
yamamoto_q04,yamamoto,山本隆司,q04,4,東京大学の運営・経営、社会連携、国際化に対するお考えをお聞かせ下さい。,candidate_question,analysis_term_no_stopwords,個々,0.0028169014084507044,2.09861228866811,0.005911583911741155,2,1,710,66
yamamoto_q04,yamamoto,山本隆司,q04,4,東京大学の運営・経営、社会連携、国際化に対するお考えをお聞かせ下さい。,candidate_question,analysis_term_no_stopwords,力,0.0028169014084507044,2.09861228866811,0.005911583911741155,2,1,710,67
yamamoto_q04,yamamoto,山本隆司,q04,4,東京大学の運営・経営、社会連携、国際化に対するお考えをお聞かせ下さい。,candidate_question,analysis_term_no_stopwords,増える,0.0028169014084507044,2.09861228866811,0.005911583911741155,2,1,710,68
yamamoto_q04,yamamoto,山本隆司,q04,4,東京大学の運営・経営、社会連携、国際化に対するお考えをお聞かせ下さい。,candidate_question,analysis_term_no_stopwords,増強,0.0028169014084507044,2.09861228866811,0.005911583911741155,2,1,710,69
yamamoto_q04,yamamoto,山本隆司,q04,4,東京大学の運営・経営、社会連携、国際化に対するお考えをお聞かせ下さい。,candidate_question,analysis_term_no_stopwords,意見,0.0028169014084507044,2.09861228866811,0.005911583911741155,2,1,710,70
yamamoto_q04,yamamoto,山本隆司,q04,4,東京大学の運営・経営、社会連携、国際化に対するお考えをお聞かせ下さい。,candidate_question,analysis_term_no_stopwords,案件,0.0028169014084507044,2.09861228866811,0.005911583911741155,2,1,710,71
yamamoto_q04,yamamoto,山本隆司,q04,4,東京大学の運営・経営、社会連携、国際化に対するお考えをお聞かせ下さい。,candidate_question,analysis_term_no_stopwords,構造,0.0028169014084507044,2.09861228866811,0.005911583911741155,2,1,710,72
yamamoto_q04,yamamoto,山本隆司,q04,4,東京大学の運営・経営、社会連携、国際化に対するお考えをお聞かせ下さい。,candidate_question,analysis_term_no_stopwords,特定,0.0028169014084507044,2.09861228866811,0.005911583911741155,2,1,710,73
yamamoto_q04,yamamoto,山本隆司,q04,4,東京大学の運営・経営、社会連携、国際化に対するお考えをお聞かせ下さい。,candidate_question,analysis_term_no_stopwords,生かす,0.0028169014084507044,2.09861228866811,0.005911583911741155,2,1,710,74
yamamoto_q04,yamamoto,山本隆司,q04,4,東京大学の運営・経営、社会連携、国際化に対するお考えをお聞かせ下さい。,candidate_question,analysis_term_no_stopwords,監察,0.0028169014084507044,2.09861228866811,0.005911583911741155,2,1,710,75
yamamoto_q04,yamamoto,山本隆司,q04,4,東京大学の運営・経営、社会連携、国際化に対するお考えをお聞かせ下さい。,candidate_question,analysis_term_no_stopwords,相互,0.0028169014084507044,2.09861228866811,0.005911583911741155,2,1,710,76
yamamoto_q04,yamamoto,山本隆司,q04,4,東京大学の運営・経営、社会連携、国際化に対するお考えをお聞かせ下さい。,candidate_question,analysis_term_no_stopwords,相反,0.0028169014084507044,2.09861228866811,0.005911583911741155,2,1,710,77
yamamoto_q04,yamamoto,山本隆司,q04,4,東京大学の運営・経営、社会連携、国際化に対するお考えをお聞かせ下さい。,candidate_question,analysis_term_no_stopwords,諸種,0.0028169014084507044,2.09861228866811,0.005911583911741155,2,1,710,78
yamamoto_q04,yamamoto,山本隆司,q04,4,東京大学の運営・経営、社会連携、国際化に対するお考えをお聞かせ下さい。,candidate_question,analysis_term_no_stopwords,質問,0.0028169014084507044,2.09861228866811,0.005911583911741155,2,1,710,79
yamamoto_q04,yamamoto,山本隆司,q04,4,東京大学の運営・経営、社会連携、国際化に対するお考えをお聞かせ下さい。,candidate_question,analysis_term_no_stopwords,質量,0.0028169014084507044,2.09861228866811,0.005911583911741155,2,1,710,80
yamamoto_q04,yamamoto,山本隆司,q04,4,東京大学の運営・経営、社会連携、国際化に対するお考えをお聞かせ下さい。,candidate_question,analysis_term_no_stopwords,鑑みる,0.0028169014084507044,2.09861228866811,0.005911583911741155,2,1,710,81
yamamoto_q04,yamamoto,山本隆司,q04,4,東京大学の運営・経営、社会連携、国際化に対するお考えをお聞かせ下さい。,candidate_question,analysis_term_no_stopwords,頂く,0.0028169014084507044,2.09861228866811,0.005911583911741155,2,1,710,82
yamamoto_q04,yamamoto,山本隆司,q04,4,東京大学の運営・経営、社会連携、国際化に対するお考えをお聞かせ下さい。,candidate_question,analysis_term_no_stopwords,社会,0.005633802816901409,1.0,0.005633802816901409,4,5,710,83
yamamoto_q04,yamamoto,山本隆司,q04,4,東京大学の運営・経営、社会連携、国際化に対するお考えをお聞かせ下さい。,candidate_question,analysis_term_no_stopwords,考える,0.004225352112676056,1.1823215567939547,0.00499572488786178,3,4,710,84
yamamoto_q04,yamamoto,山本隆司,q04,4,東京大学の運営・経営、社会連携、国際化に対するお考えをお聞かせ下さい。,candidate_question,analysis_term_no_stopwords,世界,0.0028169014084507044,1.6931471805599454,0.004769428677633649,2,2,710,85
yamamoto_q04,yamamoto,山本隆司,q04,4,東京大学の運営・経営、社会連携、国際化に対するお考えをお聞かせ下さい。,candidate_question,analysis_term_no_stopwords,他,0.0028169014084507044,1.6931471805599454,0.004769428677633649,2,2,710,86
yamamoto_q04,yamamoto,山本隆司,q04,4,東京大学の運営・経営、社会連携、国際化に対するお考えをお聞かせ下さい。,candidate_question,analysis_term_no_stopwords,公共,0.0028169014084507044,1.6931471805599454,0.004769428677633649,2,2,710,87
yamamoto_q04,yamamoto,山本隆司,q04,4,東京大学の運営・経営、社会連携、国際化に対するお考えをお聞かせ下さい。,candidate_question,analysis_term_no_stopwords,効果,0.0028169014084507044,1.6931471805599454,0.004769428677633649,2,2,710,88
yamamoto_q04,yamamoto,山本隆司,q04,4,東京大学の運営・経営、社会連携、国際化に対するお考えをお聞かせ下さい。,candidate_question,analysis_term_no_stopwords,含む,0.0028169014084507044,1.6931471805599454,0.004769428677633649,2,2,710,89
yamamoto_q04,yamamoto,山本隆司,q04,4,東京大学の運営・経営、社会連携、国際化に対するお考えをお聞かせ下さい。,candidate_question,analysis_term_no_stopwords,国立,0.0028169014084507044,1.6931471805599454,0.004769428677633649,2,2,710,90
yamamoto_q04,yamamoto,山本隆司,q04,4,東京大学の運営・経営、社会連携、国際化に対するお考えをお聞かせ下さい。,candidate_question,analysis_term_no_stopwords,基づく,0.0028169014084507044,1.6931471805599454,0.004769428677633649,2,2,710,91
yamamoto_q04,yamamoto,山本隆司,q04,4,東京大学の運営・経営、社会連携、国際化に対するお考えをお聞かせ下さい。,candidate_question,analysis_term_no_stopwords,変革,0.0028169014084507044,1.6931471805599454,0.004769428677633649,2,2,710,92
yamamoto_q04,yamamoto,山本隆司,q04,4,東京大学の運営・経営、社会連携、国際化に対するお考えをお聞かせ下さい。,candidate_question,analysis_term_no_stopwords,拡大,0.0028169014084507044,1.6931471805599454,0.004769428677633649,2,2,710,93
yamamoto_q04,yamamoto,山本隆司,q04,4,東京大学の運営・経営、社会連携、国際化に対するお考えをお聞かせ下さい。,candidate_question,analysis_term_no_stopwords,持つ,0.0028169014084507044,1.6931471805599454,0.004769428677633649,2,2,710,94
yamamoto_q04,yamamoto,山本隆司,q04,4,東京大学の運営・経営、社会連携、国際化に対するお考えをお聞かせ下さい。,candidate_question,analysis_term_no_stopwords,本来,0.0028169014084507044,1.6931471805599454,0.004769428677633649,2,2,710,95
yamamoto_q04,yamamoto,山本隆司,q04,4,東京大学の運営・経営、社会連携、国際化に対するお考えをお聞かせ下さい。,candidate_question,analysis_term_no_stopwords,権限,0.0028169014084507044,1.6931471805599454,0.004769428677633649,2,2,710,96
yamamoto_q04,yamamoto,山本隆司,q04,4,東京大学の運営・経営、社会連携、国際化に対するお考えをお聞かせ下さい。,candidate_question,analysis_term_no_stopwords,次,0.0028169014084507044,1.6931471805599454,0.004769428677633649,2,2,710,97
yamamoto_q04,yamamoto,山本隆司,q04,4,東京大学の運営・経営、社会連携、国際化に対するお考えをお聞かせ下さい。,candidate_question,analysis_term_no_stopwords,見る,0.0028169014084507044,1.6931471805599454,0.004769428677633649,2,2,710,98
yamamoto_q04,yamamoto,山本隆司,q04,4,東京大学の運営・経営、社会連携、国際化に対するお考えをお聞かせ下さい。,candidate_question,analysis_term_no_stopwords,解決,0.0028169014084507044,1.6931471805599454,0.004769428677633649,2,2,710,99
yamamoto_q04,yamamoto,山本隆司,q04,4,東京大学の運営・経営、社会連携、国際化に対するお考えをお聞かせ下さい。,candidate_question,analysis_term_no_stopwords,財政,0.0028169014084507044,1.6931471805599454,0.004769428677633649,2,2,710,100
yamamoto_q04,yamamoto,山本隆司,q04,4,東京大学の運営・経営、社会連携、国際化に対するお考えをお聞かせ下さい。,candidate_question,analysis_term_no_stopwords,国際,0.004225352112676056,1.0,0.004225352112676056,3,5,710,101
yamamoto_q04,yamamoto,山本隆司,q04,4,東京大学の運営・経営、社会連携、国際化に対するお考えをお聞かせ下さい。,candidate_question,analysis_term_no_stopwords,共,0.0028169014084507044,1.4054651081081644,0.00395905664255821,2,3,710,102
yamamoto_q04,yamamoto,山本隆司,q04,4,東京大学の運営・経営、社会連携、国際化に対するお考えをお聞かせ下さい。,candidate_question,analysis_term_no_stopwords,利益,0.0028169014084507044,1.4054651081081644,0.00395905664255821,2,3,710,103
yamamoto_q04,yamamoto,山本隆司,q04,4,東京大学の運営・経営、社会連携、国際化に対するお考えをお聞かせ下さい。,candidate_question,analysis_term_no_stopwords,基盤,0.0028169014084507044,1.4054651081081644,0.00395905664255821,2,3,710,104
yamamoto_q04,yamamoto,山本隆司,q04,4,東京大学の運営・経営、社会連携、国際化に対するお考えをお聞かせ下さい。,candidate_question,analysis_term_no_stopwords,学長,0.0028169014084507044,1.4054651081081644,0.00395905664255821,2,3,710,105
yamamoto_q04,yamamoto,山本隆司,q04,4,東京大学の運営・経営、社会連携、国際化に対するお考えをお聞かせ下さい。,candidate_question,analysis_term_no_stopwords,強化,0.0028169014084507044,1.1823215567939547,0.0033304832585745203,2,4,710,106
yamamoto_q04,yamamoto,山本隆司,q04,4,東京大学の運営・経営、社会連携、国際化に対するお考えをお聞かせ下さい。,candidate_question,analysis_term_no_stopwords,ebpm,0.0014084507042253522,2.09861228866811,0.0029557919558705777,1,1,710,107
yamamoto_q04,yamamoto,山本隆司,q04,4,東京大学の運営・経営、社会連携、国際化に対するお考えをお聞かせ下さい。,candidate_question,analysis_term_no_stopwords,コスト-cost,0.0014084507042253522,2.09861228866811,0.0029557919558705777,1,1,710,108
yamamoto_q04,yamamoto,山本隆司,q04,4,東京大学の運営・経営、社会連携、国際化に対するお考えをお聞かせ下さい。,candidate_question,analysis_term_no_stopwords,サイクル-cycle,0.0014084507042253522,2.09861228866811,0.0029557919558705777,1,1,710,109
yamamoto_q04,yamamoto,山本隆司,q04,4,東京大学の運営・経営、社会連携、国際化に対するお考えをお聞かせ下さい。,candidate_question,analysis_term_no_stopwords,チェック-check,0.0014084507042253522,2.09861228866811,0.0029557919558705777,1,1,710,110
yamamoto_q04,yamamoto,山本隆司,q04,4,東京大学の運営・経営、社会連携、国際化に対するお考えをお聞かせ下さい。,candidate_question,analysis_term_no_stopwords,ハラスメント-harassment,0.0014084507042253522,2.09861228866811,0.0029557919558705777,1,1,710,111
yamamoto_q04,yamamoto,山本隆司,q04,4,東京大学の運営・経営、社会連携、国際化に対するお考えをお聞かせ下さい。,candidate_question,analysis_term_no_stopwords,リスク-risk,0.0014084507042253522,2.09861228866811,0.0029557919558705777,1,1,710,112
yamamoto_q04,yamamoto,山本隆司,q04,4,東京大学の運営・経営、社会連携、国際化に対するお考えをお聞かせ下さい。,candidate_question,analysis_term_no_stopwords,リーダーシップ-leadership,0.0014084507042253522,2.09861228866811,0.0029557919558705777,1,1,710,113
yamamoto_q04,yamamoto,山本隆司,q04,4,東京大学の運営・経営、社会連携、国際化に対するお考えをお聞かせ下さい。,candidate_question,analysis_term_no_stopwords,一,0.0014084507042253522,2.09861228866811,0.0029557919558705777,1,1,710,114
yamamoto_q04,yamamoto,山本隆司,q04,4,東京大学の運営・経営、社会連携、国際化に対するお考えをお聞かせ下さい。,candidate_question,analysis_term_no_stopwords,一体,0.0014084507042253522,2.09861228866811,0.0029557919558705777,1,1,710,115
yamamoto_q04,yamamoto,山本隆司,q04,4,東京大学の運営・経営、社会連携、国際化に対するお考えをお聞かせ下さい。,candidate_question,analysis_term_no_stopwords,一方,0.0014084507042253522,2.09861228866811,0.0029557919558705777,1,1,710,116
yamamoto_q04,yamamoto,山本隆司,q04,4,東京大学の運営・経営、社会連携、国際化に対するお考えをお聞かせ下さい。,candidate_question,analysis_term_no_stopwords,上,0.0014084507042253522,2.09861228866811,0.0029557919558705777,1,1,710,117
yamamoto_q04,yamamoto,山本隆司,q04,4,東京大学の運営・経営、社会連携、国際化に対するお考えをお聞かせ下さい。,candidate_question,analysis_term_no_stopwords,上記,0.0014084507042253522,2.09861228866811,0.0029557919558705777,1,1,710,118
yamamoto_q04,yamamoto,山本隆司,q04,4,東京大学の運営・経営、社会連携、国際化に対するお考えをお聞かせ下さい。,candidate_question,analysis_term_no_stopwords,下,0.0014084507042253522,2.09861228866811,0.0029557919558705777,1,1,710,119
yamamoto_q04,yamamoto,山本隆司,q04,4,東京大学の運営・経営、社会連携、国際化に対するお考えをお聞かせ下さい。,candidate_question,analysis_term_no_stopwords,乱用,0.0014084507042253522,2.09861228866811,0.0029557919558705777,1,1,710,120
yamamoto_q04,yamamoto,山本隆司,q04,4,東京大学の運営・経営、社会連携、国際化に対するお考えをお聞かせ下さい。,candidate_question,analysis_term_no_stopwords,争い,0.0014084507042253522,2.09861228866811,0.0029557919558705777,1,1,710,121
yamamoto_q04,yamamoto,山本隆司,q04,4,東京大学の運営・経営、社会連携、国際化に対するお考えをお聞かせ下さい。,candidate_question,analysis_term_no_stopwords,人員,0.0014084507042253522,2.09861228866811,0.0029557919558705777,1,1,710,122
yamamoto_q04,yamamoto,山本隆司,q04,4,東京大学の運営・経営、社会連携、国際化に対するお考えをお聞かせ下さい。,candidate_question,analysis_term_no_stopwords,今後,0.0014084507042253522,2.09861228866811,0.0029557919558705777,1,1,710,123
yamamoto_q04,yamamoto,山本隆司,q04,4,東京大学の運営・経営、社会連携、国際化に対するお考えをお聞かせ下さい。,candidate_question,analysis_term_no_stopwords,以前,0.0014084507042253522,2.09861228866811,0.0029557919558705777,1,1,710,124
yamamoto_q04,yamamoto,山本隆司,q04,4,東京大学の運営・経営、社会連携、国際化に対するお考えをお聞かせ下さい。,candidate_question,analysis_term_no_stopwords,以後,0.0014084507042253522,2.09861228866811,0.0029557919558705777,1,1,710,125
yamamoto_q04,yamamoto,山本隆司,q04,4,東京大学の運営・経営、社会連携、国際化に対するお考えをお聞かせ下さい。,candidate_question,analysis_term_no_stopwords,任せる,0.0014084507042253522,2.09861228866811,0.0029557919558705777,1,1,710,126
yamamoto_q04,yamamoto,山本隆司,q04,4,東京大学の運営・経営、社会連携、国際化に対するお考えをお聞かせ下さい。,candidate_question,analysis_term_no_stopwords,企画,0.0014084507042253522,2.09861228866811,0.0029557919558705777,1,1,710,127
yamamoto_q04,yamamoto,山本隆司,q04,4,東京大学の運営・経営、社会連携、国際化に対するお考えをお聞かせ下さい。,candidate_question,analysis_term_no_stopwords,会,0.0014084507042253522,2.09861228866811,0.0029557919558705777,1,1,710,128
yamamoto_q04,yamamoto,山本隆司,q04,4,東京大学の運営・経営、社会連携、国際化に対するお考えをお聞かせ下さい。,candidate_question,analysis_term_no_stopwords,会社,0.0014084507042253522,2.09861228866811,0.0029557919558705777,1,1,710,129
yamamoto_q04,yamamoto,山本隆司,q04,4,東京大学の運営・経営、社会連携、国際化に対するお考えをお聞かせ下さい。,candidate_question,analysis_term_no_stopwords,伴う,0.0014084507042253522,2.09861228866811,0.0029557919558705777,1,1,710,130
yamamoto_q04,yamamoto,山本隆司,q04,4,東京大学の運営・経営、社会連携、国際化に対するお考えをお聞かせ下さい。,candidate_question,analysis_term_no_stopwords,低下,0.0014084507042253522,2.09861228866811,0.0029557919558705777,1,1,710,131
yamamoto_q04,yamamoto,山本隆司,q04,4,東京大学の運営・経営、社会連携、国際化に対するお考えをお聞かせ下さい。,candidate_question,analysis_term_no_stopwords,使い分け,0.0014084507042253522,2.09861228866811,0.0029557919558705777,1,1,710,132
yamamoto_q04,yamamoto,山本隆司,q04,4,東京大学の運営・経営、社会連携、国際化に対するお考えをお聞かせ下さい。,candidate_question,analysis_term_no_stopwords,保つ,0.0014084507042253522,2.09861228866811,0.0029557919558705777,1,1,710,133
yamamoto_q04,yamamoto,山本隆司,q04,4,東京大学の運営・経営、社会連携、国際化に対するお考えをお聞かせ下さい。,candidate_question,analysis_term_no_stopwords,保障,0.0014084507042253522,2.09861228866811,0.0029557919558705777,1,1,710,134
yamamoto_q04,yamamoto,山本隆司,q04,4,東京大学の運営・経営、社会連携、国際化に対するお考えをお聞かせ下さい。,candidate_question,analysis_term_no_stopwords,個,0.0014084507042253522,2.09861228866811,0.0029557919558705777,1,1,710,135
yamamoto_q04,yamamoto,山本隆司,q04,4,東京大学の運営・経営、社会連携、国際化に対するお考えをお聞かせ下さい。,candidate_question,analysis_term_no_stopwords,個人,0.0014084507042253522,2.09861228866811,0.0029557919558705777,1,1,710,136
yamamoto_q04,yamamoto,山本隆司,q04,4,東京大学の運営・経営、社会連携、国際化に対するお考えをお聞かせ下さい。,candidate_question,analysis_term_no_stopwords,個性,0.0014084507042253522,2.09861228866811,0.0029557919558705777,1,1,710,137
yamamoto_q04,yamamoto,山本隆司,q04,4,東京大学の運営・経営、社会連携、国際化に対するお考えをお聞かせ下さい。,candidate_question,analysis_term_no_stopwords,全て,0.0014084507042253522,2.09861228866811,0.0029557919558705777,1,1,710,138
yamamoto_q04,yamamoto,山本隆司,q04,4,東京大学の運営・経営、社会連携、国際化に対するお考えをお聞かせ下さい。,candidate_question,analysis_term_no_stopwords,共通,0.0014084507042253522,2.09861228866811,0.0029557919558705777,1,1,710,139
yamamoto_q04,yamamoto,山本隆司,q04,4,東京大学の運営・経営、社会連携、国際化に対するお考えをお聞かせ下さい。,candidate_question,analysis_term_no_stopwords,具体,0.0014084507042253522,2.09861228866811,0.0029557919558705777,1,1,710,140
yamamoto_q04,yamamoto,山本隆司,q04,4,東京大学の運営・経営、社会連携、国際化に対するお考えをお聞かせ下さい。,candidate_question,analysis_term_no_stopwords,分かる,0.0014084507042253522,2.09861228866811,0.0029557919558705777,1,1,710,141
yamamoto_q04,yamamoto,山本隆司,q04,4,東京大学の運営・経営、社会連携、国際化に対するお考えをお聞かせ下さい。,candidate_question,analysis_term_no_stopwords,分立,0.0014084507042253522,2.09861228866811,0.0029557919558705777,1,1,710,142
yamamoto_q04,yamamoto,山本隆司,q04,4,東京大学の運営・経営、社会連携、国際化に対するお考えをお聞かせ下さい。,candidate_question,analysis_term_no_stopwords,前回,0.0014084507042253522,2.09861228866811,0.0029557919558705777,1,1,710,143
yamamoto_q04,yamamoto,山本隆司,q04,4,東京大学の運営・経営、社会連携、国際化に対するお考えをお聞かせ下さい。,candidate_question,analysis_term_no_stopwords,加わる,0.0014084507042253522,2.09861228866811,0.0029557919558705777,1,1,710,144
yamamoto_q04,yamamoto,山本隆司,q04,4,東京大学の運営・経営、社会連携、国際化に対するお考えをお聞かせ下さい。,candidate_question,analysis_term_no_stopwords,半数,0.0014084507042253522,2.09861228866811,0.0029557919558705777,1,1,710,145
yamamoto_q04,yamamoto,山本隆司,q04,4,東京大学の運営・経営、社会連携、国際化に対するお考えをお聞かせ下さい。,candidate_question,analysis_term_no_stopwords,協力,0.0014084507042253522,2.09861228866811,0.0029557919558705777,1,1,710,146
yamamoto_q04,yamamoto,山本隆司,q04,4,東京大学の運営・経営、社会連携、国際化に対するお考えをお聞かせ下さい。,candidate_question,analysis_term_no_stopwords,協議,0.0014084507042253522,2.09861228866811,0.0029557919558705777,1,1,710,147
yamamoto_q04,yamamoto,山本隆司,q04,4,東京大学の運営・経営、社会連携、国際化に対するお考えをお聞かせ下さい。,candidate_question,analysis_term_no_stopwords,危機,0.0014084507042253522,2.09861228866811,0.0029557919558705777,1,1,710,148
yamamoto_q04,yamamoto,山本隆司,q04,4,東京大学の運営・経営、社会連携、国際化に対するお考えをお聞かせ下さい。,candidate_question,analysis_term_no_stopwords,反映,0.0014084507042253522,2.09861228866811,0.0029557919558705777,1,1,710,149
yamamoto_q04,yamamoto,山本隆司,q04,4,東京大学の運営・経営、社会連携、国際化に対するお考えをお聞かせ下さい。,candidate_question,analysis_term_no_stopwords,取り組む,0.0014084507042253522,2.09861228866811,0.0029557919558705777,1,1,710,150
yamamoto_q04,yamamoto,山本隆司,q04,4,東京大学の運営・経営、社会連携、国際化に対するお考えをお聞かせ下さい。,candidate_question,analysis_term_no_stopwords,各国,0.0014084507042253522,2.09861228866811,0.0029557919558705777,1,1,710,151
yamamoto_q04,yamamoto,山本隆司,q04,4,東京大学の運営・経営、社会連携、国際化に対するお考えをお聞かせ下さい。,candidate_question,analysis_term_no_stopwords,合う,0.0014084507042253522,2.09861228866811,0.0029557919558705777,1,1,710,152
yamamoto_q04,yamamoto,山本隆司,q04,4,東京大学の運営・経営、社会連携、国際化に対するお考えをお聞かせ下さい。,candidate_question,analysis_term_no_stopwords,唱える,0.0014084507042253522,2.09861228866811,0.0029557919558705777,1,1,710,153
yamamoto_q04,yamamoto,山本隆司,q04,4,東京大学の運営・経営、社会連携、国際化に対するお考えをお聞かせ下さい。,candidate_question,analysis_term_no_stopwords,図式,0.0014084507042253522,2.09861228866811,0.0029557919558705777,1,1,710,154
yamamoto_q04,yamamoto,山本隆司,q04,4,東京大学の運営・経営、社会連携、国際化に対するお考えをお聞かせ下さい。,candidate_question,analysis_term_no_stopwords,基本,0.0014084507042253522,2.09861228866811,0.0029557919558705777,1,1,710,155
yamamoto_q04,yamamoto,山本隆司,q04,4,東京大学の運営・経営、社会連携、国際化に対するお考えをお聞かせ下さい。,candidate_question,analysis_term_no_stopwords,場合,0.0014084507042253522,2.09861228866811,0.0029557919558705777,1,1,710,156
yamamoto_q04,yamamoto,山本隆司,q04,4,東京大学の運営・経営、社会連携、国際化に対するお考えをお聞かせ下さい。,candidate_question,analysis_term_no_stopwords,増大,0.0014084507042253522,2.09861228866811,0.0029557919558705777,1,1,710,157
yamamoto_q04,yamamoto,山本隆司,q04,4,東京大学の運営・経営、社会連携、国際化に対するお考えをお聞かせ下さい。,candidate_question,analysis_term_no_stopwords,変更,0.0014084507042253522,2.09861228866811,0.0029557919558705777,1,1,710,158
yamamoto_q04,yamamoto,山本隆司,q04,4,東京大学の運営・経営、社会連携、国際化に対するお考えをお聞かせ下さい。,candidate_question,analysis_term_no_stopwords,多面,0.0014084507042253522,2.09861228866811,0.0029557919558705777,1,1,710,159
yamamoto_q04,yamamoto,山本隆司,q04,4,東京大学の運営・経営、社会連携、国際化に対するお考えをお聞かせ下さい。,candidate_question,analysis_term_no_stopwords,奉仕,0.0014084507042253522,2.09861228866811,0.0029557919558705777,1,1,710,160
yamamoto_q04,yamamoto,山本隆司,q04,4,東京大学の運営・経営、社会連携、国際化に対するお考えをお聞かせ下さい。,candidate_question,analysis_term_no_stopwords,契機,0.0014084507042253522,2.09861228866811,0.0029557919558705777,1,1,710,161
yamamoto_q04,yamamoto,山本隆司,q04,4,東京大学の運営・経営、社会連携、国際化に対するお考えをお聞かせ下さい。,candidate_question,analysis_term_no_stopwords,好機,0.0014084507042253522,2.09861228866811,0.0029557919558705777,1,1,710,162
yamamoto_q04,yamamoto,山本隆司,q04,4,東京大学の運営・経営、社会連携、国際化に対するお考えをお聞かせ下さい。,candidate_question,analysis_term_no_stopwords,妨害,0.0014084507042253522,2.09861228866811,0.0029557919558705777,1,1,710,163
yamamoto_q04,yamamoto,山本隆司,q04,4,東京大学の運営・経営、社会連携、国際化に対するお考えをお聞かせ下さい。,candidate_question,analysis_term_no_stopwords,委員,0.0014084507042253522,2.09861228866811,0.0029557919558705777,1,1,710,164
yamamoto_q04,yamamoto,山本隆司,q04,4,東京大学の運営・経営、社会連携、国際化に対するお考えをお聞かせ下さい。,candidate_question,analysis_term_no_stopwords,学外,0.0014084507042253522,2.09861228866811,0.0029557919558705777,1,1,710,165
yamamoto_q04,yamamoto,山本隆司,q04,4,東京大学の運営・経営、社会連携、国際化に対するお考えをお聞かせ下さい。,candidate_question,analysis_term_no_stopwords,学知,0.0014084507042253522,2.09861228866811,0.0029557919558705777,1,1,710,166
yamamoto_q04,yamamoto,山本隆司,q04,4,東京大学の運営・経営、社会連携、国際化に対するお考えをお聞かせ下さい。,candidate_question,analysis_term_no_stopwords,安全,0.0014084507042253522,2.09861228866811,0.0029557919558705777,1,1,710,167
yamamoto_q04,yamamoto,山本隆司,q04,4,東京大学の運営・経営、社会連携、国際化に対するお考えをお聞かせ下さい。,candidate_question,analysis_term_no_stopwords,定着,0.0014084507042253522,2.09861228866811,0.0029557919558705777,1,1,710,168
yamamoto_q04,yamamoto,山本隆司,q04,4,東京大学の運営・経営、社会連携、国際化に対するお考えをお聞かせ下さい。,candidate_question,analysis_term_no_stopwords,宿題,0.0014084507042253522,2.09861228866811,0.0029557919558705777,1,1,710,169
yamamoto_q04,yamamoto,山本隆司,q04,4,東京大学の運営・経営、社会連携、国際化に対するお考えをお聞かせ下さい。,candidate_question,analysis_term_no_stopwords,幅,0.0014084507042253522,2.09861228866811,0.0029557919558705777,1,1,710,170
yamamoto_q04,yamamoto,山本隆司,q04,4,東京大学の運営・経営、社会連携、国際化に対するお考えをお聞かせ下さい。,candidate_question,analysis_term_no_stopwords,広い,0.0014084507042253522,2.09861228866811,0.0029557919558705777,1,1,710,171
yamamoto_q04,yamamoto,山本隆司,q04,4,東京大学の運営・経営、社会連携、国際化に対するお考えをお聞かせ下さい。,candidate_question,analysis_term_no_stopwords,広がる,0.0014084507042253522,2.09861228866811,0.0029557919558705777,1,1,710,172
yamamoto_q04,yamamoto,山本隆司,q04,4,東京大学の運営・経営、社会連携、国際化に対するお考えをお聞かせ下さい。,candidate_question,analysis_term_no_stopwords,建設,0.0014084507042253522,2.09861228866811,0.0029557919558705777,1,1,710,173
yamamoto_q04,yamamoto,山本隆司,q04,4,東京大学の運営・経営、社会連携、国際化に対するお考えをお聞かせ下さい。,candidate_question,analysis_term_no_stopwords,引き付ける,0.0014084507042253522,2.09861228866811,0.0029557919558705777,1,1,710,174
yamamoto_q04,yamamoto,山本隆司,q04,4,東京大学の運営・経営、社会連携、国際化に対するお考えをお聞かせ下さい。,candidate_question,analysis_term_no_stopwords,弱点,0.0014084507042253522,2.09861228866811,0.0029557919558705777,1,1,710,175
yamamoto_q04,yamamoto,山本隆司,q04,4,東京大学の運営・経営、社会連携、国際化に対するお考えをお聞かせ下さい。,candidate_question,analysis_term_no_stopwords,強い,0.0014084507042253522,2.09861228866811,0.0029557919558705777,1,1,710,176
yamamoto_q04,yamamoto,山本隆司,q04,4,東京大学の運営・経営、社会連携、国際化に対するお考えをお聞かせ下さい。,candidate_question,analysis_term_no_stopwords,当,0.0014084507042253522,2.09861228866811,0.0029557919558705777,1,1,710,177
yamamoto_q04,yamamoto,山本隆司,q04,4,東京大学の運営・経営、社会連携、国際化に対するお考えをお聞かせ下さい。,candidate_question,analysis_term_no_stopwords,当該,0.0014084507042253522,2.09861228866811,0.0029557919558705777,1,1,710,178
yamamoto_q04,yamamoto,山本隆司,q04,4,東京大学の運営・経営、社会連携、国際化に対するお考えをお聞かせ下さい。,candidate_question,analysis_term_no_stopwords,役員,0.0014084507042253522,2.09861228866811,0.0029557919558705777,1,1,710,179
yamamoto_q04,yamamoto,山本隆司,q04,4,東京大学の運営・経営、社会連携、国際化に対するお考えをお聞かせ下さい。,candidate_question,analysis_term_no_stopwords,後,0.0014084507042253522,2.09861228866811,0.0029557919558705777,1,1,710,180
yamamoto_q04,yamamoto,山本隆司,q04,4,東京大学の運営・経営、社会連携、国際化に対するお考えをお聞かせ下さい。,candidate_question,analysis_term_no_stopwords,性質,0.0014084507042253522,2.09861228866811,0.0029557919558705777,1,1,710,181
yamamoto_q04,yamamoto,山本隆司,q04,4,東京大学の運営・経営、社会連携、国際化に対するお考えをお聞かせ下さい。,candidate_question,analysis_term_no_stopwords,恒常,0.0014084507042253522,2.09861228866811,0.0029557919558705777,1,1,710,182
yamamoto_q04,yamamoto,山本隆司,q04,4,東京大学の運営・経営、社会連携、国際化に対するお考えをお聞かせ下さい。,candidate_question,analysis_term_no_stopwords,所与,0.0014084507042253522,2.09861228866811,0.0029557919558705777,1,1,710,183
yamamoto_q04,yamamoto,山本隆司,q04,4,東京大学の運営・経営、社会連携、国際化に対するお考えをお聞かせ下さい。,candidate_question,analysis_term_no_stopwords,所掌,0.0014084507042253522,2.09861228866811,0.0029557919558705777,1,1,710,184
yamamoto_q04,yamamoto,山本隆司,q04,4,東京大学の運営・経営、社会連携、国際化に対するお考えをお聞かせ下さい。,candidate_question,analysis_term_no_stopwords,把握,0.0014084507042253522,2.09861228866811,0.0029557919558705777,1,1,710,185
yamamoto_q04,yamamoto,山本隆司,q04,4,東京大学の運営・経営、社会連携、国際化に対するお考えをお聞かせ下さい。,candidate_question,analysis_term_no_stopwords,抑,0.0014084507042253522,2.09861228866811,0.0029557919558705777,1,1,710,186
yamamoto_q04,yamamoto,山本隆司,q04,4,東京大学の運営・経営、社会連携、国際化に対するお考えをお聞かせ下さい。,candidate_question,analysis_term_no_stopwords,投入,0.0014084507042253522,2.09861228866811,0.0029557919558705777,1,1,710,187
yamamoto_q04,yamamoto,山本隆司,q04,4,東京大学の運営・経営、社会連携、国際化に対するお考えをお聞かせ下さい。,candidate_question,analysis_term_no_stopwords,押さえる,0.0014084507042253522,2.09861228866811,0.0029557919558705777,1,1,710,188
yamamoto_q04,yamamoto,山本隆司,q04,4,東京大学の運営・経営、社会連携、国際化に対するお考えをお聞かせ下さい。,candidate_question,analysis_term_no_stopwords,指摘,0.0014084507042253522,2.09861228866811,0.0029557919558705777,1,1,710,189
yamamoto_q04,yamamoto,山本隆司,q04,4,東京大学の運営・経営、社会連携、国際化に対するお考えをお聞かせ下さい。,candidate_question,analysis_term_no_stopwords,掛ける,0.0014084507042253522,2.09861228866811,0.0029557919558705777,1,1,710,190
yamamoto_q04,yamamoto,山本隆司,q04,4,東京大学の運営・経営、社会連携、国際化に対するお考えをお聞かせ下さい。,candidate_question,analysis_term_no_stopwords,支障,0.0014084507042253522,2.09861228866811,0.0029557919558705777,1,1,710,191
yamamoto_q04,yamamoto,山本隆司,q04,4,東京大学の運営・経営、社会連携、国際化に対するお考えをお聞かせ下さい。,candidate_question,analysis_term_no_stopwords,政治,0.0014084507042253522,2.09861228866811,0.0029557919558705777,1,1,710,192
yamamoto_q04,yamamoto,山本隆司,q04,4,東京大学の運営・経営、社会連携、国際化に対するお考えをお聞かせ下さい。,candidate_question,analysis_term_no_stopwords,文化,0.0014084507042253522,2.09861228866811,0.0029557919558705777,1,1,710,193
yamamoto_q04,yamamoto,山本隆司,q04,4,東京大学の運営・経営、社会連携、国際化に対するお考えをお聞かせ下さい。,candidate_question,analysis_term_no_stopwords,有識,0.0014084507042253522,2.09861228866811,0.0029557919558705777,1,1,710,194
yamamoto_q04,yamamoto,山本隆司,q04,4,東京大学の運営・経営、社会連携、国際化に対するお考えをお聞かせ下さい。,candidate_question,analysis_term_no_stopwords,核心,0.0014084507042253522,2.09861228866811,0.0029557919558705777,1,1,710,195
yamamoto_q04,yamamoto,山本隆司,q04,4,東京大学の運営・経営、社会連携、国際化に対するお考えをお聞かせ下さい。,candidate_question,analysis_term_no_stopwords,標語,0.0014084507042253522,2.09861228866811,0.0029557919558705777,1,1,710,196
yamamoto_q04,yamamoto,山本隆司,q04,4,東京大学の運営・経営、社会連携、国際化に対するお考えをお聞かせ下さい。,candidate_question,analysis_term_no_stopwords,次第,0.0014084507042253522,2.09861228866811,0.0029557919558705777,1,1,710,197
yamamoto_q04,yamamoto,山本隆司,q04,4,東京大学の運営・経営、社会連携、国際化に対するお考えをお聞かせ下さい。,candidate_question,analysis_term_no_stopwords,無くす,0.0014084507042253522,2.09861228866811,0.0029557919558705777,1,1,710,198
yamamoto_q04,yamamoto,山本隆司,q04,4,東京大学の運営・経営、社会連携、国際化に対するお考えをお聞かせ下さい。,candidate_question,analysis_term_no_stopwords,独任,0.0014084507042253522,2.09861228866811,0.0029557919558705777,1,1,710,199
yamamoto_q04,yamamoto,山本隆司,q04,4,東京大学の運営・経営、社会連携、国際化に対するお考えをお聞かせ下さい。,candidate_question,analysis_term_no_stopwords,生む,0.0014084507042253522,2.09861228866811,0.0029557919558705777,1,1,710,200
yamamoto_q04,yamamoto,山本隆司,q04,4,東京大学の運営・経営、社会連携、国際化に対するお考えをお聞かせ下さい。,candidate_question,analysis_term_no_stopwords,由来,0.0014084507042253522,2.09861228866811,0.0029557919558705777,1,1,710,201
yamamoto_q04,yamamoto,山本隆司,q04,4,東京大学の運営・経営、社会連携、国際化に対するお考えをお聞かせ下さい。,candidate_question,analysis_term_no_stopwords,留まる,0.0014084507042253522,2.09861228866811,0.0029557919558705777,1,1,710,202
yamamoto_q04,yamamoto,山本隆司,q04,4,東京大学の運営・経営、社会連携、国際化に対するお考えをお聞かせ下さい。,candidate_question,analysis_term_no_stopwords,発生,0.0014084507042253522,2.09861228866811,0.0029557919558705777,1,1,710,203
yamamoto_q04,yamamoto,山本隆司,q04,4,東京大学の運営・経営、社会連携、国際化に対するお考えをお聞かせ下さい。,candidate_question,analysis_term_no_stopwords,目標,0.0014084507042253522,2.09861228866811,0.0029557919558705777,1,1,710,204
yamamoto_q04,yamamoto,山本隆司,q04,4,東京大学の運営・経営、社会連携、国際化に対するお考えをお聞かせ下さい。,candidate_question,analysis_term_no_stopwords,相応,0.0014084507042253522,2.09861228866811,0.0029557919558705777,1,1,710,205
yamamoto_q04,yamamoto,山本隆司,q04,4,東京大学の運営・経営、社会連携、国際化に対するお考えをお聞かせ下さい。,candidate_question,analysis_term_no_stopwords,知見,0.0014084507042253522,2.09861228866811,0.0029557919558705777,1,1,710,206
yamamoto_q04,yamamoto,山本隆司,q04,4,東京大学の運営・経営、社会連携、国際化に対するお考えをお聞かせ下さい。,candidate_question,analysis_term_no_stopwords,研修,0.0014084507042253522,2.09861228866811,0.0029557919558705777,1,1,710,207
yamamoto_q04,yamamoto,山本隆司,q04,4,東京大学の運営・経営、社会連携、国際化に対するお考えをお聞かせ下さい。,candidate_question,analysis_term_no_stopwords,称する,0.0014084507042253522,2.09861228866811,0.0029557919558705777,1,1,710,208
yamamoto_q04,yamamoto,山本隆司,q04,4,東京大学の運営・経営、社会連携、国際化に対するお考えをお聞かせ下さい。,candidate_question,analysis_term_no_stopwords,組み合わせ,0.0014084507042253522,2.09861228866811,0.0029557919558705777,1,1,710,209
yamamoto_q04,yamamoto,山本隆司,q04,4,東京大学の運営・経営、社会連携、国際化に対するお考えをお聞かせ下さい。,candidate_question,analysis_term_no_stopwords,統一,0.0014084507042253522,2.09861228866811,0.0029557919558705777,1,1,710,210
yamamoto_q04,yamamoto,山本隆司,q04,4,東京大学の運営・経営、社会連携、国際化に対するお考えをお聞かせ下さい。,candidate_question,analysis_term_no_stopwords,統合,0.0014084507042253522,2.09861228866811,0.0029557919558705777,1,1,710,211
yamamoto_q04,yamamoto,山本隆司,q04,4,東京大学の運営・経営、社会連携、国際化に対するお考えをお聞かせ下さい。,candidate_question,analysis_term_no_stopwords,継ぎ足す,0.0014084507042253522,2.09861228866811,0.0029557919558705777,1,1,710,212
yamamoto_q04,yamamoto,山本隆司,q04,4,東京大学の運営・経営、社会連携、国際化に対するお考えをお聞かせ下さい。,candidate_question,analysis_term_no_stopwords,継続,0.0014084507042253522,2.09861228866811,0.0029557919558705777,1,1,710,213
yamamoto_q04,yamamoto,山本隆司,q04,4,東京大学の運営・経営、社会連携、国際化に対するお考えをお聞かせ下さい。,candidate_question,analysis_term_no_stopwords,縦割り,0.0014084507042253522,2.09861228866811,0.0029557919558705777,1,1,710,214
yamamoto_q04,yamamoto,山本隆司,q04,4,東京大学の運営・経営、社会連携、国際化に対するお考えをお聞かせ下さい。,candidate_question,analysis_term_no_stopwords,繋がる,0.0014084507042253522,2.09861228866811,0.0029557919558705777,1,1,710,215
yamamoto_q04,yamamoto,山本隆司,q04,4,東京大学の運営・経営、社会連携、国際化に対するお考えをお聞かせ下さい。,candidate_question,analysis_term_no_stopwords,至る,0.0014084507042253522,2.09861228866811,0.0029557919558705777,1,1,710,216
yamamoto_q04,yamamoto,山本隆司,q04,4,東京大学の運営・経営、社会連携、国際化に対するお考えをお聞かせ下さい。,candidate_question,analysis_term_no_stopwords,規制,0.0014084507042253522,2.09861228866811,0.0029557919558705777,1,1,710,217
yamamoto_q04,yamamoto,山本隆司,q04,4,東京大学の運営・経営、社会連携、国際化に対するお考えをお聞かせ下さい。,candidate_question,analysis_term_no_stopwords,規模,0.0014084507042253522,2.09861228866811,0.0029557919558705777,1,1,710,218
yamamoto_q04,yamamoto,山本隆司,q04,4,東京大学の運営・経営、社会連携、国際化に対するお考えをお聞かせ下さい。,candidate_question,analysis_term_no_stopwords,言い合う,0.0014084507042253522,2.09861228866811,0.0029557919558705777,1,1,710,219
yamamoto_q04,yamamoto,山本隆司,q04,4,東京大学の運営・経営、社会連携、国際化に対するお考えをお聞かせ下さい。,candidate_question,analysis_term_no_stopwords,説く,0.0014084507042253522,2.09861228866811,0.0029557919558705777,1,1,710,220
yamamoto_q04,yamamoto,山本隆司,q04,4,東京大学の運営・経営、社会連携、国際化に対するお考えをお聞かせ下さい。,candidate_question,analysis_term_no_stopwords,越える,0.0014084507042253522,2.09861228866811,0.0029557919558705777,1,1,710,221
yamamoto_q04,yamamoto,山本隆司,q04,4,東京大学の運営・経営、社会連携、国際化に対するお考えをお聞かせ下さい。,candidate_question,analysis_term_no_stopwords,距離,0.0014084507042253522,2.09861228866811,0.0029557919558705777,1,1,710,222
yamamoto_q04,yamamoto,山本隆司,q04,4,東京大学の運営・経営、社会連携、国際化に対するお考えをお聞かせ下さい。,candidate_question,analysis_term_no_stopwords,軽減,0.0014084507042253522,2.09861228866811,0.0029557919558705777,1,1,710,223
yamamoto_q04,yamamoto,山本隆司,q04,4,東京大学の運営・経営、社会連携、国際化に対するお考えをお聞かせ下さい。,candidate_question,analysis_term_no_stopwords,輸出,0.0014084507042253522,2.09861228866811,0.0029557919558705777,1,1,710,224
yamamoto_q04,yamamoto,山本隆司,q04,4,東京大学の運営・経営、社会連携、国際化に対するお考えをお聞かせ下さい。,candidate_question,analysis_term_no_stopwords,輻湊,0.0014084507042253522,2.09861228866811,0.0029557919558705777,1,1,710,225
yamamoto_q04,yamamoto,山本隆司,q04,4,東京大学の運営・経営、社会連携、国際化に対するお考えをお聞かせ下さい。,candidate_question,analysis_term_no_stopwords,追い付く,0.0014084507042253522,2.09861228866811,0.0029557919558705777,1,1,710,226
yamamoto_q04,yamamoto,山本隆司,q04,4,東京大学の運営・経営、社会連携、国際化に対するお考えをお聞かせ下さい。,candidate_question,analysis_term_no_stopwords,逆,0.0014084507042253522,2.09861228866811,0.0029557919558705777,1,1,710,227
yamamoto_q04,yamamoto,山本隆司,q04,4,東京大学の運営・経営、社会連携、国際化に対するお考えをお聞かせ下さい。,candidate_question,analysis_term_no_stopwords,連れる,0.0014084507042253522,2.09861228866811,0.0029557919558705777,1,1,710,228
yamamoto_q04,yamamoto,山本隆司,q04,4,東京大学の運営・経営、社会連携、国際化に対するお考えをお聞かせ下さい。,candidate_question,analysis_term_no_stopwords,避ける,0.0014084507042253522,2.09861228866811,0.0029557919558705777,1,1,710,229
yamamoto_q04,yamamoto,山本隆司,q04,4,東京大学の運営・経営、社会連携、国際化に対するお考えをお聞かせ下さい。,candidate_question,analysis_term_no_stopwords,醸成,0.0014084507042253522,2.09861228866811,0.0029557919558705777,1,1,710,230
yamamoto_q04,yamamoto,山本隆司,q04,4,東京大学の運営・経営、社会連携、国際化に対するお考えをお聞かせ下さい。,candidate_question,analysis_term_no_stopwords,重ねる,0.0014084507042253522,2.09861228866811,0.0029557919558705777,1,1,710,231
yamamoto_q04,yamamoto,山本隆司,q04,4,東京大学の運営・経営、社会連携、国際化に対するお考えをお聞かせ下さい。,candidate_question,analysis_term_no_stopwords,阻害,0.0014084507042253522,2.09861228866811,0.0029557919558705777,1,1,710,232
yamamoto_q04,yamamoto,山本隆司,q04,4,東京大学の運営・経営、社会連携、国際化に対するお考えをお聞かせ下さい。,candidate_question,analysis_term_no_stopwords,限界,0.0014084507042253522,2.09861228866811,0.0029557919558705777,1,1,710,233
yamamoto_q04,yamamoto,山本隆司,q04,4,東京大学の運営・経営、社会連携、国際化に対するお考えをお聞かせ下さい。,candidate_question,analysis_term_no_stopwords,風通し,0.0014084507042253522,2.09861228866811,0.0029557919558705777,1,1,710,234
yamamoto_q04,yamamoto,山本隆司,q04,4,東京大学の運営・経営、社会連携、国際化に対するお考えをお聞かせ下さい。,candidate_question,analysis_term_no_stopwords,因る,0.0028169014084507044,1.0,0.0028169014084507044,2,5,710,235
yamamoto_q04,yamamoto,山本隆司,q04,4,東京大学の運営・経営、社会連携、国際化に対するお考えをお聞かせ下さい。,candidate_question,analysis_term_no_stopwords,学生,0.0028169014084507044,1.0,0.0028169014084507044,2,5,710,236
yamamoto_q04,yamamoto,山本隆司,q04,4,東京大学の運営・経営、社会連携、国際化に対するお考えをお聞かせ下さい。,candidate_question,analysis_term_no_stopwords,物,0.0028169014084507044,1.0,0.0028169014084507044,2,5,710,237
yamamoto_q04,yamamoto,山本隆司,q04,4,東京大学の運営・経営、社会連携、国際化に対するお考えをお聞かせ下さい。,candidate_question,analysis_term_no_stopwords,経営,0.0028169014084507044,1.0,0.0028169014084507044,2,5,710,238
yamamoto_q04,yamamoto,山本隆司,q04,4,東京大学の運営・経営、社会連携、国際化に対するお考えをお聞かせ下さい。,candidate_question,analysis_term_no_stopwords,ステークホルダー-stakeholder,0.0014084507042253522,1.6931471805599454,0.0023847143388168244,1,2,710,239
yamamoto_q04,yamamoto,山本隆司,q04,4,東京大学の運営・経営、社会連携、国際化に対するお考えをお聞かせ下さい。,candidate_question,analysis_term_no_stopwords,世代,0.0014084507042253522,1.6931471805599454,0.0023847143388168244,1,2,710,240
yamamoto_q04,yamamoto,山本隆司,q04,4,東京大学の運営・経営、社会連携、国際化に対するお考えをお聞かせ下さい。,candidate_question,analysis_term_no_stopwords,中心,0.0014084507042253522,1.6931471805599454,0.0023847143388168244,1,2,710,241
yamamoto_q04,yamamoto,山本隆司,q04,4,東京大学の運営・経営、社会連携、国際化に対するお考えをお聞かせ下さい。,candidate_question,analysis_term_no_stopwords,予算,0.0014084507042253522,1.6931471805599454,0.0023847143388168244,1,2,710,242
yamamoto_q04,yamamoto,山本隆司,q04,4,東京大学の運営・経営、社会連携、国際化に対するお考えをお聞かせ下さい。,candidate_question,analysis_term_no_stopwords,仕舞う,0.0014084507042253522,1.6931471805599454,0.0023847143388168244,1,2,710,243
yamamoto_q04,yamamoto,山本隆司,q04,4,東京大学の運営・経営、社会連携、国際化に対するお考えをお聞かせ下さい。,candidate_question,analysis_term_no_stopwords,作る,0.0014084507042253522,1.6931471805599454,0.0023847143388168244,1,2,710,244
yamamoto_q04,yamamoto,山本隆司,q04,4,東京大学の運営・経営、社会連携、国際化に対するお考えをお聞かせ下さい。,candidate_question,analysis_term_no_stopwords,信頼,0.0014084507042253522,1.6931471805599454,0.0023847143388168244,1,2,710,245
yamamoto_q04,yamamoto,山本隆司,q04,4,東京大学の運営・経営、社会連携、国際化に対するお考えをお聞かせ下さい。,candidate_question,analysis_term_no_stopwords,先端,0.0014084507042253522,1.6931471805599454,0.0023847143388168244,1,2,710,246
yamamoto_q04,yamamoto,山本隆司,q04,4,東京大学の運営・経営、社会連携、国際化に対するお考えをお聞かせ下さい。,candidate_question,analysis_term_no_stopwords,分野,0.0014084507042253522,1.6931471805599454,0.0023847143388168244,1,2,710,247
yamamoto_q04,yamamoto,山本隆司,q04,4,東京大学の運営・経営、社会連携、国際化に対するお考えをお聞かせ下さい。,candidate_question,analysis_term_no_stopwords,効率,0.0014084507042253522,1.6931471805599454,0.0023847143388168244,1,2,710,248
yamamoto_q04,yamamoto,山本隆司,q04,4,東京大学の運営・経営、社会連携、国際化に対するお考えをお聞かせ下さい。,candidate_question,analysis_term_no_stopwords,参画,0.0014084507042253522,1.6931471805599454,0.0023847143388168244,1,2,710,249
yamamoto_q04,yamamoto,山本隆司,q04,4,東京大学の運営・経営、社会連携、国際化に対するお考えをお聞かせ下さい。,candidate_question,analysis_term_no_stopwords,対する,0.0014084507042253522,1.6931471805599454,0.0023847143388168244,1,2,710,250
yamamoto_q04,yamamoto,山本隆司,q04,4,東京大学の運営・経営、社会連携、国際化に対するお考えをお聞かせ下さい。,candidate_question,analysis_term_no_stopwords,将来,0.0014084507042253522,1.6931471805599454,0.0023847143388168244,1,2,710,251
yamamoto_q04,yamamoto,山本隆司,q04,4,東京大学の運営・経営、社会連携、国際化に対するお考えをお聞かせ下さい。,candidate_question,analysis_term_no_stopwords,展開,0.0014084507042253522,1.6931471805599454,0.0023847143388168244,1,2,710,252
yamamoto_q04,yamamoto,山本隆司,q04,4,東京大学の運営・経営、社会連携、国際化に対するお考えをお聞かせ下さい。,candidate_question,analysis_term_no_stopwords,形成,0.0014084507042253522,1.6931471805599454,0.0023847143388168244,1,2,710,253
yamamoto_q04,yamamoto,山本隆司,q04,4,東京大学の運営・経営、社会連携、国際化に対するお考えをお聞かせ下さい。,candidate_question,analysis_term_no_stopwords,情報,0.0014084507042253522,1.6931471805599454,0.0023847143388168244,1,2,710,254
yamamoto_q04,yamamoto,山本隆司,q04,4,東京大学の運営・経営、社会連携、国際化に対するお考えをお聞かせ下さい。,candidate_question,analysis_term_no_stopwords,日本,0.0014084507042253522,1.6931471805599454,0.0023847143388168244,1,2,710,255
yamamoto_q04,yamamoto,山本隆司,q04,4,東京大学の運営・経営、社会連携、国際化に対するお考えをお聞かせ下さい。,candidate_question,analysis_term_no_stopwords,渡る,0.0014084507042253522,1.6931471805599454,0.0023847143388168244,1,2,710,256
yamamoto_q04,yamamoto,山本隆司,q04,4,東京大学の運営・経営、社会連携、国際化に対するお考えをお聞かせ下さい。,candidate_question,analysis_term_no_stopwords,現状,0.0014084507042253522,1.6931471805599454,0.0023847143388168244,1,2,710,257
yamamoto_q04,yamamoto,山本隆司,q04,4,東京大学の運営・経営、社会連携、国際化に対するお考えをお聞かせ下さい。,candidate_question,analysis_term_no_stopwords,理解,0.0014084507042253522,1.6931471805599454,0.0023847143388168244,1,2,710,258
yamamoto_q04,yamamoto,山本隆司,q04,4,東京大学の運営・経営、社会連携、国際化に対するお考えをお聞かせ下さい。,candidate_question,analysis_term_no_stopwords,監視,0.0014084507042253522,1.6931471805599454,0.0023847143388168244,1,2,710,259
yamamoto_q04,yamamoto,山本隆司,q04,4,東京大学の運営・経営、社会連携、国際化に対するお考えをお聞かせ下さい。,candidate_question,analysis_term_no_stopwords,自律,0.0014084507042253522,1.6931471805599454,0.0023847143388168244,1,2,710,260
yamamoto_q04,yamamoto,山本隆司,q04,4,東京大学の運営・経営、社会連携、国際化に対するお考えをお聞かせ下さい。,candidate_question,analysis_term_no_stopwords,良い,0.0014084507042253522,1.6931471805599454,0.0023847143388168244,1,2,710,261
yamamoto_q04,yamamoto,山本隆司,q04,4,東京大学の運営・経営、社会連携、国際化に対するお考えをお聞かせ下さい。,candidate_question,analysis_term_no_stopwords,表面,0.0014084507042253522,1.6931471805599454,0.0023847143388168244,1,2,710,262
yamamoto_q04,yamamoto,山本隆司,q04,4,東京大学の運営・経営、社会連携、国際化に対するお考えをお聞かせ下さい。,candidate_question,analysis_term_no_stopwords,負担,0.0014084507042253522,1.6931471805599454,0.0023847143388168244,1,2,710,263
yamamoto_q04,yamamoto,山本隆司,q04,4,東京大学の運営・経営、社会連携、国際化に対するお考えをお聞かせ下さい。,candidate_question,analysis_term_no_stopwords,述べる,0.0014084507042253522,1.6931471805599454,0.0023847143388168244,1,2,710,264
yamamoto_q04,yamamoto,山本隆司,q04,4,東京大学の運営・経営、社会連携、国際化に対するお考えをお聞かせ下さい。,candidate_question,analysis_term_no_stopwords,通り,0.0014084507042253522,1.6931471805599454,0.0023847143388168244,1,2,710,265
yamamoto_q04,yamamoto,山本隆司,q04,4,東京大学の運営・経営、社会連携、国際化に対するお考えをお聞かせ下さい。,candidate_question,analysis_term_no_stopwords,部門,0.0014084507042253522,1.6931471805599454,0.0023847143388168244,1,2,710,266
yamamoto_q04,yamamoto,山本隆司,q04,4,東京大学の運営・経営、社会連携、国際化に対するお考えをお聞かせ下さい。,candidate_question,analysis_term_no_stopwords,重点,0.0014084507042253522,1.6931471805599454,0.0023847143388168244,1,2,710,267
yamamoto_q04,yamamoto,山本隆司,q04,4,東京大学の運営・経営、社会連携、国際化に対するお考えをお聞かせ下さい。,candidate_question,analysis_term_no_stopwords,間,0.0014084507042253522,1.6931471805599454,0.0023847143388168244,1,2,710,268
yamamoto_q04,yamamoto,山本隆司,q04,4,東京大学の運営・経営、社会連携、国際化に対するお考えをお聞かせ下さい。,candidate_question,analysis_term_no_stopwords,間接,0.0014084507042253522,1.6931471805599454,0.0023847143388168244,1,2,710,269
yamamoto_q04,yamamoto,山本隆司,q04,4,東京大学の運営・経営、社会連携、国際化に対するお考えをお聞かせ下さい。,candidate_question,analysis_term_no_stopwords,集中,0.0014084507042253522,1.6931471805599454,0.0023847143388168244,1,2,710,270
yamamoto_q04,yamamoto,山本隆司,q04,4,東京大学の運営・経営、社会連携、国際化に対するお考えをお聞かせ下さい。,candidate_question,analysis_term_no_stopwords,制度,0.0014084507042253522,1.4054651081081644,0.001979528321279105,1,3,710,271
yamamoto_q04,yamamoto,山本隆司,q04,4,東京大学の運営・経営、社会連携、国際化に対するお考えをお聞かせ下さい。,candidate_question,analysis_term_no_stopwords,創造,0.0014084507042253522,1.4054651081081644,0.001979528321279105,1,3,710,272
yamamoto_q04,yamamoto,山本隆司,q04,4,東京大学の運営・経営、社会連携、国際化に対するお考えをお聞かせ下さい。,candidate_question,analysis_term_no_stopwords,加える,0.0014084507042253522,1.4054651081081644,0.001979528321279105,1,3,710,273
yamamoto_q04,yamamoto,山本隆司,q04,4,東京大学の運営・経営、社会連携、国際化に対するお考えをお聞かせ下さい。,candidate_question,analysis_term_no_stopwords,国内,0.0014084507042253522,1.4054651081081644,0.001979528321279105,1,3,710,274
yamamoto_q04,yamamoto,山本隆司,q04,4,東京大学の運営・経営、社会連携、国際化に対するお考えをお聞かせ下さい。,candidate_question,analysis_term_no_stopwords,専門,0.0014084507042253522,1.4054651081081644,0.001979528321279105,1,3,710,275
yamamoto_q04,yamamoto,山本隆司,q04,4,東京大学の運営・経営、社会連携、国際化に対するお考えをお聞かせ下さい。,candidate_question,analysis_term_no_stopwords,教員,0.0014084507042253522,1.4054651081081644,0.001979528321279105,1,3,710,276
yamamoto_q04,yamamoto,山本隆司,q04,4,東京大学の運営・経営、社会連携、国際化に対するお考えをお聞かせ下さい。,candidate_question,analysis_term_no_stopwords,業務,0.0014084507042253522,1.4054651081081644,0.001979528321279105,1,3,710,277
yamamoto_q04,yamamoto,山本隆司,q04,4,東京大学の運営・経営、社会連携、国際化に対するお考えをお聞かせ下さい。,candidate_question,analysis_term_no_stopwords,点,0.0014084507042253522,1.4054651081081644,0.001979528321279105,1,3,710,278
yamamoto_q04,yamamoto,山本隆司,q04,4,東京大学の運営・経営、社会連携、国際化に対するお考えをお聞かせ下さい。,candidate_question,analysis_term_no_stopwords,生み出す,0.0014084507042253522,1.4054651081081644,0.001979528321279105,1,3,710,279
yamamoto_q04,yamamoto,山本隆司,q04,4,東京大学の運営・経営、社会連携、国際化に対するお考えをお聞かせ下さい。,candidate_question,analysis_term_no_stopwords,知,0.0014084507042253522,1.4054651081081644,0.001979528321279105,1,3,710,280
yamamoto_q04,yamamoto,山本隆司,q04,4,東京大学の運営・経営、社会連携、国際化に対するお考えをお聞かせ下さい。,candidate_question,analysis_term_no_stopwords,職員,0.0014084507042253522,1.4054651081081644,0.001979528321279105,1,3,710,281
yamamoto_q04,yamamoto,山本隆司,q04,4,東京大学の運営・経営、社会連携、国際化に対するお考えをお聞かせ下さい。,candidate_question,analysis_term_no_stopwords,行く,0.0014084507042253522,1.4054651081081644,0.001979528321279105,1,3,710,282
yamamoto_q04,yamamoto,山本隆司,q04,4,東京大学の運営・経営、社会連携、国際化に対するお考えをお聞かせ下さい。,candidate_question,analysis_term_no_stopwords,責任,0.0014084507042253522,1.4054651081081644,0.001979528321279105,1,3,710,283
yamamoto_q04,yamamoto,山本隆司,q04,4,東京大学の運営・経営、社会連携、国際化に対するお考えをお聞かせ下さい。,candidate_question,analysis_term_no_stopwords,体制,0.0014084507042253522,1.1823215567939547,0.0016652416292872601,1,4,710,284
yamamoto_q04,yamamoto,山本隆司,q04,4,東京大学の運営・経営、社会連携、国際化に対するお考えをお聞かせ下さい。,candidate_question,analysis_term_no_stopwords,於く,0.0014084507042253522,1.1823215567939547,0.0016652416292872601,1,4,710,285
yamamoto_q04,yamamoto,山本隆司,q04,4,東京大学の運営・経営、社会連携、国際化に対するお考えをお聞かせ下さい。,candidate_question,analysis_term_no_stopwords,行う,0.0014084507042253522,1.1823215567939547,0.0016652416292872601,1,4,710,286
fujigaki_q05,fujigaki,藤垣裕子,q05,5,大学運営・経営における総長の役割、総長のリーダーシップのあり方について、お考えをお聞かせ下さい。,candidate_question,analysis_term_no_stopwords,有る,0.07236842105263158,1.0,0.07236842105263158,11,5,152,1
fujigaki_q05,fujigaki,藤垣裕子,q05,5,大学運営・経営における総長の役割、総長のリーダーシップのあり方について、お考えをお聞かせ下さい。,candidate_question,analysis_term_no_stopwords,国,0.02631578947368421,2.09861228866811,0.05522663917547658,4,1,152,2
fujigaki_q05,fujigaki,藤垣裕子,q05,5,大学運営・経営における総長の役割、総長のリーダーシップのあり方について、お考えをお聞かせ下さい。,candidate_question,analysis_term_no_stopwords,省庁,0.02631578947368421,2.09861228866811,0.05522663917547658,4,1,152,3
fujigaki_q05,fujigaki,藤垣裕子,q05,5,大学運営・経営における総長の役割、総長のリーダーシップのあり方について、お考えをお聞かせ下さい。,candidate_question,analysis_term_no_stopwords,科学,0.02631578947368421,2.09861228866811,0.05522663917547658,4,1,152,4
fujigaki_q05,fujigaki,藤垣裕子,q05,5,大学運営・経営における総長の役割、総長のリーダーシップのあり方について、お考えをお聞かせ下さい。,candidate_question,analysis_term_no_stopwords,為る,0.05263157894736842,1.0,0.05263157894736842,8,5,152,5
fujigaki_q05,fujigaki,藤垣裕子,q05,5,大学運営・経営における総長の役割、総長のリーダーシップのあり方について、お考えをお聞かせ下さい。,candidate_question,analysis_term_no_stopwords,助言,0.019736842105263157,2.09861228866811,0.04141997938160743,3,1,152,6
fujigaki_q05,fujigaki,藤垣裕子,q05,5,大学運営・経営における総長の役割、総長のリーダーシップのあり方について、お考えをお聞かせ下さい。,candidate_question,analysis_term_no_stopwords,時,0.019736842105263157,2.09861228866811,0.04141997938160743,3,1,152,7
fujigaki_q05,fujigaki,藤垣裕子,q05,5,大学運営・経営における総長の役割、総長のリーダーシップのあり方について、お考えをお聞かせ下さい。,candidate_question,analysis_term_no_stopwords,事,0.039473684210526314,1.0,0.039473684210526314,6,5,152,8
fujigaki_q05,fujigaki,藤垣裕子,q05,5,大学運営・経営における総長の役割、総長のリーダーシップのあり方について、お考えをお聞かせ下さい。,candidate_question,analysis_term_no_stopwords,構成,0.02631578947368421,1.4054651081081644,0.03698592389758327,4,3,152,9
fujigaki_q05,fujigaki,藤垣裕子,q05,5,大学運営・経営における総長の役割、総長のリーダーシップのあり方について、お考えをお聞かせ下さい。,candidate_question,analysis_term_no_stopwords,必要,0.019736842105263157,1.6931471805599454,0.03341737856368313,3,2,152,10
fujigaki_q05,fujigaki,藤垣裕子,q05,5,大学運営・経営における総長の役割、総長のリーダーシップのあり方について、お考えをお聞かせ下さい。,candidate_question,analysis_term_no_stopwords,学外,0.013157894736842105,2.09861228866811,0.02761331958773829,2,1,152,11
fujigaki_q05,fujigaki,藤垣裕子,q05,5,大学運営・経営における総長の役割、総長のリーダーシップのあり方について、お考えをお聞かせ下さい。,candidate_question,analysis_term_no_stopwords,文部,0.013157894736842105,2.09861228866811,0.02761331958773829,2,1,152,12
fujigaki_q05,fujigaki,藤垣裕子,q05,5,大学運営・経営における総長の役割、総長のリーダーシップのあり方について、お考えをお聞かせ下さい。,candidate_question,analysis_term_no_stopwords,役割,0.02631578947368421,1.0,0.02631578947368421,4,5,152,13
fujigaki_q05,fujigaki,藤垣裕子,q05,5,大学運営・経営における総長の役割、総長のリーダーシップのあり方について、お考えをお聞かせ下さい。,candidate_question,analysis_term_no_stopwords,コミュニケーション-communication,0.013157894736842105,1.6931471805599454,0.022278252375788753,2,2,152,14
fujigaki_q05,fujigaki,藤垣裕子,q05,5,大学運営・経営における総長の役割、総長のリーダーシップのあり方について、お考えをお聞かせ下さい。,candidate_question,analysis_term_no_stopwords,会,0.013157894736842105,1.6931471805599454,0.022278252375788753,2,2,152,15
fujigaki_q05,fujigaki,藤垣裕子,q05,5,大学運営・経営における総長の役割、総長のリーダーシップのあり方について、お考えをお聞かせ下さい。,candidate_question,analysis_term_no_stopwords,像,0.013157894736842105,1.6931471805599454,0.022278252375788753,2,2,152,16
fujigaki_q05,fujigaki,藤垣裕子,q05,5,大学運営・経営における総長の役割、総長のリーダーシップのあり方について、お考えをお聞かせ下さい。,candidate_question,analysis_term_no_stopwords,場合,0.013157894736842105,1.6931471805599454,0.022278252375788753,2,2,152,17
fujigaki_q05,fujigaki,藤垣裕子,q05,5,大学運営・経営における総長の役割、総長のリーダーシップのあり方について、お考えをお聞かせ下さい。,candidate_question,analysis_term_no_stopwords,トウキョウ,0.019736842105263157,1.0,0.019736842105263157,3,5,152,18
fujigaki_q05,fujigaki,藤垣裕子,q05,5,大学運営・経営における総長の役割、総長のリーダーシップのあり方について、お考えをお聞かせ下さい。,candidate_question,analysis_term_no_stopwords,学内,0.013157894736842105,1.4054651081081644,0.018492961948791634,2,3,152,19
fujigaki_q05,fujigaki,藤垣裕子,q05,5,大学運営・経営における総長の役割、総長のリーダーシップのあり方について、お考えをお聞かせ下さい。,candidate_question,analysis_term_no_stopwords,対する,0.013157894736842105,1.4054651081081644,0.018492961948791634,2,3,152,20
fujigaki_q05,fujigaki,藤垣裕子,q05,5,大学運営・経営における総長の役割、総長のリーダーシップのあり方について、お考えをお聞かせ下さい。,candidate_question,analysis_term_no_stopwords,成る,0.013157894736842105,1.4054651081081644,0.018492961948791634,2,3,152,21
fujigaki_q05,fujigaki,藤垣裕子,q05,5,大学運営・経営における総長の役割、総長のリーダーシップのあり方について、お考えをお聞かせ下さい。,candidate_question,analysis_term_no_stopwords,果たす,0.013157894736842105,1.4054651081081644,0.018492961948791634,2,3,152,22
fujigaki_q05,fujigaki,藤垣裕子,q05,5,大学運営・経営における総長の役割、総長のリーダーシップのあり方について、お考えをお聞かせ下さい。,candidate_question,analysis_term_no_stopwords,求める,0.013157894736842105,1.4054651081081644,0.018492961948791634,2,3,152,23
fujigaki_q05,fujigaki,藤垣裕子,q05,5,大学運営・経営における総長の役割、総長のリーダーシップのあり方について、お考えをお聞かせ下さい。,candidate_question,analysis_term_no_stopwords,ずれる,0.006578947368421052,2.09861228866811,0.013806659793869145,1,1,152,24
fujigaki_q05,fujigaki,藤垣裕子,q05,5,大学運営・経営における総長の役割、総長のリーダーシップのあり方について、お考えをお聞かせ下さい。,candidate_question,analysis_term_no_stopwords,メンバー-member,0.006578947368421052,2.09861228866811,0.013806659793869145,1,1,152,25
fujigaki_q05,fujigaki,藤垣裕子,q05,5,大学運営・経営における総長の役割、総長のリーダーシップのあり方について、お考えをお聞かせ下さい。,candidate_question,analysis_term_no_stopwords,不安,0.006578947368421052,2.09861228866811,0.013806659793869145,1,1,152,26
fujigaki_q05,fujigaki,藤垣裕子,q05,5,大学運営・経営における総長の役割、総長のリーダーシップのあり方について、お考えをお聞かせ下さい。,candidate_question,analysis_term_no_stopwords,不祥,0.006578947368421052,2.09861228866811,0.013806659793869145,1,1,152,27
fujigaki_q05,fujigaki,藤垣裕子,q05,5,大学運営・経営における総長の役割、総長のリーダーシップのあり方について、お考えをお聞かせ下さい。,candidate_question,analysis_term_no_stopwords,主催,0.006578947368421052,2.09861228866811,0.013806659793869145,1,1,152,28
fujigaki_q05,fujigaki,藤垣裕子,q05,5,大学運営・経営における総長の役割、総長のリーダーシップのあり方について、お考えをお聞かせ下さい。,candidate_question,analysis_term_no_stopwords,交通,0.006578947368421052,2.09861228866811,0.013806659793869145,1,1,152,29
fujigaki_q05,fujigaki,藤垣裕子,q05,5,大学運営・経営における総長の役割、総長のリーダーシップのあり方について、お考えをお聞かせ下さい。,candidate_question,analysis_term_no_stopwords,他,0.006578947368421052,2.09861228866811,0.013806659793869145,1,1,152,30
fujigaki_q05,fujigaki,藤垣裕子,q05,5,大学運営・経営における総長の役割、総長のリーダーシップのあり方について、お考えをお聞かせ下さい。,candidate_question,analysis_term_no_stopwords,付く,0.006578947368421052,2.09861228866811,0.013806659793869145,1,1,152,31
fujigaki_q05,fujigaki,藤垣裕子,q05,5,大学運営・経営における総長の役割、総長のリーダーシップのあり方について、お考えをお聞かせ下さい。,candidate_question,analysis_term_no_stopwords,内閣,0.006578947368421052,2.09861228866811,0.013806659793869145,1,1,152,32
fujigaki_q05,fujigaki,藤垣裕子,q05,5,大学運営・経営における総長の役割、総長のリーダーシップのあり方について、お考えをお聞かせ下さい。,candidate_question,analysis_term_no_stopwords,分野,0.006578947368421052,2.09861228866811,0.013806659793869145,1,1,152,33
fujigaki_q05,fujigaki,藤垣裕子,q05,5,大学運営・経営における総長の役割、総長のリーダーシップのあり方について、お考えをお聞かせ下さい。,candidate_question,analysis_term_no_stopwords,別,0.006578947368421052,2.09861228866811,0.013806659793869145,1,1,152,34
fujigaki_q05,fujigaki,藤垣裕子,q05,5,大学運営・経営における総長の役割、総長のリーダーシップのあり方について、お考えをお聞かせ下さい。,candidate_question,analysis_term_no_stopwords,削ぐ,0.006578947368421052,2.09861228866811,0.013806659793869145,1,1,152,35
fujigaki_q05,fujigaki,藤垣裕子,q05,5,大学運営・経営における総長の役割、総長のリーダーシップのあり方について、お考えをお聞かせ下さい。,candidate_question,analysis_term_no_stopwords,厚生,0.006578947368421052,2.09861228866811,0.013806659793869145,1,1,152,36
fujigaki_q05,fujigaki,藤垣裕子,q05,5,大学運営・経営における総長の役割、総長のリーダーシップのあり方について、お考えをお聞かせ下さい。,candidate_question,analysis_term_no_stopwords,取り除く,0.006578947368421052,2.09861228866811,0.013806659793869145,1,1,152,37
fujigaki_q05,fujigaki,藤垣裕子,q05,5,大学運営・経営における総長の役割、総長のリーダーシップのあり方について、お考えをお聞かせ下さい。,candidate_question,analysis_term_no_stopwords,同時,0.006578947368421052,2.09861228866811,0.013806659793869145,1,1,152,38
fujigaki_q05,fujigaki,藤垣裕子,q05,5,大学運営・経営における総長の役割、総長のリーダーシップのあり方について、お考えをお聞かせ下さい。,candidate_question,analysis_term_no_stopwords,国土,0.006578947368421052,2.09861228866811,0.013806659793869145,1,1,152,39
fujigaki_q05,fujigaki,藤垣裕子,q05,5,大学運営・経営における総長の役割、総長のリーダーシップのあり方について、お考えをお聞かせ下さい。,candidate_question,analysis_term_no_stopwords,委員,0.006578947368421052,2.09861228866811,0.013806659793869145,1,1,152,40
fujigaki_q05,fujigaki,藤垣裕子,q05,5,大学運営・経営における総長の役割、総長のリーダーシップのあり方について、お考えをお聞かせ下さい。,candidate_question,analysis_term_no_stopwords,審議,0.006578947368421052,2.09861228866811,0.013806659793869145,1,1,152,41
fujigaki_q05,fujigaki,藤垣裕子,q05,5,大学運営・経営における総長の役割、総長のリーダーシップのあり方について、お考えをお聞かせ下さい。,candidate_question,analysis_term_no_stopwords,工夫,0.006578947368421052,2.09861228866811,0.013806659793869145,1,1,152,42
fujigaki_q05,fujigaki,藤垣裕子,q05,5,大学運営・経営における総長の役割、総長のリーダーシップのあり方について、お考えをお聞かせ下さい。,candidate_question,analysis_term_no_stopwords,府,0.006578947368421052,2.09861228866811,0.013806659793869145,1,1,152,43
fujigaki_q05,fujigaki,藤垣裕子,q05,5,大学運営・経営における総長の役割、総長のリーダーシップのあり方について、お考えをお聞かせ下さい。,candidate_question,analysis_term_no_stopwords,批判,0.006578947368421052,2.09861228866811,0.013806659793869145,1,1,152,44
fujigaki_q05,fujigaki,藤垣裕子,q05,5,大学運営・経営における総長の役割、総長のリーダーシップのあり方について、お考えをお聞かせ下さい。,candidate_question,analysis_term_no_stopwords,技術,0.006578947368421052,2.09861228866811,0.013806659793869145,1,1,152,45
fujigaki_q05,fujigaki,藤垣裕子,q05,5,大学運営・経営における総長の役割、総長のリーダーシップのあり方について、お考えをお聞かせ下さい。,candidate_question,analysis_term_no_stopwords,指針,0.006578947368421052,2.09861228866811,0.013806659793869145,1,1,152,46
fujigaki_q05,fujigaki,藤垣裕子,q05,5,大学運営・経営における総長の役割、総長のリーダーシップのあり方について、お考えをお聞かせ下さい。,candidate_question,analysis_term_no_stopwords,支え合う,0.006578947368421052,2.09861228866811,0.013806659793869145,1,1,152,47
fujigaki_q05,fujigaki,藤垣裕子,q05,5,大学運営・経営における総長の役割、総長のリーダーシップのあり方について、お考えをお聞かせ下さい。,candidate_question,analysis_term_no_stopwords,日頃,0.006578947368421052,2.09861228866811,0.013806659793869145,1,1,152,48
fujigaki_q05,fujigaki,藤垣裕子,q05,5,大学運営・経営における総長の役割、総長のリーダーシップのあり方について、お考えをお聞かせ下さい。,candidate_question,analysis_term_no_stopwords,活躍,0.006578947368421052,2.09861228866811,0.013806659793869145,1,1,152,49
fujigaki_q05,fujigaki,藤垣裕子,q05,5,大学運営・経営における総長の役割、総長のリーダーシップのあり方について、お考えをお聞かせ下さい。,candidate_question,analysis_term_no_stopwords,災害,0.006578947368421052,2.09861228866811,0.013806659793869145,1,1,152,50
fujigaki_q05,fujigaki,藤垣裕子,q05,5,大学運営・経営における総長の役割、総長のリーダーシップのあり方について、お考えをお聞かせ下さい。,candidate_question,analysis_term_no_stopwords,発生,0.006578947368421052,2.09861228866811,0.013806659793869145,1,1,152,51
fujigaki_q05,fujigaki,藤垣裕子,q05,5,大学運営・経営における総長の役割、総長のリーダーシップのあり方について、お考えをお聞かせ下さい。,candidate_question,analysis_term_no_stopwords,相互,0.006578947368421052,2.09861228866811,0.013806659793869145,1,1,152,52
fujigaki_q05,fujigaki,藤垣裕子,q05,5,大学運営・経営における総長の役割、総長のリーダーシップのあり方について、お考えをお聞かせ下さい。,candidate_question,analysis_term_no_stopwords,知,0.006578947368421052,2.09861228866811,0.013806659793869145,1,1,152,53
fujigaki_q05,fujigaki,藤垣裕子,q05,5,大学運営・経営における総長の役割、総長のリーダーシップのあり方について、お考えをお聞かせ下さい。,candidate_question,analysis_term_no_stopwords,種,0.006578947368421052,2.09861228866811,0.013806659793869145,1,1,152,54
fujigaki_q05,fujigaki,藤垣裕子,q05,5,大学運営・経営における総長の役割、総長のリーダーシップのあり方について、お考えをお聞かせ下さい。,candidate_question,analysis_term_no_stopwords,立場,0.006578947368421052,2.09861228866811,0.013806659793869145,1,1,152,55
fujigaki_q05,fujigaki,藤垣裕子,q05,5,大学運営・経営における総長の役割、総長のリーダーシップのあり方について、お考えをお聞かせ下さい。,candidate_question,analysis_term_no_stopwords,管轄,0.006578947368421052,2.09861228866811,0.013806659793869145,1,1,152,56
fujigaki_q05,fujigaki,藤垣裕子,q05,5,大学運営・経営における総長の役割、総長のリーダーシップのあり方について、お考えをお聞かせ下さい。,candidate_question,analysis_term_no_stopwords,経済,0.006578947368421052,2.09861228866811,0.013806659793869145,1,1,152,57
fujigaki_q05,fujigaki,藤垣裕子,q05,5,大学運営・経営における総長の役割、総長のリーダーシップのあり方について、お考えをお聞かせ下さい。,candidate_question,analysis_term_no_stopwords,能力,0.006578947368421052,2.09861228866811,0.013806659793869145,1,1,152,58
fujigaki_q05,fujigaki,藤垣裕子,q05,5,大学運営・経営における総長の役割、総長のリーダーシップのあり方について、お考えをお聞かせ下さい。,candidate_question,analysis_term_no_stopwords,落ちる,0.006578947368421052,2.09861228866811,0.013806659793869145,1,1,152,59
fujigaki_q05,fujigaki,藤垣裕子,q05,5,大学運営・経営における総長の役割、総長のリーダーシップのあり方について、お考えをお聞かせ下さい。,candidate_question,analysis_term_no_stopwords,行く,0.006578947368421052,2.09861228866811,0.013806659793869145,1,1,152,60
fujigaki_q05,fujigaki,藤垣裕子,q05,5,大学運営・経営における総長の役割、総長のリーダーシップのあり方について、お考えをお聞かせ下さい。,candidate_question,analysis_term_no_stopwords,衰退,0.006578947368421052,2.09861228866811,0.013806659793869145,1,1,152,61
fujigaki_q05,fujigaki,藤垣裕子,q05,5,大学運営・経営における総長の役割、総長のリーダーシップのあり方について、お考えをお聞かせ下さい。,candidate_question,analysis_term_no_stopwords,見失う,0.006578947368421052,2.09861228866811,0.013806659793869145,1,1,152,62
fujigaki_q05,fujigaki,藤垣裕子,q05,5,大学運営・経営における総長の役割、総長のリーダーシップのあり方について、お考えをお聞かせ下さい。,candidate_question,analysis_term_no_stopwords,視座,0.006578947368421052,2.09861228866811,0.013806659793869145,1,1,152,63
fujigaki_q05,fujigaki,藤垣裕子,q05,5,大学運営・経営における総長の役割、総長のリーダーシップのあり方について、お考えをお聞かせ下さい。,candidate_question,analysis_term_no_stopwords,説く,0.006578947368421052,2.09861228866811,0.013806659793869145,1,1,152,64
fujigaki_q05,fujigaki,藤垣裕子,q05,5,大学運営・経営における総長の役割、総長のリーダーシップのあり方について、お考えをお聞かせ下さい。,candidate_question,analysis_term_no_stopwords,財務,0.006578947368421052,2.09861228866811,0.013806659793869145,1,1,152,65
fujigaki_q05,fujigaki,藤垣裕子,q05,5,大学運営・経営における総長の役割、総長のリーダーシップのあり方について、お考えをお聞かせ下さい。,candidate_question,analysis_term_no_stopwords,通常,0.006578947368421052,2.09861228866811,0.013806659793869145,1,1,152,66
fujigaki_q05,fujigaki,藤垣裕子,q05,5,大学運営・経営における総長の役割、総長のリーダーシップのあり方について、お考えをお聞かせ下さい。,candidate_question,analysis_term_no_stopwords,違い,0.006578947368421052,2.09861228866811,0.013806659793869145,1,1,152,67
fujigaki_q05,fujigaki,藤垣裕子,q05,5,大学運営・経営における総長の役割、総長のリーダーシップのあり方について、お考えをお聞かせ下さい。,candidate_question,analysis_term_no_stopwords,総長,0.013157894736842105,1.0,0.013157894736842105,2,5,152,68
fujigaki_q05,fujigaki,藤垣裕子,q05,5,大学運営・経営における総長の役割、総長のリーダーシップのあり方について、お考えをお聞かせ下さい。,candidate_question,analysis_term_no_stopwords,システム-system,0.006578947368421052,1.6931471805599454,0.011139126187894376,1,2,152,69
fujigaki_q05,fujigaki,藤垣裕子,q05,5,大学運営・経営における総長の役割、総長のリーダーシップのあり方について、お考えをお聞かせ下さい。,candidate_question,analysis_term_no_stopwords,世界,0.006578947368421052,1.6931471805599454,0.011139126187894376,1,2,152,70
fujigaki_q05,fujigaki,藤垣裕子,q05,5,大学運営・経営における総長の役割、総長のリーダーシップのあり方について、お考えをお聞かせ下さい。,candidate_question,analysis_term_no_stopwords,全体,0.006578947368421052,1.6931471805599454,0.011139126187894376,1,2,152,71
fujigaki_q05,fujigaki,藤垣裕子,q05,5,大学運営・経営における総長の役割、総長のリーダーシップのあり方について、お考えをお聞かせ下さい。,candidate_question,analysis_term_no_stopwords,其々,0.006578947368421052,1.6931471805599454,0.011139126187894376,1,2,152,72
fujigaki_q05,fujigaki,藤垣裕子,q05,5,大学運営・経営における総長の役割、総長のリーダーシップのあり方について、お考えをお聞かせ下さい。,candidate_question,analysis_term_no_stopwords,力,0.006578947368421052,1.6931471805599454,0.011139126187894376,1,2,152,73
fujigaki_q05,fujigaki,藤垣裕子,q05,5,大学運営・経営における総長の役割、総長のリーダーシップのあり方について、お考えをお聞かせ下さい。,candidate_question,analysis_term_no_stopwords,労働,0.006578947368421052,1.6931471805599454,0.011139126187894376,1,2,152,74
fujigaki_q05,fujigaki,藤垣裕子,q05,5,大学運営・経営における総長の役割、総長のリーダーシップのあり方について、お考えをお聞かせ下さい。,candidate_question,analysis_term_no_stopwords,場,0.006578947368421052,1.6931471805599454,0.011139126187894376,1,2,152,75
fujigaki_q05,fujigaki,藤垣裕子,q05,5,大学運営・経営における総長の役割、総長のリーダーシップのあり方について、お考えをお聞かせ下さい。,candidate_question,analysis_term_no_stopwords,学術,0.006578947368421052,1.6931471805599454,0.011139126187894376,1,2,152,76
fujigaki_q05,fujigaki,藤垣裕子,q05,5,大学運営・経営における総長の役割、総長のリーダーシップのあり方について、お考えをお聞かせ下さい。,candidate_question,analysis_term_no_stopwords,忘れる,0.006578947368421052,1.6931471805599454,0.011139126187894376,1,2,152,77
fujigaki_q05,fujigaki,藤垣裕子,q05,5,大学運営・経営における総長の役割、総長のリーダーシップのあり方について、お考えをお聞かせ下さい。,candidate_question,analysis_term_no_stopwords,提供,0.006578947368421052,1.6931471805599454,0.011139126187894376,1,2,152,78
fujigaki_q05,fujigaki,藤垣裕子,q05,5,大学運営・経営における総長の役割、総長のリーダーシップのあり方について、お考えをお聞かせ下さい。,candidate_question,analysis_term_no_stopwords,整える,0.006578947368421052,1.6931471805599454,0.011139126187894376,1,2,152,79
fujigaki_q05,fujigaki,藤垣裕子,q05,5,大学運営・経営における総長の役割、総長のリーダーシップのあり方について、お考えをお聞かせ下さい。,candidate_question,analysis_term_no_stopwords,方向,0.006578947368421052,1.6931471805599454,0.011139126187894376,1,2,152,80
fujigaki_q05,fujigaki,藤垣裕子,q05,5,大学運営・経営における総長の役割、総長のリーダーシップのあり方について、お考えをお聞かせ下さい。,candidate_question,analysis_term_no_stopwords,方針,0.006578947368421052,1.6931471805599454,0.011139126187894376,1,2,152,81
fujigaki_q05,fujigaki,藤垣裕子,q05,5,大学運営・経営における総長の役割、総長のリーダーシップのあり方について、お考えをお聞かせ下さい。,candidate_question,analysis_term_no_stopwords,機関,0.006578947368421052,1.6931471805599454,0.011139126187894376,1,2,152,82
fujigaki_q05,fujigaki,藤垣裕子,q05,5,大学運営・経営における総長の役割、総長のリーダーシップのあり方について、お考えをお聞かせ下さい。,candidate_question,analysis_term_no_stopwords,活動,0.006578947368421052,1.6931471805599454,0.011139126187894376,1,2,152,83
fujigaki_q05,fujigaki,藤垣裕子,q05,5,大学運営・経営における総長の役割、総長のリーダーシップのあり方について、お考えをお聞かせ下さい。,candidate_question,analysis_term_no_stopwords,無い,0.006578947368421052,1.6931471805599454,0.011139126187894376,1,2,152,84
fujigaki_q05,fujigaki,藤垣裕子,q05,5,大学運営・経営における総長の役割、総長のリーダーシップのあり方について、お考えをお聞かせ下さい。,candidate_question,analysis_term_no_stopwords,環境,0.006578947368421052,1.6931471805599454,0.011139126187894376,1,2,152,85
fujigaki_q05,fujigaki,藤垣裕子,q05,5,大学運営・経営における総長の役割、総長のリーダーシップのあり方について、お考えをお聞かせ下さい。,candidate_question,analysis_term_no_stopwords,産業,0.006578947368421052,1.6931471805599454,0.011139126187894376,1,2,152,86
fujigaki_q05,fujigaki,藤垣裕子,q05,5,大学運営・経営における総長の役割、総長のリーダーシップのあり方について、お考えをお聞かせ下さい。,candidate_question,analysis_term_no_stopwords,邁進,0.006578947368421052,1.6931471805599454,0.011139126187894376,1,2,152,87
fujigaki_q05,fujigaki,藤垣裕子,q05,5,大学運営・経営における総長の役割、総長のリーダーシップのあり方について、お考えをお聞かせ下さい。,candidate_question,analysis_term_no_stopwords,関係,0.006578947368421052,1.6931471805599454,0.011139126187894376,1,2,152,88
fujigaki_q05,fujigaki,藤垣裕子,q05,5,大学運営・経営における総長の役割、総長のリーダーシップのあり方について、お考えをお聞かせ下さい。,candidate_question,analysis_term_no_stopwords,リーダーシップ-leadership,0.006578947368421052,1.4054651081081644,0.009246480974395817,1,3,152,89
fujigaki_q05,fujigaki,藤垣裕子,q05,5,大学運営・経営における総長の役割、総長のリーダーシップのあり方について、お考えをお聞かせ下さい。,candidate_question,analysis_term_no_stopwords,出来る,0.006578947368421052,1.4054651081081644,0.009246480974395817,1,3,152,90
fujigaki_q05,fujigaki,藤垣裕子,q05,5,大学運営・経営における総長の役割、総長のリーダーシップのあり方について、お考えをお聞かせ下さい。,candidate_question,analysis_term_no_stopwords,居る,0.006578947368421052,1.4054651081081644,0.009246480974395817,1,3,152,91
fujigaki_q05,fujigaki,藤垣裕子,q05,5,大学運営・経営における総長の役割、総長のリーダーシップのあり方について、お考えをお聞かせ下さい。,candidate_question,analysis_term_no_stopwords,支援,0.006578947368421052,1.4054651081081644,0.009246480974395817,1,3,152,92
fujigaki_q05,fujigaki,藤垣裕子,q05,5,大学運営・経営における総長の役割、総長のリーダーシップのあり方について、お考えをお聞かせ下さい。,candidate_question,analysis_term_no_stopwords,為,0.006578947368421052,1.4054651081081644,0.009246480974395817,1,3,152,93
fujigaki_q05,fujigaki,藤垣裕子,q05,5,大学運営・経営における総長の役割、総長のリーダーシップのあり方について、お考えをお聞かせ下さい。,candidate_question,analysis_term_no_stopwords,示す,0.006578947368421052,1.4054651081081644,0.009246480974395817,1,3,152,94
fujigaki_q05,fujigaki,藤垣裕子,q05,5,大学運営・経営における総長の役割、総長のリーダーシップのあり方について、お考えをお聞かせ下さい。,candidate_question,analysis_term_no_stopwords,考える,0.006578947368421052,1.1823215567939547,0.007778431294697069,1,4,152,95
ohkoshi_q05,ohkoshi,大越慎一,q05,5,大学運営・経営における総長の役割、総長のリーダーシップのあり方について、お考えをお聞かせ下さい。,candidate_question,analysis_term_no_stopwords,為る,0.12857142857142856,1.0,0.12857142857142856,9,5,70,1
ohkoshi_q05,ohkoshi,大越慎一,q05,5,大学運営・経営における総長の役割、総長のリーダーシップのあり方について、お考えをお聞かせ下さい。,candidate_question,analysis_term_no_stopwords,教職員,0.02857142857142857,2.09861228866811,0.05996035110480314,2,1,70,2
ohkoshi_q05,ohkoshi,大越慎一,q05,5,大学運営・経営における総長の役割、総長のリーダーシップのあり方について、お考えをお聞かせ下さい。,candidate_question,analysis_term_no_stopwords,学生,0.02857142857142857,1.6931471805599454,0.048375633730284154,2,2,70,3
ohkoshi_q05,ohkoshi,大越慎一,q05,5,大学運営・経営における総長の役割、総長のリーダーシップのあり方について、お考えをお聞かせ下さい。,candidate_question,analysis_term_no_stopwords,有る,0.04285714285714286,1.0,0.04285714285714286,3,5,70,4
ohkoshi_q05,ohkoshi,大越慎一,q05,5,大学運営・経営における総長の役割、総長のリーダーシップのあり方について、お考えをお聞かせ下さい。,candidate_question,analysis_term_no_stopwords,dialogue,0.014285714285714285,2.09861228866811,0.02998017555240157,1,1,70,5
ohkoshi_q05,ohkoshi,大越慎一,q05,5,大学運営・経営における総長の役割、総長のリーダーシップのあり方について、お考えをお聞かせ下さい。,candidate_question,analysis_term_no_stopwords,open,0.014285714285714285,2.09861228866811,0.02998017555240157,1,1,70,6
ohkoshi_q05,ohkoshi,大越慎一,q05,5,大学運営・経営における総長の役割、総長のリーダーシップのあり方について、お考えをお聞かせ下さい。,candidate_question,analysis_term_no_stopwords,ミッション-mission,0.014285714285714285,2.09861228866811,0.02998017555240157,1,1,70,7
ohkoshi_q05,ohkoshi,大越慎一,q05,5,大学運営・経営における総長の役割、総長のリーダーシップのあり方について、お考えをお聞かせ下さい。,candidate_question,analysis_term_no_stopwords,万,0.014285714285714285,2.09861228866811,0.02998017555240157,1,1,70,8
ohkoshi_q05,ohkoshi,大越慎一,q05,5,大学運営・経営における総長の役割、総長のリーダーシップのあり方について、お考えをお聞かせ下さい。,candidate_question,analysis_term_no_stopwords,両面,0.014285714285714285,2.09861228866811,0.02998017555240157,1,1,70,9
ohkoshi_q05,ohkoshi,大越慎一,q05,5,大学運営・経営における総長の役割、総長のリーダーシップのあり方について、お考えをお聞かせ下さい。,candidate_question,analysis_term_no_stopwords,使命,0.014285714285714285,2.09861228866811,0.02998017555240157,1,1,70,10
ohkoshi_q05,ohkoshi,大越慎一,q05,5,大学運営・経営における総長の役割、総長のリーダーシップのあり方について、お考えをお聞かせ下さい。,candidate_question,analysis_term_no_stopwords,合わせる,0.014285714285714285,2.09861228866811,0.02998017555240157,1,1,70,11
ohkoshi_q05,ohkoshi,大越慎一,q05,5,大学運営・経営における総長の役割、総長のリーダーシップのあり方について、お考えをお聞かせ下さい。,candidate_question,analysis_term_no_stopwords,国民,0.014285714285714285,2.09861228866811,0.02998017555240157,1,1,70,12
ohkoshi_q05,ohkoshi,大越慎一,q05,5,大学運営・経営における総長の役割、総長のリーダーシップのあり方について、お考えをお聞かせ下さい。,candidate_question,analysis_term_no_stopwords,所属,0.014285714285714285,2.09861228866811,0.02998017555240157,1,1,70,13
ohkoshi_q05,ohkoshi,大越慎一,q05,5,大学運営・経営における総長の役割、総長のリーダーシップのあり方について、お考えをお聞かせ下さい。,candidate_question,analysis_term_no_stopwords,拡大,0.014285714285714285,2.09861228866811,0.02998017555240157,1,1,70,14
ohkoshi_q05,ohkoshi,大越慎一,q05,5,大学運営・経営における総長の役割、総長のリーダーシップのあり方について、お考えをお聞かせ下さい。,candidate_question,analysis_term_no_stopwords,方法,0.014285714285714285,2.09861228866811,0.02998017555240157,1,1,70,15
ohkoshi_q05,ohkoshi,大越慎一,q05,5,大学運営・経営における総長の役割、総長のリーダーシップのあり方について、お考えをお聞かせ下さい。,candidate_question,analysis_term_no_stopwords,構築,0.014285714285714285,2.09861228866811,0.02998017555240157,1,1,70,16
ohkoshi_q05,ohkoshi,大越慎一,q05,5,大学運営・経営における総長の役割、総長のリーダーシップのあり方について、お考えをお聞かせ下さい。,candidate_question,analysis_term_no_stopwords,理解,0.014285714285714285,2.09861228866811,0.02998017555240157,1,1,70,17
ohkoshi_q05,ohkoshi,大越慎一,q05,5,大学運営・経営における総長の役割、総長のリーダーシップのあり方について、お考えをお聞かせ下さい。,candidate_question,analysis_term_no_stopwords,発揮,0.014285714285714285,2.09861228866811,0.02998017555240157,1,1,70,18
ohkoshi_q05,ohkoshi,大越慎一,q05,5,大学運営・経営における総長の役割、総長のリーダーシップのあり方について、お考えをお聞かせ下さい。,candidate_question,analysis_term_no_stopwords,社会,0.014285714285714285,2.09861228866811,0.02998017555240157,1,1,70,19
ohkoshi_q05,ohkoshi,大越慎一,q05,5,大学運営・経営における総長の役割、総長のリーダーシップのあり方について、お考えをお聞かせ下さい。,candidate_question,analysis_term_no_stopwords,負託,0.014285714285714285,2.09861228866811,0.02998017555240157,1,1,70,20
ohkoshi_q05,ohkoshi,大越慎一,q05,5,大学運営・経営における総長の役割、総長のリーダーシップのあり方について、お考えをお聞かせ下さい。,candidate_question,analysis_term_no_stopwords,資産,0.014285714285714285,2.09861228866811,0.02998017555240157,1,1,70,21
ohkoshi_q05,ohkoshi,大越慎一,q05,5,大学運営・経営における総長の役割、総長のリーダーシップのあり方について、お考えをお聞かせ下さい。,candidate_question,analysis_term_no_stopwords,進める,0.014285714285714285,2.09861228866811,0.02998017555240157,1,1,70,22
ohkoshi_q05,ohkoshi,大越慎一,q05,5,大学運営・経営における総長の役割、総長のリーダーシップのあり方について、お考えをお聞かせ下さい。,candidate_question,analysis_term_no_stopwords,運用,0.014285714285714285,2.09861228866811,0.02998017555240157,1,1,70,23
ohkoshi_q05,ohkoshi,大越慎一,q05,5,大学運営・経営における総長の役割、総長のリーダーシップのあり方について、お考えをお聞かせ下さい。,candidate_question,analysis_term_no_stopwords,トウキョウ,0.02857142857142857,1.0,0.02857142857142857,2,5,70,24
ohkoshi_q05,ohkoshi,大越慎一,q05,5,大学運営・経営における総長の役割、総長のリーダーシップのあり方について、お考えをお聞かせ下さい。,candidate_question,analysis_term_no_stopwords,システム-system,0.014285714285714285,1.6931471805599454,0.024187816865142077,1,2,70,25
ohkoshi_q05,ohkoshi,大越慎一,q05,5,大学運営・経営における総長の役割、総長のリーダーシップのあり方について、お考えをお聞かせ下さい。,candidate_question,analysis_term_no_stopwords,一体,0.014285714285714285,1.6931471805599454,0.024187816865142077,1,2,70,26
ohkoshi_q05,ohkoshi,大越慎一,q05,5,大学運営・経営における総長の役割、総長のリーダーシップのあり方について、お考えをお聞かせ下さい。,candidate_question,analysis_term_no_stopwords,世界,0.014285714285714285,1.6931471805599454,0.024187816865142077,1,2,70,27
ohkoshi_q05,ohkoshi,大越慎一,q05,5,大学運営・経営における総長の役割、総長のリーダーシップのあり方について、お考えをお聞かせ下さい。,candidate_question,analysis_term_no_stopwords,力,0.014285714285714285,1.6931471805599454,0.024187816865142077,1,2,70,28
ohkoshi_q05,ohkoshi,大越慎一,q05,5,大学運営・経営における総長の役割、総長のリーダーシップのあり方について、お考えをお聞かせ下さい。,candidate_question,analysis_term_no_stopwords,執行,0.014285714285714285,1.6931471805599454,0.024187816865142077,1,2,70,29
ohkoshi_q05,ohkoshi,大越慎一,q05,5,大学運営・経営における総長の役割、総長のリーダーシップのあり方について、お考えをお聞かせ下さい。,candidate_question,analysis_term_no_stopwords,場,0.014285714285714285,1.6931471805599454,0.024187816865142077,1,2,70,30
ohkoshi_q05,ohkoshi,大越慎一,q05,5,大学運営・経営における総長の役割、総長のリーダーシップのあり方について、お考えをお聞かせ下さい。,candidate_question,analysis_term_no_stopwords,寄付,0.014285714285714285,1.6931471805599454,0.024187816865142077,1,2,70,31
ohkoshi_q05,ohkoshi,大越慎一,q05,5,大学運営・経営における総長の役割、総長のリーダーシップのあり方について、お考えをお聞かせ下さい。,candidate_question,analysis_term_no_stopwords,対話,0.014285714285714285,1.6931471805599454,0.024187816865142077,1,2,70,32
ohkoshi_q05,ohkoshi,大越慎一,q05,5,大学運営・経営における総長の役割、総長のリーダーシップのあり方について、お考えをお聞かせ下さい。,candidate_question,analysis_term_no_stopwords,尊重,0.014285714285714285,1.6931471805599454,0.024187816865142077,1,2,70,33
ohkoshi_q05,ohkoshi,大越慎一,q05,5,大学運営・経営における総長の役割、総長のリーダーシップのあり方について、お考えをお聞かせ下さい。,candidate_question,analysis_term_no_stopwords,提供,0.014285714285714285,1.6931471805599454,0.024187816865142077,1,2,70,34
ohkoshi_q05,ohkoshi,大越慎一,q05,5,大学運営・経営における総長の役割、総長のリーダーシップのあり方について、お考えをお聞かせ下さい。,candidate_question,analysis_term_no_stopwords,方向,0.014285714285714285,1.6931471805599454,0.024187816865142077,1,2,70,35
ohkoshi_q05,ohkoshi,大越慎一,q05,5,大学運営・経営における総長の役割、総長のリーダーシップのあり方について、お考えをお聞かせ下さい。,candidate_question,analysis_term_no_stopwords,本部,0.014285714285714285,1.6931471805599454,0.024187816865142077,1,2,70,36
ohkoshi_q05,ohkoshi,大越慎一,q05,5,大学運営・経営における総長の役割、総長のリーダーシップのあり方について、お考えをお聞かせ下さい。,candidate_question,analysis_term_no_stopwords,活動,0.014285714285714285,1.6931471805599454,0.024187816865142077,1,2,70,37
ohkoshi_q05,ohkoshi,大越慎一,q05,5,大学運営・経営における総長の役割、総長のリーダーシップのあり方について、お考えをお聞かせ下さい。,candidate_question,analysis_term_no_stopwords,結集,0.014285714285714285,1.6931471805599454,0.024187816865142077,1,2,70,38
ohkoshi_q05,ohkoshi,大越慎一,q05,5,大学運営・経営における総長の役割、総長のリーダーシップのあり方について、お考えをお聞かせ下さい。,candidate_question,analysis_term_no_stopwords,責任,0.014285714285714285,1.6931471805599454,0.024187816865142077,1,2,70,39
ohkoshi_q05,ohkoshi,大越慎一,q05,5,大学運営・経営における総長の役割、総長のリーダーシップのあり方について、お考えをお聞かせ下さい。,candidate_question,analysis_term_no_stopwords,進む,0.014285714285714285,1.6931471805599454,0.024187816865142077,1,2,70,40
ohkoshi_q05,ohkoshi,大越慎一,q05,5,大学運営・経営における総長の役割、総長のリーダーシップのあり方について、お考えをお聞かせ下さい。,candidate_question,analysis_term_no_stopwords,運営,0.014285714285714285,1.6931471805599454,0.024187816865142077,1,2,70,41
ohkoshi_q05,ohkoshi,大越慎一,q05,5,大学運営・経営における総長の役割、総長のリーダーシップのあり方について、お考えをお聞かせ下さい。,candidate_question,analysis_term_no_stopwords,部,0.014285714285714285,1.6931471805599454,0.024187816865142077,1,2,70,42
ohkoshi_q05,ohkoshi,大越慎一,q05,5,大学運営・経営における総長の役割、総長のリーダーシップのあり方について、お考えをお聞かせ下さい。,candidate_question,analysis_term_no_stopwords,部局,0.014285714285714285,1.6931471805599454,0.024187816865142077,1,2,70,43
ohkoshi_q05,ohkoshi,大越慎一,q05,5,大学運営・経営における総長の役割、総長のリーダーシップのあり方について、お考えをお聞かせ下さい。,candidate_question,analysis_term_no_stopwords,リーダーシップ-leadership,0.014285714285714285,1.4054651081081644,0.020078072972973777,1,3,70,44
ohkoshi_q05,ohkoshi,大越慎一,q05,5,大学運営・経営における総長の役割、総長のリーダーシップのあり方について、お考えをお聞かせ下さい。,candidate_question,analysis_term_no_stopwords,対する,0.014285714285714285,1.4054651081081644,0.020078072972973777,1,3,70,45
ohkoshi_q05,ohkoshi,大越慎一,q05,5,大学運営・経営における総長の役割、総長のリーダーシップのあり方について、お考えをお聞かせ下さい。,candidate_question,analysis_term_no_stopwords,居る,0.014285714285714285,1.4054651081081644,0.020078072972973777,1,3,70,46
ohkoshi_q05,ohkoshi,大越慎一,q05,5,大学運営・経営における総長の役割、総長のリーダーシップのあり方について、お考えをお聞かせ下さい。,candidate_question,analysis_term_no_stopwords,意見,0.014285714285714285,1.4054651081081644,0.020078072972973777,1,3,70,47
ohkoshi_q05,ohkoshi,大越慎一,q05,5,大学運営・経営における総長の役割、総長のリーダーシップのあり方について、お考えをお聞かせ下さい。,candidate_question,analysis_term_no_stopwords,成る,0.014285714285714285,1.4054651081081644,0.020078072972973777,1,3,70,48
ohkoshi_q05,ohkoshi,大越慎一,q05,5,大学運営・経営における総長の役割、総長のリーダーシップのあり方について、お考えをお聞かせ下さい。,candidate_question,analysis_term_no_stopwords,於く,0.014285714285714285,1.4054651081081644,0.020078072972973777,1,3,70,49
ohkoshi_q05,ohkoshi,大越慎一,q05,5,大学運営・経営における総長の役割、総長のリーダーシップのあり方について、お考えをお聞かせ下さい。,candidate_question,analysis_term_no_stopwords,果たす,0.014285714285714285,1.4054651081081644,0.020078072972973777,1,3,70,50
ohkoshi_q05,ohkoshi,大越慎一,q05,5,大学運営・経営における総長の役割、総長のリーダーシップのあり方について、お考えをお聞かせ下さい。,candidate_question,analysis_term_no_stopwords,構成,0.014285714285714285,1.4054651081081644,0.020078072972973777,1,3,70,51
ohkoshi_q05,ohkoshi,大越慎一,q05,5,大学運営・経営における総長の役割、総長のリーダーシップのあり方について、お考えをお聞かせ下さい。,candidate_question,analysis_term_no_stopwords,示す,0.014285714285714285,1.4054651081081644,0.020078072972973777,1,3,70,52
ohkoshi_q05,ohkoshi,大越慎一,q05,5,大学運営・経営における総長の役割、総長のリーダーシップのあり方について、お考えをお聞かせ下さい。,candidate_question,analysis_term_no_stopwords,組織,0.014285714285714285,1.4054651081081644,0.020078072972973777,1,3,70,53
ohkoshi_q05,ohkoshi,大越慎一,q05,5,大学運営・経営における総長の役割、総長のリーダーシップのあり方について、お考えをお聞かせ下さい。,candidate_question,analysis_term_no_stopwords,考える,0.014285714285714285,1.1823215567939547,0.01689030795419935,1,4,70,54
ohkoshi_q05,ohkoshi,大越慎一,q05,5,大学運営・経営における総長の役割、総長のリーダーシップのあり方について、お考えをお聞かせ下さい。,candidate_question,analysis_term_no_stopwords,事,0.014285714285714285,1.0,0.014285714285714285,1,5,70,55
ohkoshi_q05,ohkoshi,大越慎一,q05,5,大学運営・経営における総長の役割、総長のリーダーシップのあり方について、お考えをお聞かせ下さい。,candidate_question,analysis_term_no_stopwords,役割,0.014285714285714285,1.0,0.014285714285714285,1,5,70,56
ohkoshi_q05,ohkoshi,大越慎一,q05,5,大学運営・経営における総長の役割、総長のリーダーシップのあり方について、お考えをお聞かせ下さい。,candidate_question,analysis_term_no_stopwords,総長,0.014285714285714285,1.0,0.014285714285714285,1,5,70,57
someya_q05,someya,染谷隆夫,q05,5,大学運営・経営における総長の役割、総長のリーダーシップのあり方について、お考えをお聞かせ下さい。,candidate_question,analysis_term_no_stopwords,為る,0.07407407407407407,1.0,0.07407407407407407,8,5,108,1
someya_q05,someya,染谷隆夫,q05,5,大学運営・経営における総長の役割、総長のリーダーシップのあり方について、お考えをお聞かせ下さい。,candidate_question,analysis_term_no_stopwords,事,0.046296296296296294,1.0,0.046296296296296294,5,5,108,2
someya_q05,someya,染谷隆夫,q05,5,大学運営・経営における総長の役割、総長のリーダーシップのあり方について、お考えをお聞かせ下さい。,candidate_question,analysis_term_no_stopwords,構成,0.027777777777777776,1.4054651081081644,0.03904069744744901,3,3,108,3
someya_q05,someya,染谷隆夫,q05,5,大学運営・経営における総長の役割、総長のリーダーシップのあり方について、お考えをお聞かせ下さい。,candidate_question,analysis_term_no_stopwords,専門,0.018518518518518517,2.09861228866811,0.03886319053089093,2,1,108,4
someya_q05,someya,染谷隆夫,q05,5,大学運営・経営における総長の役割、総長のリーダーシップのあり方について、お考えをお聞かせ下さい。,candidate_question,analysis_term_no_stopwords,工学,0.018518518518518517,2.09861228866811,0.03886319053089093,2,1,108,5
someya_q05,someya,染谷隆夫,q05,5,大学運営・経営における総長の役割、総長のリーダーシップのあり方について、お考えをお聞かせ下さい。,candidate_question,analysis_term_no_stopwords,業務,0.018518518518518517,2.09861228866811,0.03886319053089093,2,1,108,6
someya_q05,someya,染谷隆夫,q05,5,大学運営・経営における総長の役割、総長のリーダーシップのあり方について、お考えをお聞かせ下さい。,candidate_question,analysis_term_no_stopwords,必要,0.018518518518518517,1.6931471805599454,0.031354577417776766,2,2,108,7
someya_q05,someya,染谷隆夫,q05,5,大学運営・経営における総長の役割、総長のリーダーシップのあり方について、お考えをお聞かせ下さい。,candidate_question,analysis_term_no_stopwords,整える,0.018518518518518517,1.6931471805599454,0.031354577417776766,2,2,108,8
someya_q05,someya,染谷隆夫,q05,5,大学運営・経営における総長の役割、総長のリーダーシップのあり方について、お考えをお聞かせ下さい。,candidate_question,analysis_term_no_stopwords,本部,0.018518518518518517,1.6931471805599454,0.031354577417776766,2,2,108,9
someya_q05,someya,染谷隆夫,q05,5,大学運営・経営における総長の役割、総長のリーダーシップのあり方について、お考えをお聞かせ下さい。,candidate_question,analysis_term_no_stopwords,環境,0.018518518518518517,1.6931471805599454,0.031354577417776766,2,2,108,10
someya_q05,someya,染谷隆夫,q05,5,大学運営・経営における総長の役割、総長のリーダーシップのあり方について、お考えをお聞かせ下さい。,candidate_question,analysis_term_no_stopwords,責任,0.018518518518518517,1.6931471805599454,0.031354577417776766,2,2,108,11
someya_q05,someya,染谷隆夫,q05,5,大学運営・経営における総長の役割、総長のリーダーシップのあり方について、お考えをお聞かせ下さい。,candidate_question,analysis_term_no_stopwords,役割,0.027777777777777776,1.0,0.027777777777777776,3,5,108,12
someya_q05,someya,染谷隆夫,q05,5,大学運営・経営における総長の役割、総長のリーダーシップのあり方について、お考えをお聞かせ下さい。,candidate_question,analysis_term_no_stopwords,有る,0.027777777777777776,1.0,0.027777777777777776,3,5,108,13
someya_q05,someya,染谷隆夫,q05,5,大学運営・経営における総長の役割、総長のリーダーシップのあり方について、お考えをお聞かせ下さい。,candidate_question,analysis_term_no_stopwords,総長,0.027777777777777776,1.0,0.027777777777777776,3,5,108,14
someya_q05,someya,染谷隆夫,q05,5,大学運営・経営における総長の役割、総長のリーダーシップのあり方について、お考えをお聞かせ下さい。,candidate_question,analysis_term_no_stopwords,出来る,0.018518518518518517,1.4054651081081644,0.026027131631632672,2,3,108,15
someya_q05,someya,染谷隆夫,q05,5,大学運営・経営における総長の役割、総長のリーダーシップのあり方について、お考えをお聞かせ下さい。,candidate_question,analysis_term_no_stopwords,チーム-team,0.009259259259259259,2.09861228866811,0.019431595265445464,1,1,108,16
someya_q05,someya,染谷隆夫,q05,5,大学運営・経営における総長の役割、総長のリーダーシップのあり方について、お考えをお聞かせ下さい。,candidate_question,analysis_term_no_stopwords,上,0.009259259259259259,2.09861228866811,0.019431595265445464,1,1,108,17
someya_q05,someya,染谷隆夫,q05,5,大学運営・経営における総長の役割、総長のリーダーシップのあり方について、お考えをお聞かせ下さい。,candidate_question,analysis_term_no_stopwords,下す,0.009259259259259259,2.09861228866811,0.019431595265445464,1,1,108,18
someya_q05,someya,染谷隆夫,q05,5,大学運営・経営における総長の役割、総長のリーダーシップのあり方について、お考えをお聞かせ下さい。,candidate_question,analysis_term_no_stopwords,仕組み,0.009259259259259259,2.09861228866811,0.019431595265445464,1,1,108,19
someya_q05,someya,染谷隆夫,q05,5,大学運営・経営における総長の役割、総長のリーダーシップのあり方について、お考えをお聞かせ下さい。,candidate_question,analysis_term_no_stopwords,会議,0.009259259259259259,2.09861228866811,0.019431595265445464,1,1,108,20
someya_q05,someya,染谷隆夫,q05,5,大学運営・経営における総長の役割、総長のリーダーシップのあり方について、お考えをお聞かせ下さい。,candidate_question,analysis_term_no_stopwords,作る,0.009259259259259259,2.09861228866811,0.019431595265445464,1,1,108,21
someya_q05,someya,染谷隆夫,q05,5,大学運営・経営における総長の役割、総長のリーダーシップのあり方について、お考えをお聞かせ下さい。,candidate_question,analysis_term_no_stopwords,傾ける,0.009259259259259259,2.09861228866811,0.019431595265445464,1,1,108,22
someya_q05,someya,染谷隆夫,q05,5,大学運営・経営における総長の役割、総長のリーダーシップのあり方について、お考えをお聞かせ下さい。,candidate_question,analysis_term_no_stopwords,全学,0.009259259259259259,2.09861228866811,0.019431595265445464,1,1,108,23
someya_q05,someya,染谷隆夫,q05,5,大学運営・経営における総長の役割、総長のリーダーシップのあり方について、お考えをお聞かせ下さい。,candidate_question,analysis_term_no_stopwords,判断,0.009259259259259259,2.09861228866811,0.019431595265445464,1,1,108,24
someya_q05,someya,染谷隆夫,q05,5,大学運営・経営における総長の役割、総長のリーダーシップのあり方について、お考えをお聞かせ下さい。,candidate_question,analysis_term_no_stopwords,加える,0.009259259259259259,2.09861228866811,0.019431595265445464,1,1,108,25
someya_q05,someya,染谷隆夫,q05,5,大学運営・経営における総長の役割、総長のリーダーシップのあり方について、お考えをお聞かせ下さい。,candidate_question,analysis_term_no_stopwords,取り組む,0.009259259259259259,2.09861228866811,0.019431595265445464,1,1,108,26
someya_q05,someya,染谷隆夫,q05,5,大学運営・経営における総長の役割、総長のリーダーシップのあり方について、お考えをお聞かせ下さい。,candidate_question,analysis_term_no_stopwords,夢,0.009259259259259259,2.09861228866811,0.019431595265445464,1,1,108,27
someya_q05,someya,染谷隆夫,q05,5,大学運営・経営における総長の役割、総長のリーダーシップのあり方について、お考えをお聞かせ下さい。,candidate_question,analysis_term_no_stopwords,学び,0.009259259259259259,2.09861228866811,0.019431595265445464,1,1,108,28
someya_q05,someya,染谷隆夫,q05,5,大学運営・経営における総長の役割、総長のリーダーシップのあり方について、お考えをお聞かせ下さい。,candidate_question,analysis_term_no_stopwords,安心,0.009259259259259259,2.09861228866811,0.019431595265445464,1,1,108,29
someya_q05,someya,染谷隆夫,q05,5,大学運営・経営における総長の役割、総長のリーダーシップのあり方について、お考えをお聞かせ下さい。,candidate_question,analysis_term_no_stopwords,実現,0.009259259259259259,2.09861228866811,0.019431595265445464,1,1,108,30
someya_q05,someya,染谷隆夫,q05,5,大学運営・経営における総長の役割、総長のリーダーシップのあり方について、お考えをお聞かせ下さい。,candidate_question,analysis_term_no_stopwords,広げる,0.009259259259259259,2.09861228866811,0.019431595265445464,1,1,108,31
someya_q05,someya,染谷隆夫,q05,5,大学運営・経営における総長の役割、総長のリーダーシップのあり方について、お考えをお聞かせ下さい。,candidate_question,analysis_term_no_stopwords,弁護,0.009259259259259259,2.09861228866811,0.019431595265445464,1,1,108,32
someya_q05,someya,染谷隆夫,q05,5,大学運営・経営における総長の役割、総長のリーダーシップのあり方について、お考えをお聞かせ下さい。,candidate_question,analysis_term_no_stopwords,得意,0.009259259259259259,2.09861228866811,0.019431595265445464,1,1,108,33
someya_q05,someya,染谷隆夫,q05,5,大学運営・経営における総長の役割、総長のリーダーシップのあり方について、お考えをお聞かせ下さい。,candidate_question,analysis_term_no_stopwords,感,0.009259259259259259,2.09861228866811,0.019431595265445464,1,1,108,34
someya_q05,someya,染谷隆夫,q05,5,大学運営・経営における総長の役割、総長のリーダーシップのあり方について、お考えをお聞かせ下さい。,candidate_question,analysis_term_no_stopwords,成果,0.009259259259259259,2.09861228866811,0.019431595265445464,1,1,108,35
someya_q05,someya,染谷隆夫,q05,5,大学運営・経営における総長の役割、総長のリーダーシップのあり方について、お考えをお聞かせ下さい。,candidate_question,analysis_term_no_stopwords,根拠,0.009259259259259259,2.09861228866811,0.019431595265445464,1,1,108,36
someya_q05,someya,染谷隆夫,q05,5,大学運営・経営における総長の役割、総長のリーダーシップのあり方について、お考えをお聞かせ下さい。,candidate_question,analysis_term_no_stopwords,現場,0.009259259259259259,2.09861228866811,0.019431595265445464,1,1,108,37
someya_q05,someya,染谷隆夫,q05,5,大学運営・経営における総長の役割、総長のリーダーシップのあり方について、お考えをお聞かせ下さい。,candidate_question,analysis_term_no_stopwords,生かす,0.009259259259259259,2.09861228866811,0.019431595265445464,1,1,108,38
someya_q05,someya,染谷隆夫,q05,5,大学運営・経営における総長の役割、総長のリーダーシップのあり方について、お考えをお聞かせ下さい。,candidate_question,analysis_term_no_stopwords,発信,0.009259259259259259,2.09861228866811,0.019431595265445464,1,1,108,39
someya_q05,someya,染谷隆夫,q05,5,大学運営・経営における総長の役割、総長のリーダーシップのあり方について、お考えをお聞かせ下さい。,candidate_question,analysis_term_no_stopwords,知見,0.009259259259259259,2.09861228866811,0.019431595265445464,1,1,108,40
someya_q05,someya,染谷隆夫,q05,5,大学運営・経営における総長の役割、総長のリーダーシップのあり方について、お考えをお聞かせ下さい。,candidate_question,analysis_term_no_stopwords,科長,0.009259259259259259,2.09861228866811,0.019431595265445464,1,1,108,41
someya_q05,someya,染谷隆夫,q05,5,大学運営・経営における総長の役割、総長のリーダーシップのあり方について、お考えをお聞かせ下さい。,candidate_question,analysis_term_no_stopwords,結果,0.009259259259259259,2.09861228866811,0.019431595265445464,1,1,108,42
someya_q05,someya,染谷隆夫,q05,5,大学運営・経営における総長の役割、総長のリーダーシップのあり方について、お考えをお聞かせ下さい。,candidate_question,analysis_term_no_stopwords,耳,0.009259259259259259,2.09861228866811,0.019431595265445464,1,1,108,43
someya_q05,someya,染谷隆夫,q05,5,大学運営・経営における総長の役割、総長のリーダーシップのあり方について、お考えをお聞かせ下さい。,candidate_question,analysis_term_no_stopwords,自信,0.009259259259259259,2.09861228866811,0.019431595265445464,1,1,108,44
someya_q05,someya,染谷隆夫,q05,5,大学運営・経営における総長の役割、総長のリーダーシップのあり方について、お考えをお聞かせ下さい。,candidate_question,analysis_term_no_stopwords,裁量,0.009259259259259259,2.09861228866811,0.019431595265445464,1,1,108,45
someya_q05,someya,染谷隆夫,q05,5,大学運営・経営における総長の役割、総長のリーダーシップのあり方について、お考えをお聞かせ下さい。,candidate_question,analysis_term_no_stopwords,負う,0.009259259259259259,2.09861228866811,0.019431595265445464,1,1,108,46
someya_q05,someya,染谷隆夫,q05,5,大学運営・経営における総長の役割、総長のリーダーシップのあり方について、お考えをお聞かせ下さい。,candidate_question,analysis_term_no_stopwords,通ずる,0.009259259259259259,2.09861228866811,0.019431595265445464,1,1,108,47
someya_q05,someya,染谷隆夫,q05,5,大学運営・経営における総長の役割、総長のリーダーシップのあり方について、お考えをお聞かせ下さい。,candidate_question,analysis_term_no_stopwords,連携,0.009259259259259259,2.09861228866811,0.019431595265445464,1,1,108,48
someya_q05,someya,染谷隆夫,q05,5,大学運営・経営における総長の役割、総長のリーダーシップのあり方について、お考えをお聞かせ下さい。,candidate_question,analysis_term_no_stopwords,重ねる,0.009259259259259259,2.09861228866811,0.019431595265445464,1,1,108,49
someya_q05,someya,染谷隆夫,q05,5,大学運営・経営における総長の役割、総長のリーダーシップのあり方について、お考えをお聞かせ下さい。,candidate_question,analysis_term_no_stopwords,開く,0.009259259259259259,2.09861228866811,0.019431595265445464,1,1,108,50
someya_q05,someya,染谷隆夫,q05,5,大学運営・経営における総長の役割、総長のリーダーシップのあり方について、お考えをお聞かせ下さい。,candidate_question,analysis_term_no_stopwords,集中,0.009259259259259259,2.09861228866811,0.019431595265445464,1,1,108,51
someya_q05,someya,染谷隆夫,q05,5,大学運営・経営における総長の役割、総長のリーダーシップのあり方について、お考えをお聞かせ下さい。,candidate_question,analysis_term_no_stopwords,高める,0.009259259259259259,2.09861228866811,0.019431595265445464,1,1,108,52
someya_q05,someya,染谷隆夫,q05,5,大学運営・経営における総長の役割、総長のリーダーシップのあり方について、お考えをお聞かせ下さい。,candidate_question,analysis_term_no_stopwords,コミュニケーション-communication,0.009259259259259259,1.6931471805599454,0.015677288708888383,1,2,108,53
someya_q05,someya,染谷隆夫,q05,5,大学運営・経営における総長の役割、総長のリーダーシップのあり方について、お考えをお聞かせ下さい。,candidate_question,analysis_term_no_stopwords,一体,0.009259259259259259,1.6931471805599454,0.015677288708888383,1,2,108,54
someya_q05,someya,染谷隆夫,q05,5,大学運営・経営における総長の役割、総長のリーダーシップのあり方について、お考えをお聞かせ下さい。,candidate_question,analysis_term_no_stopwords,体制,0.009259259259259259,1.6931471805599454,0.015677288708888383,1,2,108,55
someya_q05,someya,染谷隆夫,q05,5,大学運営・経営における総長の役割、総長のリーダーシップのあり方について、お考えをお聞かせ下さい。,candidate_question,analysis_term_no_stopwords,優れる,0.009259259259259259,1.6931471805599454,0.015677288708888383,1,2,108,56
someya_q05,someya,染谷隆夫,q05,5,大学運営・経営における総長の役割、総長のリーダーシップのあり方について、お考えをお聞かせ下さい。,candidate_question,analysis_term_no_stopwords,全て,0.009259259259259259,1.6931471805599454,0.015677288708888383,1,2,108,57
someya_q05,someya,染谷隆夫,q05,5,大学運営・経営における総長の役割、総長のリーダーシップのあり方について、お考えをお聞かせ下さい。,candidate_question,analysis_term_no_stopwords,全体,0.009259259259259259,1.6931471805599454,0.015677288708888383,1,2,108,58
someya_q05,someya,染谷隆夫,q05,5,大学運営・経営における総長の役割、総長のリーダーシップのあり方について、お考えをお聞かせ下さい。,candidate_question,analysis_term_no_stopwords,其々,0.009259259259259259,1.6931471805599454,0.015677288708888383,1,2,108,59
someya_q05,someya,染谷隆夫,q05,5,大学運営・経営における総長の役割、総長のリーダーシップのあり方について、お考えをお聞かせ下さい。,candidate_question,analysis_term_no_stopwords,執行,0.009259259259259259,1.6931471805599454,0.015677288708888383,1,2,108,60
someya_q05,someya,染谷隆夫,q05,5,大学運営・経営における総長の役割、総長のリーダーシップのあり方について、お考えをお聞かせ下さい。,candidate_question,analysis_term_no_stopwords,対話,0.009259259259259259,1.6931471805599454,0.015677288708888383,1,2,108,61
someya_q05,someya,染谷隆夫,q05,5,大学運営・経営における総長の役割、総長のリーダーシップのあり方について、お考えをお聞かせ下さい。,candidate_question,analysis_term_no_stopwords,尊重,0.009259259259259259,1.6931471805599454,0.015677288708888383,1,2,108,62
someya_q05,someya,染谷隆夫,q05,5,大学運営・経営における総長の役割、総長のリーダーシップのあり方について、お考えをお聞かせ下さい。,candidate_question,analysis_term_no_stopwords,意思,0.009259259259259259,1.6931471805599454,0.015677288708888383,1,2,108,63
someya_q05,someya,染谷隆夫,q05,5,大学運営・経営における総長の役割、総長のリーダーシップのあり方について、お考えをお聞かせ下さい。,candidate_question,analysis_term_no_stopwords,時代,0.009259259259259259,1.6931471805599454,0.015677288708888383,1,2,108,64
someya_q05,someya,染谷隆夫,q05,5,大学運営・経営における総長の役割、総長のリーダーシップのあり方について、お考えをお聞かせ下さい。,candidate_question,analysis_term_no_stopwords,最終,0.009259259259259259,1.6931471805599454,0.015677288708888383,1,2,108,65
someya_q05,someya,染谷隆夫,q05,5,大学運営・経営における総長の役割、総長のリーダーシップのあり方について、お考えをお聞かせ下さい。,candidate_question,analysis_term_no_stopwords,決定,0.009259259259259259,1.6931471805599454,0.015677288708888383,1,2,108,66
someya_q05,someya,染谷隆夫,q05,5,大学運営・経営における総長の役割、総長のリーダーシップのあり方について、お考えをお聞かせ下さい。,candidate_question,analysis_term_no_stopwords,決断,0.009259259259259259,1.6931471805599454,0.015677288708888383,1,2,108,67
someya_q05,someya,染谷隆夫,q05,5,大学運営・経営における総長の役割、総長のリーダーシップのあり方について、お考えをお聞かせ下さい。,candidate_question,analysis_term_no_stopwords,築く,0.009259259259259259,1.6931471805599454,0.015677288708888383,1,2,108,68
someya_q05,someya,染谷隆夫,q05,5,大学運営・経営における総長の役割、総長のリーダーシップのあり方について、お考えをお聞かせ下さい。,candidate_question,analysis_term_no_stopwords,経験,0.009259259259259259,1.6931471805599454,0.015677288708888383,1,2,108,69
someya_q05,someya,染谷隆夫,q05,5,大学運営・経営における総長の役割、総長のリーダーシップのあり方について、お考えをお聞かせ下さい。,candidate_question,analysis_term_no_stopwords,結集,0.009259259259259259,1.6931471805599454,0.015677288708888383,1,2,108,70
someya_q05,someya,染谷隆夫,q05,5,大学運営・経営における総長の役割、総長のリーダーシップのあり方について、お考えをお聞かせ下さい。,candidate_question,analysis_term_no_stopwords,運営,0.009259259259259259,1.6931471805599454,0.015677288708888383,1,2,108,71
someya_q05,someya,染谷隆夫,q05,5,大学運営・経営における総長の役割、総長のリーダーシップのあり方について、お考えをお聞かせ下さい。,candidate_question,analysis_term_no_stopwords,邁進,0.009259259259259259,1.6931471805599454,0.015677288708888383,1,2,108,72
someya_q05,someya,染谷隆夫,q05,5,大学運営・経営における総長の役割、総長のリーダーシップのあり方について、お考えをお聞かせ下さい。,candidate_question,analysis_term_no_stopwords,部,0.009259259259259259,1.6931471805599454,0.015677288708888383,1,2,108,73
someya_q05,someya,染谷隆夫,q05,5,大学運営・経営における総長の役割、総長のリーダーシップのあり方について、お考えをお聞かせ下さい。,candidate_question,analysis_term_no_stopwords,部局,0.009259259259259259,1.6931471805599454,0.015677288708888383,1,2,108,74
someya_q05,someya,染谷隆夫,q05,5,大学運営・経営における総長の役割、総長のリーダーシップのあり方について、お考えをお聞かせ下さい。,candidate_question,analysis_term_no_stopwords,学内,0.009259259259259259,1.4054651081081644,0.013013565815816336,1,3,108,75
someya_q05,someya,染谷隆夫,q05,5,大学運営・経営における総長の役割、総長のリーダーシップのあり方について、お考えをお聞かせ下さい。,candidate_question,analysis_term_no_stopwords,意見,0.009259259259259259,1.4054651081081644,0.013013565815816336,1,3,108,76
someya_q05,someya,染谷隆夫,q05,5,大学運営・経営における総長の役割、総長のリーダーシップのあり方について、お考えをお聞かせ下さい。,candidate_question,analysis_term_no_stopwords,支援,0.009259259259259259,1.4054651081081644,0.013013565815816336,1,3,108,77
someya_q05,someya,染谷隆夫,q05,5,大学運営・経営における総長の役割、総長のリーダーシップのあり方について、お考えをお聞かせ下さい。,candidate_question,analysis_term_no_stopwords,求める,0.009259259259259259,1.4054651081081644,0.013013565815816336,1,3,108,78
someya_q05,someya,染谷隆夫,q05,5,大学運営・経営における総長の役割、総長のリーダーシップのあり方について、お考えをお聞かせ下さい。,candidate_question,analysis_term_no_stopwords,為,0.009259259259259259,1.4054651081081644,0.013013565815816336,1,3,108,79
someya_q05,someya,染谷隆夫,q05,5,大学運営・経営における総長の役割、総長のリーダーシップのあり方について、お考えをお聞かせ下さい。,candidate_question,analysis_term_no_stopwords,トウキョウ,0.009259259259259259,1.0,0.009259259259259259,1,5,108,80
sugano_q05,sugano,菅野暁,q05,5,大学運営・経営における総長の役割、総長のリーダーシップのあり方について、お考えをお聞かせ下さい。,candidate_question,analysis_term_no_stopwords,有る,0.06349206349206349,1.0,0.06349206349206349,16,5,252,1
sugano_q05,sugano,菅野暁,q05,5,大学運営・経営における総長の役割、総長のリーダーシップのあり方について、お考えをお聞かせ下さい。,candidate_question,analysis_term_no_stopwords,学長,0.023809523809523808,2.09861228866811,0.049966959254002616,6,1,252,2
sugano_q05,sugano,菅野暁,q05,5,大学運営・経営における総長の役割、総長のリーダーシップのあり方について、お考えをお聞かせ下さい。,candidate_question,analysis_term_no_stopwords,良い,0.01984126984126984,2.09861228866811,0.041639132711668844,5,1,252,3
sugano_q05,sugano,菅野暁,q05,5,大学運営・経営における総長の役割、総長のリーダーシップのあり方について、お考えをお聞かせ下さい。,candidate_question,analysis_term_no_stopwords,為る,0.03968253968253968,1.0,0.03968253968253968,10,5,252,4
sugano_q05,sugano,菅野暁,q05,5,大学運営・経営における総長の役割、総長のリーダーシップのあり方について、お考えをお聞かせ下さい。,candidate_question,analysis_term_no_stopwords,事,0.03571428571428571,1.0,0.03571428571428571,9,5,252,5
sugano_q05,sugano,菅野暁,q05,5,大学運営・経営における総長の役割、総長のリーダーシップのあり方について、お考えをお聞かせ下さい。,candidate_question,analysis_term_no_stopwords,経営,0.015873015873015872,2.09861228866811,0.03331130616933508,4,1,252,6
sugano_q05,sugano,菅野暁,q05,5,大学運営・経営における総長の役割、総長のリーダーシップのあり方について、お考えをお聞かせ下さい。,candidate_question,analysis_term_no_stopwords,総長,0.031746031746031744,1.0,0.031746031746031744,8,5,252,7
sugano_q05,sugano,菅野暁,q05,5,大学運営・経営における総長の役割、総長のリーダーシップのあり方について、お考えをお聞かせ下さい。,candidate_question,analysis_term_no_stopwords,出来る,0.01984126984126984,1.4054651081081644,0.02788621246246358,5,3,252,8
sugano_q05,sugano,菅野暁,q05,5,大学運営・経営における総長の役割、総長のリーダーシップのあり方について、お考えをお聞かせ下さい。,candidate_question,analysis_term_no_stopwords,居る,0.01984126984126984,1.4054651081081644,0.02788621246246358,5,3,252,9
sugano_q05,sugano,菅野暁,q05,5,大学運営・経営における総長の役割、総長のリーダーシップのあり方について、お考えをお聞かせ下さい。,candidate_question,analysis_term_no_stopwords,成る,0.01984126984126984,1.4054651081081644,0.02788621246246358,5,3,252,10
sugano_q05,sugano,菅野暁,q05,5,大学運営・経営における総長の役割、総長のリーダーシップのあり方について、お考えをお聞かせ下さい。,candidate_question,analysis_term_no_stopwords,一,0.011904761904761904,2.09861228866811,0.024983479627001308,3,1,252,11
sugano_q05,sugano,菅野暁,q05,5,大学運営・経営における総長の役割、総長のリーダーシップのあり方について、お考えをお聞かせ下さい。,candidate_question,analysis_term_no_stopwords,役割,0.023809523809523808,1.0,0.023809523809523808,6,5,252,12
sugano_q05,sugano,菅野暁,q05,5,大学運営・経営における総長の役割、総長のリーダーシップのあり方について、お考えをお聞かせ下さい。,candidate_question,analysis_term_no_stopwords,於く,0.015873015873015872,1.4054651081081644,0.022308969969970862,4,3,252,13
sugano_q05,sugano,菅野暁,q05,5,大学運営・経営における総長の役割、総長のリーダーシップのあり方について、お考えをお聞かせ下さい。,candidate_question,analysis_term_no_stopwords,像,0.011904761904761904,1.6931471805599454,0.020156514054285063,3,2,252,14
sugano_q05,sugano,菅野暁,q05,5,大学運営・経営における総長の役割、総長のリーダーシップのあり方について、お考えをお聞かせ下さい。,candidate_question,analysis_term_no_stopwords,全て,0.011904761904761904,1.6931471805599454,0.020156514054285063,3,2,252,15
sugano_q05,sugano,菅野暁,q05,5,大学運営・経営における総長の役割、総長のリーダーシップのあり方について、お考えをお聞かせ下さい。,candidate_question,analysis_term_no_stopwords,学術,0.011904761904761904,1.6931471805599454,0.020156514054285063,3,2,252,16
sugano_q05,sugano,菅野暁,q05,5,大学運営・経営における総長の役割、総長のリーダーシップのあり方について、お考えをお聞かせ下さい。,candidate_question,analysis_term_no_stopwords,無い,0.011904761904761904,1.6931471805599454,0.020156514054285063,3,2,252,17
sugano_q05,sugano,菅野暁,q05,5,大学運営・経営における総長の役割、総長のリーダーシップのあり方について、お考えをお聞かせ下さい。,candidate_question,analysis_term_no_stopwords,経験,0.011904761904761904,1.6931471805599454,0.020156514054285063,3,2,252,18
sugano_q05,sugano,菅野暁,q05,5,大学運営・経営における総長の役割、総長のリーダーシップのあり方について、お考えをお聞かせ下さい。,candidate_question,analysis_term_no_stopwords,kerr,0.007936507936507936,2.09861228866811,0.01665565308466754,2,1,252,19
sugano_q05,sugano,菅野暁,q05,5,大学運営・経営における総長の役割、総長のリーダーシップのあり方について、お考えをお聞かせ下さい。,candidate_question,analysis_term_no_stopwords,プロ-pro,0.007936507936507936,2.09861228866811,0.01665565308466754,2,1,252,20
sugano_q05,sugano,菅野暁,q05,5,大学運営・経営における総長の役割、総長のリーダーシップのあり方について、お考えをお聞かせ下さい。,candidate_question,analysis_term_no_stopwords,ボスト,0.007936507936507936,2.09861228866811,0.01665565308466754,2,1,252,21
sugano_q05,sugano,菅野暁,q05,5,大学運営・経営における総長の役割、総長のリーダーシップのあり方について、お考えをお聞かせ下さい。,candidate_question,analysis_term_no_stopwords,今回,0.007936507936507936,2.09861228866811,0.01665565308466754,2,1,252,22
sugano_q05,sugano,菅野暁,q05,5,大学運営・経営における総長の役割、総長のリーダーシップのあり方について、お考えをお聞かせ下さい。,candidate_question,analysis_term_no_stopwords,前,0.007936507936507936,2.09861228866811,0.01665565308466754,2,1,252,23
sugano_q05,sugano,菅野暁,q05,5,大学運営・経営における総長の役割、総長のリーダーシップのあり方について、お考えをお聞かせ下さい。,candidate_question,analysis_term_no_stopwords,友人,0.007936507936507936,2.09861228866811,0.01665565308466754,2,1,252,24
sugano_q05,sugano,菅野暁,q05,5,大学運営・経営における総長の役割、総長のリーダーシップのあり方について、お考えをお聞かせ下さい。,candidate_question,analysis_term_no_stopwords,夫,0.007936507936507936,2.09861228866811,0.01665565308466754,2,1,252,25
sugano_q05,sugano,菅野暁,q05,5,大学運営・経営における総長の役割、総長のリーダーシップのあり方について、お考えをお聞かせ下さい。,candidate_question,analysis_term_no_stopwords,思う,0.007936507936507936,2.09861228866811,0.01665565308466754,2,1,252,26
sugano_q05,sugano,菅野暁,q05,5,大学運営・経営における総長の役割、総長のリーダーシップのあり方について、お考えをお聞かせ下さい。,candidate_question,analysis_term_no_stopwords,父,0.007936507936507936,2.09861228866811,0.01665565308466754,2,1,252,27
sugano_q05,sugano,菅野暁,q05,5,大学運営・経営における総長の役割、総長のリーダーシップのあり方について、お考えをお聞かせ下さい。,candidate_question,analysis_term_no_stopwords,言う,0.007936507936507936,2.09861228866811,0.01665565308466754,2,1,252,28
sugano_q05,sugano,菅野暁,q05,5,大学運営・経営における総長の役割、総長のリーダーシップのあり方について、お考えをお聞かせ下さい。,candidate_question,analysis_term_no_stopwords,トウキョウ,0.015873015873015872,1.0,0.015873015873015872,4,5,252,29
sugano_q05,sugano,菅野暁,q05,5,大学運営・経営における総長の役割、総長のリーダーシップのあり方について、お考えをお聞かせ下さい。,candidate_question,analysis_term_no_stopwords,会,0.007936507936507936,1.6931471805599454,0.013437676036190041,2,2,252,30
sugano_q05,sugano,菅野暁,q05,5,大学運営・経営における総長の役割、総長のリーダーシップのあり方について、お考えをお聞かせ下さい。,candidate_question,analysis_term_no_stopwords,優れる,0.007936507936507936,1.6931471805599454,0.013437676036190041,2,2,252,31
sugano_q05,sugano,菅野暁,q05,5,大学運営・経営における総長の役割、総長のリーダーシップのあり方について、お考えをお聞かせ下さい。,candidate_question,analysis_term_no_stopwords,述べる,0.007936507936507936,1.6931471805599454,0.013437676036190041,2,2,252,32
sugano_q05,sugano,菅野暁,q05,5,大学運営・経営における総長の役割、総長のリーダーシップのあり方について、お考えをお聞かせ下さい。,candidate_question,analysis_term_no_stopwords,求める,0.007936507936507936,1.4054651081081644,0.011154484984985431,2,3,252,33
sugano_q05,sugano,菅野暁,q05,5,大学運営・経営における総長の役割、総長のリーダーシップのあり方について、お考えをお聞かせ下さい。,candidate_question,analysis_term_no_stopwords,berkeley,0.003968253968253968,2.09861228866811,0.00832782654233377,1,1,252,34
sugano_q05,sugano,菅野暁,q05,5,大学運営・経営における総長の役割、総長のリーダーシップのあり方について、お考えをお聞かせ下さい。,candidate_question,analysis_term_no_stopwords,clark,0.003968253968253968,2.09861228866811,0.00832782654233377,1,1,252,35
sugano_q05,sugano,菅野暁,q05,5,大学運営・経営における総長の役割、総長のリーダーシップのあり方について、お考えをお聞かせ下さい。,candidate_question,analysis_term_no_stopwords,uc,0.003968253968253968,2.09861228866811,0.00832782654233377,1,1,252,36
sugano_q05,sugano,菅野暁,q05,5,大学運営・経営における総長の役割、総長のリーダーシップのあり方について、お考えをお聞かせ下さい。,candidate_question,analysis_term_no_stopwords,つく,0.003968253968253968,2.09861228866811,0.00832782654233377,1,1,252,37
sugano_q05,sugano,菅野暁,q05,5,大学運営・経営における総長の役割、総長のリーダーシップのあり方について、お考えをお聞かせ下さい。,candidate_question,analysis_term_no_stopwords,アメリカ-america,0.003968253968253968,2.09861228866811,0.00832782654233377,1,1,252,38
sugano_q05,sugano,菅野暁,q05,5,大学運営・経営における総長の役割、総長のリーダーシップのあり方について、お考えをお聞かせ下さい。,candidate_question,analysis_term_no_stopwords,オペラ-opera,0.003968253968253968,2.09861228866811,0.00832782654233377,1,1,252,39
sugano_q05,sugano,菅野暁,q05,5,大学運営・経営における総長の役割、総長のリーダーシップのあり方について、お考えをお聞かせ下さい。,candidate_question,analysis_term_no_stopwords,カンノ,0.003968253968253968,2.09861228866811,0.00832782654233377,1,1,252,40
sugano_q05,sugano,菅野暁,q05,5,大学運営・経営における総長の役割、総長のリーダーシップのあり方について、お考えをお聞かせ下さい。,candidate_question,analysis_term_no_stopwords,スタイル-style,0.003968253968253968,2.09861228866811,0.00832782654233377,1,1,252,41
sugano_q05,sugano,菅野暁,q05,5,大学運営・経営における総長の役割、総長のリーダーシップのあり方について、お考えをお聞かせ下さい。,candidate_question,analysis_term_no_stopwords,セレモニー-ceremony,0.003968253968253968,2.09861228866811,0.00832782654233377,1,1,252,42
sugano_q05,sugano,菅野暁,q05,5,大学運営・経営における総長の役割、総長のリーダーシップのあり方について、お考えをお聞かせ下さい。,candidate_question,analysis_term_no_stopwords,タグ-tag,0.003968253968253968,2.09861228866811,0.00832782654233377,1,1,252,43
sugano_q05,sugano,菅野暁,q05,5,大学運営・経営における総長の役割、総長のリーダーシップのあり方について、お考えをお聞かせ下さい。,candidate_question,analysis_term_no_stopwords,フットボール-football,0.003968253968253968,2.09861228866811,0.00832782654233377,1,1,252,44
sugano_q05,sugano,菅野暁,q05,5,大学運営・経営における総長の役割、総長のリーダーシップのあり方について、お考えをお聞かせ下さい。,candidate_question,analysis_term_no_stopwords,プロボスト,0.003968253968253968,2.09861228866811,0.00832782654233377,1,1,252,45
sugano_q05,sugano,菅野暁,q05,5,大学運営・経営における総長の役割、総長のリーダーシップのあり方について、お考えをお聞かせ下さい。,candidate_question,analysis_term_no_stopwords,メディア-media,0.003968253968253968,2.09861228866811,0.00832782654233377,1,1,252,46
sugano_q05,sugano,菅野暁,q05,5,大学運営・経営における総長の役割、総長のリーダーシップのあり方について、お考えをお聞かせ下さい。,candidate_question,analysis_term_no_stopwords,一方,0.003968253968253968,2.09861228866811,0.00832782654233377,1,1,252,47
sugano_q05,sugano,菅野暁,q05,5,大学運営・経営における総長の役割、総長のリーダーシップのあり方について、お考えをお聞かせ下さい。,candidate_question,analysis_term_no_stopwords,一般,0.003968253968253968,2.09861228866811,0.00832782654233377,1,1,252,48
sugano_q05,sugano,菅野暁,q05,5,大学運営・経営における総長の役割、総長のリーダーシップのあり方について、お考えをお聞かせ下さい。,candidate_question,analysis_term_no_stopwords,下線,0.003968253968253968,2.09861228866811,0.00832782654233377,1,1,252,49
sugano_q05,sugano,菅野暁,q05,5,大学運営・経営における総長の役割、総長のリーダーシップのあり方について、お考えをお聞かせ下さい。,candidate_question,analysis_term_no_stopwords,事実,0.003968253968253968,2.09861228866811,0.00832782654233377,1,1,252,50
sugano_q05,sugano,菅野暁,q05,5,大学運営・経営における総長の役割、総長のリーダーシップのあり方について、お考えをお聞かせ下さい。,candidate_question,analysis_term_no_stopwords,交渉,0.003968253968253968,2.09861228866811,0.00832782654233377,1,1,252,51
sugano_q05,sugano,菅野暁,q05,5,大学運営・経営における総長の役割、総長のリーダーシップのあり方について、お考えをお聞かせ下さい。,candidate_question,analysis_term_no_stopwords,人,0.003968253968253968,2.09861228866811,0.00832782654233377,1,1,252,52
sugano_q05,sugano,菅野暁,q05,5,大学運営・経営における総長の役割、総長のリーダーシップのあり方について、お考えをお聞かせ下さい。,candidate_question,analysis_term_no_stopwords,人前,0.003968253968253968,2.09861228866811,0.00832782654233377,1,1,252,53
sugano_q05,sugano,菅野暁,q05,5,大学運営・経営における総長の役割、総長のリーダーシップのあり方について、お考えをお聞かせ下さい。,candidate_question,analysis_term_no_stopwords,人間,0.003968253968253968,2.09861228866811,0.00832782654233377,1,1,252,54
sugano_q05,sugano,菅野暁,q05,5,大学運営・経営における総長の役割、総長のリーダーシップのあり方について、お考えをお聞かせ下さい。,candidate_question,analysis_term_no_stopwords,以下,0.003968253968253968,2.09861228866811,0.00832782654233377,1,1,252,55
sugano_q05,sugano,菅野暁,q05,5,大学運営・経営における総長の役割、総長のリーダーシップのあり方について、お考えをお聞かせ下さい。,candidate_question,analysis_term_no_stopwords,仲間,0.003968253968253968,2.09861228866811,0.00832782654233377,1,1,252,56
sugano_q05,sugano,菅野暁,q05,5,大学運営・経営における総長の役割、総長のリーダーシップのあり方について、お考えをお聞かせ下さい。,candidate_question,analysis_term_no_stopwords,件,0.003968253968253968,2.09861228866811,0.00832782654233377,1,1,252,57
sugano_q05,sugano,菅野暁,q05,5,大学運営・経営における総長の役割、総長のリーダーシップのあり方について、お考えをお聞かせ下さい。,candidate_question,analysis_term_no_stopwords,余り,0.003968253968253968,2.09861228866811,0.00832782654233377,1,1,252,58
sugano_q05,sugano,菅野暁,q05,5,大学運営・経営における総長の役割、総長のリーダーシップのあり方について、お考えをお聞かせ下さい。,candidate_question,analysis_term_no_stopwords,候補,0.003968253968253968,2.09861228866811,0.00832782654233377,1,1,252,59
sugano_q05,sugano,菅野暁,q05,5,大学運営・経営における総長の役割、総長のリーダーシップのあり方について、お考えをお聞かせ下さい。,candidate_question,analysis_term_no_stopwords,先駆,0.003968253968253968,2.09861228866811,0.00832782654233377,1,1,252,60
sugano_q05,sugano,菅野暁,q05,5,大学運営・経営における総長の役割、総長のリーダーシップのあり方について、お考えをお聞かせ下さい。,candidate_question,analysis_term_no_stopwords,入る,0.003968253968253968,2.09861228866811,0.00832782654233377,1,1,252,61
sugano_q05,sugano,菅野暁,q05,5,大学運営・経営における総長の役割、総長のリーダーシップのあり方について、お考えをお聞かせ下さい。,candidate_question,analysis_term_no_stopwords,全員,0.003968253968253968,2.09861228866811,0.00832782654233377,1,1,252,62
sugano_q05,sugano,菅野暁,q05,5,大学運営・経営における総長の役割、総長のリーダーシップのあり方について、お考えをお聞かせ下さい。,candidate_question,analysis_term_no_stopwords,公僕,0.003968253968253968,2.09861228866811,0.00832782654233377,1,1,252,63
sugano_q05,sugano,菅野暁,q05,5,大学運営・経営における総長の役割、総長のリーダーシップのあり方について、お考えをお聞かせ下さい。,candidate_question,analysis_term_no_stopwords,公衆,0.003968253968253968,2.09861228866811,0.00832782654233377,1,1,252,64
sugano_q05,sugano,菅野暁,q05,5,大学運営・経営における総長の役割、総長のリーダーシップのあり方について、お考えをお聞かせ下さい。,candidate_question,analysis_term_no_stopwords,出席,0.003968253968253968,2.09861228866811,0.00832782654233377,1,1,252,65
sugano_q05,sugano,菅野暁,q05,5,大学運営・経営における総長の役割、総長のリーダーシップのあり方について、お考えをお聞かせ下さい。,candidate_question,analysis_term_no_stopwords,出身,0.003968253968253968,2.09861228866811,0.00832782654233377,1,1,252,66
sugano_q05,sugano,菅野暁,q05,5,大学運営・経営における総長の役割、総長のリーダーシップのあり方について、お考えをお聞かせ下さい。,candidate_question,analysis_term_no_stopwords,分担,0.003968253968253968,2.09861228866811,0.00832782654233377,1,1,252,67
sugano_q05,sugano,菅野暁,q05,5,大学運営・経営における総長の役割、総長のリーダーシップのあり方について、お考えをお聞かせ下さい。,candidate_question,analysis_term_no_stopwords,初代,0.003968253968253968,2.09861228866811,0.00832782654233377,1,1,252,68
sugano_q05,sugano,菅野暁,q05,5,大学運営・経営における総長の役割、総長のリーダーシップのあり方について、お考えをお聞かせ下さい。,candidate_question,analysis_term_no_stopwords,加わる,0.003968253968253968,2.09861228866811,0.00832782654233377,1,1,252,69
sugano_q05,sugano,菅野暁,q05,5,大学運営・経営における総長の役割、総長のリーダーシップのあり方について、お考えをお聞かせ下さい。,candidate_question,analysis_term_no_stopwords,医学,0.003968253968253968,2.09861228866811,0.00832782654233377,1,1,252,70
sugano_q05,sugano,菅野暁,q05,5,大学運営・経営における総長の役割、総長のリーダーシップのあり方について、お考えをお聞かせ下さい。,candidate_question,analysis_term_no_stopwords,卒業,0.003968253968253968,2.09861228866811,0.00832782654233377,1,1,252,71
sugano_q05,sugano,菅野暁,q05,5,大学運営・経営における総長の役割、総長のリーダーシップのあり方について、お考えをお聞かせ下さい。,candidate_question,analysis_term_no_stopwords,厭う,0.003968253968253968,2.09861228866811,0.00832782654233377,1,1,252,72
sugano_q05,sugano,菅野暁,q05,5,大学運営・経営における総長の役割、総長のリーダーシップのあり方について、お考えをお聞かせ下さい。,candidate_question,analysis_term_no_stopwords,同僚,0.003968253968253968,2.09861228866811,0.00832782654233377,1,1,252,73
sugano_q05,sugano,菅野暁,q05,5,大学運営・経営における総長の役割、総長のリーダーシップのあり方について、お考えをお聞かせ下さい。,candidate_question,analysis_term_no_stopwords,品格,0.003968253968253968,2.09861228866811,0.00832782654233377,1,1,252,74
sugano_q05,sugano,菅野暁,q05,5,大学運営・経営における総長の役割、総長のリーダーシップのあり方について、お考えをお聞かせ下さい。,candidate_question,analysis_term_no_stopwords,因る,0.003968253968253968,2.09861228866811,0.00832782654233377,1,1,252,75
sugano_q05,sugano,菅野暁,q05,5,大学運営・経営における総長の役割、総長のリーダーシップのあり方について、お考えをお聞かせ下さい。,candidate_question,analysis_term_no_stopwords,団体,0.003968253968253968,2.09861228866811,0.00832782654233377,1,1,252,76
sugano_q05,sugano,菅野暁,q05,5,大学運営・経営における総長の役割、総長のリーダーシップのあり方について、お考えをお聞かせ下さい。,candidate_question,analysis_term_no_stopwords,困る,0.003968253968253968,2.09861228866811,0.00832782654233377,1,1,252,77
sugano_q05,sugano,菅野暁,q05,5,大学運営・経営における総長の役割、総長のリーダーシップのあり方について、お考えをお聞かせ下さい。,candidate_question,analysis_term_no_stopwords,国家,0.003968253968253968,2.09861228866811,0.00832782654233377,1,1,252,78
sugano_q05,sugano,菅野暁,q05,5,大学運営・経営における総長の役割、総長のリーダーシップのあり方について、お考えをお聞かせ下さい。,candidate_question,analysis_term_no_stopwords,変わる,0.003968253968253968,2.09861228866811,0.00832782654233377,1,1,252,79
sugano_q05,sugano,菅野暁,q05,5,大学運営・経営における総長の役割、総長のリーダーシップのあり方について、お考えをお聞かせ下さい。,candidate_question,analysis_term_no_stopwords,外交,0.003968253968253968,2.09861228866811,0.00832782654233377,1,1,252,80
sugano_q05,sugano,菅野暁,q05,5,大学運営・経営における総長の役割、総長のリーダーシップのあり方について、お考えをお聞かせ下さい。,candidate_question,analysis_term_no_stopwords,外部,0.003968253968253968,2.09861228866811,0.00832782654233377,1,1,252,81
sugano_q05,sugano,菅野暁,q05,5,大学運営・経営における総長の役割、総長のリーダーシップのあり方について、お考えをお聞かせ下さい。,candidate_question,analysis_term_no_stopwords,多く,0.003968253968253968,2.09861228866811,0.00832782654233377,1,1,252,82
sugano_q05,sugano,菅野暁,q05,5,大学運営・経営における総長の役割、総長のリーダーシップのあり方について、お考えをお聞かせ下さい。,candidate_question,analysis_term_no_stopwords,大きい,0.003968253968253968,2.09861228866811,0.00832782654233377,1,1,252,83
sugano_q05,sugano,菅野暁,q05,5,大学運営・経営における総長の役割、総長のリーダーシップのあり方について、お考えをお聞かせ下さい。,candidate_question,analysis_term_no_stopwords,学者,0.003968253968253968,2.09861228866811,0.00832782654233377,1,1,252,84
sugano_q05,sugano,菅野暁,q05,5,大学運営・経営における総長の役割、総長のリーダーシップのあり方について、お考えをお聞かせ下さい。,candidate_question,analysis_term_no_stopwords,年,0.003968253968253968,2.09861228866811,0.00832782654233377,1,1,252,85
sugano_q05,sugano,菅野暁,q05,5,大学運営・経営における総長の役割、総長のリーダーシップのあり方について、お考えをお聞かせ下さい。,candidate_question,analysis_term_no_stopwords,幾,0.003968253968253968,2.09861228866811,0.00832782654233377,1,1,252,86
sugano_q05,sugano,菅野暁,q05,5,大学運営・経営における総長の役割、総長のリーダーシップのあり方について、お考えをお聞かせ下さい。,candidate_question,analysis_term_no_stopwords,広報,0.003968253968253968,2.09861228866811,0.00832782654233377,1,1,252,87
sugano_q05,sugano,菅野暁,q05,5,大学運営・経営における総長の役割、総長のリーダーシップのあり方について、お考えをお聞かせ下さい。,candidate_question,analysis_term_no_stopwords,引用,0.003968253968253968,2.09861228866811,0.00832782654233377,1,1,252,88
sugano_q05,sugano,菅野暁,q05,5,大学運営・経営における総長の役割、総長のリーダーシップのあり方について、お考えをお聞かせ下さい。,candidate_question,analysis_term_no_stopwords,得る,0.003968253968253968,2.09861228866811,0.00832782654233377,1,1,252,89
sugano_q05,sugano,菅野暁,q05,5,大学運営・経営における総長の役割、総長のリーダーシップのあり方について、お考えをお聞かせ下さい。,candidate_question,analysis_term_no_stopwords,怠る,0.003968253968253968,2.09861228866811,0.00832782654233377,1,1,252,90
sugano_q05,sugano,菅野暁,q05,5,大学運営・経営における総長の役割、総長のリーダーシップのあり方について、お考えをお聞かせ下さい。,candidate_question,analysis_term_no_stopwords,惜しむ,0.003968253968253968,2.09861228866811,0.00832782654233377,1,1,252,91
sugano_q05,sugano,菅野暁,q05,5,大学運営・経営における総長の役割、総長のリーダーシップのあり方について、お考えをお聞かせ下さい。,candidate_question,analysis_term_no_stopwords,愛着,0.003968253968253968,2.09861228866811,0.00832782654233377,1,1,252,92
sugano_q05,sugano,菅野暁,q05,5,大学運営・経営における総長の役割、総長のリーダーシップのあり方について、お考えをお聞かせ下さい。,candidate_question,analysis_term_no_stopwords,披露,0.003968253968253968,2.09861228866811,0.00832782654233377,1,1,252,93
sugano_q05,sugano,菅野暁,q05,5,大学運営・経営における総長の役割、総長のリーダーシップのあり方について、お考えをお聞かせ下さい。,candidate_question,analysis_term_no_stopwords,持つ,0.003968253968253968,2.09861228866811,0.00832782654233377,1,1,252,94
sugano_q05,sugano,菅野暁,q05,5,大学運営・経営における総長の役割、総長のリーダーシップのあり方について、お考えをお聞かせ下さい。,candidate_question,analysis_term_no_stopwords,政府,0.003968253968253968,2.09861228866811,0.00832782654233377,1,1,252,95
sugano_q05,sugano,菅野暁,q05,5,大学運営・経営における総長の役割、総長のリーダーシップのあり方について、お考えをお聞かせ下さい。,candidate_question,analysis_term_no_stopwords,政治,0.003968253968253968,2.09861228866811,0.00832782654233377,1,1,252,96
sugano_q05,sugano,菅野暁,q05,5,大学運営・経営における総長の役割、総長のリーダーシップのあり方について、お考えをお聞かせ下さい。,candidate_question,analysis_term_no_stopwords,教授,0.003968253968253968,2.09861228866811,0.00832782654233377,1,1,252,97
sugano_q05,sugano,菅野暁,q05,5,大学運営・経営における総長の役割、総長のリーダーシップのあり方について、お考えをお聞かせ下さい。,candidate_question,analysis_term_no_stopwords,文章,0.003968253968253968,2.09861228866811,0.00832782654233377,1,1,252,98
sugano_q05,sugano,菅野暁,q05,5,大学運営・経営における総長の役割、総長のリーダーシップのあり方について、お考えをお聞かせ下さい。,candidate_question,analysis_term_no_stopwords,新しい,0.003968253968253968,2.09861228866811,0.00832782654233377,1,1,252,99
sugano_q05,sugano,菅野暁,q05,5,大学運営・経営における総長の役割、総長のリーダーシップのあり方について、お考えをお聞かせ下さい。,candidate_question,analysis_term_no_stopwords,期待,0.003968253968253968,2.09861228866811,0.00832782654233377,1,1,252,100
sugano_q05,sugano,菅野暁,q05,5,大学運営・経営における総長の役割、総長のリーダーシップのあり方について、お考えをお聞かせ下さい。,candidate_question,analysis_term_no_stopwords,来る,0.003968253968253968,2.09861228866811,0.00832782654233377,1,1,252,101
sugano_q05,sugano,菅野暁,q05,5,大学運営・経営における総長の役割、総長のリーダーシップのあり方について、お考えをお聞かせ下さい。,candidate_question,analysis_term_no_stopwords,機,0.003968253968253968,2.09861228866811,0.00832782654233377,1,1,252,102
sugano_q05,sugano,菅野暁,q05,5,大学運営・経営における総長の役割、総長のリーダーシップのあり方について、お考えをお聞かせ下さい。,candidate_question,analysis_term_no_stopwords,殆ど,0.003968253968253968,2.09861228866811,0.00832782654233377,1,1,252,103
sugano_q05,sugano,菅野暁,q05,5,大学運営・経営における総長の役割、総長のリーダーシップのあり方について、お考えをお聞かせ下さい。,candidate_question,analysis_term_no_stopwords,気,0.003968253968253968,2.09861228866811,0.00832782654233377,1,1,252,104
sugano_q05,sugano,菅野暁,q05,5,大学運営・経営における総長の役割、総長のリーダーシップのあり方について、お考えをお聞かせ下さい。,candidate_question,analysis_term_no_stopwords,法人,0.003968253968253968,2.09861228866811,0.00832782654233377,1,1,252,105
sugano_q05,sugano,菅野暁,q05,5,大学運営・経営における総長の役割、総長のリーダーシップのあり方について、お考えをお聞かせ下さい。,candidate_question,analysis_term_no_stopwords,法曹,0.003968253968253968,2.09861228866811,0.00832782654233377,1,1,252,106
sugano_q05,sugano,菅野暁,q05,5,大学運営・経営における総長の役割、総長のリーダーシップのあり方について、お考えをお聞かせ下さい。,candidate_question,analysis_term_no_stopwords,深い,0.003968253968253968,2.09861228866811,0.00832782654233377,1,1,252,107
sugano_q05,sugano,菅野暁,q05,5,大学運営・経営における総長の役割、総長のリーダーシップのあり方について、お考えをお聞かせ下さい。,candidate_question,analysis_term_no_stopwords,演説,0.003968253968253968,2.09861228866811,0.00832782654233377,1,1,252,108
sugano_q05,sugano,菅野暁,q05,5,大学運営・経営における総長の役割、総長のリーダーシップのあり方について、お考えをお聞かせ下さい。,candidate_question,analysis_term_no_stopwords,米国,0.003968253968253968,2.09861228866811,0.00832782654233377,1,1,252,109
sugano_q05,sugano,菅野暁,q05,5,大学運営・経営における総長の役割、総長のリーダーシップのあり方について、お考えをお聞かせ下さい。,candidate_question,analysis_term_no_stopwords,組む,0.003968253968253968,2.09861228866811,0.00832782654233377,1,1,252,110
sugano_q05,sugano,菅野暁,q05,5,大学運営・経営における総長の役割、総長のリーダーシップのあり方について、お考えをお聞かせ下さい。,candidate_question,analysis_term_no_stopwords,職業,0.003968253968253968,2.09861228866811,0.00832782654233377,1,1,252,111
sugano_q05,sugano,菅野暁,q05,5,大学運営・経営における総長の役割、総長のリーダーシップのあり方について、お考えをお聞かせ下さい。,candidate_question,analysis_term_no_stopwords,背負う,0.003968253968253968,2.09861228866811,0.00832782654233377,1,1,252,112
sugano_q05,sugano,菅野暁,q05,5,大学運営・経営における総長の役割、総長のリーダーシップのあり方について、お考えをお聞かせ下さい。,candidate_question,analysis_term_no_stopwords,自身,0.003968253968253968,2.09861228866811,0.00832782654233377,1,1,252,113
sugano_q05,sugano,菅野暁,q05,5,大学運営・経営における総長の役割、総長のリーダーシップのあり方について、お考えをお聞かせ下さい。,candidate_question,analysis_term_no_stopwords,興味,0.003968253968253968,2.09861228866811,0.00832782654233377,1,1,252,114
sugano_q05,sugano,菅野暁,q05,5,大学運営・経営における総長の役割、総長のリーダーシップのあり方について、お考えをお聞かせ下さい。,candidate_question,analysis_term_no_stopwords,行う,0.003968253968253968,2.09861228866811,0.00832782654233377,1,1,252,115
sugano_q05,sugano,菅野暁,q05,5,大学運営・経営における総長の役割、総長のリーダーシップのあり方について、お考えをお聞かせ下さい。,candidate_question,analysis_term_no_stopwords,行政,0.003968253968253968,2.09861228866811,0.00832782654233377,1,1,252,116
sugano_q05,sugano,菅野暁,q05,5,大学運営・経営における総長の役割、総長のリーダーシップのあり方について、お考えをお聞かせ下さい。,candidate_question,analysis_term_no_stopwords,補う,0.003968253968253968,2.09861228866811,0.00832782654233377,1,1,252,117
sugano_q05,sugano,菅野暁,q05,5,大学運営・経営における総長の役割、総長のリーダーシップのあり方について、お考えをお聞かせ下さい。,candidate_question,analysis_term_no_stopwords,要求,0.003968253968253968,2.09861228866811,0.00832782654233377,1,1,252,118
sugano_q05,sugano,菅野暁,q05,5,大学運営・経営における総長の役割、総長のリーダーシップのあり方について、お考えをお聞かせ下さい。,candidate_question,analysis_term_no_stopwords,要素,0.003968253968253968,2.09861228866811,0.00832782654233377,1,1,252,119
sugano_q05,sugano,菅野暁,q05,5,大学運営・経営における総長の役割、総長のリーダーシップのあり方について、お考えをお聞かせ下さい。,candidate_question,analysis_term_no_stopwords,規定,0.003968253968253968,2.09861228866811,0.00832782654233377,1,1,252,120
sugano_q05,sugano,菅野暁,q05,5,大学運営・経営における総長の役割、総長のリーダーシップのあり方について、お考えをお聞かせ下さい。,candidate_question,analysis_term_no_stopwords,訳,0.003968253968253968,2.09861228866811,0.00832782654233377,1,1,252,121
sugano_q05,sugano,菅野暁,q05,5,大学運営・経営における総長の役割、総長のリーダーシップのあり方について、お考えをお聞かせ下さい。,candidate_question,analysis_term_no_stopwords,評議,0.003968253968253968,2.09861228866811,0.00832782654233377,1,1,252,122
sugano_q05,sugano,菅野暁,q05,5,大学運営・経営における総長の役割、総長のリーダーシップのあり方について、お考えをお聞かせ下さい。,candidate_question,analysis_term_no_stopwords,説得,0.003968253968253968,2.09861228866811,0.00832782654233377,1,1,252,123
sugano_q05,sugano,菅野暁,q05,5,大学運営・経営における総長の役割、総長のリーダーシップのあり方について、お考えをお聞かせ下さい。,candidate_question,analysis_term_no_stopwords,財団,0.003968253968253968,2.09861228866811,0.00832782654233377,1,1,252,124
sugano_q05,sugano,菅野暁,q05,5,大学運営・経営における総長の役割、総長のリーダーシップのあり方について、お考えをお聞かせ下さい。,candidate_question,analysis_term_no_stopwords,資質,0.003968253968253968,2.09861228866811,0.00832782654233377,1,1,252,125
sugano_q05,sugano,菅野暁,q05,5,大学運営・経営における総長の役割、総長のリーダーシップのあり方について、お考えをお聞かせ下さい。,candidate_question,analysis_term_no_stopwords,近付く,0.003968253968253968,2.09861228866811,0.00832782654233377,1,1,252,126
sugano_q05,sugano,菅野暁,q05,5,大学運営・経営における総長の役割、総長のリーダーシップのあり方について、お考えをお聞かせ下さい。,candidate_question,analysis_term_no_stopwords,造詣,0.003968253968253968,2.09861228866811,0.00832782654233377,1,1,252,127
sugano_q05,sugano,菅野暁,q05,5,大学運営・経営における総長の役割、総長のリーダーシップのあり方について、お考えをお聞かせ下さい。,candidate_question,analysis_term_no_stopwords,選択,0.003968253968253968,2.09861228866811,0.00832782654233377,1,1,252,128
sugano_q05,sugano,菅野暁,q05,5,大学運営・経営における総長の役割、総長のリーダーシップのあり方について、お考えをお聞かせ下さい。,candidate_question,analysis_term_no_stopwords,選挙,0.003968253968253968,2.09861228866811,0.00832782654233377,1,1,252,129
sugano_q05,sugano,菅野暁,q05,5,大学運営・経営における総長の役割、総長のリーダーシップのあり方について、お考えをお聞かせ下さい。,candidate_question,analysis_term_no_stopwords,長い,0.003968253968253968,2.09861228866811,0.00832782654233377,1,1,252,130
sugano_q05,sugano,菅野暁,q05,5,大学運営・経営における総長の役割、総長のリーダーシップのあり方について、お考えをお聞かせ下さい。,candidate_question,analysis_term_no_stopwords,長ける,0.003968253968253968,2.09861228866811,0.00832782654233377,1,1,252,131
sugano_q05,sugano,菅野暁,q05,5,大学運営・経営における総長の役割、総長のリーダーシップのあり方について、お考えをお聞かせ下さい。,candidate_question,analysis_term_no_stopwords,関する,0.003968253968253968,2.09861228866811,0.00832782654233377,1,1,252,132
sugano_q05,sugano,菅野暁,q05,5,大学運営・経営における総長の役割、総長のリーダーシップのあり方について、お考えをお聞かせ下さい。,candidate_question,analysis_term_no_stopwords,陣,0.003968253968253968,2.09861228866811,0.00832782654233377,1,1,252,133
sugano_q05,sugano,菅野暁,q05,5,大学運営・経営における総長の役割、総長のリーダーシップのあり方について、お考えをお聞かせ下さい。,candidate_question,analysis_term_no_stopwords,際,0.003968253968253968,2.09861228866811,0.00832782654233377,1,1,252,134
sugano_q05,sugano,菅野暁,q05,5,大学運営・経営における総長の役割、総長のリーダーシップのあり方について、お考えをお聞かせ下さい。,candidate_question,analysis_term_no_stopwords,飛び回る,0.003968253968253968,2.09861228866811,0.00832782654233377,1,1,252,135
sugano_q05,sugano,菅野暁,q05,5,大学運営・経営における総長の役割、総長のリーダーシップのあり方について、お考えをお聞かせ下さい。,candidate_question,analysis_term_no_stopwords,飛行,0.003968253968253968,2.09861228866811,0.00832782654233377,1,1,252,136
sugano_q05,sugano,菅野暁,q05,5,大学運営・経営における総長の役割、総長のリーダーシップのあり方について、お考えをお聞かせ下さい。,candidate_question,analysis_term_no_stopwords,食事,0.003968253968253968,2.09861228866811,0.00832782654233377,1,1,252,137
sugano_q05,sugano,菅野暁,q05,5,大学運営・経営における総長の役割、総長のリーダーシップのあり方について、お考えをお聞かせ下さい。,candidate_question,analysis_term_no_stopwords,労働,0.003968253968253968,1.6931471805599454,0.006718838018095021,1,2,252,138
sugano_q05,sugano,菅野暁,q05,5,大学運営・経営における総長の役割、総長のリーダーシップのあり方について、お考えをお聞かせ下さい。,candidate_question,analysis_term_no_stopwords,場合,0.003968253968253968,1.6931471805599454,0.006718838018095021,1,2,252,139
sugano_q05,sugano,菅野暁,q05,5,大学運営・経営における総長の役割、総長のリーダーシップのあり方について、お考えをお聞かせ下さい。,candidate_question,analysis_term_no_stopwords,学生,0.003968253968253968,1.6931471805599454,0.006718838018095021,1,2,252,140
sugano_q05,sugano,菅野暁,q05,5,大学運営・経営における総長の役割、総長のリーダーシップのあり方について、お考えをお聞かせ下さい。,candidate_question,analysis_term_no_stopwords,寄付,0.003968253968253968,1.6931471805599454,0.006718838018095021,1,2,252,141
sugano_q05,sugano,菅野暁,q05,5,大学運営・経営における総長の役割、総長のリーダーシップのあり方について、お考えをお聞かせ下さい。,candidate_question,analysis_term_no_stopwords,忘れる,0.003968253968253968,1.6931471805599454,0.006718838018095021,1,2,252,142
sugano_q05,sugano,菅野暁,q05,5,大学運営・経営における総長の役割、総長のリーダーシップのあり方について、お考えをお聞かせ下さい。,candidate_question,analysis_term_no_stopwords,時代,0.003968253968253968,1.6931471805599454,0.006718838018095021,1,2,252,143
sugano_q05,sugano,菅野暁,q05,5,大学運営・経営における総長の役割、総長のリーダーシップのあり方について、お考えをお聞かせ下さい。,candidate_question,analysis_term_no_stopwords,機関,0.003968253968253968,1.6931471805599454,0.006718838018095021,1,2,252,144
sugano_q05,sugano,菅野暁,q05,5,大学運営・経営における総長の役割、総長のリーダーシップのあり方について、お考えをお聞かせ下さい。,candidate_question,analysis_term_no_stopwords,産業,0.003968253968253968,1.6931471805599454,0.006718838018095021,1,2,252,145
sugano_q05,sugano,菅野暁,q05,5,大学運営・経営における総長の役割、総長のリーダーシップのあり方について、お考えをお聞かせ下さい。,candidate_question,analysis_term_no_stopwords,築く,0.003968253968253968,1.6931471805599454,0.006718838018095021,1,2,252,146
sugano_q05,sugano,菅野暁,q05,5,大学運営・経営における総長の役割、総長のリーダーシップのあり方について、お考えをお聞かせ下さい。,candidate_question,analysis_term_no_stopwords,進む,0.003968253968253968,1.6931471805599454,0.006718838018095021,1,2,252,147
sugano_q05,sugano,菅野暁,q05,5,大学運営・経営における総長の役割、総長のリーダーシップのあり方について、お考えをお聞かせ下さい。,candidate_question,analysis_term_no_stopwords,関係,0.003968253968253968,1.6931471805599454,0.006718838018095021,1,2,252,148
sugano_q05,sugano,菅野暁,q05,5,大学運営・経営における総長の役割、総長のリーダーシップのあり方について、お考えをお聞かせ下さい。,candidate_question,analysis_term_no_stopwords,支援,0.003968253968253968,1.4054651081081644,0.0055772424924927155,1,3,252,149
sugano_q05,sugano,菅野暁,q05,5,大学運営・経営における総長の役割、総長のリーダーシップのあり方について、お考えをお聞かせ下さい。,candidate_question,analysis_term_no_stopwords,果たす,0.003968253968253968,1.4054651081081644,0.0055772424924927155,1,3,252,150
sugano_q05,sugano,菅野暁,q05,5,大学運営・経営における総長の役割、総長のリーダーシップのあり方について、お考えをお聞かせ下さい。,candidate_question,analysis_term_no_stopwords,組織,0.003968253968253968,1.4054651081081644,0.0055772424924927155,1,3,252,151
sugano_q05,sugano,菅野暁,q05,5,大学運営・経営における総長の役割、総長のリーダーシップのあり方について、お考えをお聞かせ下さい。,candidate_question,analysis_term_no_stopwords,考える,0.003968253968253968,1.1823215567939547,0.00469175220949982,1,4,252,152
yamamoto_q05,yamamoto,山本隆司,q05,5,大学運営・経営における総長の役割、総長のリーダーシップのあり方について、お考えをお聞かせ下さい。,candidate_question,analysis_term_no_stopwords,事,0.08695652173913043,1.0,0.08695652173913043,4,5,46,1
yamamoto_q05,yamamoto,山本隆司,q05,5,大学運営・経営における総長の役割、総長のリーダーシップのあり方について、お考えをお聞かせ下さい。,candidate_question,analysis_term_no_stopwords,為る,0.06521739130434782,1.0,0.06521739130434782,3,5,46,2
yamamoto_q05,yamamoto,山本隆司,q05,5,大学運営・経営における総長の役割、総長のリーダーシップのあり方について、お考えをお聞かせ下さい。,candidate_question,analysis_term_no_stopwords,組織,0.043478260869565216,1.4054651081081644,0.06110717861339845,2,3,46,3
yamamoto_q05,yamamoto,山本隆司,q05,5,大学運営・経営における総長の役割、総長のリーダーシップのあり方について、お考えをお聞かせ下さい。,candidate_question,analysis_term_no_stopwords,ガバナンス-governance,0.021739130434782608,2.09861228866811,0.045622006275393694,1,1,46,4
yamamoto_q05,yamamoto,山本隆司,q05,5,大学運営・経営における総長の役割、総長のリーダーシップのあり方について、お考えをお聞かせ下さい。,candidate_question,analysis_term_no_stopwords,シナジー-synergy,0.021739130434782608,2.09861228866811,0.045622006275393694,1,1,46,5
yamamoto_q05,yamamoto,山本隆司,q05,5,大学運営・経営における総長の役割、総長のリーダーシップのあり方について、お考えをお聞かせ下さい。,candidate_question,analysis_term_no_stopwords,ステークホルダー-stakeholder,0.021739130434782608,2.09861228866811,0.045622006275393694,1,1,46,6
yamamoto_q05,yamamoto,山本隆司,q05,5,大学運営・経営における総長の役割、総長のリーダーシップのあり方について、お考えをお聞かせ下さい。,candidate_question,analysis_term_no_stopwords,プロセス-process,0.021739130434782608,2.09861228866811,0.045622006275393694,1,1,46,7
yamamoto_q05,yamamoto,山本隆司,q05,5,大学運営・経営における総長の役割、総長のリーダーシップのあり方について、お考えをお聞かせ下さい。,candidate_question,analysis_term_no_stopwords,前項,0.021739130434782608,2.09861228866811,0.045622006275393694,1,1,46,8
yamamoto_q05,yamamoto,山本隆司,q05,5,大学運営・経営における総長の役割、総長のリーダーシップのあり方について、お考えをお聞かせ下さい。,candidate_question,analysis_term_no_stopwords,力強い,0.021739130434782608,2.09861228866811,0.045622006275393694,1,1,46,9
yamamoto_q05,yamamoto,山本隆司,q05,5,大学運営・経営における総長の役割、総長のリーダーシップのあり方について、お考えをお聞かせ下さい。,candidate_question,analysis_term_no_stopwords,反対,0.021739130434782608,2.09861228866811,0.045622006275393694,1,1,46,10
yamamoto_q05,yamamoto,山本隆司,q05,5,大学運営・経営における総長の役割、総長のリーダーシップのあり方について、お考えをお聞かせ下さい。,candidate_question,analysis_term_no_stopwords,基本,0.021739130434782608,2.09861228866811,0.045622006275393694,1,1,46,11
yamamoto_q05,yamamoto,山本隆司,q05,5,大学運営・経営における総長の役割、総長のリーダーシップのあり方について、お考えをお聞かせ下さい。,candidate_question,analysis_term_no_stopwords,文化,0.021739130434782608,2.09861228866811,0.045622006275393694,1,1,46,12
yamamoto_q05,yamamoto,山本隆司,q05,5,大学運営・経営における総長の役割、総長のリーダーシップのあり方について、お考えをお聞かせ下さい。,candidate_question,analysis_term_no_stopwords,理念,0.021739130434782608,2.09861228866811,0.045622006275393694,1,1,46,13
yamamoto_q05,yamamoto,山本隆司,q05,5,大学運営・経営における総長の役割、総長のリーダーシップのあり方について、お考えをお聞かせ下さい。,candidate_question,analysis_term_no_stopwords,生む,0.021739130434782608,2.09861228866811,0.045622006275393694,1,1,46,14
yamamoto_q05,yamamoto,山本隆司,q05,5,大学運営・経営における総長の役割、総長のリーダーシップのあり方について、お考えをお聞かせ下さい。,candidate_question,analysis_term_no_stopwords,確立,0.021739130434782608,2.09861228866811,0.045622006275393694,1,1,46,15
yamamoto_q05,yamamoto,山本隆司,q05,5,大学運営・経営における総長の役割、総長のリーダーシップのあり方について、お考えをお聞かせ下さい。,candidate_question,analysis_term_no_stopwords,繋ぐ,0.021739130434782608,2.09861228866811,0.045622006275393694,1,1,46,16
yamamoto_q05,yamamoto,山本隆司,q05,5,大学運営・経営における総長の役割、総長のリーダーシップのあり方について、お考えをお聞かせ下さい。,candidate_question,analysis_term_no_stopwords,質問,0.021739130434782608,2.09861228866811,0.045622006275393694,1,1,46,17
yamamoto_q05,yamamoto,山本隆司,q05,5,大学運営・経営における総長の役割、総長のリーダーシップのあり方について、お考えをお聞かせ下さい。,candidate_question,analysis_term_no_stopwords,避ける,0.021739130434782608,2.09861228866811,0.045622006275393694,1,1,46,18
yamamoto_q05,yamamoto,山本隆司,q05,5,大学運営・経営における総長の役割、総長のリーダーシップのあり方について、お考えをお聞かせ下さい。,candidate_question,analysis_term_no_stopwords,醸成,0.021739130434782608,2.09861228866811,0.045622006275393694,1,1,46,19
yamamoto_q05,yamamoto,山本隆司,q05,5,大学運営・経営における総長の役割、総長のリーダーシップのあり方について、お考えをお聞かせ下さい。,candidate_question,analysis_term_no_stopwords,有る,0.043478260869565216,1.0,0.043478260869565216,2,5,46,20
yamamoto_q05,yamamoto,山本隆司,q05,5,大学運営・経営における総長の役割、総長のリーダーシップのあり方について、お考えをお聞かせ下さい。,candidate_question,analysis_term_no_stopwords,総長,0.043478260869565216,1.0,0.043478260869565216,2,5,46,21
yamamoto_q05,yamamoto,山本隆司,q05,5,大学運営・経営における総長の役割、総長のリーダーシップのあり方について、お考えをお聞かせ下さい。,candidate_question,analysis_term_no_stopwords,体制,0.021739130434782608,1.6931471805599454,0.036807547403477074,1,2,46,22
yamamoto_q05,yamamoto,山本隆司,q05,5,大学運営・経営における総長の役割、総長のリーダーシップのあり方について、お考えをお聞かせ下さい。,candidate_question,analysis_term_no_stopwords,意思,0.021739130434782608,1.6931471805599454,0.036807547403477074,1,2,46,23
yamamoto_q05,yamamoto,山本隆司,q05,5,大学運営・経営における総長の役割、総長のリーダーシップのあり方について、お考えをお聞かせ下さい。,candidate_question,analysis_term_no_stopwords,方針,0.021739130434782608,1.6931471805599454,0.036807547403477074,1,2,46,24
yamamoto_q05,yamamoto,山本隆司,q05,5,大学運営・経営における総長の役割、総長のリーダーシップのあり方について、お考えをお聞かせ下さい。,candidate_question,analysis_term_no_stopwords,最終,0.021739130434782608,1.6931471805599454,0.036807547403477074,1,2,46,25
yamamoto_q05,yamamoto,山本隆司,q05,5,大学運営・経営における総長の役割、総長のリーダーシップのあり方について、お考えをお聞かせ下さい。,candidate_question,analysis_term_no_stopwords,決定,0.021739130434782608,1.6931471805599454,0.036807547403477074,1,2,46,26
yamamoto_q05,yamamoto,山本隆司,q05,5,大学運営・経営における総長の役割、総長のリーダーシップのあり方について、お考えをお聞かせ下さい。,candidate_question,analysis_term_no_stopwords,決断,0.021739130434782608,1.6931471805599454,0.036807547403477074,1,2,46,27
yamamoto_q05,yamamoto,山本隆司,q05,5,大学運営・経営における総長の役割、総長のリーダーシップのあり方について、お考えをお聞かせ下さい。,candidate_question,analysis_term_no_stopwords,述べる,0.021739130434782608,1.6931471805599454,0.036807547403477074,1,2,46,28
yamamoto_q05,yamamoto,山本隆司,q05,5,大学運営・経営における総長の役割、総長のリーダーシップのあり方について、お考えをお聞かせ下さい。,candidate_question,analysis_term_no_stopwords,リーダーシップ-leadership,0.021739130434782608,1.4054651081081644,0.030553589306699224,1,3,46,29
yamamoto_q05,yamamoto,山本隆司,q05,5,大学運営・経営における総長の役割、総長のリーダーシップのあり方について、お考えをお聞かせ下さい。,candidate_question,analysis_term_no_stopwords,学内,0.021739130434782608,1.4054651081081644,0.030553589306699224,1,3,46,30
yamamoto_q05,yamamoto,山本隆司,q05,5,大学運営・経営における総長の役割、総長のリーダーシップのあり方について、お考えをお聞かせ下さい。,candidate_question,analysis_term_no_stopwords,対する,0.021739130434782608,1.4054651081081644,0.030553589306699224,1,3,46,31
yamamoto_q05,yamamoto,山本隆司,q05,5,大学運営・経営における総長の役割、総長のリーダーシップのあり方について、お考えをお聞かせ下さい。,candidate_question,analysis_term_no_stopwords,意見,0.021739130434782608,1.4054651081081644,0.030553589306699224,1,3,46,32
yamamoto_q05,yamamoto,山本隆司,q05,5,大学運営・経営における総長の役割、総長のリーダーシップのあり方について、お考えをお聞かせ下さい。,candidate_question,analysis_term_no_stopwords,於く,0.021739130434782608,1.4054651081081644,0.030553589306699224,1,3,46,33
yamamoto_q05,yamamoto,山本隆司,q05,5,大学運営・経営における総長の役割、総長のリーダーシップのあり方について、お考えをお聞かせ下さい。,candidate_question,analysis_term_no_stopwords,為,0.021739130434782608,1.4054651081081644,0.030553589306699224,1,3,46,34
yamamoto_q05,yamamoto,山本隆司,q05,5,大学運営・経営における総長の役割、総長のリーダーシップのあり方について、お考えをお聞かせ下さい。,candidate_question,analysis_term_no_stopwords,示す,0.021739130434782608,1.4054651081081644,0.030553589306699224,1,3,46,35
yamamoto_q05,yamamoto,山本隆司,q05,5,大学運営・経営における総長の役割、総長のリーダーシップのあり方について、お考えをお聞かせ下さい。,candidate_question,analysis_term_no_stopwords,考える,0.021739130434782608,1.1823215567939547,0.025702642538999013,1,4,46,36
yamamoto_q05,yamamoto,山本隆司,q05,5,大学運営・経営における総長の役割、総長のリーダーシップのあり方について、お考えをお聞かせ下さい。,candidate_question,analysis_term_no_stopwords,トウキョウ,0.021739130434782608,1.0,0.021739130434782608,1,5,46,37
yamamoto_q05,yamamoto,山本隆司,q05,5,大学運営・経営における総長の役割、総長のリーダーシップのあり方について、お考えをお聞かせ下さい。,candidate_question,analysis_term_no_stopwords,役割,0.021739130434782608,1.0,0.021739130434782608,1,5,46,38
fujigaki_q06,fujigaki,藤垣裕子,q06,6,国際卓越研究大学としての将来構想に関するお考えをお聞かせください。,candidate_question,analysis_term_no_stopwords,為る,0.07086614173228346,1.0,0.07086614173228346,9,5,127,1
fujigaki_q06,fujigaki,藤垣裕子,q06,6,国際卓越研究大学としての将来構想に関するお考えをお聞かせください。,candidate_question,analysis_term_no_stopwords,評価,0.047244094488188976,1.4054651081081644,0.06639992636731486,6,3,127,2
fujigaki_q06,fujigaki,藤垣裕子,q06,6,国際卓越研究大学としての将来構想に関するお考えをお聞かせください。,candidate_question,analysis_term_no_stopwords,居る,0.03937007874015748,1.4054651081081644,0.055333271972762374,5,3,127,3
fujigaki_q06,fujigaki,藤垣裕子,q06,6,国際卓越研究大学としての将来構想に関するお考えをお聞かせください。,candidate_question,analysis_term_no_stopwords,有る,0.05511811023622047,1.0,0.05511811023622047,7,5,127,4
fujigaki_q06,fujigaki,藤垣裕子,q06,6,国際卓越研究大学としての将来構想に関するお考えをお聞かせください。,candidate_question,analysis_term_no_stopwords,成る,0.047244094488188976,1.0,0.047244094488188976,6,5,127,5
fujigaki_q06,fujigaki,藤垣裕子,q06,6,国際卓越研究大学としての将来構想に関するお考えをお聞かせください。,candidate_question,analysis_term_no_stopwords,必要,0.031496062992125984,1.1823215567939547,0.03723847422973085,4,4,127,6
fujigaki_q06,fujigaki,藤垣裕子,q06,6,国際卓越研究大学としての将来構想に関するお考えをお聞かせください。,candidate_question,analysis_term_no_stopwords,中長期,0.015748031496062992,2.09861228866811,0.033049012419970235,2,1,127,7
fujigaki_q06,fujigaki,藤垣裕子,q06,6,国際卓越研究大学としての将来構想に関するお考えをお聞かせください。,candidate_question,analysis_term_no_stopwords,予算,0.015748031496062992,2.09861228866811,0.033049012419970235,2,1,127,8
fujigaki_q06,fujigaki,藤垣裕子,q06,6,国際卓越研究大学としての将来構想に関するお考えをお聞かせください。,candidate_question,analysis_term_no_stopwords,伏流,0.015748031496062992,2.09861228866811,0.033049012419970235,2,1,127,9
fujigaki_q06,fujigaki,藤垣裕子,q06,6,国際卓越研究大学としての将来構想に関するお考えをお聞かせください。,candidate_question,analysis_term_no_stopwords,潜在,0.015748031496062992,2.09861228866811,0.033049012419970235,2,1,127,10
fujigaki_q06,fujigaki,藤垣裕子,q06,6,国際卓越研究大学としての将来構想に関するお考えをお聞かせください。,candidate_question,analysis_term_no_stopwords,用いる,0.015748031496062992,2.09861228866811,0.033049012419970235,2,1,127,11
fujigaki_q06,fujigaki,藤垣裕子,q06,6,国際卓越研究大学としての将来構想に関するお考えをお聞かせください。,candidate_question,analysis_term_no_stopwords,視点,0.015748031496062992,2.09861228866811,0.033049012419970235,2,1,127,12
fujigaki_q06,fujigaki,藤垣裕子,q06,6,国際卓越研究大学としての将来構想に関するお考えをお聞かせください。,candidate_question,analysis_term_no_stopwords,中,0.015748031496062992,1.6931471805599454,0.026663735126928274,2,2,127,13
fujigaki_q06,fujigaki,藤垣裕子,q06,6,国際卓越研究大学としての将来構想に関するお考えをお聞かせください。,candidate_question,analysis_term_no_stopwords,年,0.015748031496062992,1.6931471805599454,0.026663735126928274,2,2,127,14
fujigaki_q06,fujigaki,藤垣裕子,q06,6,国際卓越研究大学としての将来構想に関するお考えをお聞かせください。,candidate_question,analysis_term_no_stopwords,配分,0.015748031496062992,1.6931471805599454,0.026663735126928274,2,2,127,15
fujigaki_q06,fujigaki,藤垣裕子,q06,6,国際卓越研究大学としての将来構想に関するお考えをお聞かせください。,candidate_question,analysis_term_no_stopwords,卓越,0.023622047244094488,1.0,0.023622047244094488,3,5,127,16
fujigaki_q06,fujigaki,藤垣裕子,q06,6,国際卓越研究大学としての将来構想に関するお考えをお聞かせください。,candidate_question,analysis_term_no_stopwords,国際,0.023622047244094488,1.0,0.023622047244094488,3,5,127,17
fujigaki_q06,fujigaki,藤垣裕子,q06,6,国際卓越研究大学としての将来構想に関するお考えをお聞かせください。,candidate_question,analysis_term_no_stopwords,学術,0.015748031496062992,1.4054651081081644,0.022133308789104952,2,3,127,18
fujigaki_q06,fujigaki,藤垣裕子,q06,6,国際卓越研究大学としての将来構想に関するお考えをお聞かせください。,candidate_question,analysis_term_no_stopwords,gri,0.015748031496062992,1.1823215567939547,0.018619237114865426,2,4,127,19
fujigaki_q06,fujigaki,藤垣裕子,q06,6,国際卓越研究大学としての将来構想に関するお考えをお聞かせください。,candidate_question,analysis_term_no_stopwords,comon,0.007874015748031496,2.09861228866811,0.016524506209985117,1,1,127,20
fujigaki_q06,fujigaki,藤垣裕子,q06,6,国際卓越研究大学としての将来構想に関するお考えをお聞かせください。,candidate_question,analysis_term_no_stopwords,infrastructure,0.007874015748031496,2.09861228866811,0.016524506209985117,1,1,127,21
fujigaki_q06,fujigaki,藤垣裕子,q06,6,国際卓越研究大学としての将来構想に関するお考えをお聞かせください。,candidate_question,analysis_term_no_stopwords,pi,0.007874015748031496,2.09861228866811,0.016524506209985117,1,1,127,22
fujigaki_q06,fujigaki,藤垣裕子,q06,6,国際卓越研究大学としての将来構想に関するお考えをお聞かせください。,candidate_question,analysis_term_no_stopwords,キュウ,0.007874015748031496,2.09861228866811,0.016524506209985117,1,1,127,23
fujigaki_q06,fujigaki,藤垣裕子,q06,6,国際卓越研究大学としての将来構想に関するお考えをお聞かせください。,candidate_question,analysis_term_no_stopwords,キョウト,0.007874015748031496,2.09861228866811,0.016524506209985117,1,1,127,24
fujigaki_q06,fujigaki,藤垣裕子,q06,6,国際卓越研究大学としての将来構想に関するお考えをお聞かせください。,candidate_question,analysis_term_no_stopwords,システム-system,0.007874015748031496,2.09861228866811,0.016524506209985117,1,1,127,25
fujigaki_q06,fujigaki,藤垣裕子,q06,6,国際卓越研究大学としての将来構想に関するお考えをお聞かせください。,candidate_question,analysis_term_no_stopwords,ヒデキ,0.007874015748031496,2.09861228866811,0.016524506209985117,1,1,127,26
fujigaki_q06,fujigaki,藤垣裕子,q06,6,国際卓越研究大学としての将来構想に関するお考えをお聞かせください。,candidate_question,analysis_term_no_stopwords,ユカワ,0.007874015748031496,2.09861228866811,0.016524506209985117,1,1,127,27
fujigaki_q06,fujigaki,藤垣裕子,q06,6,国際卓越研究大学としての将来構想に関するお考えをお聞かせください。,candidate_question,analysis_term_no_stopwords,中堅,0.007874015748031496,2.09861228866811,0.016524506209985117,1,1,127,28
fujigaki_q06,fujigaki,藤垣裕子,q06,6,国際卓越研究大学としての将来構想に関するお考えをお聞かせください。,candidate_question,analysis_term_no_stopwords,交える,0.007874015748031496,2.09861228866811,0.016524506209985117,1,1,127,29
fujigaki_q06,fujigaki,藤垣裕子,q06,6,国際卓越研究大学としての将来構想に関するお考えをお聞かせください。,candidate_question,analysis_term_no_stopwords,今,0.007874015748031496,2.09861228866811,0.016524506209985117,1,1,127,30
fujigaki_q06,fujigaki,藤垣裕子,q06,6,国際卓越研究大学としての将来構想に関するお考えをお聞かせください。,candidate_question,analysis_term_no_stopwords,作り込む,0.007874015748031496,2.09861228866811,0.016524506209985117,1,1,127,31
fujigaki_q06,fujigaki,藤垣裕子,q06,6,国際卓越研究大学としての将来構想に関するお考えをお聞かせください。,candidate_question,analysis_term_no_stopwords,側面,0.007874015748031496,2.09861228866811,0.016524506209985117,1,1,127,32
fujigaki_q06,fujigaki,藤垣裕子,q06,6,国際卓越研究大学としての将来構想に関するお考えをお聞かせください。,candidate_question,analysis_term_no_stopwords,先進,0.007874015748031496,2.09861228866811,0.016524506209985117,1,1,127,33
fujigaki_q06,fujigaki,藤垣裕子,q06,6,国際卓越研究大学としての将来構想に関するお考えをお聞かせください。,candidate_question,analysis_term_no_stopwords,入れる,0.007874015748031496,2.09861228866811,0.016524506209985117,1,1,127,34
fujigaki_q06,fujigaki,藤垣裕子,q06,6,国際卓越研究大学としての将来構想に関するお考えをお聞かせください。,candidate_question,analysis_term_no_stopwords,力,0.007874015748031496,2.09861228866811,0.016524506209985117,1,1,127,35
fujigaki_q06,fujigaki,藤垣裕子,q06,6,国際卓越研究大学としての将来構想に関するお考えをお聞かせください。,candidate_question,analysis_term_no_stopwords,原理,0.007874015748031496,2.09861228866811,0.016524506209985117,1,1,127,36
fujigaki_q06,fujigaki,藤垣裕子,q06,6,国際卓越研究大学としての将来構想に関するお考えをお聞かせください。,candidate_question,analysis_term_no_stopwords,固定,0.007874015748031496,2.09861228866811,0.016524506209985117,1,1,127,37
fujigaki_q06,fujigaki,藤垣裕子,q06,6,国際卓越研究大学としての将来構想に関するお考えをお聞かせください。,candidate_question,analysis_term_no_stopwords,地下,0.007874015748031496,2.09861228866811,0.016524506209985117,1,1,127,38
fujigaki_q06,fujigaki,藤垣裕子,q06,6,国際卓越研究大学としての将来構想に関するお考えをお聞かせください。,candidate_question,analysis_term_no_stopwords,従う,0.007874015748031496,2.09861228866811,0.016524506209985117,1,1,127,39
fujigaki_q06,fujigaki,藤垣裕子,q06,6,国際卓越研究大学としての将来構想に関するお考えをお聞かせください。,candidate_question,analysis_term_no_stopwords,指標,0.007874015748031496,2.09861228866811,0.016524506209985117,1,1,127,40
fujigaki_q06,fujigaki,藤垣裕子,q06,6,国際卓越研究大学としての将来構想に関するお考えをお聞かせください。,candidate_question,analysis_term_no_stopwords,数,0.007874015748031496,2.09861228866811,0.016524506209985117,1,1,127,41
fujigaki_q06,fujigaki,藤垣裕子,q06,6,国際卓越研究大学としての将来構想に関するお考えをお聞かせください。,candidate_question,analysis_term_no_stopwords,時点,0.007874015748031496,2.09861228866811,0.016524506209985117,1,1,127,42
fujigaki_q06,fujigaki,藤垣裕子,q06,6,国際卓越研究大学としての将来構想に関するお考えをお聞かせください。,candidate_question,analysis_term_no_stopwords,比喩,0.007874015748031496,2.09861228866811,0.016524506209985117,1,1,127,43
fujigaki_q06,fujigaki,藤垣裕子,q06,6,国際卓越研究大学としての将来構想に関するお考えをお聞かせください。,candidate_question,analysis_term_no_stopwords,波及,0.007874015748031496,2.09861228866811,0.016524506209985117,1,1,127,44
fujigaki_q06,fujigaki,藤垣裕子,q06,6,国際卓越研究大学としての将来構想に関するお考えをお聞かせください。,candidate_question,analysis_term_no_stopwords,現状,0.007874015748031496,2.09861228866811,0.016524506209985117,1,1,127,45
fujigaki_q06,fujigaki,藤垣裕子,q06,6,国際卓越研究大学としての将来構想に関するお考えをお聞かせください。,candidate_question,analysis_term_no_stopwords,発展,0.007874015748031496,2.09861228866811,0.016524506209985117,1,1,127,46
fujigaki_q06,fujigaki,藤垣裕子,q06,6,国際卓越研究大学としての将来構想に関するお考えをお聞かせください。,candidate_question,analysis_term_no_stopwords,積層,0.007874015748031496,2.09861228866811,0.016524506209985117,1,1,127,47
fujigaki_q06,fujigaki,藤垣裕子,q06,6,国際卓越研究大学としての将来構想に関するお考えをお聞かせください。,candidate_question,analysis_term_no_stopwords,筈,0.007874015748031496,2.09861228866811,0.016524506209985117,1,1,127,48
fujigaki_q06,fujigaki,藤垣裕子,q06,6,国際卓越研究大学としての将来構想に関するお考えをお聞かせください。,candidate_question,analysis_term_no_stopwords,範,0.007874015748031496,2.09861228866811,0.016524506209985117,1,1,127,49
fujigaki_q06,fujigaki,藤垣裕子,q06,6,国際卓越研究大学としての将来構想に関するお考えをお聞かせください。,candidate_question,analysis_term_no_stopwords,考慮,0.007874015748031496,2.09861228866811,0.016524506209985117,1,1,127,50
fujigaki_q06,fujigaki,藤垣裕子,q06,6,国際卓越研究大学としての将来構想に関するお考えをお聞かせください。,candidate_question,analysis_term_no_stopwords,著作,0.007874015748031496,2.09861228866811,0.016524506209985117,1,1,127,51
fujigaki_q06,fujigaki,藤垣裕子,q06,6,国際卓越研究大学としての将来構想に関するお考えをお聞かせください。,candidate_question,analysis_term_no_stopwords,要,0.007874015748031496,2.09861228866811,0.016524506209985117,1,1,127,52
fujigaki_q06,fujigaki,藤垣裕子,q06,6,国際卓越研究大学としての将来構想に関するお考えをお聞かせください。,candidate_question,analysis_term_no_stopwords,見える,0.007874015748031496,2.09861228866811,0.016524506209985117,1,1,127,53
fujigaki_q06,fujigaki,藤垣裕子,q06,6,国際卓越研究大学としての将来構想に関するお考えをお聞かせください。,candidate_question,analysis_term_no_stopwords,避ける,0.007874015748031496,2.09861228866811,0.016524506209985117,1,1,127,54
fujigaki_q06,fujigaki,藤垣裕子,q06,6,国際卓越研究大学としての将来構想に関するお考えをお聞かせください。,candidate_question,analysis_term_no_stopwords,限る,0.007874015748031496,2.09861228866811,0.016524506209985117,1,1,127,55
fujigaki_q06,fujigaki,藤垣裕子,q06,6,国際卓越研究大学としての将来構想に関するお考えをお聞かせください。,candidate_question,analysis_term_no_stopwords,顕在,0.007874015748031496,2.09861228866811,0.016524506209985117,1,1,127,56
fujigaki_q06,fujigaki,藤垣裕子,q06,6,国際卓越研究大学としての将来構想に関するお考えをお聞かせください。,candidate_question,analysis_term_no_stopwords,global,0.007874015748031496,1.6931471805599454,0.013331867563464137,1,2,127,57
fujigaki_q06,fujigaki,藤垣裕子,q06,6,国際卓越研究大学としての将来構想に関するお考えをお聞かせください。,candidate_question,analysis_term_no_stopwords,research,0.007874015748031496,1.6931471805599454,0.013331867563464137,1,2,127,58
fujigaki_q06,fujigaki,藤垣裕子,q06,6,国際卓越研究大学としての将来構想に関するお考えをお聞かせください。,candidate_question,analysis_term_no_stopwords,上げる,0.007874015748031496,1.6931471805599454,0.013331867563464137,1,2,127,59
fujigaki_q06,fujigaki,藤垣裕子,q06,6,国際卓越研究大学としての将来構想に関するお考えをお聞かせください。,candidate_question,analysis_term_no_stopwords,可視,0.007874015748031496,1.6931471805599454,0.013331867563464137,1,2,127,60
fujigaki_q06,fujigaki,藤垣裕子,q06,6,国際卓越研究大学としての将来構想に関するお考えをお聞かせください。,candidate_question,analysis_term_no_stopwords,問う,0.007874015748031496,1.6931471805599454,0.013331867563464137,1,2,127,61
fujigaki_q06,fujigaki,藤垣裕子,q06,6,国際卓越研究大学としての将来構想に関するお考えをお聞かせください。,candidate_question,analysis_term_no_stopwords,学生,0.007874015748031496,1.6931471805599454,0.013331867563464137,1,2,127,62
fujigaki_q06,fujigaki,藤垣裕子,q06,6,国際卓越研究大学としての将来構想に関するお考えをお聞かせください。,candidate_question,analysis_term_no_stopwords,支える,0.007874015748031496,1.6931471805599454,0.013331867563464137,1,2,127,63
fujigaki_q06,fujigaki,藤垣裕子,q06,6,国際卓越研究大学としての将来構想に関するお考えをお聞かせください。,candidate_question,analysis_term_no_stopwords,新しい,0.007874015748031496,1.6931471805599454,0.013331867563464137,1,2,127,64
fujigaki_q06,fujigaki,藤垣裕子,q06,6,国際卓越研究大学としての将来構想に関するお考えをお聞かせください。,candidate_question,analysis_term_no_stopwords,本部,0.007874015748031496,1.6931471805599454,0.013331867563464137,1,2,127,65
fujigaki_q06,fujigaki,藤垣裕子,q06,6,国際卓越研究大学としての将来構想に関するお考えをお聞かせください。,candidate_question,analysis_term_no_stopwords,構想,0.007874015748031496,1.6931471805599454,0.013331867563464137,1,2,127,66
fujigaki_q06,fujigaki,藤垣裕子,q06,6,国際卓越研究大学としての将来構想に関するお考えをお聞かせください。,candidate_question,analysis_term_no_stopwords,現在,0.007874015748031496,1.6931471805599454,0.013331867563464137,1,2,127,67
fujigaki_q06,fujigaki,藤垣裕子,q06,6,国際卓越研究大学としての将来構想に関するお考えをお聞かせください。,candidate_question,analysis_term_no_stopwords,申請,0.007874015748031496,1.6931471805599454,0.013331867563464137,1,2,127,68
fujigaki_q06,fujigaki,藤垣裕子,q06,6,国際卓越研究大学としての将来構想に関するお考えをお聞かせください。,candidate_question,analysis_term_no_stopwords,経営,0.007874015748031496,1.6931471805599454,0.013331867563464137,1,2,127,69
fujigaki_q06,fujigaki,藤垣裕子,q06,6,国際卓越研究大学としての将来構想に関するお考えをお聞かせください。,candidate_question,analysis_term_no_stopwords,行く,0.007874015748031496,1.6931471805599454,0.013331867563464137,1,2,127,70
fujigaki_q06,fujigaki,藤垣裕子,q06,6,国際卓越研究大学としての将来構想に関するお考えをお聞かせください。,candidate_question,analysis_term_no_stopwords,議論,0.007874015748031496,1.6931471805599454,0.013331867563464137,1,2,127,71
fujigaki_q06,fujigaki,藤垣裕子,q06,6,国際卓越研究大学としての将来構想に関するお考えをお聞かせください。,candidate_question,analysis_term_no_stopwords,トウキョウ,0.007874015748031496,1.4054651081081644,0.011066654394552476,1,3,127,72
fujigaki_q06,fujigaki,藤垣裕子,q06,6,国際卓越研究大学としての将来構想に関するお考えをお聞かせください。,candidate_question,analysis_term_no_stopwords,他,0.007874015748031496,1.4054651081081644,0.011066654394552476,1,3,127,73
fujigaki_q06,fujigaki,藤垣裕子,q06,6,国際卓越研究大学としての将来構想に関するお考えをお聞かせください。,candidate_question,analysis_term_no_stopwords,成果,0.007874015748031496,1.4054651081081644,0.011066654394552476,1,3,127,74
fujigaki_q06,fujigaki,藤垣裕子,q06,6,国際卓越研究大学としての将来構想に関するお考えをお聞かせください。,candidate_question,analysis_term_no_stopwords,於く,0.007874015748031496,1.4054651081081644,0.011066654394552476,1,3,127,75
fujigaki_q06,fujigaki,藤垣裕子,q06,6,国際卓越研究大学としての将来構想に関するお考えをお聞かせください。,candidate_question,analysis_term_no_stopwords,構成,0.007874015748031496,1.4054651081081644,0.011066654394552476,1,3,127,76
fujigaki_q06,fujigaki,藤垣裕子,q06,6,国際卓越研究大学としての将来構想に関するお考えをお聞かせください。,candidate_question,analysis_term_no_stopwords,点,0.007874015748031496,1.4054651081081644,0.011066654394552476,1,3,127,77
fujigaki_q06,fujigaki,藤垣裕子,q06,6,国際卓越研究大学としての将来構想に関するお考えをお聞かせください。,candidate_question,analysis_term_no_stopwords,組織,0.007874015748031496,1.4054651081081644,0.011066654394552476,1,3,127,78
fujigaki_q06,fujigaki,藤垣裕子,q06,6,国際卓越研究大学としての将来構想に関するお考えをお聞かせください。,candidate_question,analysis_term_no_stopwords,考える,0.007874015748031496,1.4054651081081644,0.011066654394552476,1,3,127,79
fujigaki_q06,fujigaki,藤垣裕子,q06,6,国際卓越研究大学としての将来構想に関するお考えをお聞かせください。,candidate_question,analysis_term_no_stopwords,軸,0.007874015748031496,1.4054651081081644,0.011066654394552476,1,3,127,80
fujigaki_q06,fujigaki,藤垣裕子,q06,6,国際卓越研究大学としての将来構想に関するお考えをお聞かせください。,candidate_question,analysis_term_no_stopwords,言う,0.007874015748031496,1.1823215567939547,0.009309618557432713,1,4,127,81
ohkoshi_q06,ohkoshi,大越慎一,q06,6,国際卓越研究大学としての将来構想に関するお考えをお聞かせください。,candidate_question,analysis_term_no_stopwords,為る,0.10909090909090909,1.0,0.10909090909090909,12,5,110,1
ohkoshi_q06,ohkoshi,大越慎一,q06,6,国際卓越研究大学としての将来構想に関するお考えをお聞かせください。,candidate_question,analysis_term_no_stopwords,世界,0.02727272727272727,1.4054651081081644,0.03833086658476812,3,3,110,2
ohkoshi_q06,ohkoshi,大越慎一,q06,6,国際卓越研究大学としての将来構想に関するお考えをお聞かせください。,candidate_question,analysis_term_no_stopwords,充実,0.01818181818181818,2.09861228866811,0.03815658706669291,2,1,110,3
ohkoshi_q06,ohkoshi,大越慎一,q06,6,国際卓越研究大学としての将来構想に関するお考えをお聞かせください。,candidate_question,analysis_term_no_stopwords,学内,0.01818181818181818,2.09861228866811,0.03815658706669291,2,1,110,4
ohkoshi_q06,ohkoshi,大越慎一,q06,6,国際卓越研究大学としての将来構想に関するお考えをお聞かせください。,candidate_question,analysis_term_no_stopwords,設置,0.01818181818181818,2.09861228866811,0.03815658706669291,2,1,110,5
ohkoshi_q06,ohkoshi,大越慎一,q06,6,国際卓越研究大学としての将来構想に関するお考えをお聞かせください。,candidate_question,analysis_term_no_stopwords,卓越,0.03636363636363636,1.0,0.03636363636363636,4,5,110,6
ohkoshi_q06,ohkoshi,大越慎一,q06,6,国際卓越研究大学としての将来構想に関するお考えをお聞かせください。,candidate_question,analysis_term_no_stopwords,因る,0.02727272727272727,1.1823215567939547,0.03224513336710785,3,4,110,7
ohkoshi_q06,ohkoshi,大越慎一,q06,6,国際卓越研究大学としての将来構想に関するお考えをお聞かせください。,candidate_question,analysis_term_no_stopwords,図る,0.01818181818181818,1.6931471805599454,0.030784494191999006,2,2,110,8
ohkoshi_q06,ohkoshi,大越慎一,q06,6,国際卓越研究大学としての将来構想に関するお考えをお聞かせください。,candidate_question,analysis_term_no_stopwords,国際,0.02727272727272727,1.0,0.02727272727272727,3,5,110,9
ohkoshi_q06,ohkoshi,大越慎一,q06,6,国際卓越研究大学としての将来構想に関するお考えをお聞かせください。,candidate_question,analysis_term_no_stopwords,学術,0.01818181818181818,1.4054651081081644,0.02555391105651208,2,3,110,10
ohkoshi_q06,ohkoshi,大越慎一,q06,6,国際卓越研究大学としての将来構想に関するお考えをお聞かせください。,candidate_question,analysis_term_no_stopwords,為,0.01818181818181818,1.4054651081081644,0.02555391105651208,2,3,110,11
ohkoshi_q06,ohkoshi,大越慎一,q06,6,国際卓越研究大学としての将来構想に関するお考えをお聞かせください。,candidate_question,analysis_term_no_stopwords,行う,0.01818181818181818,1.4054651081081644,0.02555391105651208,2,3,110,12
ohkoshi_q06,ohkoshi,大越慎一,q06,6,国際卓越研究大学としての将来構想に関するお考えをお聞かせください。,candidate_question,analysis_term_no_stopwords,ii,0.00909090909090909,2.09861228866811,0.019078293533346453,1,1,110,13
ohkoshi_q06,ohkoshi,大越慎一,q06,6,国際卓越研究大学としての将来構想に関するお考えをお聞かせください。,candidate_question,analysis_term_no_stopwords,iii,0.00909090909090909,2.09861228866811,0.019078293533346453,1,1,110,14
ohkoshi_q06,ohkoshi,大越慎一,q06,6,国際卓越研究大学としての将来構想に関するお考えをお聞かせください。,candidate_question,analysis_term_no_stopwords,iv,0.00909090909090909,2.09861228866811,0.019078293533346453,1,1,110,15
ohkoshi_q06,ohkoshi,大越慎一,q06,6,国際卓越研究大学としての将来構想に関するお考えをお聞かせください。,candidate_question,analysis_term_no_stopwords,utd,0.00909090909090909,2.09861228866811,0.019078293533346453,1,1,110,16
ohkoshi_q06,ohkoshi,大越慎一,q06,6,国際卓越研究大学としての将来構想に関するお考えをお聞かせください。,candidate_question,analysis_term_no_stopwords,v,0.00909090909090909,2.09861228866811,0.019078293533346453,1,1,110,17
ohkoshi_q06,ohkoshi,大越慎一,q06,6,国際卓越研究大学としての将来構想に関するお考えをお聞かせください。,candidate_question,analysis_term_no_stopwords,vi,0.00909090909090909,2.09861228866811,0.019078293533346453,1,1,110,18
ohkoshi_q06,ohkoshi,大越慎一,q06,6,国際卓越研究大学としての将来構想に関するお考えをお聞かせください。,candidate_question,analysis_term_no_stopwords,vii,0.00909090909090909,2.09861228866811,0.019078293533346453,1,1,110,19
ohkoshi_q06,ohkoshi,大越慎一,q06,6,国際卓越研究大学としての将来構想に関するお考えをお聞かせください。,candidate_question,analysis_term_no_stopwords,viii,0.00909090909090909,2.09861228866811,0.019078293533346453,1,1,110,20
ohkoshi_q06,ohkoshi,大越慎一,q06,6,国際卓越研究大学としての将来構想に関するお考えをお聞かせください。,candidate_question,analysis_term_no_stopwords,wings,0.00909090909090909,2.09861228866811,0.019078293533346453,1,1,110,21
ohkoshi_q06,ohkoshi,大越慎一,q06,6,国際卓越研究大学としての将来構想に関するお考えをお聞かせください。,candidate_question,analysis_term_no_stopwords,アドミッション-admission,0.00909090909090909,2.09861228866811,0.019078293533346453,1,1,110,22
ohkoshi_q06,ohkoshi,大越慎一,q06,6,国際卓越研究大学としての将来構想に関するお考えをお聞かせください。,candidate_question,analysis_term_no_stopwords,エンジニア-engineer,0.00909090909090909,2.09861228866811,0.019078293533346453,1,1,110,23
ohkoshi_q06,ohkoshi,大越慎一,q06,6,国際卓越研究大学としての将来構想に関するお考えをお聞かせください。,candidate_question,analysis_term_no_stopwords,エンダウメント,0.00909090909090909,2.09861228866811,0.019078293533346453,1,1,110,24
ohkoshi_q06,ohkoshi,大越慎一,q06,6,国際卓越研究大学としての将来構想に関するお考えをお聞かせください。,candidate_question,analysis_term_no_stopwords,コミュニケーション-communication,0.00909090909090909,2.09861228866811,0.019078293533346453,1,1,110,25
ohkoshi_q06,ohkoshi,大越慎一,q06,6,国際卓越研究大学としての将来構想に関するお考えをお聞かせください。,candidate_question,analysis_term_no_stopwords,サポート-support,0.00909090909090909,2.09861228866811,0.019078293533346453,1,1,110,26
ohkoshi_q06,ohkoshi,大越慎一,q06,6,国際卓越研究大学としての将来構想に関するお考えをお聞かせください。,candidate_question,analysis_term_no_stopwords,ドア-door,0.00909090909090909,2.09861228866811,0.019078293533346453,1,1,110,27
ohkoshi_q06,ohkoshi,大越慎一,q06,6,国際卓越研究大学としての将来構想に関するお考えをお聞かせください。,candidate_question,analysis_term_no_stopwords,ユニット-unit,0.00909090909090909,2.09861228866811,0.019078293533346453,1,1,110,28
ohkoshi_q06,ohkoshi,大越慎一,q06,6,国際卓越研究大学としての将来構想に関するお考えをお聞かせください。,candidate_question,analysis_term_no_stopwords,リクルート-recruit,0.00909090909090909,2.09861228866811,0.019078293533346453,1,1,110,29
ohkoshi_q06,ohkoshi,大越慎一,q06,6,国際卓越研究大学としての将来構想に関するお考えをお聞かせください。,candidate_question,analysis_term_no_stopwords,リサーチ-research,0.00909090909090909,2.09861228866811,0.019078293533346453,1,1,110,30
ohkoshi_q06,ohkoshi,大越慎一,q06,6,国際卓越研究大学としての将来構想に関するお考えをお聞かせください。,candidate_question,analysis_term_no_stopwords,二,0.00909090909090909,2.09861228866811,0.019078293533346453,1,1,110,31
ohkoshi_q06,ohkoshi,大越慎一,q06,6,国際卓越研究大学としての将来構想に関するお考えをお聞かせください。,candidate_question,analysis_term_no_stopwords,体制,0.00909090909090909,2.09861228866811,0.019078293533346453,1,1,110,32
ohkoshi_q06,ohkoshi,大越慎一,q06,6,国際卓越研究大学としての将来構想に関するお考えをお聞かせください。,candidate_question,analysis_term_no_stopwords,入試,0.00909090909090909,2.09861228866811,0.019078293533346453,1,1,110,33
ohkoshi_q06,ohkoshi,大越慎一,q06,6,国際卓越研究大学としての将来構想に関するお考えをお聞かせください。,candidate_question,analysis_term_no_stopwords,向ける,0.00909090909090909,2.09861228866811,0.019078293533346453,1,1,110,34
ohkoshi_q06,ohkoshi,大越慎一,q06,6,国際卓越研究大学としての将来構想に関するお考えをお聞かせください。,candidate_question,analysis_term_no_stopwords,回転,0.00909090909090909,2.09861228866811,0.019078293533346453,1,1,110,35
ohkoshi_q06,ohkoshi,大越慎一,q06,6,国際卓越研究大学としての将来構想に関するお考えをお聞かせください。,candidate_question,analysis_term_no_stopwords,学部,0.00909090909090909,2.09861228866811,0.019078293533346453,1,1,110,36
ohkoshi_q06,ohkoshi,大越慎一,q06,6,国際卓越研究大学としての将来構想に関するお考えをお聞かせください。,candidate_question,analysis_term_no_stopwords,寄付,0.00909090909090909,2.09861228866811,0.019078293533346453,1,1,110,37
ohkoshi_q06,ohkoshi,大越慎一,q06,6,国際卓越研究大学としての将来構想に関するお考えをお聞かせください。,candidate_question,analysis_term_no_stopwords,干渉,0.00909090909090909,2.09861228866811,0.019078293533346453,1,1,110,38
ohkoshi_q06,ohkoshi,大越慎一,q06,6,国際卓越研究大学としての将来構想に関するお考えをお聞かせください。,candidate_question,analysis_term_no_stopwords,息,0.00909090909090909,2.09861228866811,0.019078293533346453,1,1,110,39
ohkoshi_q06,ohkoshi,大越慎一,q06,6,国際卓越研究大学としての将来構想に関するお考えをお聞かせください。,candidate_question,analysis_term_no_stopwords,搭載,0.00909090909090909,2.09861228866811,0.019078293533346453,1,1,110,40
ohkoshi_q06,ohkoshi,大越慎一,q06,6,国際卓越研究大学としての将来構想に関するお考えをお聞かせください。,candidate_question,analysis_term_no_stopwords,改善,0.00909090909090909,2.09861228866811,0.019078293533346453,1,1,110,41
ohkoshi_q06,ohkoshi,大越慎一,q06,6,国際卓越研究大学としての将来構想に関するお考えをお聞かせください。,candidate_question,analysis_term_no_stopwords,教授,0.00909090909090909,2.09861228866811,0.019078293533346453,1,1,110,42
ohkoshi_q06,ohkoshi,大越慎一,q06,6,国際卓越研究大学としての将来構想に関するお考えをお聞かせください。,candidate_question,analysis_term_no_stopwords,文理,0.00909090909090909,2.09861228866811,0.019078293533346453,1,1,110,43
ohkoshi_q06,ohkoshi,大越慎一,q06,6,国際卓越研究大学としての将来構想に関するお考えをお聞かせください。,candidate_question,analysis_term_no_stopwords,新設,0.00909090909090909,2.09861228866811,0.019078293533346453,1,1,110,44
ohkoshi_q06,ohkoshi,大越慎一,q06,6,国際卓越研究大学としての将来構想に関するお考えをお聞かせください。,candidate_question,analysis_term_no_stopwords,構築,0.00909090909090909,2.09861228866811,0.019078293533346453,1,1,110,45
ohkoshi_q06,ohkoshi,大越慎一,q06,6,国際卓越研究大学としての将来構想に関するお考えをお聞かせください。,candidate_question,analysis_term_no_stopwords,民間,0.00909090909090909,2.09861228866811,0.019078293533346453,1,1,110,46
ohkoshi_q06,ohkoshi,大越慎一,q06,6,国際卓越研究大学としての将来構想に関するお考えをお聞かせください。,candidate_question,analysis_term_no_stopwords,発掘,0.00909090909090909,2.09861228866811,0.019078293533346453,1,1,110,47
ohkoshi_q06,ohkoshi,大越慎一,q06,6,国際卓越研究大学としての将来構想に関するお考えをお聞かせください。,candidate_question,analysis_term_no_stopwords,相互,0.00909090909090909,2.09861228866811,0.019078293533346453,1,1,110,48
ohkoshi_q06,ohkoshi,大越慎一,q06,6,国際卓越研究大学としての将来構想に関するお考えをお聞かせください。,candidate_question,analysis_term_no_stopwords,組み合わせる,0.00909090909090909,2.09861228866811,0.019078293533346453,1,1,110,49
ohkoshi_q06,ohkoshi,大越慎一,q06,6,国際卓越研究大学としての将来構想に関するお考えをお聞かせください。,candidate_question,analysis_term_no_stopwords,育成,0.00909090909090909,2.09861228866811,0.019078293533346453,1,1,110,50
ohkoshi_q06,ohkoshi,大越慎一,q06,6,国際卓越研究大学としての将来構想に関するお考えをお聞かせください。,candidate_question,analysis_term_no_stopwords,資産,0.00909090909090909,2.09861228866811,0.019078293533346453,1,1,110,51
ohkoshi_q06,ohkoshi,大越慎一,q06,6,国際卓越研究大学としての将来構想に関するお考えをお聞かせください。,candidate_question,analysis_term_no_stopwords,運用,0.00909090909090909,2.09861228866811,0.019078293533346453,1,1,110,52
ohkoshi_q06,ohkoshi,大越慎一,q06,6,国際卓越研究大学としての将来構想に関するお考えをお聞かせください。,candidate_question,analysis_term_no_stopwords,部,0.00909090909090909,2.09861228866811,0.019078293533346453,1,1,110,53
ohkoshi_q06,ohkoshi,大越慎一,q06,6,国際卓越研究大学としての将来構想に関するお考えをお聞かせください。,candidate_question,analysis_term_no_stopwords,長い,0.00909090909090909,2.09861228866811,0.019078293533346453,1,1,110,54
ohkoshi_q06,ohkoshi,大越慎一,q06,6,国際卓越研究大学としての将来構想に関するお考えをお聞かせください。,candidate_question,analysis_term_no_stopwords,関する,0.00909090909090909,2.09861228866811,0.019078293533346453,1,1,110,55
ohkoshi_q06,ohkoshi,大越慎一,q06,6,国際卓越研究大学としての将来構想に関するお考えをお聞かせください。,candidate_question,analysis_term_no_stopwords,風土,0.00909090909090909,2.09861228866811,0.019078293533346453,1,1,110,56
ohkoshi_q06,ohkoshi,大越慎一,q06,6,国際卓越研究大学としての将来構想に関するお考えをお聞かせください。,candidate_question,analysis_term_no_stopwords,i,0.00909090909090909,1.6931471805599454,0.015392247095999503,1,2,110,57
ohkoshi_q06,ohkoshi,大越慎一,q06,6,国際卓越研究大学としての将来構想に関するお考えをお聞かせください。,candidate_question,analysis_term_no_stopwords,プラットホーム-platform,0.00909090909090909,1.6931471805599454,0.015392247095999503,1,2,110,58
ohkoshi_q06,ohkoshi,大越慎一,q06,6,国際卓越研究大学としての将来構想に関するお考えをお聞かせください。,candidate_question,analysis_term_no_stopwords,価値,0.00909090909090909,1.6931471805599454,0.015392247095999503,1,2,110,59
ohkoshi_q06,ohkoshi,大越慎一,q06,6,国際卓越研究大学としての将来構想に関するお考えをお聞かせください。,candidate_question,analysis_term_no_stopwords,創造,0.00909090909090909,1.6931471805599454,0.015392247095999503,1,2,110,60
ohkoshi_q06,ohkoshi,大越慎一,q06,6,国際卓越研究大学としての将来構想に関するお考えをお聞かせください。,candidate_question,analysis_term_no_stopwords,可視,0.00909090909090909,1.6931471805599454,0.015392247095999503,1,2,110,61
ohkoshi_q06,ohkoshi,大越慎一,q06,6,国際卓越研究大学としての将来構想に関するお考えをお聞かせください。,candidate_question,analysis_term_no_stopwords,問う,0.00909090909090909,1.6931471805599454,0.015392247095999503,1,2,110,62
ohkoshi_q06,ohkoshi,大越慎一,q06,6,国際卓越研究大学としての将来構想に関するお考えをお聞かせください。,candidate_question,analysis_term_no_stopwords,基盤,0.00909090909090909,1.6931471805599454,0.015392247095999503,1,2,110,63
ohkoshi_q06,ohkoshi,大越慎一,q06,6,国際卓越研究大学としての将来構想に関するお考えをお聞かせください。,candidate_question,analysis_term_no_stopwords,基礎,0.00909090909090909,1.6931471805599454,0.015392247095999503,1,2,110,64
ohkoshi_q06,ohkoshi,大越慎一,q06,6,国際卓越研究大学としての将来構想に関するお考えをお聞かせください。,candidate_question,analysis_term_no_stopwords,教員,0.00909090909090909,1.6931471805599454,0.015392247095999503,1,2,110,65
ohkoshi_q06,ohkoshi,大越慎一,q06,6,国際卓越研究大学としての将来構想に関するお考えをお聞かせください。,candidate_question,analysis_term_no_stopwords,最高,0.00909090909090909,1.6931471805599454,0.015392247095999503,1,2,110,66
ohkoshi_q06,ohkoshi,大越慎一,q06,6,国際卓越研究大学としての将来構想に関するお考えをお聞かせください。,candidate_question,analysis_term_no_stopwords,活躍,0.00909090909090909,1.6931471805599454,0.015392247095999503,1,2,110,67
ohkoshi_q06,ohkoshi,大越慎一,q06,6,国際卓越研究大学としての将来構想に関するお考えをお聞かせください。,candidate_question,analysis_term_no_stopwords,財政,0.00909090909090909,1.6931471805599454,0.015392247095999503,1,2,110,68
ohkoshi_q06,ohkoshi,大越慎一,q06,6,国際卓越研究大学としての将来構想に関するお考えをお聞かせください。,candidate_question,analysis_term_no_stopwords,人材,0.00909090909090909,1.4054651081081644,0.01277695552825604,1,3,110,69
ohkoshi_q06,ohkoshi,大越慎一,q06,6,国際卓越研究大学としての将来構想に関するお考えをお聞かせください。,candidate_question,analysis_term_no_stopwords,制度,0.00909090909090909,1.4054651081081644,0.01277695552825604,1,3,110,70
ohkoshi_q06,ohkoshi,大越慎一,q06,6,国際卓越研究大学としての将来構想に関するお考えをお聞かせください。,candidate_question,analysis_term_no_stopwords,場,0.00909090909090909,1.4054651081081644,0.01277695552825604,1,3,110,71
ohkoshi_q06,ohkoshi,大越慎一,q06,6,国際卓越研究大学としての将来構想に関するお考えをお聞かせください。,candidate_question,analysis_term_no_stopwords,強化,0.00909090909090909,1.4054651081081644,0.01277695552825604,1,3,110,72
ohkoshi_q06,ohkoshi,大越慎一,q06,6,国際卓越研究大学としての将来構想に関するお考えをお聞かせください。,candidate_question,analysis_term_no_stopwords,投資,0.00909090909090909,1.4054651081081644,0.01277695552825604,1,3,110,73
ohkoshi_q06,ohkoshi,大越慎一,q06,6,国際卓越研究大学としての将来構想に関するお考えをお聞かせください。,candidate_question,analysis_term_no_stopwords,水準,0.00909090909090909,1.4054651081081644,0.01277695552825604,1,3,110,74
ohkoshi_q06,ohkoshi,大越慎一,q06,6,国際卓越研究大学としての将来構想に関するお考えをお聞かせください。,candidate_question,analysis_term_no_stopwords,活用,0.00909090909090909,1.4054651081081644,0.01277695552825604,1,3,110,75
ohkoshi_q06,ohkoshi,大越慎一,q06,6,国際卓越研究大学としての将来構想に関するお考えをお聞かせください。,candidate_question,analysis_term_no_stopwords,点,0.00909090909090909,1.4054651081081644,0.01277695552825604,1,3,110,76
ohkoshi_q06,ohkoshi,大越慎一,q06,6,国際卓越研究大学としての将来構想に関するお考えをお聞かせください。,candidate_question,analysis_term_no_stopwords,無い,0.00909090909090909,1.4054651081081644,0.01277695552825604,1,3,110,77
ohkoshi_q06,ohkoshi,大越慎一,q06,6,国際卓越研究大学としての将来構想に関するお考えをお聞かせください。,candidate_question,analysis_term_no_stopwords,gri,0.00909090909090909,1.1823215567939547,0.010748377789035951,1,4,110,78
ohkoshi_q06,ohkoshi,大越慎一,q06,6,国際卓越研究大学としての将来構想に関するお考えをお聞かせください。,candidate_question,analysis_term_no_stopwords,担う,0.00909090909090909,1.1823215567939547,0.010748377789035951,1,4,110,79
ohkoshi_q06,ohkoshi,大越慎一,q06,6,国際卓越研究大学としての将来構想に関するお考えをお聞かせください。,candidate_question,analysis_term_no_stopwords,支援,0.00909090909090909,1.1823215567939547,0.010748377789035951,1,4,110,80
ohkoshi_q06,ohkoshi,大越慎一,q06,6,国際卓越研究大学としての将来構想に関するお考えをお聞かせください。,candidate_question,analysis_term_no_stopwords,言う,0.00909090909090909,1.1823215567939547,0.010748377789035951,1,4,110,81
ohkoshi_q06,ohkoshi,大越慎一,q06,6,国際卓越研究大学としての将来構想に関するお考えをお聞かせください。,candidate_question,analysis_term_no_stopwords,成る,0.00909090909090909,1.0,0.00909090909090909,1,5,110,82
ohkoshi_q06,ohkoshi,大越慎一,q06,6,国際卓越研究大学としての将来構想に関するお考えをお聞かせください。,candidate_question,analysis_term_no_stopwords,有る,0.00909090909090909,1.0,0.00909090909090909,1,5,110,83
someya_q06,someya,染谷隆夫,q06,6,国際卓越研究大学としての将来構想に関するお考えをお聞かせください。,candidate_question,analysis_term_no_stopwords,為る,0.08571428571428572,1.0,0.08571428571428572,15,5,175,1
someya_q06,someya,染谷隆夫,q06,6,国際卓越研究大学としての将来構想に関するお考えをお聞かせください。,candidate_question,analysis_term_no_stopwords,制度,0.02857142857142857,1.4054651081081644,0.040156145945947554,5,3,175,2
someya_q06,someya,染谷隆夫,q06,6,国際卓越研究大学としての将来構想に関するお考えをお聞かせください。,candidate_question,analysis_term_no_stopwords,投資,0.022857142857142857,1.4054651081081644,0.03212491675675804,4,3,175,3
someya_q06,someya,染谷隆夫,q06,6,国際卓越研究大学としての将来構想に関するお考えをお聞かせください。,candidate_question,analysis_term_no_stopwords,長期,0.017142857142857144,1.6931471805599454,0.029025380238170494,3,2,175,4
someya_q06,someya,染谷隆夫,q06,6,国際卓越研究大学としての将来構想に関するお考えをお聞かせください。,candidate_question,analysis_term_no_stopwords,人材,0.017142857142857144,1.4054651081081644,0.024093687567568533,3,3,175,5
someya_q06,someya,染谷隆夫,q06,6,国際卓越研究大学としての将来構想に関するお考えをお聞かせください。,candidate_question,analysis_term_no_stopwords,全学,0.011428571428571429,2.09861228866811,0.023984140441921258,2,1,175,6
someya_q06,someya,染谷隆夫,q06,6,国際卓越研究大学としての将来構想に関するお考えをお聞かせください。,candidate_question,analysis_term_no_stopwords,安定,0.011428571428571429,2.09861228866811,0.023984140441921258,2,1,175,7
someya_q06,someya,染谷隆夫,q06,6,国際卓越研究大学としての将来構想に関するお考えをお聞かせください。,candidate_question,analysis_term_no_stopwords,現場,0.011428571428571429,2.09861228866811,0.023984140441921258,2,1,175,8
someya_q06,someya,染谷隆夫,q06,6,国際卓越研究大学としての将来構想に関するお考えをお聞かせください。,candidate_question,analysis_term_no_stopwords,知,0.011428571428571429,2.09861228866811,0.023984140441921258,2,1,175,9
someya_q06,someya,染谷隆夫,q06,6,国際卓越研究大学としての将来構想に関するお考えをお聞かせください。,candidate_question,analysis_term_no_stopwords,価値,0.011428571428571429,1.6931471805599454,0.01935025349211366,2,2,175,10
someya_q06,someya,染谷隆夫,q06,6,国際卓越研究大学としての将来構想に関するお考えをお聞かせください。,candidate_question,analysis_term_no_stopwords,創造,0.011428571428571429,1.6931471805599454,0.01935025349211366,2,2,175,11
someya_q06,someya,染谷隆夫,q06,6,国際卓越研究大学としての将来構想に関するお考えをお聞かせください。,candidate_question,analysis_term_no_stopwords,成長,0.011428571428571429,1.6931471805599454,0.01935025349211366,2,2,175,12
someya_q06,someya,染谷隆夫,q06,6,国際卓越研究大学としての将来構想に関するお考えをお聞かせください。,candidate_question,analysis_term_no_stopwords,支える,0.011428571428571429,1.6931471805599454,0.01935025349211366,2,2,175,13
someya_q06,someya,染谷隆夫,q06,6,国際卓越研究大学としての将来構想に関するお考えをお聞かせください。,candidate_question,analysis_term_no_stopwords,目標,0.011428571428571429,1.6931471805599454,0.01935025349211366,2,2,175,14
someya_q06,someya,染谷隆夫,q06,6,国際卓越研究大学としての将来構想に関するお考えをお聞かせください。,candidate_question,analysis_term_no_stopwords,確立,0.011428571428571429,1.6931471805599454,0.01935025349211366,2,2,175,15
someya_q06,someya,染谷隆夫,q06,6,国際卓越研究大学としての将来構想に関するお考えをお聞かせください。,candidate_question,analysis_term_no_stopwords,自由,0.011428571428571429,1.6931471805599454,0.01935025349211366,2,2,175,16
someya_q06,someya,染谷隆夫,q06,6,国際卓越研究大学としての将来構想に関するお考えをお聞かせください。,candidate_question,analysis_term_no_stopwords,設計,0.011428571428571429,1.6931471805599454,0.01935025349211366,2,2,175,17
someya_q06,someya,染谷隆夫,q06,6,国際卓越研究大学としての将来構想に関するお考えをお聞かせください。,candidate_question,analysis_term_no_stopwords,部局,0.011428571428571429,1.6931471805599454,0.01935025349211366,2,2,175,18
someya_q06,someya,染谷隆夫,q06,6,国際卓越研究大学としての将来構想に関するお考えをお聞かせください。,candidate_question,analysis_term_no_stopwords,有る,0.017142857142857144,1.0,0.017142857142857144,3,5,175,19
someya_q06,someya,染谷隆夫,q06,6,国際卓越研究大学としての将来構想に関するお考えをお聞かせください。,candidate_question,analysis_term_no_stopwords,世界,0.011428571428571429,1.4054651081081644,0.01606245837837902,2,3,175,20
someya_q06,someya,染谷隆夫,q06,6,国際卓越研究大学としての将来構想に関するお考えをお聞かせください。,candidate_question,analysis_term_no_stopwords,事,0.011428571428571429,1.4054651081081644,0.01606245837837902,2,3,175,21
someya_q06,someya,染谷隆夫,q06,6,国際卓越研究大学としての将来構想に関するお考えをお聞かせください。,candidate_question,analysis_term_no_stopwords,環境,0.011428571428571429,1.4054651081081644,0.01606245837837902,2,3,175,22
someya_q06,someya,染谷隆夫,q06,6,国際卓越研究大学としての将来構想に関するお考えをお聞かせください。,candidate_question,analysis_term_no_stopwords,社会,0.011428571428571429,1.4054651081081644,0.01606245837837902,2,3,175,23
someya_q06,someya,染谷隆夫,q06,6,国際卓越研究大学としての将来構想に関するお考えをお聞かせください。,candidate_question,analysis_term_no_stopwords,組織,0.011428571428571429,1.4054651081081644,0.01606245837837902,2,3,175,24
someya_q06,someya,染谷隆夫,q06,6,国際卓越研究大学としての将来構想に関するお考えをお聞かせください。,candidate_question,analysis_term_no_stopwords,評価,0.011428571428571429,1.4054651081081644,0.01606245837837902,2,3,175,25
someya_q06,someya,染谷隆夫,q06,6,国際卓越研究大学としての将来構想に関するお考えをお聞かせください。,candidate_question,analysis_term_no_stopwords,軸,0.011428571428571429,1.4054651081081644,0.01606245837837902,2,3,175,26
someya_q06,someya,染谷隆夫,q06,6,国際卓越研究大学としての将来構想に関するお考えをお聞かせください。,candidate_question,analysis_term_no_stopwords,因る,0.011428571428571429,1.1823215567939547,0.013512246363359482,2,4,175,27
someya_q06,someya,染谷隆夫,q06,6,国際卓越研究大学としての将来構想に関するお考えをお聞かせください。,candidate_question,analysis_term_no_stopwords,インテグリティー,0.005714285714285714,2.09861228866811,0.011992070220960629,1,1,175,28
someya_q06,someya,染谷隆夫,q06,6,国際卓越研究大学としての将来構想に関するお考えをお聞かせください。,candidate_question,analysis_term_no_stopwords,データ-data,0.005714285714285714,2.09861228866811,0.011992070220960629,1,1,175,29
someya_q06,someya,染谷隆夫,q06,6,国際卓越研究大学としての将来構想に関するお考えをお聞かせください。,candidate_question,analysis_term_no_stopwords,一人一人,0.005714285714285714,2.09861228866811,0.011992070220960629,1,1,175,30
someya_q06,someya,染谷隆夫,q06,6,国際卓越研究大学としての将来構想に関するお考えをお聞かせください。,candidate_question,analysis_term_no_stopwords,一律,0.005714285714285714,2.09861228866811,0.011992070220960629,1,1,175,31
someya_q06,someya,染谷隆夫,q06,6,国際卓越研究大学としての将来構想に関するお考えをお聞かせください。,candidate_question,analysis_term_no_stopwords,人類,0.005714285714285714,2.09861228866811,0.011992070220960629,1,1,175,32
someya_q06,someya,染谷隆夫,q06,6,国際卓越研究大学としての将来構想に関するお考えをお聞かせください。,candidate_question,analysis_term_no_stopwords,倫理,0.005714285714285714,2.09861228866811,0.011992070220960629,1,1,175,33
someya_q06,someya,染谷隆夫,q06,6,国際卓越研究大学としての将来構想に関するお考えをお聞かせください。,candidate_question,analysis_term_no_stopwords,優れる,0.005714285714285714,2.09861228866811,0.011992070220960629,1,1,175,34
someya_q06,someya,染谷隆夫,q06,6,国際卓越研究大学としての将来構想に関するお考えをお聞かせください。,candidate_question,analysis_term_no_stopwords,共有,0.005714285714285714,2.09861228866811,0.011992070220960629,1,1,175,35
someya_q06,someya,染谷隆夫,q06,6,国際卓越研究大学としての将来構想に関するお考えをお聞かせください。,candidate_question,analysis_term_no_stopwords,切り開く,0.005714285714285714,2.09861228866811,0.011992070220960629,1,1,175,36
someya_q06,someya,染谷隆夫,q06,6,国際卓越研究大学としての将来構想に関するお考えをお聞かせください。,candidate_question,analysis_term_no_stopwords,利く,0.005714285714285714,2.09861228866811,0.011992070220960629,1,1,175,37
someya_q06,someya,染谷隆夫,q06,6,国際卓越研究大学としての将来構想に関するお考えをお聞かせください。,candidate_question,analysis_term_no_stopwords,協創,0.005714285714285714,2.09861228866811,0.011992070220960629,1,1,175,38
someya_q06,someya,染谷隆夫,q06,6,国際卓越研究大学としての将来構想に関するお考えをお聞かせください。,candidate_question,analysis_term_no_stopwords,受容,0.005714285714285714,2.09861228866811,0.011992070220960629,1,1,175,39
someya_q06,someya,染谷隆夫,q06,6,国際卓越研究大学としての将来構想に関するお考えをお聞かせください。,candidate_question,analysis_term_no_stopwords,地球,0.005714285714285714,2.09861228866811,0.011992070220960629,1,1,175,40
someya_q06,someya,染谷隆夫,q06,6,国際卓越研究大学としての将来構想に関するお考えをお聞かせください。,candidate_question,analysis_term_no_stopwords,変更,0.005714285714285714,2.09861228866811,0.011992070220960629,1,1,175,41
someya_q06,someya,染谷隆夫,q06,6,国際卓越研究大学としての将来構想に関するお考えをお聞かせください。,candidate_question,analysis_term_no_stopwords,外部,0.005714285714285714,2.09861228866811,0.011992070220960629,1,1,175,42
someya_q06,someya,染谷隆夫,q06,6,国際卓越研究大学としての将来構想に関するお考えをお聞かせください。,candidate_question,analysis_term_no_stopwords,実感,0.005714285714285714,2.09861228866811,0.011992070220960629,1,1,175,43
someya_q06,someya,染谷隆夫,q06,6,国際卓越研究大学としての将来構想に関するお考えをお聞かせください。,candidate_question,analysis_term_no_stopwords,対応,0.005714285714285714,2.09861228866811,0.011992070220960629,1,1,175,44
someya_q06,someya,染谷隆夫,q06,6,国際卓越研究大学としての将来構想に関するお考えをお聞かせください。,candidate_question,analysis_term_no_stopwords,専門,0.005714285714285714,2.09861228866811,0.011992070220960629,1,1,175,45
someya_q06,someya,染谷隆夫,q06,6,国際卓越研究大学としての将来構想に関するお考えをお聞かせください。,candidate_question,analysis_term_no_stopwords,尊重,0.005714285714285714,2.09861228866811,0.011992070220960629,1,1,175,46
someya_q06,someya,染谷隆夫,q06,6,国際卓越研究大学としての将来構想に関するお考えをお聞かせください。,candidate_question,analysis_term_no_stopwords,当て嵌める,0.005714285714285714,2.09861228866811,0.011992070220960629,1,1,175,47
someya_q06,someya,染谷隆夫,q06,6,国際卓越研究大学としての将来構想に関するお考えをお聞かせください。,candidate_question,analysis_term_no_stopwords,待遇,0.005714285714285714,2.09861228866811,0.011992070220960629,1,1,175,48
someya_q06,someya,染谷隆夫,q06,6,国際卓越研究大学としての将来構想に関するお考えをお聞かせください。,candidate_question,analysis_term_no_stopwords,成否,0.005714285714285714,2.09861228866811,0.011992070220960629,1,1,175,49
someya_q06,someya,染谷隆夫,q06,6,国際卓越研究大学としての将来構想に関するお考えをお聞かせください。,candidate_question,analysis_term_no_stopwords,手法,0.005714285714285714,2.09861228866811,0.011992070220960629,1,1,175,50
someya_q06,someya,染谷隆夫,q06,6,国際卓越研究大学としての将来構想に関するお考えをお聞かせください。,candidate_question,analysis_term_no_stopwords,据える,0.005714285714285714,2.09861228866811,0.011992070220960629,1,1,175,51
someya_q06,someya,染谷隆夫,q06,6,国際卓越研究大学としての将来構想に関するお考えをお聞かせください。,candidate_question,analysis_term_no_stopwords,掛かる,0.005714285714285714,2.09861228866811,0.011992070220960629,1,1,175,52
someya_q06,someya,染谷隆夫,q06,6,国際卓越研究大学としての将来構想に関するお考えをお聞かせください。,candidate_question,analysis_term_no_stopwords,探る,0.005714285714285714,2.09861228866811,0.011992070220960629,1,1,175,53
someya_q06,someya,染谷隆夫,q06,6,国際卓越研究大学としての将来構想に関するお考えをお聞かせください。,candidate_question,analysis_term_no_stopwords,探究,0.005714285714285714,2.09861228866811,0.011992070220960629,1,1,175,54
someya_q06,someya,染谷隆夫,q06,6,国際卓越研究大学としての将来構想に関するお考えをお聞かせください。,candidate_question,analysis_term_no_stopwords,措置,0.005714285714285714,2.09861228866811,0.011992070220960629,1,1,175,55
someya_q06,someya,染谷隆夫,q06,6,国際卓越研究大学としての将来構想に関するお考えをお聞かせください。,candidate_question,analysis_term_no_stopwords,早期,0.005714285714285714,2.09861228866811,0.011992070220960629,1,1,175,56
someya_q06,someya,染谷隆夫,q06,6,国際卓越研究大学としての将来構想に関するお考えをお聞かせください。,candidate_question,analysis_term_no_stopwords,構造,0.005714285714285714,2.09861228866811,0.011992070220960629,1,1,175,57
someya_q06,someya,染谷隆夫,q06,6,国際卓越研究大学としての将来構想に関するお考えをお聞かせください。,candidate_question,analysis_term_no_stopwords,法,0.005714285714285714,2.09861228866811,0.011992070220960629,1,1,175,58
someya_q06,someya,染谷隆夫,q06,6,国際卓越研究大学としての将来構想に関するお考えをお聞かせください。,candidate_question,analysis_term_no_stopwords,特性,0.005714285714285714,2.09861228866811,0.011992070220960629,1,1,175,59
someya_q06,someya,染谷隆夫,q06,6,国際卓越研究大学としての将来構想に関するお考えをお聞かせください。,candidate_question,analysis_term_no_stopwords,独立,0.005714285714285714,2.09861228866811,0.011992070220960629,1,1,175,60
someya_q06,someya,染谷隆夫,q06,6,国際卓越研究大学としての将来構想に関するお考えをお聞かせください。,candidate_question,analysis_term_no_stopwords,獲得,0.005714285714285714,2.09861228866811,0.011992070220960629,1,1,175,61
someya_q06,someya,染谷隆夫,q06,6,国際卓越研究大学としての将来構想に関するお考えをお聞かせください。,candidate_question,analysis_term_no_stopwords,理念,0.005714285714285714,2.09861228866811,0.011992070220960629,1,1,175,62
someya_q06,someya,染谷隆夫,q06,6,国際卓越研究大学としての将来構想に関するお考えをお聞かせください。,candidate_question,analysis_term_no_stopwords,生み出す,0.005714285714285714,2.09861228866811,0.011992070220960629,1,1,175,63
someya_q06,someya,染谷隆夫,q06,6,国際卓越研究大学としての将来構想に関するお考えをお聞かせください。,candidate_question,analysis_term_no_stopwords,産,0.005714285714285714,2.09861228866811,0.011992070220960629,1,1,175,64
someya_q06,someya,染谷隆夫,q06,6,国際卓越研究大学としての将来構想に関するお考えをお聞かせください。,candidate_question,analysis_term_no_stopwords,留まる,0.005714285714285714,2.09861228866811,0.011992070220960629,1,1,175,65
someya_q06,someya,染谷隆夫,q06,6,国際卓越研究大学としての将来構想に関するお考えをお聞かせください。,candidate_question,analysis_term_no_stopwords,異なる,0.005714285714285714,2.09861228866811,0.011992070220960629,1,1,175,66
someya_q06,someya,染谷隆夫,q06,6,国際卓越研究大学としての将来構想に関するお考えをお聞かせください。,candidate_question,analysis_term_no_stopwords,目指す,0.005714285714285714,2.09861228866811,0.011992070220960629,1,1,175,67
someya_q06,someya,染谷隆夫,q06,6,国際卓越研究大学としての将来構想に関するお考えをお聞かせください。,candidate_question,analysis_term_no_stopwords,知財,0.005714285714285714,2.09861228866811,0.011992070220960629,1,1,175,68
someya_q06,someya,染谷隆夫,q06,6,国際卓越研究大学としての将来構想に関するお考えをお聞かせください。,candidate_question,analysis_term_no_stopwords,確保,0.005714285714285714,2.09861228866811,0.011992070220960629,1,1,175,69
someya_q06,someya,染谷隆夫,q06,6,国際卓越研究大学としての将来構想に関するお考えをお聞かせください。,candidate_question,analysis_term_no_stopwords,移行,0.005714285714285714,2.09861228866811,0.011992070220960629,1,1,175,70
someya_q06,someya,染谷隆夫,q06,6,国際卓越研究大学としての将来構想に関するお考えをお聞かせください。,candidate_question,analysis_term_no_stopwords,終了,0.005714285714285714,2.09861228866811,0.011992070220960629,1,1,175,71
someya_q06,someya,染谷隆夫,q06,6,国際卓越研究大学としての将来構想に関するお考えをお聞かせください。,candidate_question,analysis_term_no_stopwords,継続,0.005714285714285714,2.09861228866811,0.011992070220960629,1,1,175,72
someya_q06,someya,染谷隆夫,q06,6,国際卓越研究大学としての将来構想に関するお考えをお聞かせください。,candidate_question,analysis_term_no_stopwords,繋ぐ,0.005714285714285714,2.09861228866811,0.011992070220960629,1,1,175,73
someya_q06,someya,染谷隆夫,q06,6,国際卓越研究大学としての将来構想に関するお考えをお聞かせください。,candidate_question,analysis_term_no_stopwords,腰,0.005714285714285714,2.09861228866811,0.011992070220960629,1,1,175,74
someya_q06,someya,染谷隆夫,q06,6,国際卓越研究大学としての将来構想に関するお考えをお聞かせください。,candidate_question,analysis_term_no_stopwords,自律,0.005714285714285714,2.09861228866811,0.011992070220960629,1,1,175,75
someya_q06,someya,染谷隆夫,q06,6,国際卓越研究大学としての将来構想に関するお考えをお聞かせください。,candidate_question,analysis_term_no_stopwords,若手,0.005714285714285714,2.09861228866811,0.011992070220960629,1,1,175,76
someya_q06,someya,染谷隆夫,q06,6,国際卓越研究大学としての将来構想に関するお考えをお聞かせください。,candidate_question,analysis_term_no_stopwords,見通し,0.005714285714285714,2.09861228866811,0.011992070220960629,1,1,175,77
someya_q06,someya,染谷隆夫,q06,6,国際卓越研究大学としての将来構想に関するお考えをお聞かせください。,candidate_question,analysis_term_no_stopwords,視野,0.005714285714285714,2.09861228866811,0.011992070220960629,1,1,175,78
someya_q06,someya,染谷隆夫,q06,6,国際卓越研究大学としての将来構想に関するお考えをお聞かせください。,candidate_question,analysis_term_no_stopwords,解,0.005714285714285714,2.09861228866811,0.011992070220960629,1,1,175,79
someya_q06,someya,染谷隆夫,q06,6,国際卓越研究大学としての将来構想に関するお考えをお聞かせください。,candidate_question,analysis_term_no_stopwords,講ずる,0.005714285714285714,2.09861228866811,0.011992070220960629,1,1,175,80
someya_q06,someya,染谷隆夫,q06,6,国際卓越研究大学としての将来構想に関するお考えをお聞かせください。,candidate_question,analysis_term_no_stopwords,貢献,0.005714285714285714,2.09861228866811,0.011992070220960629,1,1,175,81
someya_q06,someya,染谷隆夫,q06,6,国際卓越研究大学としての将来構想に関するお考えをお聞かせください。,candidate_question,analysis_term_no_stopwords,質,0.005714285714285714,2.09861228866811,0.011992070220960629,1,1,175,82
someya_q06,someya,染谷隆夫,q06,6,国際卓越研究大学としての将来構想に関するお考えをお聞かせください。,candidate_question,analysis_term_no_stopwords,踏まえる,0.005714285714285714,2.09861228866811,0.011992070220960629,1,1,175,83
someya_q06,someya,染谷隆夫,q06,6,国際卓越研究大学としての将来構想に関するお考えをお聞かせください。,candidate_question,analysis_term_no_stopwords,迎える,0.005714285714285714,2.09861228866811,0.011992070220960629,1,1,175,84
someya_q06,someya,染谷隆夫,q06,6,国際卓越研究大学としての将来構想に関するお考えをお聞かせください。,candidate_question,analysis_term_no_stopwords,配慮,0.005714285714285714,2.09861228866811,0.011992070220960629,1,1,175,85
someya_q06,someya,染谷隆夫,q06,6,国際卓越研究大学としての将来構想に関するお考えをお聞かせください。,candidate_question,analysis_term_no_stopwords,集う,0.005714285714285714,2.09861228866811,0.011992070220960629,1,1,175,86
someya_q06,someya,染谷隆夫,q06,6,国際卓越研究大学としての将来構想に関するお考えをお聞かせください。,candidate_question,analysis_term_no_stopwords,領域,0.005714285714285714,2.09861228866811,0.011992070220960629,1,1,175,87
someya_q06,someya,染谷隆夫,q06,6,国際卓越研究大学としての将来構想に関するお考えをお聞かせください。,candidate_question,analysis_term_no_stopwords,国際,0.011428571428571429,1.0,0.011428571428571429,2,5,175,88
someya_q06,someya,染谷隆夫,q06,6,国際卓越研究大学としての将来構想に関するお考えをお聞かせください。,candidate_question,analysis_term_no_stopwords,モデル-model,0.005714285714285714,1.6931471805599454,0.00967512674605683,1,2,175,89
someya_q06,someya,染谷隆夫,q06,6,国際卓越研究大学としての将来構想に関するお考えをお聞かせください。,candidate_question,analysis_term_no_stopwords,上,0.005714285714285714,1.6931471805599454,0.00967512674605683,1,2,175,90
someya_q06,someya,染谷隆夫,q06,6,国際卓越研究大学としての将来構想に関するお考えをお聞かせください。,candidate_question,analysis_term_no_stopwords,分野,0.005714285714285714,1.6931471805599454,0.00967512674605683,1,2,175,91
someya_q06,someya,染谷隆夫,q06,6,国際卓越研究大学としての将来構想に関するお考えをお聞かせください。,candidate_question,analysis_term_no_stopwords,効果,0.005714285714285714,1.6931471805599454,0.00967512674605683,1,2,175,92
someya_q06,someya,染谷隆夫,q06,6,国際卓越研究大学としての将来構想に関するお考えをお聞かせください。,candidate_question,analysis_term_no_stopwords,向上,0.005714285714285714,1.6931471805599454,0.00967512674605683,1,2,175,93
someya_q06,someya,染谷隆夫,q06,6,国際卓越研究大学としての将来構想に関するお考えをお聞かせください。,candidate_question,analysis_term_no_stopwords,基礎,0.005714285714285714,1.6931471805599454,0.00967512674605683,1,2,175,94
someya_q06,someya,染谷隆夫,q06,6,国際卓越研究大学としての将来構想に関するお考えをお聞かせください。,candidate_question,analysis_term_no_stopwords,安全,0.005714285714285714,1.6931471805599454,0.00967512674605683,1,2,175,95
someya_q06,someya,染谷隆夫,q06,6,国際卓越研究大学としての将来構想に関するお考えをお聞かせください。,candidate_question,analysis_term_no_stopwords,実現,0.005714285714285714,1.6931471805599454,0.00967512674605683,1,2,175,96
someya_q06,someya,染谷隆夫,q06,6,国際卓越研究大学としての将来構想に関するお考えをお聞かせください。,candidate_question,analysis_term_no_stopwords,対する,0.005714285714285714,1.6931471805599454,0.00967512674605683,1,2,175,97
someya_q06,someya,染谷隆夫,q06,6,国際卓越研究大学としての将来構想に関するお考えをお聞かせください。,candidate_question,analysis_term_no_stopwords,形,0.005714285714285714,1.6931471805599454,0.00967512674605683,1,2,175,98
someya_q06,someya,染谷隆夫,q06,6,国際卓越研究大学としての将来構想に関するお考えをお聞かせください。,candidate_question,analysis_term_no_stopwords,戦略,0.005714285714285714,1.6931471805599454,0.00967512674605683,1,2,175,99
someya_q06,someya,染谷隆夫,q06,6,国際卓越研究大学としての将来構想に関するお考えをお聞かせください。,candidate_question,analysis_term_no_stopwords,持続,0.005714285714285714,1.6931471805599454,0.00967512674605683,1,2,175,100
someya_q06,someya,染谷隆夫,q06,6,国際卓越研究大学としての将来構想に関するお考えをお聞かせください。,candidate_question,analysis_term_no_stopwords,損なう,0.005714285714285714,1.6931471805599454,0.00967512674605683,1,2,175,101
someya_q06,someya,染谷隆夫,q06,6,国際卓越研究大学としての将来構想に関するお考えをお聞かせください。,candidate_question,analysis_term_no_stopwords,新しい,0.005714285714285714,1.6931471805599454,0.00967512674605683,1,2,175,102
someya_q06,someya,染谷隆夫,q06,6,国際卓越研究大学としての将来構想に関するお考えをお聞かせください。,candidate_question,analysis_term_no_stopwords,時間,0.005714285714285714,1.6931471805599454,0.00967512674605683,1,2,175,103
someya_q06,someya,染谷隆夫,q06,6,国際卓越研究大学としての将来構想に関するお考えをお聞かせください。,candidate_question,analysis_term_no_stopwords,本部,0.005714285714285714,1.6931471805599454,0.00967512674605683,1,2,175,104
someya_q06,someya,染谷隆夫,q06,6,国際卓越研究大学としての将来構想に関するお考えをお聞かせください。,candidate_question,analysis_term_no_stopwords,続ける,0.005714285714285714,1.6931471805599454,0.00967512674605683,1,2,175,105
someya_q06,someya,染谷隆夫,q06,6,国際卓越研究大学としての将来構想に関するお考えをお聞かせください。,candidate_question,analysis_term_no_stopwords,要する,0.005714285714285714,1.6931471805599454,0.00967512674605683,1,2,175,106
someya_q06,someya,染谷隆夫,q06,6,国際卓越研究大学としての将来構想に関するお考えをお聞かせください。,candidate_question,analysis_term_no_stopwords,課題,0.005714285714285714,1.6931471805599454,0.00967512674605683,1,2,175,107
someya_q06,someya,染谷隆夫,q06,6,国際卓越研究大学としての将来構想に関するお考えをお聞かせください。,candidate_question,analysis_term_no_stopwords,財務,0.005714285714285714,1.6931471805599454,0.00967512674605683,1,2,175,108
someya_q06,someya,染谷隆夫,q06,6,国際卓越研究大学としての将来構想に関するお考えをお聞かせください。,candidate_question,analysis_term_no_stopwords,資源,0.005714285714285714,1.6931471805599454,0.00967512674605683,1,2,175,109
someya_q06,someya,染谷隆夫,q06,6,国際卓越研究大学としての将来構想に関するお考えをお聞かせください。,candidate_question,analysis_term_no_stopwords,進める,0.005714285714285714,1.6931471805599454,0.00967512674605683,1,2,175,110
someya_q06,someya,染谷隆夫,q06,6,国際卓越研究大学としての将来構想に関するお考えをお聞かせください。,candidate_question,analysis_term_no_stopwords,配分,0.005714285714285714,1.6931471805599454,0.00967512674605683,1,2,175,111
someya_q06,someya,染谷隆夫,q06,6,国際卓越研究大学としての将来構想に関するお考えをお聞かせください。,candidate_question,analysis_term_no_stopwords,出来る,0.005714285714285714,1.4054651081081644,0.00803122918918951,1,3,175,112
someya_q06,someya,染谷隆夫,q06,6,国際卓越研究大学としての将来構想に関するお考えをお聞かせください。,candidate_question,analysis_term_no_stopwords,学術,0.005714285714285714,1.4054651081081644,0.00803122918918951,1,3,175,113
someya_q06,someya,染谷隆夫,q06,6,国際卓越研究大学としての将来構想に関するお考えをお聞かせください。,candidate_question,analysis_term_no_stopwords,居る,0.005714285714285714,1.4054651081081644,0.00803122918918951,1,3,175,114
someya_q06,someya,染谷隆夫,q06,6,国際卓越研究大学としての将来構想に関するお考えをお聞かせください。,candidate_question,analysis_term_no_stopwords,成果,0.005714285714285714,1.4054651081081644,0.00803122918918951,1,3,175,115
someya_q06,someya,染谷隆夫,q06,6,国際卓越研究大学としての将来構想に関するお考えをお聞かせください。,candidate_question,analysis_term_no_stopwords,改革,0.005714285714285714,1.4054651081081644,0.00803122918918951,1,3,175,116
someya_q06,someya,染谷隆夫,q06,6,国際卓越研究大学としての将来構想に関するお考えをお聞かせください。,candidate_question,analysis_term_no_stopwords,於く,0.005714285714285714,1.4054651081081644,0.00803122918918951,1,3,175,117
someya_q06,someya,染谷隆夫,q06,6,国際卓越研究大学としての将来構想に関するお考えをお聞かせください。,candidate_question,analysis_term_no_stopwords,構成,0.005714285714285714,1.4054651081081644,0.00803122918918951,1,3,175,118
someya_q06,someya,染谷隆夫,q06,6,国際卓越研究大学としての将来構想に関するお考えをお聞かせください。,candidate_question,analysis_term_no_stopwords,水準,0.005714285714285714,1.4054651081081644,0.00803122918918951,1,3,175,119
someya_q06,someya,染谷隆夫,q06,6,国際卓越研究大学としての将来構想に関するお考えをお聞かせください。,candidate_question,analysis_term_no_stopwords,活用,0.005714285714285714,1.4054651081081644,0.00803122918918951,1,3,175,120
someya_q06,someya,染谷隆夫,q06,6,国際卓越研究大学としての将来構想に関するお考えをお聞かせください。,candidate_question,analysis_term_no_stopwords,無い,0.005714285714285714,1.4054651081081644,0.00803122918918951,1,3,175,121
someya_q06,someya,染谷隆夫,q06,6,国際卓越研究大学としての将来構想に関するお考えをお聞かせください。,candidate_question,analysis_term_no_stopwords,必要,0.005714285714285714,1.1823215567939547,0.006756123181679741,1,4,175,122
someya_q06,someya,染谷隆夫,q06,6,国際卓越研究大学としての将来構想に関するお考えをお聞かせください。,candidate_question,analysis_term_no_stopwords,担う,0.005714285714285714,1.1823215567939547,0.006756123181679741,1,4,175,123
someya_q06,someya,染谷隆夫,q06,6,国際卓越研究大学としての将来構想に関するお考えをお聞かせください。,candidate_question,analysis_term_no_stopwords,支援,0.005714285714285714,1.1823215567939547,0.006756123181679741,1,4,175,124
someya_q06,someya,染谷隆夫,q06,6,国際卓越研究大学としての将来構想に関するお考えをお聞かせください。,candidate_question,analysis_term_no_stopwords,卓越,0.005714285714285714,1.0,0.005714285714285714,1,5,175,125
someya_q06,someya,染谷隆夫,q06,6,国際卓越研究大学としての将来構想に関するお考えをお聞かせください。,candidate_question,analysis_term_no_stopwords,成る,0.005714285714285714,1.0,0.005714285714285714,1,5,175,126
sugano_q06,sugano,菅野暁,q06,6,国際卓越研究大学としての将来構想に関するお考えをお聞かせください。,candidate_question,analysis_term_no_stopwords,為る,0.08035714285714286,1.0,0.08035714285714286,18,5,224,1
sugano_q06,sugano,菅野暁,q06,6,国際卓越研究大学としての将来構想に関するお考えをお聞かせください。,candidate_question,analysis_term_no_stopwords,事,0.03125,1.4054651081081644,0.04392078462838014,7,3,224,2
sugano_q06,sugano,菅野暁,q06,6,国際卓越研究大学としての将来構想に関するお考えをお聞かせください。,candidate_question,analysis_term_no_stopwords,つく,0.022321428571428572,1.6931471805599454,0.037793463851784496,5,2,224,3
sugano_q06,sugano,菅野暁,q06,6,国際卓越研究大学としての将来構想に関するお考えをお聞かせください。,candidate_question,analysis_term_no_stopwords,助成,0.017857142857142856,2.09861228866811,0.037475219440501965,4,1,224,4
sugano_q06,sugano,菅野暁,q06,6,国際卓越研究大学としての将来構想に関するお考えをお聞かせください。,candidate_question,analysis_term_no_stopwords,有る,0.03125,1.0,0.03125,7,5,224,5
sugano_q06,sugano,菅野暁,q06,6,国際卓越研究大学としての将来構想に関するお考えをお聞かせください。,candidate_question,analysis_term_no_stopwords,行く,0.017857142857142856,1.6931471805599454,0.030234771081427594,4,2,224,6
sugano_q06,sugano,菅野暁,q06,6,国際卓越研究大学としての将来構想に関するお考えをお聞かせください。,candidate_question,analysis_term_no_stopwords,代謝,0.013392857142857142,2.09861228866811,0.028106414580376472,3,1,224,7
sugano_q06,sugano,菅野暁,q06,6,国際卓越研究大学としての将来構想に関するお考えをお聞かせください。,candidate_question,analysis_term_no_stopwords,新陳,0.013392857142857142,2.09861228866811,0.028106414580376472,3,1,224,8
sugano_q06,sugano,菅野暁,q06,6,国際卓越研究大学としての将来構想に関するお考えをお聞かせください。,candidate_question,analysis_term_no_stopwords,来る,0.013392857142857142,2.09861228866811,0.028106414580376472,3,1,224,9
sugano_q06,sugano,菅野暁,q06,6,国際卓越研究大学としての将来構想に関するお考えをお聞かせください。,candidate_question,analysis_term_no_stopwords,言う,0.022321428571428572,1.1823215567939547,0.02639110617843649,5,4,224,10
sugano_q06,sugano,菅野暁,q06,6,国際卓越研究大学としての将来構想に関するお考えをお聞かせください。,candidate_question,analysis_term_no_stopwords,トウキョウ,0.017857142857142856,1.4054651081081644,0.02509759121621722,4,3,224,11
sugano_q06,sugano,菅野暁,q06,6,国際卓越研究大学としての将来構想に関するお考えをお聞かせください。,candidate_question,analysis_term_no_stopwords,強化,0.017857142857142856,1.4054651081081644,0.02509759121621722,4,3,224,12
sugano_q06,sugano,菅野暁,q06,6,国際卓越研究大学としての将来構想に関するお考えをお聞かせください。,candidate_question,analysis_term_no_stopwords,行う,0.017857142857142856,1.4054651081081644,0.02509759121621722,4,3,224,13
sugano_q06,sugano,菅野暁,q06,6,国際卓越研究大学としての将来構想に関するお考えをお聞かせください。,candidate_question,analysis_term_no_stopwords,分野,0.013392857142857142,1.6931471805599454,0.022676078311070696,3,2,224,14
sugano_q06,sugano,菅野暁,q06,6,国際卓越研究大学としての将来構想に関するお考えをお聞かせください。,candidate_question,analysis_term_no_stopwords,進める,0.013392857142857142,1.6931471805599454,0.022676078311070696,3,2,224,15
sugano_q06,sugano,菅野暁,q06,6,国際卓越研究大学としての将来構想に関するお考えをお聞かせください。,candidate_question,analysis_term_no_stopwords,必要,0.017857142857142856,1.1823215567939547,0.02111288494274919,4,4,224,16
sugano_q06,sugano,菅野暁,q06,6,国際卓越研究大学としての将来構想に関するお考えをお聞かせください。,candidate_question,analysis_term_no_stopwords,成果,0.013392857142857142,1.4054651081081644,0.018823193412162913,3,3,224,17
sugano_q06,sugano,菅野暁,q06,6,国際卓越研究大学としての将来構想に関するお考えをお聞かせください。,candidate_question,analysis_term_no_stopwords,為,0.013392857142857142,1.4054651081081644,0.018823193412162913,3,3,224,18
sugano_q06,sugano,菅野暁,q06,6,国際卓越研究大学としての将来構想に関するお考えをお聞かせください。,candidate_question,analysis_term_no_stopwords,環境,0.013392857142857142,1.4054651081081644,0.018823193412162913,3,3,224,19
sugano_q06,sugano,菅野暁,q06,6,国際卓越研究大学としての将来構想に関するお考えをお聞かせください。,candidate_question,analysis_term_no_stopwords,考える,0.013392857142857142,1.4054651081081644,0.018823193412162913,3,3,224,20
sugano_q06,sugano,菅野暁,q06,6,国際卓越研究大学としての将来構想に関するお考えをお聞かせください。,candidate_question,analysis_term_no_stopwords,中核,0.008928571428571428,2.09861228866811,0.018737609720250983,2,1,224,21
sugano_q06,sugano,菅野暁,q06,6,国際卓越研究大学としての将来構想に関するお考えをお聞かせください。,candidate_question,analysis_term_no_stopwords,出る,0.008928571428571428,2.09861228866811,0.018737609720250983,2,1,224,22
sugano_q06,sugano,菅野暁,q06,6,国際卓越研究大学としての将来構想に関するお考えをお聞かせください。,candidate_question,analysis_term_no_stopwords,感,0.008928571428571428,2.09861228866811,0.018737609720250983,2,1,224,23
sugano_q06,sugano,菅野暁,q06,6,国際卓越研究大学としての将来構想に関するお考えをお聞かせください。,candidate_question,analysis_term_no_stopwords,程度,0.008928571428571428,2.09861228866811,0.018737609720250983,2,1,224,24
sugano_q06,sugano,菅野暁,q06,6,国際卓越研究大学としての将来構想に関するお考えをお聞かせください。,candidate_question,analysis_term_no_stopwords,財源,0.008928571428571428,2.09861228866811,0.018737609720250983,2,1,224,25
sugano_q06,sugano,菅野暁,q06,6,国際卓越研究大学としての将来構想に関するお考えをお聞かせください。,candidate_question,analysis_term_no_stopwords,卓越,0.017857142857142856,1.0,0.017857142857142856,4,5,224,26
sugano_q06,sugano,菅野暁,q06,6,国際卓越研究大学としての将来構想に関するお考えをお聞かせください。,candidate_question,analysis_term_no_stopwords,国際,0.017857142857142856,1.0,0.017857142857142856,4,5,224,27
sugano_q06,sugano,菅野暁,q06,6,国際卓越研究大学としての将来構想に関するお考えをお聞かせください。,candidate_question,analysis_term_no_stopwords,申請,0.008928571428571428,1.6931471805599454,0.015117385540713797,2,2,224,28
sugano_q06,sugano,菅野暁,q06,6,国際卓越研究大学としての将来構想に関するお考えをお聞かせください。,candidate_question,analysis_term_no_stopwords,目的,0.008928571428571428,1.6931471805599454,0.015117385540713797,2,2,224,29
sugano_q06,sugano,菅野暁,q06,6,国際卓越研究大学としての将来構想に関するお考えをお聞かせください。,candidate_question,analysis_term_no_stopwords,経営,0.008928571428571428,1.6931471805599454,0.015117385540713797,2,2,224,30
sugano_q06,sugano,菅野暁,q06,6,国際卓越研究大学としての将来構想に関するお考えをお聞かせください。,candidate_question,analysis_term_no_stopwords,議論,0.008928571428571428,1.6931471805599454,0.015117385540713797,2,2,224,31
sugano_q06,sugano,菅野暁,q06,6,国際卓越研究大学としての将来構想に関するお考えをお聞かせください。,candidate_question,analysis_term_no_stopwords,長期,0.008928571428571428,1.6931471805599454,0.015117385540713797,2,2,224,32
sugano_q06,sugano,菅野暁,q06,6,国際卓越研究大学としての将来構想に関するお考えをお聞かせください。,candidate_question,analysis_term_no_stopwords,世界,0.008928571428571428,1.4054651081081644,0.01254879560810861,2,3,224,33
sugano_q06,sugano,菅野暁,q06,6,国際卓越研究大学としての将来構想に関するお考えをお聞かせください。,candidate_question,analysis_term_no_stopwords,人材,0.008928571428571428,1.4054651081081644,0.01254879560810861,2,3,224,34
sugano_q06,sugano,菅野暁,q06,6,国際卓越研究大学としての将来構想に関するお考えをお聞かせください。,candidate_question,analysis_term_no_stopwords,出来る,0.008928571428571428,1.4054651081081644,0.01254879560810861,2,3,224,35
sugano_q06,sugano,菅野暁,q06,6,国際卓越研究大学としての将来構想に関するお考えをお聞かせください。,candidate_question,analysis_term_no_stopwords,投資,0.008928571428571428,1.4054651081081644,0.01254879560810861,2,3,224,36
sugano_q06,sugano,菅野暁,q06,6,国際卓越研究大学としての将来構想に関するお考えをお聞かせください。,candidate_question,analysis_term_no_stopwords,構成,0.008928571428571428,1.4054651081081644,0.01254879560810861,2,3,224,37
sugano_q06,sugano,菅野暁,q06,6,国際卓越研究大学としての将来構想に関するお考えをお聞かせください。,candidate_question,analysis_term_no_stopwords,水準,0.008928571428571428,1.4054651081081644,0.01254879560810861,2,3,224,38
sugano_q06,sugano,菅野暁,q06,6,国際卓越研究大学としての将来構想に関するお考えをお聞かせください。,candidate_question,analysis_term_no_stopwords,点,0.008928571428571428,1.4054651081081644,0.01254879560810861,2,3,224,39
sugano_q06,sugano,菅野暁,q06,6,国際卓越研究大学としての将来構想に関するお考えをお聞かせください。,candidate_question,analysis_term_no_stopwords,社会,0.008928571428571428,1.4054651081081644,0.01254879560810861,2,3,224,40
sugano_q06,sugano,菅野暁,q06,6,国際卓越研究大学としての将来構想に関するお考えをお聞かせください。,candidate_question,analysis_term_no_stopwords,gri,0.008928571428571428,1.1823215567939547,0.010556442471374595,2,4,224,41
sugano_q06,sugano,菅野暁,q06,6,国際卓越研究大学としての将来構想に関するお考えをお聞かせください。,candidate_question,analysis_term_no_stopwords,因る,0.008928571428571428,1.1823215567939547,0.010556442471374595,2,4,224,42
sugano_q06,sugano,菅野暁,q06,6,国際卓越研究大学としての将来構想に関するお考えをお聞かせください。,candidate_question,analysis_term_no_stopwords,de,0.004464285714285714,2.09861228866811,0.009368804860125491,1,1,224,43
sugano_q06,sugano,菅野暁,q06,6,国際卓越研究大学としての将来構想に関するお考えをお聞かせください。,candidate_question,analysis_term_no_stopwords,integrate,0.004464285714285714,2.09861228866811,0.009368804860125491,1,1,224,44
sugano_q06,sugano,菅野暁,q06,6,国際卓越研究大学としての将来構想に関するお考えをお聞かせください。,candidate_question,analysis_term_no_stopwords,インフレ-inflation,0.004464285714285714,2.09861228866811,0.009368804860125491,1,1,224,45
sugano_q06,sugano,菅野暁,q06,6,国際卓越研究大学としての将来構想に関するお考えをお聞かせください。,candidate_question,analysis_term_no_stopwords,スピード-speed,0.004464285714285714,2.09861228866811,0.009368804860125491,1,1,224,46
sugano_q06,sugano,菅野暁,q06,6,国際卓越研究大学としての将来構想に関するお考えをお聞かせください。,candidate_question,analysis_term_no_stopwords,プログラム-program,0.004464285714285714,2.09861228866811,0.009368804860125491,1,1,224,47
sugano_q06,sugano,菅野暁,q06,6,国際卓越研究大学としての将来構想に関するお考えをお聞かせください。,candidate_question,analysis_term_no_stopwords,不断,0.004464285714285714,2.09861228866811,0.009368804860125491,1,1,224,48
sugano_q06,sugano,菅野暁,q06,6,国際卓越研究大学としての将来構想に関するお考えをお聞かせください。,candidate_question,analysis_term_no_stopwords,交付,0.004464285714285714,2.09861228866811,0.009368804860125491,1,1,224,49
sugano_q06,sugano,菅野暁,q06,6,国際卓越研究大学としての将来構想に関するお考えをお聞かせください。,candidate_question,analysis_term_no_stopwords,以上,0.004464285714285714,2.09861228866811,0.009368804860125491,1,1,224,50
sugano_q06,sugano,菅野暁,q06,6,国際卓越研究大学としての将来構想に関するお考えをお聞かせください。,candidate_question,analysis_term_no_stopwords,余地,0.004464285714285714,2.09861228866811,0.009368804860125491,1,1,224,51
sugano_q06,sugano,菅野暁,q06,6,国際卓越研究大学としての将来構想に関するお考えをお聞かせください。,candidate_question,analysis_term_no_stopwords,内,0.004464285714285714,2.09861228866811,0.009368804860125491,1,1,224,52
sugano_q06,sugano,菅野暁,q06,6,国際卓越研究大学としての将来構想に関するお考えをお聞かせください。,candidate_question,analysis_term_no_stopwords,内容,0.004464285714285714,2.09861228866811,0.009368804860125491,1,1,224,53
sugano_q06,sugano,菅野暁,q06,6,国際卓越研究大学としての将来構想に関するお考えをお聞かせください。,candidate_question,analysis_term_no_stopwords,分解,0.004464285714285714,2.09861228866811,0.009368804860125491,1,1,224,54
sugano_q06,sugano,菅野暁,q06,6,国際卓越研究大学としての将来構想に関するお考えをお聞かせください。,candidate_question,analysis_term_no_stopwords,判断,0.004464285714285714,2.09861228866811,0.009368804860125491,1,1,224,55
sugano_q06,sugano,菅野暁,q06,6,国際卓越研究大学としての将来構想に関するお考えをお聞かせください。,candidate_question,analysis_term_no_stopwords,合わせる,0.004464285714285714,2.09861228866811,0.009368804860125491,1,1,224,56
sugano_q06,sugano,菅野暁,q06,6,国際卓越研究大学としての将来構想に関するお考えをお聞かせください。,candidate_question,analysis_term_no_stopwords,国,0.004464285714285714,2.09861228866811,0.009368804860125491,1,1,224,57
sugano_q06,sugano,菅野暁,q06,6,国際卓越研究大学としての将来構想に関するお考えをお聞かせください。,candidate_question,analysis_term_no_stopwords,多額,0.004464285714285714,2.09861228866811,0.009368804860125491,1,1,224,58
sugano_q06,sugano,菅野暁,q06,6,国際卓越研究大学としての将来構想に関するお考えをお聞かせください。,candidate_question,analysis_term_no_stopwords,小さい,0.004464285714285714,2.09861228866811,0.009368804860125491,1,1,224,59
sugano_q06,sugano,菅野暁,q06,6,国際卓越研究大学としての将来構想に関するお考えをお聞かせください。,candidate_question,analysis_term_no_stopwords,徹底,0.004464285714285714,2.09861228866811,0.009368804860125491,1,1,224,60
sugano_q06,sugano,菅野暁,q06,6,国際卓越研究大学としての将来構想に関するお考えをお聞かせください。,candidate_question,analysis_term_no_stopwords,応ずる,0.004464285714285714,2.09861228866811,0.009368804860125491,1,1,224,61
sugano_q06,sugano,菅野暁,q06,6,国際卓越研究大学としての将来構想に関するお考えをお聞かせください。,candidate_question,analysis_term_no_stopwords,抑,0.004464285714285714,2.09861228866811,0.009368804860125491,1,1,224,62
sugano_q06,sugano,菅野暁,q06,6,国際卓越研究大学としての将来構想に関するお考えをお聞かせください。,candidate_question,analysis_term_no_stopwords,投下,0.004464285714285714,2.09861228866811,0.009368804860125491,1,1,224,63
sugano_q06,sugano,菅野暁,q06,6,国際卓越研究大学としての将来構想に関するお考えをお聞かせください。,candidate_question,analysis_term_no_stopwords,持つ,0.004464285714285714,2.09861228866811,0.009368804860125491,1,1,224,64
sugano_q06,sugano,菅野暁,q06,6,国際卓越研究大学としての将来構想に関するお考えをお聞かせください。,candidate_question,analysis_term_no_stopwords,整備,0.004464285714285714,2.09861228866811,0.009368804860125491,1,1,224,65
sugano_q06,sugano,菅野暁,q06,6,国際卓越研究大学としての将来構想に関するお考えをお聞かせください。,candidate_question,analysis_term_no_stopwords,方,0.004464285714285714,2.09861228866811,0.009368804860125491,1,1,224,66
sugano_q06,sugano,菅野暁,q06,6,国際卓越研究大学としての将来構想に関するお考えをお聞かせください。,candidate_question,analysis_term_no_stopwords,時,0.004464285714285714,2.09861228866811,0.009368804860125491,1,1,224,67
sugano_q06,sugano,菅野暁,q06,6,国際卓越研究大学としての将来構想に関するお考えをお聞かせください。,candidate_question,analysis_term_no_stopwords,期待,0.004464285714285714,2.09861228866811,0.009368804860125491,1,1,224,68
sugano_q06,sugano,菅野暁,q06,6,国際卓越研究大学としての将来構想に関するお考えをお聞かせください。,candidate_question,analysis_term_no_stopwords,概念,0.004464285714285714,2.09861228866811,0.009368804860125491,1,1,224,69
sugano_q06,sugano,菅野暁,q06,6,国際卓越研究大学としての将来構想に関するお考えをお聞かせください。,candidate_question,analysis_term_no_stopwords,次,0.004464285714285714,2.09861228866811,0.009368804860125491,1,1,224,70
sugano_q06,sugano,菅野暁,q06,6,国際卓越研究大学としての将来構想に関するお考えをお聞かせください。,candidate_question,analysis_term_no_stopwords,決まる,0.004464285714285714,2.09861228866811,0.009368804860125491,1,1,224,71
sugano_q06,sugano,菅野暁,q06,6,国際卓越研究大学としての将来構想に関するお考えをお聞かせください。,candidate_question,analysis_term_no_stopwords,渡る,0.004464285714285714,2.09861228866811,0.009368804860125491,1,1,224,72
sugano_q06,sugano,菅野暁,q06,6,国際卓越研究大学としての将来構想に関するお考えをお聞かせください。,candidate_question,analysis_term_no_stopwords,理解,0.004464285714285714,2.09861228866811,0.009368804860125491,1,1,224,73
sugano_q06,sugano,菅野暁,q06,6,国際卓越研究大学としての将来構想に関するお考えをお聞かせください。,candidate_question,analysis_term_no_stopwords,生まれる,0.004464285714285714,2.09861228866811,0.009368804860125491,1,1,224,74
sugano_q06,sugano,菅野暁,q06,6,国際卓越研究大学としての将来構想に関するお考えをお聞かせください。,candidate_question,analysis_term_no_stopwords,疑問,0.004464285714285714,2.09861228866811,0.009368804860125491,1,1,224,75
sugano_q06,sugano,菅野暁,q06,6,国際卓越研究大学としての将来構想に関するお考えをお聞かせください。,candidate_question,analysis_term_no_stopwords,科研,0.004464285714285714,2.09861228866811,0.009368804860125491,1,1,224,76
sugano_q06,sugano,菅野暁,q06,6,国際卓越研究大学としての将来構想に関するお考えをお聞かせください。,candidate_question,analysis_term_no_stopwords,策定,0.004464285714285714,2.09861228866811,0.009368804860125491,1,1,224,77
sugano_q06,sugano,菅野暁,q06,6,国際卓越研究大学としての将来構想に関するお考えをお聞かせください。,candidate_question,analysis_term_no_stopwords,考え,0.004464285714285714,2.09861228866811,0.009368804860125491,1,1,224,78
sugano_q06,sugano,菅野暁,q06,6,国際卓越研究大学としての将来構想に関するお考えをお聞かせください。,candidate_question,analysis_term_no_stopwords,自身,0.004464285714285714,2.09861228866811,0.009368804860125491,1,1,224,79
sugano_q06,sugano,菅野暁,q06,6,国際卓越研究大学としての将来構想に関するお考えをお聞かせください。,candidate_question,analysis_term_no_stopwords,良い,0.004464285714285714,2.09861228866811,0.009368804860125491,1,1,224,80
sugano_q06,sugano,菅野暁,q06,6,国際卓越研究大学としての将来構想に関するお考えをお聞かせください。,candidate_question,analysis_term_no_stopwords,裁量,0.004464285714285714,2.09861228866811,0.009368804860125491,1,1,224,81
sugano_q06,sugano,菅野暁,q06,6,国際卓越研究大学としての将来構想に関するお考えをお聞かせください。,candidate_question,analysis_term_no_stopwords,補う,0.004464285714285714,2.09861228866811,0.009368804860125491,1,1,224,82
sugano_q06,sugano,菅野暁,q06,6,国際卓越研究大学としての将来構想に関するお考えをお聞かせください。,candidate_question,analysis_term_no_stopwords,要請,0.004464285714285714,2.09861228866811,0.009368804860125491,1,1,224,83
sugano_q06,sugano,菅野暁,q06,6,国際卓越研究大学としての将来構想に関するお考えをお聞かせください。,candidate_question,analysis_term_no_stopwords,見る,0.004464285714285714,2.09861228866811,0.009368804860125491,1,1,224,84
sugano_q06,sugano,菅野暁,q06,6,国際卓越研究大学としての将来構想に関するお考えをお聞かせください。,candidate_question,analysis_term_no_stopwords,規模,0.004464285714285714,2.09861228866811,0.009368804860125491,1,1,224,85
sugano_q06,sugano,菅野暁,q06,6,国際卓越研究大学としての将来構想に関するお考えをお聞かせください。,candidate_question,analysis_term_no_stopwords,認識,0.004464285714285714,2.09861228866811,0.009368804860125491,1,1,224,86
sugano_q06,sugano,菅野暁,q06,6,国際卓越研究大学としての将来構想に関するお考えをお聞かせください。,candidate_question,analysis_term_no_stopwords,調整,0.004464285714285714,2.09861228866811,0.009368804860125491,1,1,224,87
sugano_q06,sugano,菅野暁,q06,6,国際卓越研究大学としての将来構想に関するお考えをお聞かせください。,candidate_question,analysis_term_no_stopwords,資金,0.004464285714285714,2.09861228866811,0.009368804860125491,1,1,224,88
sugano_q06,sugano,菅野暁,q06,6,国際卓越研究大学としての将来構想に関するお考えをお聞かせください。,candidate_question,analysis_term_no_stopwords,述べる,0.004464285714285714,2.09861228866811,0.009368804860125491,1,1,224,89
sugano_q06,sugano,菅野暁,q06,6,国際卓越研究大学としての将来構想に関するお考えをお聞かせください。,candidate_question,analysis_term_no_stopwords,運営,0.004464285714285714,2.09861228866811,0.009368804860125491,1,1,224,90
sugano_q06,sugano,菅野暁,q06,6,国際卓越研究大学としての将来構想に関するお考えをお聞かせください。,candidate_question,analysis_term_no_stopwords,遣る,0.004464285714285714,2.09861228866811,0.009368804860125491,1,1,224,91
sugano_q06,sugano,菅野暁,q06,6,国際卓越研究大学としての将来構想に関するお考えをお聞かせください。,candidate_question,analysis_term_no_stopwords,還元,0.004464285714285714,2.09861228866811,0.009368804860125491,1,1,224,92
sugano_q06,sugano,菅野暁,q06,6,国際卓越研究大学としての将来構想に関するお考えをお聞かせください。,candidate_question,analysis_term_no_stopwords,間,0.004464285714285714,2.09861228866811,0.009368804860125491,1,1,224,93
sugano_q06,sugano,菅野暁,q06,6,国際卓越研究大学としての将来構想に関するお考えをお聞かせください。,candidate_question,analysis_term_no_stopwords,面,0.004464285714285714,2.09861228866811,0.009368804860125491,1,1,224,94
sugano_q06,sugano,菅野暁,q06,6,国際卓越研究大学としての将来構想に関するお考えをお聞かせください。,candidate_question,analysis_term_no_stopwords,global,0.004464285714285714,1.6931471805599454,0.007558692770356899,1,2,224,95
sugano_q06,sugano,菅野暁,q06,6,国際卓越研究大学としての将来構想に関するお考えをお聞かせください。,candidate_question,analysis_term_no_stopwords,i,0.004464285714285714,1.6931471805599454,0.007558692770356899,1,2,224,96
sugano_q06,sugano,菅野暁,q06,6,国際卓越研究大学としての将来構想に関するお考えをお聞かせください。,candidate_question,analysis_term_no_stopwords,research,0.004464285714285714,1.6931471805599454,0.007558692770356899,1,2,224,97
sugano_q06,sugano,菅野暁,q06,6,国際卓越研究大学としての将来構想に関するお考えをお聞かせください。,candidate_question,analysis_term_no_stopwords,プラットホーム-platform,0.004464285714285714,1.6931471805599454,0.007558692770356899,1,2,224,98
sugano_q06,sugano,菅野暁,q06,6,国際卓越研究大学としての将来構想に関するお考えをお聞かせください。,candidate_question,analysis_term_no_stopwords,中,0.004464285714285714,1.6931471805599454,0.007558692770356899,1,2,224,99
sugano_q06,sugano,菅野暁,q06,6,国際卓越研究大学としての将来構想に関するお考えをお聞かせください。,candidate_question,analysis_term_no_stopwords,今後,0.004464285714285714,1.6931471805599454,0.007558692770356899,1,2,224,100
sugano_q06,sugano,菅野暁,q06,6,国際卓越研究大学としての将来構想に関するお考えをお聞かせください。,candidate_question,analysis_term_no_stopwords,伸ばす,0.004464285714285714,1.6931471805599454,0.007558692770356899,1,2,224,101
sugano_q06,sugano,菅野暁,q06,6,国際卓越研究大学としての将来構想に関するお考えをお聞かせください。,candidate_question,analysis_term_no_stopwords,作る,0.004464285714285714,1.6931471805599454,0.007558692770356899,1,2,224,102
sugano_q06,sugano,菅野暁,q06,6,国際卓越研究大学としての将来構想に関するお考えをお聞かせください。,candidate_question,analysis_term_no_stopwords,削減,0.004464285714285714,1.6931471805599454,0.007558692770356899,1,2,224,103
sugano_q06,sugano,菅野暁,q06,6,国際卓越研究大学としての将来構想に関するお考えをお聞かせください。,candidate_question,analysis_term_no_stopwords,基準,0.004464285714285714,1.6931471805599454,0.007558692770356899,1,2,224,104
sugano_q06,sugano,菅野暁,q06,6,国際卓越研究大学としての将来構想に関するお考えをお聞かせください。,candidate_question,analysis_term_no_stopwords,変化,0.004464285714285714,1.6931471805599454,0.007558692770356899,1,2,224,105
sugano_q06,sugano,菅野暁,q06,6,国際卓越研究大学としての将来構想に関するお考えをお聞かせください。,candidate_question,analysis_term_no_stopwords,大きい,0.004464285714285714,1.6931471805599454,0.007558692770356899,1,2,224,106
sugano_q06,sugano,菅野暁,q06,6,国際卓越研究大学としての将来構想に関するお考えをお聞かせください。,candidate_question,analysis_term_no_stopwords,年,0.004464285714285714,1.6931471805599454,0.007558692770356899,1,2,224,107
sugano_q06,sugano,菅野暁,q06,6,国際卓越研究大学としての将来構想に関するお考えをお聞かせください。,candidate_question,analysis_term_no_stopwords,得る,0.004464285714285714,1.6931471805599454,0.007558692770356899,1,2,224,108
sugano_q06,sugano,菅野暁,q06,6,国際卓越研究大学としての将来構想に関するお考えをお聞かせください。,candidate_question,analysis_term_no_stopwords,戦略,0.004464285714285714,1.6931471805599454,0.007558692770356899,1,2,224,109
sugano_q06,sugano,菅野暁,q06,6,国際卓越研究大学としての将来構想に関するお考えをお聞かせください。,candidate_question,analysis_term_no_stopwords,時間,0.004464285714285714,1.6931471805599454,0.007558692770356899,1,2,224,110
sugano_q06,sugano,菅野暁,q06,6,国際卓越研究大学としての将来構想に関するお考えをお聞かせください。,candidate_question,analysis_term_no_stopwords,最高,0.004464285714285714,1.6931471805599454,0.007558692770356899,1,2,224,111
sugano_q06,sugano,菅野暁,q06,6,国際卓越研究大学としての将来構想に関するお考えをお聞かせください。,candidate_question,analysis_term_no_stopwords,機関,0.004464285714285714,1.6931471805599454,0.007558692770356899,1,2,224,112
sugano_q06,sugano,菅野暁,q06,6,国際卓越研究大学としての将来構想に関するお考えをお聞かせください。,candidate_question,analysis_term_no_stopwords,続ける,0.004464285714285714,1.6931471805599454,0.007558692770356899,1,2,224,113
sugano_q06,sugano,菅野暁,q06,6,国際卓越研究大学としての将来構想に関するお考えをお聞かせください。,candidate_question,analysis_term_no_stopwords,維持,0.004464285714285714,1.6931471805599454,0.007558692770356899,1,2,224,114
sugano_q06,sugano,菅野暁,q06,6,国際卓越研究大学としての将来構想に関するお考えをお聞かせください。,candidate_question,analysis_term_no_stopwords,財務,0.004464285714285714,1.6931471805599454,0.007558692770356899,1,2,224,115
sugano_q06,sugano,菅野暁,q06,6,国際卓越研究大学としての将来構想に関するお考えをお聞かせください。,candidate_question,analysis_term_no_stopwords,資源,0.004464285714285714,1.6931471805599454,0.007558692770356899,1,2,224,116
sugano_q06,sugano,菅野暁,q06,6,国際卓越研究大学としての将来構想に関するお考えをお聞かせください。,candidate_question,analysis_term_no_stopwords,高める,0.004464285714285714,1.6931471805599454,0.007558692770356899,1,2,224,117
sugano_q06,sugano,菅野暁,q06,6,国際卓越研究大学としての将来構想に関するお考えをお聞かせください。,candidate_question,analysis_term_no_stopwords,他,0.004464285714285714,1.4054651081081644,0.006274397804054305,1,3,224,118
sugano_q06,sugano,菅野暁,q06,6,国際卓越研究大学としての将来構想に関するお考えをお聞かせください。,candidate_question,analysis_term_no_stopwords,場,0.004464285714285714,1.4054651081081644,0.006274397804054305,1,3,224,119
sugano_q06,sugano,菅野暁,q06,6,国際卓越研究大学としての将来構想に関するお考えをお聞かせください。,candidate_question,analysis_term_no_stopwords,改革,0.004464285714285714,1.4054651081081644,0.006274397804054305,1,3,224,120
sugano_q06,sugano,菅野暁,q06,6,国際卓越研究大学としての将来構想に関するお考えをお聞かせください。,candidate_question,analysis_term_no_stopwords,於く,0.004464285714285714,1.4054651081081644,0.006274397804054305,1,3,224,121
sugano_q06,sugano,菅野暁,q06,6,国際卓越研究大学としての将来構想に関するお考えをお聞かせください。,candidate_question,analysis_term_no_stopwords,軸,0.004464285714285714,1.4054651081081644,0.006274397804054305,1,3,224,122
sugano_q06,sugano,菅野暁,q06,6,国際卓越研究大学としての将来構想に関するお考えをお聞かせください。,candidate_question,analysis_term_no_stopwords,担う,0.004464285714285714,1.1823215567939547,0.005278221235687297,1,4,224,123
sugano_q06,sugano,菅野暁,q06,6,国際卓越研究大学としての将来構想に関するお考えをお聞かせください。,candidate_question,analysis_term_no_stopwords,支援,0.004464285714285714,1.1823215567939547,0.005278221235687297,1,4,224,124
sugano_q06,sugano,菅野暁,q06,6,国際卓越研究大学としての将来構想に関するお考えをお聞かせください。,candidate_question,analysis_term_no_stopwords,成る,0.004464285714285714,1.0,0.004464285714285714,1,5,224,125
yamamoto_q06,yamamoto,山本隆司,q06,6,国際卓越研究大学としての将来構想に関するお考えをお聞かせください。,candidate_question,analysis_term_no_stopwords,為る,0.10344827586206896,1.0,0.10344827586206896,42,5,406,1
yamamoto_q06,yamamoto,山本隆司,q06,6,国際卓越研究大学としての将来構想に関するお考えをお聞かせください。,candidate_question,analysis_term_no_stopwords,事,0.03201970443349754,1.4054651081081644,0.04500257735321709,13,3,406,2
yamamoto_q06,yamamoto,山本隆司,q06,6,国際卓越研究大学としての将来構想に関するお考えをお聞かせください。,candidate_question,analysis_term_no_stopwords,トウキョウ,0.024630541871921183,1.4054651081081644,0.034617367194782374,10,3,406,3
yamamoto_q06,yamamoto,山本隆司,q06,6,国際卓越研究大学としての将来構想に関するお考えをお聞かせください。,candidate_question,analysis_term_no_stopwords,有る,0.034482758620689655,1.0,0.034482758620689655,14,5,406,4
yamamoto_q06,yamamoto,山本隆司,q06,6,国際卓越研究大学としての将来構想に関するお考えをお聞かせください。,candidate_question,analysis_term_no_stopwords,国際,0.027093596059113302,1.0,0.027093596059113302,11,5,406,5
yamamoto_q06,yamamoto,山本隆司,q06,6,国際卓越研究大学としての将来構想に関するお考えをお聞かせください。,candidate_question,analysis_term_no_stopwords,成る,0.027093596059113302,1.0,0.027093596059113302,11,5,406,6
yamamoto_q06,yamamoto,山本隆司,q06,6,国際卓越研究大学としての将来構想に関するお考えをお聞かせください。,candidate_question,analysis_term_no_stopwords,効率,0.012315270935960592,2.09861228866811,0.025844978924484115,5,1,406,7
yamamoto_q06,yamamoto,山本隆司,q06,6,国際卓越研究大学としての将来構想に関するお考えをお聞かせください。,candidate_question,analysis_term_no_stopwords,場合,0.012315270935960592,2.09861228866811,0.025844978924484115,5,1,406,8
yamamoto_q06,yamamoto,山本隆司,q06,6,国際卓越研究大学としての将来構想に関するお考えをお聞かせください。,candidate_question,analysis_term_no_stopwords,業務,0.012315270935960592,2.09861228866811,0.025844978924484115,5,1,406,9
yamamoto_q06,yamamoto,山本隆司,q06,6,国際卓越研究大学としての将来構想に関するお考えをお聞かせください。,candidate_question,analysis_term_no_stopwords,認定,0.012315270935960592,2.09861228866811,0.025844978924484115,5,1,406,10
yamamoto_q06,yamamoto,山本隆司,q06,6,国際卓越研究大学としての将来構想に関するお考えをお聞かせください。,candidate_question,analysis_term_no_stopwords,目標,0.014778325123152709,1.6931471805599454,0.025021879515664217,6,2,406,11
yamamoto_q06,yamamoto,山本隆司,q06,6,国際卓越研究大学としての将来構想に関するお考えをお聞かせください。,candidate_question,analysis_term_no_stopwords,制度,0.017241379310344827,1.4054651081081644,0.02423215703634766,7,3,406,12
yamamoto_q06,yamamoto,山本隆司,q06,6,国際卓越研究大学としての将来構想に関するお考えをお聞かせください。,candidate_question,analysis_term_no_stopwords,為,0.017241379310344827,1.4054651081081644,0.02423215703634766,7,3,406,13
yamamoto_q06,yamamoto,山本隆司,q06,6,国際卓越研究大学としての将来構想に関するお考えをお聞かせください。,candidate_question,analysis_term_no_stopwords,部局,0.012315270935960592,1.6931471805599454,0.020851566263053515,5,2,406,14
yamamoto_q06,yamamoto,山本隆司,q06,6,国際卓越研究大学としての将来構想に関するお考えをお聞かせください。,candidate_question,analysis_term_no_stopwords,必要,0.017241379310344827,1.1823215567939547,0.020384854427481978,7,4,406,15
yamamoto_q06,yamamoto,山本隆司,q06,6,国際卓越研究大学としての将来構想に関するお考えをお聞かせください。,candidate_question,analysis_term_no_stopwords,gri,0.014778325123152709,1.1823215567939547,0.017472732366413123,6,4,406,16
yamamoto_q06,yamamoto,山本隆司,q06,6,国際卓越研究大学としての将来構想に関するお考えをお聞かせください。,candidate_question,analysis_term_no_stopwords,卓越,0.017241379310344827,1.0,0.017241379310344827,7,5,406,17
yamamoto_q06,yamamoto,山本隆司,q06,6,国際卓越研究大学としての将来構想に関するお考えをお聞かせください。,candidate_question,analysis_term_no_stopwords,財政,0.009852216748768473,1.6931471805599454,0.016681253010442813,4,2,406,18
yamamoto_q06,yamamoto,山本隆司,q06,6,国際卓越研究大学としての将来構想に関するお考えをお聞かせください。,candidate_question,analysis_term_no_stopwords,プロセス-process,0.007389162561576354,2.09861228866811,0.015506987354690468,3,1,406,19
yamamoto_q06,yamamoto,山本隆司,q06,6,国際卓越研究大学としての将来構想に関するお考えをお聞かせください。,candidate_question,analysis_term_no_stopwords,人,0.007389162561576354,2.09861228866811,0.015506987354690468,3,1,406,20
yamamoto_q06,yamamoto,山本隆司,q06,6,国際卓越研究大学としての将来構想に関するお考えをお聞かせください。,candidate_question,analysis_term_no_stopwords,人事,0.007389162561576354,2.09861228866811,0.015506987354690468,3,1,406,21
yamamoto_q06,yamamoto,山本隆司,q06,6,国際卓越研究大学としての将来構想に関するお考えをお聞かせください。,candidate_question,analysis_term_no_stopwords,全体,0.007389162561576354,2.09861228866811,0.015506987354690468,3,1,406,22
yamamoto_q06,yamamoto,山本隆司,q06,6,国際卓越研究大学としての将来構想に関するお考えをお聞かせください。,candidate_question,analysis_term_no_stopwords,施設,0.007389162561576354,2.09861228866811,0.015506987354690468,3,1,406,23
yamamoto_q06,yamamoto,山本隆司,q06,6,国際卓越研究大学としての将来構想に関するお考えをお聞かせください。,candidate_question,analysis_term_no_stopwords,牽引,0.007389162561576354,2.09861228866811,0.015506987354690468,3,1,406,24
yamamoto_q06,yamamoto,山本隆司,q06,6,国際卓越研究大学としての将来構想に関するお考えをお聞かせください。,candidate_question,analysis_term_no_stopwords,究極,0.007389162561576354,2.09861228866811,0.015506987354690468,3,1,406,25
yamamoto_q06,yamamoto,山本隆司,q06,6,国際卓越研究大学としての将来構想に関するお考えをお聞かせください。,candidate_question,analysis_term_no_stopwords,育む,0.007389162561576354,2.09861228866811,0.015506987354690468,3,1,406,26
yamamoto_q06,yamamoto,山本隆司,q06,6,国際卓越研究大学としての将来構想に関するお考えをお聞かせください。,candidate_question,analysis_term_no_stopwords,関わる,0.007389162561576354,2.09861228866811,0.015506987354690468,3,1,406,27
yamamoto_q06,yamamoto,山本隆司,q06,6,国際卓越研究大学としての将来構想に関するお考えをお聞かせください。,candidate_question,analysis_term_no_stopwords,環境,0.009852216748768473,1.4054651081081644,0.01384694687791295,4,3,406,28
yamamoto_q06,yamamoto,山本隆司,q06,6,国際卓越研究大学としての将来構想に関するお考えをお聞かせください。,candidate_question,analysis_term_no_stopwords,行う,0.009852216748768473,1.4054651081081644,0.01384694687791295,4,3,406,29
yamamoto_q06,yamamoto,山本隆司,q06,6,国際卓越研究大学としての将来構想に関するお考えをお聞かせください。,candidate_question,analysis_term_no_stopwords,上,0.007389162561576354,1.6931471805599454,0.012510939757832108,3,2,406,30
yamamoto_q06,yamamoto,山本隆司,q06,6,国際卓越研究大学としての将来構想に関するお考えをお聞かせください。,candidate_question,analysis_term_no_stopwords,得る,0.007389162561576354,1.6931471805599454,0.012510939757832108,3,2,406,31
yamamoto_q06,yamamoto,山本隆司,q06,6,国際卓越研究大学としての将来構想に関するお考えをお聞かせください。,candidate_question,analysis_term_no_stopwords,持続,0.007389162561576354,1.6931471805599454,0.012510939757832108,3,2,406,32
yamamoto_q06,yamamoto,山本隆司,q06,6,国際卓越研究大学としての将来構想に関するお考えをお聞かせください。,candidate_question,analysis_term_no_stopwords,教員,0.007389162561576354,1.6931471805599454,0.012510939757832108,3,2,406,33
yamamoto_q06,yamamoto,山本隆司,q06,6,国際卓越研究大学としての将来構想に関するお考えをお聞かせください。,candidate_question,analysis_term_no_stopwords,居る,0.007389162561576354,1.4054651081081644,0.010385210158434712,3,3,406,34
yamamoto_q06,yamamoto,山本隆司,q06,6,国際卓越研究大学としての将来構想に関するお考えをお聞かせください。,candidate_question,analysis_term_no_stopwords,社会,0.007389162561576354,1.4054651081081644,0.010385210158434712,3,3,406,35
yamamoto_q06,yamamoto,山本隆司,q06,6,国際卓越研究大学としての将来構想に関するお考えをお聞かせください。,candidate_question,analysis_term_no_stopwords,考える,0.007389162561576354,1.4054651081081644,0.010385210158434712,3,3,406,36
yamamoto_q06,yamamoto,山本隆司,q06,6,国際卓越研究大学としての将来構想に関するお考えをお聞かせください。,candidate_question,analysis_term_no_stopwords,キャリア-career,0.0049261083743842365,2.09861228866811,0.010337991569793646,2,1,406,37
yamamoto_q06,yamamoto,山本隆司,q06,6,国際卓越研究大学としての将来構想に関するお考えをお聞かせください。,candidate_question,analysis_term_no_stopwords,事業,0.0049261083743842365,2.09861228866811,0.010337991569793646,2,1,406,38
yamamoto_q06,yamamoto,山本隆司,q06,6,国際卓越研究大学としての将来構想に関するお考えをお聞かせください。,candidate_question,analysis_term_no_stopwords,信頼,0.0049261083743842365,2.09861228866811,0.010337991569793646,2,1,406,39
yamamoto_q06,yamamoto,山本隆司,q06,6,国際卓越研究大学としての将来構想に関するお考えをお聞かせください。,candidate_question,analysis_term_no_stopwords,優先,0.0049261083743842365,2.09861228866811,0.010337991569793646,2,1,406,40
yamamoto_q06,yamamoto,山本隆司,q06,6,国際卓越研究大学としての将来構想に関するお考えをお聞かせください。,candidate_question,analysis_term_no_stopwords,初期,0.0049261083743842365,2.09861228866811,0.010337991569793646,2,1,406,41
yamamoto_q06,yamamoto,山本隆司,q06,6,国際卓越研究大学としての将来構想に関するお考えをお聞かせください。,candidate_question,analysis_term_no_stopwords,利用,0.0049261083743842365,2.09861228866811,0.010337991569793646,2,1,406,42
yamamoto_q06,yamamoto,山本隆司,q06,6,国際卓越研究大学としての将来構想に関するお考えをお聞かせください。,candidate_question,analysis_term_no_stopwords,協力,0.0049261083743842365,2.09861228866811,0.010337991569793646,2,1,406,43
yamamoto_q06,yamamoto,山本隆司,q06,6,国際卓越研究大学としての将来構想に関するお考えをお聞かせください。,candidate_question,analysis_term_no_stopwords,問題,0.0049261083743842365,2.09861228866811,0.010337991569793646,2,1,406,44
yamamoto_q06,yamamoto,山本隆司,q06,6,国際卓越研究大学としての将来構想に関するお考えをお聞かせください。,candidate_question,analysis_term_no_stopwords,喫緊,0.0049261083743842365,2.09861228866811,0.010337991569793646,2,1,406,45
yamamoto_q06,yamamoto,山本隆司,q06,6,国際卓越研究大学としての将来構想に関するお考えをお聞かせください。,candidate_question,analysis_term_no_stopwords,増える,0.0049261083743842365,2.09861228866811,0.010337991569793646,2,1,406,46
yamamoto_q06,yamamoto,山本隆司,q06,6,国際卓越研究大学としての将来構想に関するお考えをお聞かせください。,candidate_question,analysis_term_no_stopwords,学問,0.0049261083743842365,2.09861228866811,0.010337991569793646,2,1,406,47
yamamoto_q06,yamamoto,山本隆司,q06,6,国際卓越研究大学としての将来構想に関するお考えをお聞かせください。,candidate_question,analysis_term_no_stopwords,数値,0.0049261083743842365,2.09861228866811,0.010337991569793646,2,1,406,48
yamamoto_q06,yamamoto,山本隆司,q06,6,国際卓越研究大学としての将来構想に関するお考えをお聞かせください。,candidate_question,analysis_term_no_stopwords,整合,0.0049261083743842365,2.09861228866811,0.010337991569793646,2,1,406,49
yamamoto_q06,yamamoto,山本隆司,q06,6,国際卓越研究大学としての将来構想に関するお考えをお聞かせください。,candidate_question,analysis_term_no_stopwords,整理,0.0049261083743842365,2.09861228866811,0.010337991569793646,2,1,406,50
yamamoto_q06,yamamoto,山本隆司,q06,6,国際卓越研究大学としての将来構想に関するお考えをお聞かせください。,candidate_question,analysis_term_no_stopwords,求める,0.0049261083743842365,2.09861228866811,0.010337991569793646,2,1,406,51
yamamoto_q06,yamamoto,山本隆司,q06,6,国際卓越研究大学としての将来構想に関するお考えをお聞かせください。,candidate_question,analysis_term_no_stopwords,活動,0.0049261083743842365,2.09861228866811,0.010337991569793646,2,1,406,52
yamamoto_q06,yamamoto,山本隆司,q06,6,国際卓越研究大学としての将来構想に関するお考えをお聞かせください。,candidate_question,analysis_term_no_stopwords,物,0.0049261083743842365,2.09861228866811,0.010337991569793646,2,1,406,53
yamamoto_q06,yamamoto,山本隆司,q06,6,国際卓越研究大学としての将来構想に関するお考えをお聞かせください。,candidate_question,analysis_term_no_stopwords,能力,0.0049261083743842365,2.09861228866811,0.010337991569793646,2,1,406,54
yamamoto_q06,yamamoto,山本隆司,q06,6,国際卓越研究大学としての将来構想に関するお考えをお聞かせください。,candidate_question,analysis_term_no_stopwords,計画,0.0049261083743842365,2.09861228866811,0.010337991569793646,2,1,406,55
yamamoto_q06,yamamoto,山本隆司,q06,6,国際卓越研究大学としての将来構想に関するお考えをお聞かせください。,candidate_question,analysis_term_no_stopwords,因る,0.007389162561576354,1.1823215567939547,0.008736366183206562,3,4,406,56
yamamoto_q06,yamamoto,山本隆司,q06,6,国際卓越研究大学としての将来構想に関するお考えをお聞かせください。,candidate_question,analysis_term_no_stopwords,今後,0.0049261083743842365,1.6931471805599454,0.008340626505221407,2,2,406,57
yamamoto_q06,yamamoto,山本隆司,q06,6,国際卓越研究大学としての将来構想に関するお考えをお聞かせください。,candidate_question,analysis_term_no_stopwords,伸ばす,0.0049261083743842365,1.6931471805599454,0.008340626505221407,2,2,406,58
yamamoto_q06,yamamoto,山本隆司,q06,6,国際卓越研究大学としての将来構想に関するお考えをお聞かせください。,candidate_question,analysis_term_no_stopwords,効果,0.0049261083743842365,1.6931471805599454,0.008340626505221407,2,2,406,59
yamamoto_q06,yamamoto,山本隆司,q06,6,国際卓越研究大学としての将来構想に関するお考えをお聞かせください。,candidate_question,analysis_term_no_stopwords,図る,0.0049261083743842365,1.6931471805599454,0.008340626505221407,2,2,406,60
yamamoto_q06,yamamoto,山本隆司,q06,6,国際卓越研究大学としての将来構想に関するお考えをお聞かせください。,candidate_question,analysis_term_no_stopwords,基準,0.0049261083743842365,1.6931471805599454,0.008340626505221407,2,2,406,61
yamamoto_q06,yamamoto,山本隆司,q06,6,国際卓越研究大学としての将来構想に関するお考えをお聞かせください。,candidate_question,analysis_term_no_stopwords,基盤,0.0049261083743842365,1.6931471805599454,0.008340626505221407,2,2,406,62
yamamoto_q06,yamamoto,山本隆司,q06,6,国際卓越研究大学としての将来構想に関するお考えをお聞かせください。,candidate_question,analysis_term_no_stopwords,学生,0.0049261083743842365,1.6931471805599454,0.008340626505221407,2,2,406,63
yamamoto_q06,yamamoto,山本隆司,q06,6,国際卓越研究大学としての将来構想に関するお考えをお聞かせください。,candidate_question,analysis_term_no_stopwords,実現,0.0049261083743842365,1.6931471805599454,0.008340626505221407,2,2,406,64
yamamoto_q06,yamamoto,山本隆司,q06,6,国際卓越研究大学としての将来構想に関するお考えをお聞かせください。,candidate_question,analysis_term_no_stopwords,活躍,0.0049261083743842365,1.6931471805599454,0.008340626505221407,2,2,406,65
yamamoto_q06,yamamoto,山本隆司,q06,6,国際卓越研究大学としての将来構想に関するお考えをお聞かせください。,candidate_question,analysis_term_no_stopwords,現在,0.0049261083743842365,1.6931471805599454,0.008340626505221407,2,2,406,66
yamamoto_q06,yamamoto,山本隆司,q06,6,国際卓越研究大学としての将来構想に関するお考えをお聞かせください。,candidate_question,analysis_term_no_stopwords,設計,0.0049261083743842365,1.6931471805599454,0.008340626505221407,2,2,406,67
yamamoto_q06,yamamoto,山本隆司,q06,6,国際卓越研究大学としての将来構想に関するお考えをお聞かせください。,candidate_question,analysis_term_no_stopwords,課題,0.0049261083743842365,1.6931471805599454,0.008340626505221407,2,2,406,68
yamamoto_q06,yamamoto,山本隆司,q06,6,国際卓越研究大学としての将来構想に関するお考えをお聞かせください。,candidate_question,analysis_term_no_stopwords,出来る,0.0049261083743842365,1.4054651081081644,0.006923473438956475,2,3,406,69
yamamoto_q06,yamamoto,山本隆司,q06,6,国際卓越研究大学としての将来構想に関するお考えをお聞かせください。,candidate_question,analysis_term_no_stopwords,改革,0.0049261083743842365,1.4054651081081644,0.006923473438956475,2,3,406,70
yamamoto_q06,yamamoto,山本隆司,q06,6,国際卓越研究大学としての将来構想に関するお考えをお聞かせください。,candidate_question,analysis_term_no_stopwords,無い,0.0049261083743842365,1.4054651081081644,0.006923473438956475,2,3,406,71
yamamoto_q06,yamamoto,山本隆司,q06,6,国際卓越研究大学としての将来構想に関するお考えをお聞かせください。,candidate_question,analysis_term_no_stopwords,評価,0.0049261083743842365,1.4054651081081644,0.006923473438956475,2,3,406,72
yamamoto_q06,yamamoto,山本隆司,q06,6,国際卓越研究大学としての将来構想に関するお考えをお聞かせください。,candidate_question,analysis_term_no_stopwords,言う,0.0049261083743842365,1.1823215567939547,0.005824244122137708,2,4,406,73
yamamoto_q06,yamamoto,山本隆司,q06,6,国際卓越研究大学としての将来構想に関するお考えをお聞かせください。,candidate_question,analysis_term_no_stopwords,インフラ-infrastructure,0.0024630541871921183,2.09861228866811,0.005168995784896823,1,1,406,74
yamamoto_q06,yamamoto,山本隆司,q06,6,国際卓越研究大学としての将来構想に関するお考えをお聞かせください。,candidate_question,analysis_term_no_stopwords,シミュレーション-simulation,0.0024630541871921183,2.09861228866811,0.005168995784896823,1,1,406,75
yamamoto_q06,yamamoto,山本隆司,q06,6,国際卓越研究大学としての将来構想に関するお考えをお聞かせください。,candidate_question,analysis_term_no_stopwords,スタンス-stance,0.0024630541871921183,2.09861228866811,0.005168995784896823,1,1,406,76
yamamoto_q06,yamamoto,山本隆司,q06,6,国際卓越研究大学としての将来構想に関するお考えをお聞かせください。,candidate_question,analysis_term_no_stopwords,プレゼンス-presence,0.0024630541871921183,2.09861228866811,0.005168995784896823,1,1,406,77
yamamoto_q06,yamamoto,山本隆司,q06,6,国際卓越研究大学としての将来構想に関するお考えをお聞かせください。,candidate_question,analysis_term_no_stopwords,ポスト-post(郵便),0.0024630541871921183,2.09861228866811,0.005168995784896823,1,1,406,78
yamamoto_q06,yamamoto,山本隆司,q06,6,国際卓越研究大学としての将来構想に関するお考えをお聞かせください。,candidate_question,analysis_term_no_stopwords,ランキング-ranking,0.0024630541871921183,2.09861228866811,0.005168995784896823,1,1,406,79
yamamoto_q06,yamamoto,山本隆司,q06,6,国際卓越研究大学としての将来構想に関するお考えをお聞かせください。,candidate_question,analysis_term_no_stopwords,一,0.0024630541871921183,2.09861228866811,0.005168995784896823,1,1,406,80
yamamoto_q06,yamamoto,山本隆司,q06,6,国際卓越研究大学としての将来構想に関するお考えをお聞かせください。,candidate_question,analysis_term_no_stopwords,一定,0.0024630541871921183,2.09861228866811,0.005168995784896823,1,1,406,81
yamamoto_q06,yamamoto,山本隆司,q06,6,国際卓越研究大学としての将来構想に関するお考えをお聞かせください。,candidate_question,analysis_term_no_stopwords,一方,0.0024630541871921183,2.09861228866811,0.005168995784896823,1,1,406,82
yamamoto_q06,yamamoto,山本隆司,q06,6,国際卓越研究大学としての将来構想に関するお考えをお聞かせください。,candidate_question,analysis_term_no_stopwords,中心,0.0024630541871921183,2.09861228866811,0.005168995784896823,1,1,406,83
yamamoto_q06,yamamoto,山本隆司,q06,6,国際卓越研究大学としての将来構想に関するお考えをお聞かせください。,candidate_question,analysis_term_no_stopwords,人員,0.0024630541871921183,2.09861228866811,0.005168995784896823,1,1,406,84
yamamoto_q06,yamamoto,山本隆司,q06,6,国際卓越研究大学としての将来構想に関するお考えをお聞かせください。,candidate_question,analysis_term_no_stopwords,任用,0.0024630541871921183,2.09861228866811,0.005168995784896823,1,1,406,85
yamamoto_q06,yamamoto,山本隆司,q06,6,国際卓越研究大学としての将来構想に関するお考えをお聞かせください。,candidate_question,analysis_term_no_stopwords,伴う,0.0024630541871921183,2.09861228866811,0.005168995784896823,1,1,406,86
yamamoto_q06,yamamoto,山本隆司,q06,6,国際卓越研究大学としての将来構想に関するお考えをお聞かせください。,candidate_question,analysis_term_no_stopwords,共通,0.0024630541871921183,2.09861228866811,0.005168995784896823,1,1,406,87
yamamoto_q06,yamamoto,山本隆司,q06,6,国際卓越研究大学としての将来構想に関するお考えをお聞かせください。,candidate_question,analysis_term_no_stopwords,分析,0.0024630541871921183,2.09861228866811,0.005168995784896823,1,1,406,88
yamamoto_q06,yamamoto,山本隆司,q06,6,国際卓越研究大学としての将来構想に関するお考えをお聞かせください。,candidate_question,analysis_term_no_stopwords,別,0.0024630541871921183,2.09861228866811,0.005168995784896823,1,1,406,89
yamamoto_q06,yamamoto,山本隆司,q06,6,国際卓越研究大学としての将来構想に関するお考えをお聞かせください。,candidate_question,analysis_term_no_stopwords,割合,0.0024630541871921183,2.09861228866811,0.005168995784896823,1,1,406,90
yamamoto_q06,yamamoto,山本隆司,q06,6,国際卓越研究大学としての将来構想に関するお考えをお聞かせください。,candidate_question,analysis_term_no_stopwords,加速,0.0024630541871921183,2.09861228866811,0.005168995784896823,1,1,406,91
yamamoto_q06,yamamoto,山本隆司,q06,6,国際卓越研究大学としての将来構想に関するお考えをお聞かせください。,candidate_question,analysis_term_no_stopwords,危機,0.0024630541871921183,2.09861228866811,0.005168995784896823,1,1,406,92
yamamoto_q06,yamamoto,山本隆司,q06,6,国際卓越研究大学としての将来構想に関するお考えをお聞かせください。,candidate_question,analysis_term_no_stopwords,即する,0.0024630541871921183,2.09861228866811,0.005168995784896823,1,1,406,93
yamamoto_q06,yamamoto,山本隆司,q06,6,国際卓越研究大学としての将来構想に関するお考えをお聞かせください。,candidate_question,analysis_term_no_stopwords,収益,0.0024630541871921183,2.09861228866811,0.005168995784896823,1,1,406,94
yamamoto_q06,yamamoto,山本隆司,q06,6,国際卓越研究大学としての将来構想に関するお考えをお聞かせください。,candidate_question,analysis_term_no_stopwords,受益,0.0024630541871921183,2.09861228866811,0.005168995784896823,1,1,406,95
yamamoto_q06,yamamoto,山本隆司,q06,6,国際卓越研究大学としての将来構想に関するお考えをお聞かせください。,candidate_question,analysis_term_no_stopwords,合致,0.0024630541871921183,2.09861228866811,0.005168995784896823,1,1,406,96
yamamoto_q06,yamamoto,山本隆司,q06,6,国際卓越研究大学としての将来構想に関するお考えをお聞かせください。,candidate_question,analysis_term_no_stopwords,含む,0.0024630541871921183,2.09861228866811,0.005168995784896823,1,1,406,97
yamamoto_q06,yamamoto,山本隆司,q06,6,国際卓越研究大学としての将来構想に関するお考えをお聞かせください。,candidate_question,analysis_term_no_stopwords,困難,0.0024630541871921183,2.09861228866811,0.005168995784896823,1,1,406,98
yamamoto_q06,yamamoto,山本隆司,q06,6,国際卓越研究大学としての将来構想に関するお考えをお聞かせください。,candidate_question,analysis_term_no_stopwords,失う,0.0024630541871921183,2.09861228866811,0.005168995784896823,1,1,406,99
yamamoto_q06,yamamoto,山本隆司,q06,6,国際卓越研究大学としての将来構想に関するお考えをお聞かせください。,candidate_question,analysis_term_no_stopwords,如何,0.0024630541871921183,2.09861228866811,0.005168995784896823,1,1,406,100
yamamoto_q06,yamamoto,山本隆司,q06,6,国際卓越研究大学としての将来構想に関するお考えをお聞かせください。,candidate_question,analysis_term_no_stopwords,学ぶ,0.0024630541871921183,2.09861228866811,0.005168995784896823,1,1,406,101
yamamoto_q06,yamamoto,山本隆司,q06,6,国際卓越研究大学としての将来構想に関するお考えをお聞かせください。,candidate_question,analysis_term_no_stopwords,実態,0.0024630541871921183,2.09861228866811,0.005168995784896823,1,1,406,102
yamamoto_q06,yamamoto,山本隆司,q06,6,国際卓越研究大学としての将来構想に関するお考えをお聞かせください。,candidate_question,analysis_term_no_stopwords,局所,0.0024630541871921183,2.09861228866811,0.005168995784896823,1,1,406,103
yamamoto_q06,yamamoto,山本隆司,q06,6,国際卓越研究大学としての将来構想に関するお考えをお聞かせください。,candidate_question,analysis_term_no_stopwords,差分,0.0024630541871921183,2.09861228866811,0.005168995784896823,1,1,406,104
yamamoto_q06,yamamoto,山本隆司,q06,6,国際卓越研究大学としての将来構想に関するお考えをお聞かせください。,candidate_question,analysis_term_no_stopwords,広い,0.0024630541871921183,2.09861228866811,0.005168995784896823,1,1,406,105
yamamoto_q06,yamamoto,山本隆司,q06,6,国際卓越研究大学としての将来構想に関するお考えをお聞かせください。,candidate_question,analysis_term_no_stopwords,広げる,0.0024630541871921183,2.09861228866811,0.005168995784896823,1,1,406,106
yamamoto_q06,yamamoto,山本隆司,q06,6,国際卓越研究大学としての将来構想に関するお考えをお聞かせください。,candidate_question,analysis_term_no_stopwords,強靭,0.0024630541871921183,2.09861228866811,0.005168995784896823,1,1,406,107
yamamoto_q06,yamamoto,山本隆司,q06,6,国際卓越研究大学としての将来構想に関するお考えをお聞かせください。,candidate_question,analysis_term_no_stopwords,当たる,0.0024630541871921183,2.09861228866811,0.005168995784896823,1,1,406,108
yamamoto_q06,yamamoto,山本隆司,q06,6,国際卓越研究大学としての将来構想に関するお考えをお聞かせください。,candidate_question,analysis_term_no_stopwords,形成,0.0024630541871921183,2.09861228866811,0.005168995784896823,1,1,406,109
yamamoto_q06,yamamoto,山本隆司,q06,6,国際卓越研究大学としての将来構想に関するお考えをお聞かせください。,candidate_question,analysis_term_no_stopwords,意味,0.0024630541871921183,2.09861228866811,0.005168995784896823,1,1,406,110
yamamoto_q06,yamamoto,山本隆司,q06,6,国際卓越研究大学としての将来構想に関するお考えをお聞かせください。,candidate_question,analysis_term_no_stopwords,所属,0.0024630541871921183,2.09861228866811,0.005168995784896823,1,1,406,111
yamamoto_q06,yamamoto,山本隆司,q06,6,国際卓越研究大学としての将来構想に関するお考えをお聞かせください。,candidate_question,analysis_term_no_stopwords,手段,0.0024630541871921183,2.09861228866811,0.005168995784896823,1,1,406,112
yamamoto_q06,yamamoto,山本隆司,q06,6,国際卓越研究大学としての将来構想に関するお考えをお聞かせください。,candidate_question,analysis_term_no_stopwords,手続き,0.0024630541871921183,2.09861228866811,0.005168995784896823,1,1,406,113
yamamoto_q06,yamamoto,山本隆司,q06,6,国際卓越研究大学としての将来構想に関するお考えをお聞かせください。,candidate_question,analysis_term_no_stopwords,抑制,0.0024630541871921183,2.09861228866811,0.005168995784896823,1,1,406,114
yamamoto_q06,yamamoto,山本隆司,q06,6,国際卓越研究大学としての将来構想に関するお考えをお聞かせください。,candidate_question,analysis_term_no_stopwords,指導,0.0024630541871921183,2.09861228866811,0.005168995784896823,1,1,406,115
yamamoto_q06,yamamoto,山本隆司,q06,6,国際卓越研究大学としての将来構想に関するお考えをお聞かせください。,candidate_question,analysis_term_no_stopwords,採用,0.0024630541871921183,2.09861228866811,0.005168995784896823,1,1,406,116
yamamoto_q06,yamamoto,山本隆司,q06,6,国際卓越研究大学としての将来構想に関するお考えをお聞かせください。,candidate_question,analysis_term_no_stopwords,改修,0.0024630541871921183,2.09861228866811,0.005168995784896823,1,1,406,117
yamamoto_q06,yamamoto,山本隆司,q06,6,国際卓越研究大学としての将来構想に関するお考えをお聞かせください。,candidate_question,analysis_term_no_stopwords,教職員,0.0024630541871921183,2.09861228866811,0.005168995784896823,1,1,406,118
yamamoto_q06,yamamoto,山本隆司,q06,6,国際卓越研究大学としての将来構想に関するお考えをお聞かせください。,candidate_question,analysis_term_no_stopwords,既存,0.0024630541871921183,2.09861228866811,0.005168995784896823,1,1,406,119
yamamoto_q06,yamamoto,山本隆司,q06,6,国際卓越研究大学としての将来構想に関するお考えをお聞かせください。,candidate_question,analysis_term_no_stopwords,日本,0.0024630541871921183,2.09861228866811,0.005168995784896823,1,1,406,120
yamamoto_q06,yamamoto,山本隆司,q06,6,国際卓越研究大学としての将来構想に関するお考えをお聞かせください。,candidate_question,analysis_term_no_stopwords,本来,0.0024630541871921183,2.09861228866811,0.005168995784896823,1,1,406,121
yamamoto_q06,yamamoto,山本隆司,q06,6,国際卓越研究大学としての将来構想に関するお考えをお聞かせください。,candidate_question,analysis_term_no_stopwords,減る,0.0024630541871921183,2.09861228866811,0.005168995784896823,1,1,406,122
yamamoto_q06,yamamoto,山本隆司,q06,6,国際卓越研究大学としての将来構想に関するお考えをお聞かせください。,candidate_question,analysis_term_no_stopwords,漸進,0.0024630541871921183,2.09861228866811,0.005168995784896823,1,1,406,123
yamamoto_q06,yamamoto,山本隆司,q06,6,国際卓越研究大学としての将来構想に関するお考えをお聞かせください。,candidate_question,analysis_term_no_stopwords,照らす,0.0024630541871921183,2.09861228866811,0.005168995784896823,1,1,406,124
yamamoto_q06,yamamoto,山本隆司,q06,6,国際卓越研究大学としての将来構想に関するお考えをお聞かせください。,candidate_question,analysis_term_no_stopwords,特定,0.0024630541871921183,2.09861228866811,0.005168995784896823,1,1,406,125
yamamoto_q06,yamamoto,山本隆司,q06,6,国際卓越研究大学としての将来構想に関するお考えをお聞かせください。,candidate_question,analysis_term_no_stopwords,状況,0.0024630541871921183,2.09861228866811,0.005168995784896823,1,1,406,126
yamamoto_q06,yamamoto,山本隆司,q06,6,国際卓越研究大学としての将来構想に関するお考えをお聞かせください。,candidate_question,analysis_term_no_stopwords,生かす,0.0024630541871921183,2.09861228866811,0.005168995784896823,1,1,406,127
yamamoto_q06,yamamoto,山本隆司,q06,6,国際卓越研究大学としての将来構想に関するお考えをお聞かせください。,candidate_question,analysis_term_no_stopwords,発生,0.0024630541871921183,2.09861228866811,0.005168995784896823,1,1,406,128
yamamoto_q06,yamamoto,山本隆司,q06,6,国際卓越研究大学としての将来構想に関するお考えをお聞かせください。,candidate_question,analysis_term_no_stopwords,直接,0.0024630541871921183,2.09861228866811,0.005168995784896823,1,1,406,129
yamamoto_q06,yamamoto,山本隆司,q06,6,国際卓越研究大学としての将来構想に関するお考えをお聞かせください。,candidate_question,analysis_term_no_stopwords,示す,0.0024630541871921183,2.09861228866811,0.005168995784896823,1,1,406,130
yamamoto_q06,yamamoto,山本隆司,q06,6,国際卓越研究大学としての将来構想に関するお考えをお聞かせください。,candidate_question,analysis_term_no_stopwords,移す,0.0024630541871921183,2.09861228866811,0.005168995784896823,1,1,406,131
yamamoto_q06,yamamoto,山本隆司,q06,6,国際卓越研究大学としての将来構想に関するお考えをお聞かせください。,candidate_question,analysis_term_no_stopwords,積み重ねる,0.0024630541871921183,2.09861228866811,0.005168995784896823,1,1,406,132
yamamoto_q06,yamamoto,山本隆司,q06,6,国際卓越研究大学としての将来構想に関するお考えをお聞かせください。,candidate_question,analysis_term_no_stopwords,立てる,0.0024630541871921183,2.09861228866811,0.005168995784896823,1,1,406,133
yamamoto_q06,yamamoto,山本隆司,q06,6,国際卓越研究大学としての将来構想に関するお考えをお聞かせください。,candidate_question,analysis_term_no_stopwords,管理,0.0024630541871921183,2.09861228866811,0.005168995784896823,1,1,406,134
yamamoto_q06,yamamoto,山本隆司,q06,6,国際卓越研究大学としての将来構想に関するお考えをお聞かせください。,candidate_question,analysis_term_no_stopwords,組み替え,0.0024630541871921183,2.09861228866811,0.005168995784896823,1,1,406,135
yamamoto_q06,yamamoto,山本隆司,q06,6,国際卓越研究大学としての将来構想に関するお考えをお聞かせください。,candidate_question,analysis_term_no_stopwords,老朽,0.0024630541871921183,2.09861228866811,0.005168995784896823,1,1,406,136
yamamoto_q06,yamamoto,山本隆司,q06,6,国際卓越研究大学としての将来構想に関するお考えをお聞かせください。,candidate_question,analysis_term_no_stopwords,職員,0.0024630541871921183,2.09861228866811,0.005168995784896823,1,1,406,137
yamamoto_q06,yamamoto,山本隆司,q06,6,国際卓越研究大学としての将来構想に関するお考えをお聞かせください。,candidate_question,analysis_term_no_stopwords,育てる,0.0024630541871921183,2.09861228866811,0.005168995784896823,1,1,406,138
yamamoto_q06,yamamoto,山本隆司,q06,6,国際卓越研究大学としての将来構想に関するお考えをお聞かせください。,candidate_question,analysis_term_no_stopwords,自己,0.0024630541871921183,2.09861228866811,0.005168995784896823,1,1,406,139
yamamoto_q06,yamamoto,山本隆司,q06,6,国際卓越研究大学としての将来構想に関するお考えをお聞かせください。,candidate_question,analysis_term_no_stopwords,要素,0.0024630541871921183,2.09861228866811,0.005168995784896823,1,1,406,140
yamamoto_q06,yamamoto,山本隆司,q06,6,国際卓越研究大学としての将来構想に関するお考えをお聞かせください。,candidate_question,analysis_term_no_stopwords,見定める,0.0024630541871921183,2.09861228866811,0.005168995784896823,1,1,406,141
yamamoto_q06,yamamoto,山本隆司,q06,6,国際卓越研究大学としての将来構想に関するお考えをお聞かせください。,candidate_question,analysis_term_no_stopwords,設備,0.0024630541871921183,2.09861228866811,0.005168995784896823,1,1,406,142
yamamoto_q06,yamamoto,山本隆司,q06,6,国際卓越研究大学としての将来構想に関するお考えをお聞かせください。,candidate_question,analysis_term_no_stopwords,負う,0.0024630541871921183,2.09861228866811,0.005168995784896823,1,1,406,143
yamamoto_q06,yamamoto,山本隆司,q06,6,国際卓越研究大学としての将来構想に関するお考えをお聞かせください。,candidate_question,analysis_term_no_stopwords,責任,0.0024630541871921183,2.09861228866811,0.005168995784896823,1,1,406,144
yamamoto_q06,yamamoto,山本隆司,q06,6,国際卓越研究大学としての将来構想に関するお考えをお聞かせください。,candidate_question,analysis_term_no_stopwords,費用,0.0024630541871921183,2.09861228866811,0.005168995784896823,1,1,406,145
yamamoto_q06,yamamoto,山本隆司,q06,6,国際卓越研究大学としての将来構想に関するお考えをお聞かせください。,candidate_question,analysis_term_no_stopwords,追加,0.0024630541871921183,2.09861228866811,0.005168995784896823,1,1,406,146
yamamoto_q06,yamamoto,山本隆司,q06,6,国際卓越研究大学としての将来構想に関するお考えをお聞かせください。,candidate_question,analysis_term_no_stopwords,選考,0.0024630541871921183,2.09861228866811,0.005168995784896823,1,1,406,147
yamamoto_q06,yamamoto,山本隆司,q06,6,国際卓越研究大学としての将来構想に関するお考えをお聞かせください。,candidate_question,analysis_term_no_stopwords,部分,0.0024630541871921183,2.09861228866811,0.005168995784896823,1,1,406,148
yamamoto_q06,yamamoto,山本隆司,q06,6,国際卓越研究大学としての将来構想に関するお考えをお聞かせください。,candidate_question,analysis_term_no_stopwords,鑑みる,0.0024630541871921183,2.09861228866811,0.005168995784896823,1,1,406,149
yamamoto_q06,yamamoto,山本隆司,q06,6,国際卓越研究大学としての将来構想に関するお考えをお聞かせください。,candidate_question,analysis_term_no_stopwords,順位,0.0024630541871921183,2.09861228866811,0.005168995784896823,1,1,406,150
yamamoto_q06,yamamoto,山本隆司,q06,6,国際卓越研究大学としての将来構想に関するお考えをお聞かせください。,candidate_question,analysis_term_no_stopwords,つく,0.0024630541871921183,1.6931471805599454,0.004170313252610703,1,2,406,151
yamamoto_q06,yamamoto,山本隆司,q06,6,国際卓越研究大学としての将来構想に関するお考えをお聞かせください。,candidate_question,analysis_term_no_stopwords,モデル-model,0.0024630541871921183,1.6931471805599454,0.004170313252610703,1,2,406,152
yamamoto_q06,yamamoto,山本隆司,q06,6,国際卓越研究大学としての将来構想に関するお考えをお聞かせください。,candidate_question,analysis_term_no_stopwords,上げる,0.0024630541871921183,1.6931471805599454,0.004170313252610703,1,2,406,153
yamamoto_q06,yamamoto,山本隆司,q06,6,国際卓越研究大学としての将来構想に関するお考えをお聞かせください。,candidate_question,analysis_term_no_stopwords,作る,0.0024630541871921183,1.6931471805599454,0.004170313252610703,1,2,406,154
yamamoto_q06,yamamoto,山本隆司,q06,6,国際卓越研究大学としての将来構想に関するお考えをお聞かせください。,candidate_question,analysis_term_no_stopwords,削減,0.0024630541871921183,1.6931471805599454,0.004170313252610703,1,2,406,155
yamamoto_q06,yamamoto,山本隆司,q06,6,国際卓越研究大学としての将来構想に関するお考えをお聞かせください。,candidate_question,analysis_term_no_stopwords,向上,0.0024630541871921183,1.6931471805599454,0.004170313252610703,1,2,406,156
yamamoto_q06,yamamoto,山本隆司,q06,6,国際卓越研究大学としての将来構想に関するお考えをお聞かせください。,candidate_question,analysis_term_no_stopwords,変化,0.0024630541871921183,1.6931471805599454,0.004170313252610703,1,2,406,157
yamamoto_q06,yamamoto,山本隆司,q06,6,国際卓越研究大学としての将来構想に関するお考えをお聞かせください。,candidate_question,analysis_term_no_stopwords,大きい,0.0024630541871921183,1.6931471805599454,0.004170313252610703,1,2,406,158
yamamoto_q06,yamamoto,山本隆司,q06,6,国際卓越研究大学としての将来構想に関するお考えをお聞かせください。,candidate_question,analysis_term_no_stopwords,安全,0.0024630541871921183,1.6931471805599454,0.004170313252610703,1,2,406,159
yamamoto_q06,yamamoto,山本隆司,q06,6,国際卓越研究大学としての将来構想に関するお考えをお聞かせください。,candidate_question,analysis_term_no_stopwords,対する,0.0024630541871921183,1.6931471805599454,0.004170313252610703,1,2,406,160
yamamoto_q06,yamamoto,山本隆司,q06,6,国際卓越研究大学としての将来構想に関するお考えをお聞かせください。,candidate_question,analysis_term_no_stopwords,形,0.0024630541871921183,1.6931471805599454,0.004170313252610703,1,2,406,161
yamamoto_q06,yamamoto,山本隆司,q06,6,国際卓越研究大学としての将来構想に関するお考えをお聞かせください。,candidate_question,analysis_term_no_stopwords,成長,0.0024630541871921183,1.6931471805599454,0.004170313252610703,1,2,406,162
yamamoto_q06,yamamoto,山本隆司,q06,6,国際卓越研究大学としての将来構想に関するお考えをお聞かせください。,candidate_question,analysis_term_no_stopwords,損なう,0.0024630541871921183,1.6931471805599454,0.004170313252610703,1,2,406,163
yamamoto_q06,yamamoto,山本隆司,q06,6,国際卓越研究大学としての将来構想に関するお考えをお聞かせください。,candidate_question,analysis_term_no_stopwords,構想,0.0024630541871921183,1.6931471805599454,0.004170313252610703,1,2,406,164
yamamoto_q06,yamamoto,山本隆司,q06,6,国際卓越研究大学としての将来構想に関するお考えをお聞かせください。,candidate_question,analysis_term_no_stopwords,機関,0.0024630541871921183,1.6931471805599454,0.004170313252610703,1,2,406,165
yamamoto_q06,yamamoto,山本隆司,q06,6,国際卓越研究大学としての将来構想に関するお考えをお聞かせください。,candidate_question,analysis_term_no_stopwords,目的,0.0024630541871921183,1.6931471805599454,0.004170313252610703,1,2,406,166
yamamoto_q06,yamamoto,山本隆司,q06,6,国際卓越研究大学としての将来構想に関するお考えをお聞かせください。,candidate_question,analysis_term_no_stopwords,確立,0.0024630541871921183,1.6931471805599454,0.004170313252610703,1,2,406,167
yamamoto_q06,yamamoto,山本隆司,q06,6,国際卓越研究大学としての将来構想に関するお考えをお聞かせください。,candidate_question,analysis_term_no_stopwords,維持,0.0024630541871921183,1.6931471805599454,0.004170313252610703,1,2,406,168
yamamoto_q06,yamamoto,山本隆司,q06,6,国際卓越研究大学としての将来構想に関するお考えをお聞かせください。,candidate_question,analysis_term_no_stopwords,自由,0.0024630541871921183,1.6931471805599454,0.004170313252610703,1,2,406,169
yamamoto_q06,yamamoto,山本隆司,q06,6,国際卓越研究大学としての将来構想に関するお考えをお聞かせください。,candidate_question,analysis_term_no_stopwords,要する,0.0024630541871921183,1.6931471805599454,0.004170313252610703,1,2,406,170
yamamoto_q06,yamamoto,山本隆司,q06,6,国際卓越研究大学としての将来構想に関するお考えをお聞かせください。,candidate_question,analysis_term_no_stopwords,高める,0.0024630541871921183,1.6931471805599454,0.004170313252610703,1,2,406,171
yamamoto_q06,yamamoto,山本隆司,q06,6,国際卓越研究大学としての将来構想に関するお考えをお聞かせください。,candidate_question,analysis_term_no_stopwords,他,0.0024630541871921183,1.4054651081081644,0.0034617367194782374,1,3,406,172
yamamoto_q06,yamamoto,山本隆司,q06,6,国際卓越研究大学としての将来構想に関するお考えをお聞かせください。,candidate_question,analysis_term_no_stopwords,場,0.0024630541871921183,1.4054651081081644,0.0034617367194782374,1,3,406,173
yamamoto_q06,yamamoto,山本隆司,q06,6,国際卓越研究大学としての将来構想に関するお考えをお聞かせください。,candidate_question,analysis_term_no_stopwords,強化,0.0024630541871921183,1.4054651081081644,0.0034617367194782374,1,3,406,174
yamamoto_q06,yamamoto,山本隆司,q06,6,国際卓越研究大学としての将来構想に関するお考えをお聞かせください。,candidate_question,analysis_term_no_stopwords,活用,0.0024630541871921183,1.4054651081081644,0.0034617367194782374,1,3,406,175
yamamoto_q06,yamamoto,山本隆司,q06,6,国際卓越研究大学としての将来構想に関するお考えをお聞かせください。,candidate_question,analysis_term_no_stopwords,組織,0.0024630541871921183,1.4054651081081644,0.0034617367194782374,1,3,406,176
yamamoto_q06,yamamoto,山本隆司,q06,6,国際卓越研究大学としての将来構想に関するお考えをお聞かせください。,candidate_question,analysis_term_no_stopwords,担う,0.0024630541871921183,1.1823215567939547,0.002912122061068854,1,4,406,177
yamamoto_q06,yamamoto,山本隆司,q06,6,国際卓越研究大学としての将来構想に関するお考えをお聞かせください。,candidate_question,analysis_term_no_stopwords,支援,0.0024630541871921183,1.1823215567939547,0.002912122061068854,1,4,406,178
fujigaki_q07,fujigaki,藤垣裕子,q07,7,その他、東京大学の取り組むべき重点項目など、自由にご記入ください。,candidate_question,analysis_term_no_stopwords,為る,0.07058823529411765,1.1823215567939547,0.08345799224427915,30,4,425,1
fujigaki_q07,fujigaki,藤垣裕子,q07,7,その他、東京大学の取り組むべき重点項目など、自由にご記入ください。,candidate_question,analysis_term_no_stopwords,力,0.03764705882352941,1.6931471805599454,0.06374201150343323,16,2,425,2
fujigaki_q07,fujigaki,藤垣裕子,q07,7,その他、東京大学の取り組むべき重点項目など、自由にご記入ください。,candidate_question,analysis_term_no_stopwords,有る,0.05176470588235294,1.1823215567939547,0.061202527645804715,22,4,425,3
fujigaki_q07,fujigaki,藤垣裕子,q07,7,その他、東京大学の取り組むべき重点項目など、自由にご記入ください。,candidate_question,analysis_term_no_stopwords,考える,0.03294117647058824,1.4054651081081644,0.04629767414944542,14,3,425,4
fujigaki_q07,fujigaki,藤垣裕子,q07,7,その他、東京大学の取り組むべき重点項目など、自由にご記入ください。,candidate_question,analysis_term_no_stopwords,コンセプト-concept,0.021176470588235293,2.09861228866811,0.04444120140708939,9,1,425,5
fujigaki_q07,fujigaki,藤垣裕子,q07,7,その他、東京大学の取り組むべき重点項目など、自由にご記入ください。,candidate_question,analysis_term_no_stopwords,日本,0.021176470588235293,2.09861228866811,0.04444120140708939,9,1,425,6
fujigaki_q07,fujigaki,藤垣裕子,q07,7,その他、東京大学の取り組むべき重点項目など、自由にご記入ください。,candidate_question,analysis_term_no_stopwords,世界,0.01647058823529412,1.6931471805599454,0.027887130032752044,7,2,425,7
fujigaki_q07,fujigaki,藤垣裕子,q07,7,その他、東京大学の取り組むべき重点項目など、自由にご記入ください。,candidate_question,analysis_term_no_stopwords,壁,0.01647058823529412,1.6931471805599454,0.027887130032752044,7,2,425,8
fujigaki_q07,fujigaki,藤垣裕子,q07,7,その他、東京大学の取り組むべき重点項目など、自由にご記入ください。,candidate_question,analysis_term_no_stopwords,メーキング-making,0.011764705882352941,2.09861228866811,0.024689556337271882,5,1,425,9
fujigaki_q07,fujigaki,藤垣裕子,q07,7,その他、東京大学の取り組むべき重点項目など、自由にご記入ください。,candidate_question,analysis_term_no_stopwords,年,0.011764705882352941,2.09861228866811,0.024689556337271882,5,1,425,10
fujigaki_q07,fujigaki,藤垣裕子,q07,7,その他、東京大学の取り組むべき重点項目など、自由にご記入ください。,candidate_question,analysis_term_no_stopwords,所与,0.011764705882352941,2.09861228866811,0.024689556337271882,5,1,425,11
fujigaki_q07,fujigaki,藤垣裕子,q07,7,その他、東京大学の取り組むべき重点項目など、自由にご記入ください。,candidate_question,analysis_term_no_stopwords,出来る,0.011764705882352941,1.6931471805599454,0.019919378594822887,5,2,425,12
fujigaki_q07,fujigaki,藤垣裕子,q07,7,その他、東京大学の取り組むべき重点項目など、自由にご記入ください。,candidate_question,analysis_term_no_stopwords,制度,0.011764705882352941,1.6931471805599454,0.019919378594822887,5,2,425,13
fujigaki_q07,fujigaki,藤垣裕子,q07,7,その他、東京大学の取り組むべき重点項目など、自由にご記入ください。,candidate_question,analysis_term_no_stopwords,為,0.01411764705882353,1.4054651081081644,0.019841860349762323,6,3,425,14
fujigaki_q07,fujigaki,藤垣裕子,q07,7,その他、東京大学の取り組むべき重点項目など、自由にご記入ください。,candidate_question,analysis_term_no_stopwords,宣言,0.009411764705882352,2.09861228866811,0.019751645069817504,4,1,425,15
fujigaki_q07,fujigaki,藤垣裕子,q07,7,その他、東京大学の取り組むべき重点項目など、自由にご記入ください。,candidate_question,analysis_term_no_stopwords,事,0.01647058823529412,1.1823215567939547,0.019473531523665138,7,4,425,16
fujigaki_q07,fujigaki,藤垣裕子,q07,7,その他、東京大学の取り組むべき重点項目など、自由にご記入ください。,candidate_question,analysis_term_no_stopwords,必要,0.009411764705882352,1.6931471805599454,0.015935502875858307,4,2,425,17
fujigaki_q07,fujigaki,藤垣裕子,q07,7,その他、東京大学の取り組むべき重点項目など、自由にご記入ください。,candidate_question,analysis_term_no_stopwords,組織,0.009411764705882352,1.6931471805599454,0.015935502875858307,4,2,425,18
fujigaki_q07,fujigaki,藤垣裕子,q07,7,その他、東京大学の取り組むべき重点項目など、自由にご記入ください。,candidate_question,analysis_term_no_stopwords,責任,0.009411764705882352,1.6931471805599454,0.015935502875858307,4,2,425,19
fujigaki_q07,fujigaki,藤垣裕子,q07,7,その他、東京大学の取り組むべき重点項目など、自由にご記入ください。,candidate_question,analysis_term_no_stopwords,コミュニケーション-communication,0.007058823529411765,2.09861228866811,0.01481373380236313,3,1,425,20
fujigaki_q07,fujigaki,藤垣裕子,q07,7,その他、東京大学の取り組むべき重点項目など、自由にご記入ください。,candidate_question,analysis_term_no_stopwords,リーダー-leader,0.007058823529411765,2.09861228866811,0.01481373380236313,3,1,425,21
fujigaki_q07,fujigaki,藤垣裕子,q07,7,その他、東京大学の取り組むべき重点項目など、自由にご記入ください。,candidate_question,analysis_term_no_stopwords,作る,0.007058823529411765,2.09861228866811,0.01481373380236313,3,1,425,22
fujigaki_q07,fujigaki,藤垣裕子,q07,7,その他、東京大学の取り組むべき重点項目など、自由にご記入ください。,candidate_question,analysis_term_no_stopwords,教養,0.007058823529411765,2.09861228866811,0.01481373380236313,3,1,425,23
fujigaki_q07,fujigaki,藤垣裕子,q07,7,その他、東京大学の取り組むべき重点項目など、自由にご記入ください。,candidate_question,analysis_term_no_stopwords,設計,0.007058823529411765,2.09861228866811,0.01481373380236313,3,1,425,24
fujigaki_q07,fujigaki,藤垣裕子,q07,7,その他、東京大学の取り組むべき重点項目など、自由にご記入ください。,candidate_question,analysis_term_no_stopwords,居る,0.011764705882352941,1.1823215567939547,0.013909665374046526,5,4,425,25
fujigaki_q07,fujigaki,藤垣裕子,q07,7,その他、東京大学の取り組むべき重点項目など、自由にご記入ください。,candidate_question,analysis_term_no_stopwords,つく,0.007058823529411765,1.6931471805599454,0.011951627156893732,3,2,425,26
fujigaki_q07,fujigaki,藤垣裕子,q07,7,その他、東京大学の取り組むべき重点項目など、自由にご記入ください。,candidate_question,analysis_term_no_stopwords,アート-art,0.007058823529411765,1.6931471805599454,0.011951627156893732,3,2,425,27
fujigaki_q07,fujigaki,藤垣裕子,q07,7,その他、東京大学の取り組むべき重点項目など、自由にご記入ください。,candidate_question,analysis_term_no_stopwords,リベラル-liberal,0.007058823529411765,1.6931471805599454,0.011951627156893732,3,2,425,28
fujigaki_q07,fujigaki,藤垣裕子,q07,7,その他、東京大学の取り組むべき重点項目など、自由にご記入ください。,candidate_question,analysis_term_no_stopwords,無い,0.007058823529411765,1.6931471805599454,0.011951627156893732,3,2,425,29
fujigaki_q07,fujigaki,藤垣裕子,q07,7,その他、東京大学の取り組むべき重点項目など、自由にご記入ください。,candidate_question,analysis_term_no_stopwords,物,0.007058823529411765,1.6931471805599454,0.011951627156893732,3,2,425,30
fujigaki_q07,fujigaki,藤垣裕子,q07,7,その他、東京大学の取り組むべき重点項目など、自由にご記入ください。,candidate_question,analysis_term_no_stopwords,科学,0.007058823529411765,1.6931471805599454,0.011951627156893732,3,2,425,31
fujigaki_q07,fujigaki,藤垣裕子,q07,7,その他、東京大学の取り組むべき重点項目など、自由にご記入ください。,candidate_question,analysis_term_no_stopwords,イノベーション-innovation,0.004705882352941176,2.09861228866811,0.009875822534908752,2,1,425,32
fujigaki_q07,fujigaki,藤垣裕子,q07,7,その他、東京大学の取り組むべき重点項目など、自由にご記入ください。,candidate_question,analysis_term_no_stopwords,リオ-rio,0.004705882352941176,2.09861228866811,0.009875822534908752,2,1,425,33
fujigaki_q07,fujigaki,藤垣裕子,q07,7,その他、東京大学の取り組むべき重点項目など、自由にご記入ください。,candidate_question,analysis_term_no_stopwords,リード-lead,0.004705882352941176,2.09861228866811,0.009875822534908752,2,1,425,34
fujigaki_q07,fujigaki,藤垣裕子,q07,7,その他、東京大学の取り組むべき重点項目など、自由にご記入ください。,candidate_question,analysis_term_no_stopwords,一,0.004705882352941176,2.09861228866811,0.009875822534908752,2,1,425,35
fujigaki_q07,fujigaki,藤垣裕子,q07,7,その他、東京大学の取り組むべき重点項目など、自由にご記入ください。,candidate_question,analysis_term_no_stopwords,事前,0.004705882352941176,2.09861228866811,0.009875822534908752,2,1,425,36
fujigaki_q07,fujigaki,藤垣裕子,q07,7,その他、東京大学の取り組むべき重点項目など、自由にご記入ください。,candidate_question,analysis_term_no_stopwords,傾向,0.004705882352941176,2.09861228866811,0.009875822534908752,2,1,425,37
fujigaki_q07,fujigaki,藤垣裕子,q07,7,その他、東京大学の取り組むべき重点項目など、自由にご記入ください。,candidate_question,analysis_term_no_stopwords,再編,0.004705882352941176,2.09861228866811,0.009875822534908752,2,1,425,38
fujigaki_q07,fujigaki,藤垣裕子,q07,7,その他、東京大学の取り組むべき重点項目など、自由にご記入ください。,candidate_question,analysis_term_no_stopwords,初代,0.004705882352941176,2.09861228866811,0.009875822534908752,2,1,425,39
fujigaki_q07,fujigaki,藤垣裕子,q07,7,その他、東京大学の取り組むべき重点項目など、自由にご記入ください。,candidate_question,analysis_term_no_stopwords,判断,0.004705882352941176,2.09861228866811,0.009875822534908752,2,1,425,40
fujigaki_q07,fujigaki,藤垣裕子,q07,7,その他、東京大学の取り組むべき重点項目など、自由にご記入ください。,candidate_question,analysis_term_no_stopwords,厚生,0.004705882352941176,2.09861228866811,0.009875822534908752,2,1,425,41
fujigaki_q07,fujigaki,藤垣裕子,q07,7,その他、東京大学の取り組むべき重点項目など、自由にご記入ください。,candidate_question,analysis_term_no_stopwords,原則,0.004705882352941176,2.09861228866811,0.009875822534908752,2,1,425,42
fujigaki_q07,fujigaki,藤垣裕子,q07,7,その他、東京大学の取り組むべき重点項目など、自由にご記入ください。,candidate_question,analysis_term_no_stopwords,場,0.004705882352941176,2.09861228866811,0.009875822534908752,2,1,425,43
fujigaki_q07,fujigaki,藤垣裕子,q07,7,その他、東京大学の取り組むべき重点項目など、自由にご記入ください。,candidate_question,analysis_term_no_stopwords,対応,0.004705882352941176,2.09861228866811,0.009875822534908752,2,1,425,44
fujigaki_q07,fujigaki,藤垣裕子,q07,7,その他、東京大学の取り組むべき重点項目など、自由にご記入ください。,candidate_question,analysis_term_no_stopwords,度,0.004705882352941176,2.09861228866811,0.009875822534908752,2,1,425,45
fujigaki_q07,fujigaki,藤垣裕子,q07,7,その他、東京大学の取り組むべき重点項目など、自由にご記入ください。,candidate_question,analysis_term_no_stopwords,心,0.004705882352941176,2.09861228866811,0.009875822534908752,2,1,425,46
fujigaki_q07,fujigaki,藤垣裕子,q07,7,その他、東京大学の取り組むべき重点項目など、自由にご記入ください。,candidate_question,analysis_term_no_stopwords,情報,0.004705882352941176,2.09861228866811,0.009875822534908752,2,1,425,47
fujigaki_q07,fujigaki,藤垣裕子,q07,7,その他、東京大学の取り組むべき重点項目など、自由にご記入ください。,candidate_question,analysis_term_no_stopwords,潜在,0.004705882352941176,2.09861228866811,0.009875822534908752,2,1,425,48
fujigaki_q07,fujigaki,藤垣裕子,q07,7,その他、東京大学の取り組むべき重点項目など、自由にご記入ください。,candidate_question,analysis_term_no_stopwords,知見,0.004705882352941176,2.09861228866811,0.009875822534908752,2,1,425,49
fujigaki_q07,fujigaki,藤垣裕子,q07,7,その他、東京大学の取り組むべき重点項目など、自由にご記入ください。,candidate_question,analysis_term_no_stopwords,立つ,0.004705882352941176,2.09861228866811,0.009875822534908752,2,1,425,50
fujigaki_q07,fujigaki,藤垣裕子,q07,7,その他、東京大学の取り組むべき重点項目など、自由にご記入ください。,candidate_question,analysis_term_no_stopwords,繰り返す,0.004705882352941176,2.09861228866811,0.009875822534908752,2,1,425,51
fujigaki_q07,fujigaki,藤垣裕子,q07,7,その他、東京大学の取り組むべき重点項目など、自由にご記入ください。,candidate_question,analysis_term_no_stopwords,自分,0.004705882352941176,2.09861228866811,0.009875822534908752,2,1,425,52
fujigaki_q07,fujigaki,藤垣裕子,q07,7,その他、東京大学の取り組むべき重点項目など、自由にご記入ください。,candidate_question,analysis_term_no_stopwords,行政,0.004705882352941176,2.09861228866811,0.009875822534908752,2,1,425,53
fujigaki_q07,fujigaki,藤垣裕子,q07,7,その他、東京大学の取り組むべき重点項目など、自由にご記入ください。,candidate_question,analysis_term_no_stopwords,課,0.004705882352941176,2.09861228866811,0.009875822534908752,2,1,425,54
fujigaki_q07,fujigaki,藤垣裕子,q07,7,その他、東京大学の取り組むべき重点項目など、自由にご記入ください。,candidate_question,analysis_term_no_stopwords,警戒,0.004705882352941176,2.09861228866811,0.009875822534908752,2,1,425,55
fujigaki_q07,fujigaki,藤垣裕子,q07,7,その他、東京大学の取り組むべき重点項目など、自由にご記入ください。,candidate_question,analysis_term_no_stopwords,述べる,0.004705882352941176,2.09861228866811,0.009875822534908752,2,1,425,56
fujigaki_q07,fujigaki,藤垣裕子,q07,7,その他、東京大学の取り組むべき重点項目など、自由にご記入ください。,candidate_question,analysis_term_no_stopwords,中,0.004705882352941176,1.6931471805599454,0.007967751437929153,2,2,425,57
fujigaki_q07,fujigaki,藤垣裕子,q07,7,その他、東京大学の取り組むべき重点項目など、自由にご記入ください。,candidate_question,analysis_term_no_stopwords,今後,0.004705882352941176,1.6931471805599454,0.007967751437929153,2,2,425,58
fujigaki_q07,fujigaki,藤垣裕子,q07,7,その他、東京大学の取り組むべき重点項目など、自由にご記入ください。,candidate_question,analysis_term_no_stopwords,学内,0.004705882352941176,1.6931471805599454,0.007967751437929153,2,2,425,59
fujigaki_q07,fujigaki,藤垣裕子,q07,7,その他、東京大学の取り組むべき重点項目など、自由にご記入ください。,candidate_question,analysis_term_no_stopwords,成る,0.004705882352941176,1.6931471805599454,0.007967751437929153,2,2,425,60
fujigaki_q07,fujigaki,藤垣裕子,q07,7,その他、東京大学の取り組むべき重点項目など、自由にご記入ください。,candidate_question,analysis_term_no_stopwords,於く,0.004705882352941176,1.6931471805599454,0.007967751437929153,2,2,425,61
fujigaki_q07,fujigaki,藤垣裕子,q07,7,その他、東京大学の取り組むべき重点項目など、自由にご記入ください。,candidate_question,analysis_term_no_stopwords,既存,0.004705882352941176,1.6931471805599454,0.007967751437929153,2,2,425,62
fujigaki_q07,fujigaki,藤垣裕子,q07,7,その他、東京大学の取り組むべき重点項目など、自由にご記入ください。,candidate_question,analysis_term_no_stopwords,能力,0.004705882352941176,1.6931471805599454,0.007967751437929153,2,2,425,63
fujigaki_q07,fujigaki,藤垣裕子,q07,7,その他、東京大学の取り組むべき重点項目など、自由にご記入ください。,candidate_question,analysis_term_no_stopwords,充実,0.004705882352941176,1.4054651081081644,0.006613953449920773,2,3,425,64
fujigaki_q07,fujigaki,藤垣裕子,q07,7,その他、東京大学の取り組むべき重点項目など、自由にご記入ください。,candidate_question,analysis_term_no_stopwords,言う,0.004705882352941176,1.4054651081081644,0.006613953449920773,2,3,425,65
fujigaki_q07,fujigaki,藤垣裕子,q07,7,その他、東京大学の取り組むべき重点項目など、自由にご記入ください。,candidate_question,analysis_term_no_stopwords,rri,0.002352941176470588,2.09861228866811,0.004937911267454376,1,1,425,66
fujigaki_q07,fujigaki,藤垣裕子,q07,7,その他、東京大学の取り組むべき重点項目など、自由にご記入ください。,candidate_question,analysis_term_no_stopwords,アジェンダ-agenda,0.002352941176470588,2.09861228866811,0.004937911267454376,1,1,425,67
fujigaki_q07,fujigaki,藤垣裕子,q07,7,その他、東京大学の取り組むべき重点項目など、自由にご記入ください。,candidate_question,analysis_term_no_stopwords,オウシュウ-外国,0.002352941176470588,2.09861228866811,0.004937911267454376,1,1,425,68
fujigaki_q07,fujigaki,藤垣裕子,q07,7,その他、東京大学の取り組むべき重点項目など、自由にご記入ください。,candidate_question,analysis_term_no_stopwords,シゲル,0.002352941176470588,2.09861228866811,0.004937911267454376,1,1,425,69
fujigaki_q07,fujigaki,藤垣裕子,q07,7,その他、東京大学の取り組むべき重点項目など、自由にご記入ください。,candidate_question,analysis_term_no_stopwords,トヤマ,0.002352941176470588,2.09861228866811,0.004937911267454376,1,1,425,70
fujigaki_q07,fujigaki,藤垣裕子,q07,7,その他、東京大学の取り組むべき重点項目など、自由にご記入ください。,candidate_question,analysis_term_no_stopwords,ナンバラ,0.002352941176470588,2.09861228866811,0.004937911267454376,1,1,425,71
fujigaki_q07,fujigaki,藤垣裕子,q07,7,その他、東京大学の取り組むべき重点項目など、自由にご記入ください。,candidate_question,analysis_term_no_stopwords,ニューマン-newman,0.002352941176470588,2.09861228866811,0.004937911267454376,1,1,425,72
fujigaki_q07,fujigaki,藤垣裕子,q07,7,その他、東京大学の取り組むべき重点項目など、自由にご記入ください。,candidate_question,analysis_term_no_stopwords,ハシモト,0.002352941176470588,2.09861228866811,0.004937911267454376,1,1,425,73
fujigaki_q07,fujigaki,藤垣裕子,q07,7,その他、東京大学の取り組むべき重点項目など、自由にご記入ください。,candidate_question,analysis_term_no_stopwords,ヘンリー-henry,0.002352941176470588,2.09861228866811,0.004937911267454376,1,1,425,74
fujigaki_q07,fujigaki,藤垣裕子,q07,7,その他、東京大学の取り組むべき重点項目など、自由にご記入ください。,candidate_question,analysis_term_no_stopwords,ミナマタ,0.002352941176470588,2.09861228866811,0.004937911267454376,1,1,425,75
fujigaki_q07,fujigaki,藤垣裕子,q07,7,その他、東京大学の取り組むべき重点項目など、自由にご記入ください。,candidate_question,analysis_term_no_stopwords,リオデジャネイロ,0.002352941176470588,2.09861228866811,0.004937911267454376,1,1,425,76
fujigaki_q07,fujigaki,藤垣裕子,q07,7,その他、東京大学の取り組むべき重点項目など、自由にご記入ください。,candidate_question,analysis_term_no_stopwords,リーダーシップ-leadership,0.002352941176470588,2.09861228866811,0.004937911267454376,1,1,425,77
fujigaki_q07,fujigaki,藤垣裕子,q07,7,その他、東京大学の取り組むべき重点項目など、自由にご記入ください。,candidate_question,analysis_term_no_stopwords,二,0.002352941176470588,2.09861228866811,0.004937911267454376,1,1,425,78
fujigaki_q07,fujigaki,藤垣裕子,q07,7,その他、東京大学の取り組むべき重点項目など、自由にご記入ください。,candidate_question,analysis_term_no_stopwords,仕舞う,0.002352941176470588,2.09861228866811,0.004937911267454376,1,1,425,79
fujigaki_q07,fujigaki,藤垣裕子,q07,7,その他、東京大学の取り組むべき重点項目など、自由にご記入ください。,candidate_question,analysis_term_no_stopwords,他人事,0.002352941176470588,2.09861228866811,0.004937911267454376,1,1,425,80
fujigaki_q07,fujigaki,藤垣裕子,q07,7,その他、東京大学の取り組むべき重点項目など、自由にご記入ください。,candidate_question,analysis_term_no_stopwords,他者,0.002352941176470588,2.09861228866811,0.004937911267454376,1,1,425,81
fujigaki_q07,fujigaki,藤垣裕子,q07,7,その他、東京大学の取り組むべき重点項目など、自由にご記入ください。,candidate_question,analysis_term_no_stopwords,付く,0.002352941176470588,2.09861228866811,0.004937911267454376,1,1,425,82
fujigaki_q07,fujigaki,藤垣裕子,q07,7,その他、東京大学の取り組むべき重点項目など、自由にご記入ください。,candidate_question,analysis_term_no_stopwords,付ける,0.002352941176470588,2.09861228866811,0.004937911267454376,1,1,425,83
fujigaki_q07,fujigaki,藤垣裕子,q07,7,その他、東京大学の取り組むべき重点項目など、自由にご記入ください。,candidate_question,analysis_term_no_stopwords,代,0.002352941176470588,2.09861228866811,0.004937911267454376,1,1,425,84
fujigaki_q07,fujigaki,藤垣裕子,q07,7,その他、東京大学の取り組むべき重点項目など、自由にご記入ください。,candidate_question,analysis_term_no_stopwords,会議,0.002352941176470588,2.09861228866811,0.004937911267454376,1,1,425,85
fujigaki_q07,fujigaki,藤垣裕子,q07,7,その他、東京大学の取り組むべき重点項目など、自由にご記入ください。,candidate_question,analysis_term_no_stopwords,伝達,0.002352941176470588,2.09861228866811,0.004937911267454376,1,1,425,86
fujigaki_q07,fujigaki,藤垣裕子,q07,7,その他、東京大学の取り組むべき重点項目など、自由にご記入ください。,candidate_question,analysis_term_no_stopwords,元,0.002352941176470588,2.09861228866811,0.004937911267454376,1,1,425,87
fujigaki_q07,fujigaki,藤垣裕子,q07,7,その他、東京大学の取り組むべき重点項目など、自由にご記入ください。,candidate_question,analysis_term_no_stopwords,公害,0.002352941176470588,2.09861228866811,0.004937911267454376,1,1,425,88
fujigaki_q07,fujigaki,藤垣裕子,q07,7,その他、東京大学の取り組むべき重点項目など、自由にご記入ください。,candidate_question,analysis_term_no_stopwords,公表,0.002352941176470588,2.09861228866811,0.004937911267454376,1,1,425,89
fujigaki_q07,fujigaki,藤垣裕子,q07,7,その他、東京大学の取り組むべき重点項目など、自由にご記入ください。,candidate_question,analysis_term_no_stopwords,前,0.002352941176470588,2.09861228866811,0.004937911267454376,1,1,425,90
fujigaki_q07,fujigaki,藤垣裕子,q07,7,その他、東京大学の取り組むべき重点項目など、自由にご記入ください。,candidate_question,analysis_term_no_stopwords,前期,0.002352941176470588,2.09861228866811,0.004937911267454376,1,1,425,91
fujigaki_q07,fujigaki,藤垣裕子,q07,7,その他、東京大学の取り組むべき重点項目など、自由にご記入ください。,candidate_question,analysis_term_no_stopwords,加える,0.002352941176470588,2.09861228866811,0.004937911267454376,1,1,425,92
fujigaki_q07,fujigaki,藤垣裕子,q07,7,その他、東京大学の取り組むべき重点項目など、自由にご記入ください。,candidate_question,analysis_term_no_stopwords,半分,0.002352941176470588,2.09861228866811,0.004937911267454376,1,1,425,93
fujigaki_q07,fujigaki,藤垣裕子,q07,7,その他、東京大学の取り組むべき重点項目など、自由にご記入ください。,candidate_question,analysis_term_no_stopwords,卿,0.002352941176470588,2.09861228866811,0.004937911267454376,1,1,425,94
fujigaki_q07,fujigaki,藤垣裕子,q07,7,その他、東京大学の取り組むべき重点項目など、自由にご記入ください。,candidate_question,analysis_term_no_stopwords,原因,0.002352941176470588,2.09861228866811,0.004937911267454376,1,1,425,95
fujigaki_q07,fujigaki,藤垣裕子,q07,7,その他、東京大学の取り組むべき重点項目など、自由にご記入ください。,candidate_question,analysis_term_no_stopwords,取り返す,0.002352941176470588,2.09861228866811,0.004937911267454376,1,1,425,96
fujigaki_q07,fujigaki,藤垣裕子,q07,7,その他、東京大学の取り組むべき重点項目など、自由にご記入ください。,candidate_question,analysis_term_no_stopwords,含める,0.002352941176470588,2.09861228866811,0.004937911267454376,1,1,425,97
fujigaki_q07,fujigaki,藤垣裕子,q07,7,その他、東京大学の取り組むべき重点項目など、自由にご記入ください。,candidate_question,analysis_term_no_stopwords,噛み砕く,0.002352941176470588,2.09861228866811,0.004937911267454376,1,1,425,98
fujigaki_q07,fujigaki,藤垣裕子,q07,7,その他、東京大学の取り組むべき重点項目など、自由にご記入ください。,candidate_question,analysis_term_no_stopwords,図る,0.002352941176470588,2.09861228866811,0.004937911267454376,1,1,425,99
fujigaki_q07,fujigaki,藤垣裕子,q07,7,その他、東京大学の取り組むべき重点項目など、自由にご記入ください。,candidate_question,analysis_term_no_stopwords,国連,0.002352941176470588,2.09861228866811,0.004937911267454376,1,1,425,100
fujigaki_q07,fujigaki,藤垣裕子,q07,7,その他、東京大学の取り組むべき重点項目など、自由にご記入ください。,candidate_question,analysis_term_no_stopwords,埋め込む,0.002352941176470588,2.09861228866811,0.004937911267454376,1,1,425,101
fujigaki_q07,fujigaki,藤垣裕子,q07,7,その他、東京大学の取り組むべき重点項目など、自由にご記入ください。,candidate_question,analysis_term_no_stopwords,基づく,0.002352941176470588,2.09861228866811,0.004937911267454376,1,1,425,102
fujigaki_q07,fujigaki,藤垣裕子,q07,7,その他、東京大学の取り組むべき重点項目など、自由にご記入ください。,candidate_question,analysis_term_no_stopwords,場面,0.002352941176470588,2.09861228866811,0.004937911267454376,1,1,425,103
fujigaki_q07,fujigaki,藤垣裕子,q07,7,その他、東京大学の取り組むべき重点項目など、自由にご記入ください。,candidate_question,analysis_term_no_stopwords,失敗,0.002352941176470588,2.09861228866811,0.004937911267454376,1,1,425,104
fujigaki_q07,fujigaki,藤垣裕子,q07,7,その他、東京大学の取り組むべき重点項目など、自由にご記入ください。,candidate_question,analysis_term_no_stopwords,始める,0.002352941176470588,2.09861228866811,0.004937911267454376,1,1,425,105
fujigaki_q07,fujigaki,藤垣裕子,q07,7,その他、東京大学の取り組むべき重点項目など、自由にご記入ください。,candidate_question,analysis_term_no_stopwords,存在,0.002352941176470588,2.09861228866811,0.004937911267454376,1,1,425,106
fujigaki_q07,fujigaki,藤垣裕子,q07,7,その他、東京大学の取り組むべき重点項目など、自由にご記入ください。,candidate_question,analysis_term_no_stopwords,学外,0.002352941176470588,2.09861228866811,0.004937911267454376,1,1,425,107
fujigaki_q07,fujigaki,藤垣裕子,q07,7,その他、東京大学の取り組むべき重点項目など、自由にご記入ください。,candidate_question,analysis_term_no_stopwords,学費,0.002352941176470588,2.09861228866811,0.004937911267454376,1,1,425,108
fujigaki_q07,fujigaki,藤垣裕子,q07,7,その他、東京大学の取り組むべき重点項目など、自由にご記入ください。,candidate_question,analysis_term_no_stopwords,定義,0.002352941176470588,2.09861228866811,0.004937911267454376,1,1,425,109
fujigaki_q07,fujigaki,藤垣裕子,q07,7,その他、東京大学の取り組むべき重点項目など、自由にご記入ください。,candidate_question,analysis_term_no_stopwords,実,0.002352941176470588,2.09861228866811,0.004937911267454376,1,1,425,110
fujigaki_q07,fujigaki,藤垣裕子,q07,7,その他、東京大学の取り組むべき重点項目など、自由にご記入ください。,candidate_question,analysis_term_no_stopwords,対策,0.002352941176470588,2.09861228866811,0.004937911267454376,1,1,425,111
fujigaki_q07,fujigaki,藤垣裕子,q07,7,その他、東京大学の取り組むべき重点項目など、自由にご記入ください。,candidate_question,analysis_term_no_stopwords,底力,0.002352941176470588,2.09861228866811,0.004937911267454376,1,1,425,112
fujigaki_q07,fujigaki,藤垣裕子,q07,7,その他、東京大学の取り組むべき重点項目など、自由にご記入ください。,candidate_question,analysis_term_no_stopwords,強い,0.002352941176470588,2.09861228866811,0.004937911267454376,1,1,425,113
fujigaki_q07,fujigaki,藤垣裕子,q07,7,その他、東京大学の取り組むべき重点項目など、自由にご記入ください。,candidate_question,analysis_term_no_stopwords,当時,0.002352941176470588,2.09861228866811,0.004937911267454376,1,1,425,114
fujigaki_q07,fujigaki,藤垣裕子,q07,7,その他、東京大学の取り組むべき重点項目など、自由にご記入ください。,candidate_question,analysis_term_no_stopwords,形成,0.002352941176470588,2.09861228866811,0.004937911267454376,1,1,425,115
fujigaki_q07,fujigaki,藤垣裕子,q07,7,その他、東京大学の取り組むべき重点項目など、自由にご記入ください。,candidate_question,analysis_term_no_stopwords,待つ,0.002352941176470588,2.09861228866811,0.004937911267454376,1,1,425,116
fujigaki_q07,fujigaki,藤垣裕子,q07,7,その他、東京大学の取り組むべき重点項目など、自由にご記入ください。,candidate_question,analysis_term_no_stopwords,後期,0.002352941176470588,2.09861228866811,0.004937911267454376,1,1,425,117
fujigaki_q07,fujigaki,藤垣裕子,q07,7,その他、東京大学の取り組むべき重点項目など、自由にご記入ください。,candidate_question,analysis_term_no_stopwords,従う,0.002352941176470588,2.09861228866811,0.004937911267454376,1,1,425,118
fujigaki_q07,fujigaki,藤垣裕子,q07,7,その他、東京大学の取り組むべき重点項目など、自由にご記入ください。,candidate_question,analysis_term_no_stopwords,恐れ,0.002352941176470588,2.09861228866811,0.004937911267454376,1,1,425,119
fujigaki_q07,fujigaki,藤垣裕子,q07,7,その他、東京大学の取り組むべき重点項目など、自由にご記入ください。,candidate_question,analysis_term_no_stopwords,態度,0.002352941176470588,2.09861228866811,0.004937911267454376,1,1,425,120
fujigaki_q07,fujigaki,藤垣裕子,q07,7,その他、東京大学の取り組むべき重点項目など、自由にご記入ください。,candidate_question,analysis_term_no_stopwords,憲章,0.002352941176470588,2.09861228866811,0.004937911267454376,1,1,425,121
fujigaki_q07,fujigaki,藤垣裕子,q07,7,その他、東京大学の取り組むべき重点項目など、自由にご記入ください。,candidate_question,analysis_term_no_stopwords,戦後,0.002352941176470588,2.09861228866811,0.004937911267454376,1,1,425,122
fujigaki_q07,fujigaki,藤垣裕子,q07,7,その他、東京大学の取り組むべき重点項目など、自由にご記入ください。,candidate_question,analysis_term_no_stopwords,批評,0.002352941176470588,2.09861228866811,0.004937911267454376,1,1,425,123
fujigaki_q07,fujigaki,藤垣裕子,q07,7,その他、東京大学の取り組むべき重点項目など、自由にご記入ください。,candidate_question,analysis_term_no_stopwords,押し付ける,0.002352941176470588,2.09861228866811,0.004937911267454376,1,1,425,124
fujigaki_q07,fujigaki,藤垣裕子,q07,7,その他、東京大学の取り組むべき重点項目など、自由にご記入ください。,candidate_question,analysis_term_no_stopwords,指摘,0.002352941176470588,2.09861228866811,0.004937911267454376,1,1,425,125
fujigaki_q07,fujigaki,藤垣裕子,q07,7,その他、東京大学の取り組むべき重点項目など、自由にご記入ください。,candidate_question,analysis_term_no_stopwords,提供,0.002352941176470588,2.09861228866811,0.004937911267454376,1,1,425,126
fujigaki_q07,fujigaki,藤垣裕子,q07,7,その他、東京大学の取り組むべき重点項目など、自由にご記入ください。,candidate_question,analysis_term_no_stopwords,改定,0.002352941176470588,2.09861228866811,0.004937911267454376,1,1,425,127
fujigaki_q07,fujigaki,藤垣裕子,q07,7,その他、東京大学の取り組むべき重点項目など、自由にご記入ください。,candidate_question,analysis_term_no_stopwords,方策,0.002352941176470588,2.09861228866811,0.004937911267454376,1,1,425,128
fujigaki_q07,fujigaki,藤垣裕子,q07,7,その他、東京大学の取り組むべき重点項目など、自由にご記入ください。,candidate_question,analysis_term_no_stopwords,旨い,0.002352941176470588,2.09861228866811,0.004937911267454376,1,1,425,129
fujigaki_q07,fujigaki,藤垣裕子,q07,7,その他、東京大学の取り組むべき重点項目など、自由にご記入ください。,candidate_question,analysis_term_no_stopwords,最善,0.002352941176470588,2.09861228866811,0.004937911267454376,1,1,425,130
fujigaki_q07,fujigaki,藤垣裕子,q07,7,その他、東京大学の取り組むべき重点項目など、自由にご記入ください。,candidate_question,analysis_term_no_stopwords,最新,0.002352941176470588,2.09861228866811,0.004937911267454376,1,1,425,131
fujigaki_q07,fujigaki,藤垣裕子,q07,7,その他、東京大学の取り組むべき重点項目など、自由にご記入ください。,candidate_question,analysis_term_no_stopwords,根拠,0.002352941176470588,2.09861228866811,0.004937911267454376,1,1,425,132
fujigaki_q07,fujigaki,藤垣裕子,q07,7,その他、東京大学の取り組むべき重点項目など、自由にご記入ください。,candidate_question,analysis_term_no_stopwords,概念,0.002352941176470588,2.09861228866811,0.004937911267454376,1,1,425,133
fujigaki_q07,fujigaki,藤垣裕子,q07,7,その他、東京大学の取り組むべき重点項目など、自由にご記入ください。,candidate_question,analysis_term_no_stopwords,模索,0.002352941176470588,2.09861228866811,0.004937911267454376,1,1,425,134
fujigaki_q07,fujigaki,藤垣裕子,q07,7,その他、東京大学の取り組むべき重点項目など、自由にご記入ください。,candidate_question,analysis_term_no_stopwords,機構,0.002352941176470588,2.09861228866811,0.004937911267454376,1,1,425,135
fujigaki_q07,fujigaki,藤垣裕子,q07,7,その他、東京大学の取り組むべき重点項目など、自由にご記入ください。,candidate_question,analysis_term_no_stopwords,次,0.002352941176470588,2.09861228866811,0.004937911267454376,1,1,425,136
fujigaki_q07,fujigaki,藤垣裕子,q07,7,その他、東京大学の取り組むべき重点項目など、自由にご記入ください。,candidate_question,analysis_term_no_stopwords,残る,0.002352941176470588,2.09861228866811,0.004937911267454376,1,1,425,137
fujigaki_q07,fujigaki,藤垣裕子,q07,7,その他、東京大学の取り組むべき重点項目など、自由にご記入ください。,candidate_question,analysis_term_no_stopwords,洞察,0.002352941176470588,2.09861228866811,0.004937911267454376,1,1,425,138
fujigaki_q07,fujigaki,藤垣裕子,q07,7,その他、東京大学の取り組むべき重点項目など、自由にご記入ください。,candidate_question,analysis_term_no_stopwords,済む,0.002352941176470588,2.09861228866811,0.004937911267454376,1,1,425,139
fujigaki_q07,fujigaki,藤垣裕子,q07,7,その他、東京大学の取り組むべき重点項目など、自由にご記入ください。,candidate_question,analysis_term_no_stopwords,爪,0.002352941176470588,2.09861228866811,0.004937911267454376,1,1,425,140
fujigaki_q07,fujigaki,藤垣裕子,q07,7,その他、東京大学の取り組むべき重点項目など、自由にご記入ください。,candidate_question,analysis_term_no_stopwords,物質,0.002352941176470588,2.09861228866811,0.004937911267454376,1,1,425,141
fujigaki_q07,fujigaki,藤垣裕子,q07,7,その他、東京大学の取り組むべき重点項目など、自由にご記入ください。,candidate_question,analysis_term_no_stopwords,生成,0.002352941176470588,2.09861228866811,0.004937911267454376,1,1,425,142
fujigaki_q07,fujigaki,藤垣裕子,q07,7,その他、東京大学の取り組むべき重点項目など、自由にご記入ください。,candidate_question,analysis_term_no_stopwords,留まる,0.002352941176470588,2.09861228866811,0.004937911267454376,1,1,425,143
fujigaki_q07,fujigaki,藤垣裕子,q07,7,その他、東京大学の取り組むべき重点項目など、自由にご記入ください。,candidate_question,analysis_term_no_stopwords,痛い痛い,0.002352941176470588,2.09861228866811,0.004937911267454376,1,1,425,144
fujigaki_q07,fujigaki,藤垣裕子,q07,7,その他、東京大学の取り組むべき重点項目など、自由にご記入ください。,candidate_question,analysis_term_no_stopwords,痛感,0.002352941176470588,2.09861228866811,0.004937911267454376,1,1,425,145
fujigaki_q07,fujigaki,藤垣裕子,q07,7,その他、東京大学の取り組むべき重点項目など、自由にご記入ください。,candidate_question,analysis_term_no_stopwords,発信,0.002352941176470588,2.09861228866811,0.004937911267454376,1,1,425,146
fujigaki_q07,fujigaki,藤垣裕子,q07,7,その他、東京大学の取り組むべき重点項目など、自由にご記入ください。,candidate_question,analysis_term_no_stopwords,発生,0.002352941176470588,2.09861228866811,0.004937911267454376,1,1,425,147
fujigaki_q07,fujigaki,藤垣裕子,q07,7,その他、東京大学の取り組むべき重点項目など、自由にご記入ください。,candidate_question,analysis_term_no_stopwords,発表,0.002352941176470588,2.09861228866811,0.004937911267454376,1,1,425,148
fujigaki_q07,fujigaki,藤垣裕子,q07,7,その他、東京大学の取り組むべき重点項目など、自由にご記入ください。,candidate_question,analysis_term_no_stopwords,目的,0.002352941176470588,2.09861228866811,0.004937911267454376,1,1,425,149
fujigaki_q07,fujigaki,藤垣裕子,q07,7,その他、東京大学の取り組むべき重点項目など、自由にご記入ください。,candidate_question,analysis_term_no_stopwords,直す,0.002352941176470588,2.09861228866811,0.004937911267454376,1,1,425,150
fujigaki_q07,fujigaki,藤垣裕子,q07,7,その他、東京大学の取り組むべき重点項目など、自由にご記入ください。,candidate_question,analysis_term_no_stopwords,県,0.002352941176470588,2.09861228866811,0.004937911267454376,1,1,425,151
fujigaki_q07,fujigaki,藤垣裕子,q07,7,その他、東京大学の取り組むべき重点項目など、自由にご記入ください。,candidate_question,analysis_term_no_stopwords,知る,0.002352941176470588,2.09861228866811,0.004937911267454376,1,1,425,152
fujigaki_q07,fujigaki,藤垣裕子,q07,7,その他、東京大学の取り組むべき重点項目など、自由にご記入ください。,candidate_question,analysis_term_no_stopwords,知識,0.002352941176470588,2.09861228866811,0.004937911267454376,1,1,425,153
fujigaki_q07,fujigaki,藤垣裕子,q07,7,その他、東京大学の取り組むべき重点項目など、自由にご記入ください。,candidate_question,analysis_term_no_stopwords,示す,0.002352941176470588,2.09861228866811,0.004937911267454376,1,1,425,154
fujigaki_q07,fujigaki,藤垣裕子,q07,7,その他、東京大学の取り組むべき重点項目など、自由にご記入ください。,candidate_question,analysis_term_no_stopwords,秩序,0.002352941176470588,2.09861228866811,0.004937911267454376,1,1,425,155
fujigaki_q07,fujigaki,藤垣裕子,q07,7,その他、東京大学の取り組むべき重点項目など、自由にご記入ください。,candidate_question,analysis_term_no_stopwords,積極,0.002352941176470588,2.09861228866811,0.004937911267454376,1,1,425,156
fujigaki_q07,fujigaki,藤垣裕子,q07,7,その他、東京大学の取り組むべき重点項目など、自由にご記入ください。,candidate_question,analysis_term_no_stopwords,究明,0.002352941176470588,2.09861228866811,0.004937911267454376,1,1,425,157
fujigaki_q07,fujigaki,藤垣裕子,q07,7,その他、東京大学の取り組むべき重点項目など、自由にご記入ください。,candidate_question,analysis_term_no_stopwords,米国,0.002352941176470588,2.09861228866811,0.004937911267454376,1,1,425,158
fujigaki_q07,fujigaki,藤垣裕子,q07,7,その他、東京大学の取り組むべき重点項目など、自由にご記入ください。,candidate_question,analysis_term_no_stopwords,精度,0.002352941176470588,2.09861228866811,0.004937911267454376,1,1,425,159
fujigaki_q07,fujigaki,藤垣裕子,q07,7,その他、東京大学の取り組むべき重点項目など、自由にご記入ください。,candidate_question,analysis_term_no_stopwords,紛れ,0.002352941176470588,2.09861228866811,0.004937911267454376,1,1,425,160
fujigaki_q07,fujigaki,藤垣裕子,q07,7,その他、東京大学の取り組むべき重点項目など、自由にご記入ください。,candidate_question,analysis_term_no_stopwords,経つ,0.002352941176470588,2.09861228866811,0.004937911267454376,1,1,425,161
fujigaki_q07,fujigaki,藤垣裕子,q07,7,その他、東京大学の取り組むべき重点項目など、自由にご記入ください。,candidate_question,analysis_term_no_stopwords,続ける,0.002352941176470588,2.09861228866811,0.004937911267454376,1,1,425,162
fujigaki_q07,fujigaki,藤垣裕子,q07,7,その他、東京大学の取り組むべき重点項目など、自由にご記入ください。,candidate_question,analysis_term_no_stopwords,習得,0.002352941176470588,2.09861228866811,0.004937911267454376,1,1,425,163
fujigaki_q07,fujigaki,藤垣裕子,q07,7,その他、東京大学の取り組むべき重点項目など、自由にご記入ください。,candidate_question,analysis_term_no_stopwords,自体,0.002352941176470588,2.09861228866811,0.004937911267454376,1,1,425,164
fujigaki_q07,fujigaki,藤垣裕子,q07,7,その他、東京大学の取り組むべき重点項目など、自由にご記入ください。,candidate_question,analysis_term_no_stopwords,良い,0.002352941176470588,2.09861228866811,0.004937911267454376,1,1,425,165
fujigaki_q07,fujigaki,藤垣裕子,q07,7,その他、東京大学の取り組むべき重点項目など、自由にご記入ください。,candidate_question,analysis_term_no_stopwords,見なす,0.002352941176470588,2.09861228866811,0.004937911267454376,1,1,425,166
fujigaki_q07,fujigaki,藤垣裕子,q07,7,その他、東京大学の取り組むべき重点項目など、自由にご記入ください。,candidate_question,analysis_term_no_stopwords,見解,0.002352941176470588,2.09861228866811,0.004937911267454376,1,1,425,167
fujigaki_q07,fujigaki,藤垣裕子,q07,7,その他、東京大学の取り組むべき重点項目など、自由にご記入ください。,candidate_question,analysis_term_no_stopwords,見込み,0.002352941176470588,2.09861228866811,0.004937911267454376,1,1,425,168
fujigaki_q07,fujigaki,藤垣裕子,q07,7,その他、東京大学の取り組むべき重点項目など、自由にご記入ください。,candidate_question,analysis_term_no_stopwords,記す,0.002352941176470588,2.09861228866811,0.004937911267454376,1,1,425,169
fujigaki_q07,fujigaki,藤垣裕子,q07,7,その他、東京大学の取り組むべき重点項目など、自由にご記入ください。,candidate_question,analysis_term_no_stopwords,説得,0.002352941176470588,2.09861228866811,0.004937911267454376,1,1,425,170
fujigaki_q07,fujigaki,藤垣裕子,q07,7,その他、東京大学の取り組むべき重点項目など、自由にご記入ください。,candidate_question,analysis_term_no_stopwords,課程,0.002352941176470588,2.09861228866811,0.004937911267454376,1,1,425,171
fujigaki_q07,fujigaki,藤垣裕子,q07,7,その他、東京大学の取り組むべき重点項目など、自由にご記入ください。,candidate_question,analysis_term_no_stopwords,講ずる,0.002352941176470588,2.09861228866811,0.004937911267454376,1,1,425,172
fujigaki_q07,fujigaki,藤垣裕子,q07,7,その他、東京大学の取り組むべき重点項目など、自由にご記入ください。,candidate_question,analysis_term_no_stopwords,議論,0.002352941176470588,2.09861228866811,0.004937911267454376,1,1,425,173
fujigaki_q07,fujigaki,藤垣裕子,q07,7,その他、東京大学の取り組むべき重点項目など、自由にご記入ください。,candidate_question,analysis_term_no_stopwords,資料,0.002352941176470588,2.09861228866811,0.004937911267454376,1,1,425,174
fujigaki_q07,fujigaki,藤垣裕子,q07,7,その他、東京大学の取り組むべき重点項目など、自由にご記入ください。,candidate_question,analysis_term_no_stopwords,身,0.002352941176470588,2.09861228866811,0.004937911267454376,1,1,425,175
fujigaki_q07,fujigaki,藤垣裕子,q07,7,その他、東京大学の取り組むべき重点項目など、自由にご記入ください。,candidate_question,analysis_term_no_stopwords,近く,0.002352941176470588,2.09861228866811,0.004937911267454376,1,1,425,176
fujigaki_q07,fujigaki,藤垣裕子,q07,7,その他、東京大学の取り組むべき重点項目など、自由にご記入ください。,candidate_question,analysis_term_no_stopwords,通す,0.002352941176470588,2.09861228866811,0.004937911267454376,1,1,425,177
fujigaki_q07,fujigaki,藤垣裕子,q07,7,その他、東京大学の取り組むべき重点項目など、自由にご記入ください。,candidate_question,analysis_term_no_stopwords,連携,0.002352941176470588,2.09861228866811,0.004937911267454376,1,1,425,178
fujigaki_q07,fujigaki,藤垣裕子,q07,7,その他、東京大学の取り組むべき重点項目など、自由にご記入ください。,candidate_question,analysis_term_no_stopwords,逼迫,0.002352941176470588,2.09861228866811,0.004937911267454376,1,1,425,179
fujigaki_q07,fujigaki,藤垣裕子,q07,7,その他、東京大学の取り組むべき重点項目など、自由にご記入ください。,candidate_question,analysis_term_no_stopwords,開く,0.002352941176470588,2.09861228866811,0.004937911267454376,1,1,425,180
fujigaki_q07,fujigaki,藤垣裕子,q07,7,その他、東京大学の取り組むべき重点項目など、自由にご記入ください。,candidate_question,analysis_term_no_stopwords,開催,0.002352941176470588,2.09861228866811,0.004937911267454376,1,1,425,181
fujigaki_q07,fujigaki,藤垣裕子,q07,7,その他、東京大学の取り組むべき重点項目など、自由にご記入ください。,candidate_question,analysis_term_no_stopwords,開発,0.002352941176470588,2.09861228866811,0.004937911267454376,1,1,425,182
fujigaki_q07,fujigaki,藤垣裕子,q07,7,その他、東京大学の取り組むべき重点項目など、自由にご記入ください。,candidate_question,analysis_term_no_stopwords,関する,0.002352941176470588,2.09861228866811,0.004937911267454376,1,1,425,183
fujigaki_q07,fujigaki,藤垣裕子,q07,7,その他、東京大学の取り組むべき重点項目など、自由にご記入ください。,candidate_question,analysis_term_no_stopwords,関わる,0.002352941176470588,2.09861228866811,0.004937911267454376,1,1,425,184
fujigaki_q07,fujigaki,藤垣裕子,q07,7,その他、東京大学の取り組むべき重点項目など、自由にご記入ください。,candidate_question,analysis_term_no_stopwords,限る,0.002352941176470588,2.09861228866811,0.004937911267454376,1,1,425,185
fujigaki_q07,fujigaki,藤垣裕子,q07,7,その他、東京大学の取り組むべき重点項目など、自由にご記入ください。,candidate_question,analysis_term_no_stopwords,gri,0.002352941176470588,1.6931471805599454,0.003983875718964577,1,2,425,186
fujigaki_q07,fujigaki,藤垣裕子,q07,7,その他、東京大学の取り組むべき重点項目など、自由にご記入ください。,candidate_question,analysis_term_no_stopwords,システム-system,0.002352941176470588,1.6931471805599454,0.003983875718964577,1,2,425,187
fujigaki_q07,fujigaki,藤垣裕子,q07,7,その他、東京大学の取り組むべき重点項目など、自由にご記入ください。,candidate_question,analysis_term_no_stopwords,与える,0.002352941176470588,1.6931471805599454,0.003983875718964577,1,2,425,188
fujigaki_q07,fujigaki,藤垣裕子,q07,7,その他、東京大学の取り組むべき重点項目など、自由にご記入ください。,candidate_question,analysis_term_no_stopwords,付属,0.002352941176470588,1.6931471805599454,0.003983875718964577,1,2,425,189
fujigaki_q07,fujigaki,藤垣裕子,q07,7,その他、東京大学の取り組むべき重点項目など、自由にご記入ください。,candidate_question,analysis_term_no_stopwords,以下,0.002352941176470588,1.6931471805599454,0.003983875718964577,1,2,425,190
fujigaki_q07,fujigaki,藤垣裕子,q07,7,その他、東京大学の取り組むべき重点項目など、自由にご記入ください。,candidate_question,analysis_term_no_stopwords,使う,0.002352941176470588,1.6931471805599454,0.003983875718964577,1,2,425,191
fujigaki_q07,fujigaki,藤垣裕子,q07,7,その他、東京大学の取り組むべき重点項目など、自由にご記入ください。,candidate_question,analysis_term_no_stopwords,全て,0.002352941176470588,1.6931471805599454,0.003983875718964577,1,2,425,192
fujigaki_q07,fujigaki,藤垣裕子,q07,7,その他、東京大学の取り組むべき重点項目など、自由にご記入ください。,candidate_question,analysis_term_no_stopwords,出る,0.002352941176470588,1.6931471805599454,0.003983875718964577,1,2,425,193
fujigaki_q07,fujigaki,藤垣裕子,q07,7,その他、東京大学の取り組むべき重点項目など、自由にご記入ください。,candidate_question,analysis_term_no_stopwords,卓越,0.002352941176470588,1.6931471805599454,0.003983875718964577,1,2,425,194
fujigaki_q07,fujigaki,藤垣裕子,q07,7,その他、東京大学の取り組むべき重点項目など、自由にご記入ください。,candidate_question,analysis_term_no_stopwords,国際,0.002352941176470588,1.6931471805599454,0.003983875718964577,1,2,425,195
fujigaki_q07,fujigaki,藤垣裕子,q07,7,その他、東京大学の取り組むべき重点項目など、自由にご記入ください。,candidate_question,analysis_term_no_stopwords,多く,0.002352941176470588,1.6931471805599454,0.003983875718964577,1,2,425,196
fujigaki_q07,fujigaki,藤垣裕子,q07,7,その他、東京大学の取り組むべき重点項目など、自由にご記入ください。,candidate_question,analysis_term_no_stopwords,学ぶ,0.002352941176470588,1.6931471805599454,0.003983875718964577,1,2,425,197
fujigaki_q07,fujigaki,藤垣裕子,q07,7,その他、東京大学の取り組むべき重点項目など、自由にご記入ください。,candidate_question,analysis_term_no_stopwords,専門,0.002352941176470588,1.6931471805599454,0.003983875718964577,1,2,425,198
fujigaki_q07,fujigaki,藤垣裕子,q07,7,その他、東京大学の取り組むべき重点項目など、自由にご記入ください。,candidate_question,analysis_term_no_stopwords,応用,0.002352941176470588,1.6931471805599454,0.003983875718964577,1,2,425,199
fujigaki_q07,fujigaki,藤垣裕子,q07,7,その他、東京大学の取り組むべき重点項目など、自由にご記入ください。,candidate_question,analysis_term_no_stopwords,患者,0.002352941176470588,1.6931471805599454,0.003983875718964577,1,2,425,200
fujigaki_q07,fujigaki,藤垣裕子,q07,7,その他、東京大学の取り組むべき重点項目など、自由にご記入ください。,candidate_question,analysis_term_no_stopwords,果たす,0.002352941176470588,1.6931471805599454,0.003983875718964577,1,2,425,201
fujigaki_q07,fujigaki,藤垣裕子,q07,7,その他、東京大学の取り組むべき重点項目など、自由にご記入ください。,candidate_question,analysis_term_no_stopwords,構成,0.002352941176470588,1.6931471805599454,0.003983875718964577,1,2,425,202
fujigaki_q07,fujigaki,藤垣裕子,q07,7,その他、東京大学の取り組むべき重点項目など、自由にご記入ください。,candidate_question,analysis_term_no_stopwords,欧米,0.002352941176470588,1.6931471805599454,0.003983875718964577,1,2,425,203
fujigaki_q07,fujigaki,藤垣裕子,q07,7,その他、東京大学の取り組むべき重点項目など、自由にご記入ください。,candidate_question,analysis_term_no_stopwords,環境,0.002352941176470588,1.6931471805599454,0.003983875718964577,1,2,425,204
fujigaki_q07,fujigaki,藤垣裕子,q07,7,その他、東京大学の取り組むべき重点項目など、自由にご記入ください。,candidate_question,analysis_term_no_stopwords,経営,0.002352941176470588,1.6931471805599454,0.003983875718964577,1,2,425,205
fujigaki_q07,fujigaki,藤垣裕子,q07,7,その他、東京大学の取り組むべき重点項目など、自由にご記入ください。,candidate_question,analysis_term_no_stopwords,総長,0.002352941176470588,1.6931471805599454,0.003983875718964577,1,2,425,206
fujigaki_q07,fujigaki,藤垣裕子,q07,7,その他、東京大学の取り組むべき重点項目など、自由にご記入ください。,candidate_question,analysis_term_no_stopwords,取る,0.002352941176470588,1.4054651081081644,0.0033069767249603865,1,3,425,207
fujigaki_q07,fujigaki,藤垣裕子,q07,7,その他、東京大学の取り組むべき重点項目など、自由にご記入ください。,candidate_question,analysis_term_no_stopwords,因る,0.002352941176470588,1.4054651081081644,0.0033069767249603865,1,3,425,208
fujigaki_q07,fujigaki,藤垣裕子,q07,7,その他、東京大学の取り組むべき重点項目など、自由にご記入ください。,candidate_question,analysis_term_no_stopwords,学術,0.002352941176470588,1.4054651081081644,0.0033069767249603865,1,3,425,209
fujigaki_q07,fujigaki,藤垣裕子,q07,7,その他、東京大学の取り組むべき重点項目など、自由にご記入ください。,candidate_question,analysis_term_no_stopwords,整える,0.002352941176470588,1.4054651081081644,0.0033069767249603865,1,3,425,210
fujigaki_q07,fujigaki,藤垣裕子,q07,7,その他、東京大学の取り組むべき重点項目など、自由にご記入ください。,candidate_question,analysis_term_no_stopwords,行く,0.002352941176470588,1.4054651081081644,0.0033069767249603865,1,3,425,211
fujigaki_q07,fujigaki,藤垣裕子,q07,7,その他、東京大学の取り組むべき重点項目など、自由にご記入ください。,candidate_question,analysis_term_no_stopwords,課題,0.002352941176470588,1.4054651081081644,0.0033069767249603865,1,3,425,212
fujigaki_q07,fujigaki,藤垣裕子,q07,7,その他、東京大学の取り組むべき重点項目など、自由にご記入ください。,candidate_question,analysis_term_no_stopwords,トウキョウ,0.002352941176470588,1.1823215567939547,0.002781933074809305,1,4,425,213
fujigaki_q07,fujigaki,藤垣裕子,q07,7,その他、東京大学の取り組むべき重点項目など、自由にご記入ください。,candidate_question,analysis_term_no_stopwords,学生,0.002352941176470588,1.1823215567939547,0.002781933074809305,1,4,425,214
fujigaki_q07,fujigaki,藤垣裕子,q07,7,その他、東京大学の取り組むべき重点項目など、自由にご記入ください。,candidate_question,analysis_term_no_stopwords,本部,0.002352941176470588,1.1823215567939547,0.002781933074809305,1,4,425,215
fujigaki_q07,fujigaki,藤垣裕子,q07,7,その他、東京大学の取り組むべき重点項目など、自由にご記入ください。,candidate_question,analysis_term_no_stopwords,部局,0.002352941176470588,1.1823215567939547,0.002781933074809305,1,4,425,216
ohkoshi_q07,ohkoshi,大越慎一,q07,7,その他、東京大学の取り組むべき重点項目など、自由にご記入ください。,candidate_question,analysis_term_no_stopwords,為る,0.0967741935483871,1.1823215567939547,0.11441821517360852,9,4,93,1
ohkoshi_q07,ohkoshi,大越慎一,q07,7,その他、東京大学の取り組むべき重点項目など、自由にご記入ください。,candidate_question,analysis_term_no_stopwords,居る,0.043010752688172046,1.1823215567939547,0.05085254007715934,4,4,93,2
ohkoshi_q07,ohkoshi,大越慎一,q07,7,その他、東京大学の取り組むべき重点項目など、自由にご記入ください。,candidate_question,analysis_term_no_stopwords,支援,0.021505376344086023,2.09861228866811,0.0451314470681314,2,1,93,3
ohkoshi_q07,ohkoshi,大越慎一,q07,7,その他、東京大学の取り組むべき重点項目など、自由にご記入ください。,candidate_question,analysis_term_no_stopwords,間,0.021505376344086023,2.09861228866811,0.0451314470681314,2,1,93,4
ohkoshi_q07,ohkoshi,大越慎一,q07,7,その他、東京大学の取り組むべき重点項目など、自由にご記入ください。,candidate_question,analysis_term_no_stopwords,トウキョウ,0.03225806451612903,1.1823215567939547,0.0381394050578695,3,4,93,5
ohkoshi_q07,ohkoshi,大越慎一,q07,7,その他、東京大学の取り組むべき重点項目など、自由にご記入ください。,candidate_question,analysis_term_no_stopwords,世界,0.021505376344086023,1.6931471805599454,0.0364117673238698,2,2,93,6
ohkoshi_q07,ohkoshi,大越慎一,q07,7,その他、東京大学の取り組むべき重点項目など、自由にご記入ください。,candidate_question,analysis_term_no_stopwords,現在,0.021505376344086023,1.6931471805599454,0.0364117673238698,2,2,93,7
ohkoshi_q07,ohkoshi,大越慎一,q07,7,その他、東京大学の取り組むべき重点項目など、自由にご記入ください。,candidate_question,analysis_term_no_stopwords,為,0.021505376344086023,1.4054651081081644,0.030225056088347624,2,3,93,8
ohkoshi_q07,ohkoshi,大越慎一,q07,7,その他、東京大学の取り組むべき重点項目など、自由にご記入ください。,candidate_question,analysis_term_no_stopwords,考える,0.021505376344086023,1.4054651081081644,0.030225056088347624,2,3,93,9
ohkoshi_q07,ohkoshi,大越慎一,q07,7,その他、東京大学の取り組むべき重点項目など、自由にご記入ください。,candidate_question,analysis_term_no_stopwords,学生,0.021505376344086023,1.1823215567939547,0.02542627003857967,2,4,93,10
ohkoshi_q07,ohkoshi,大越慎一,q07,7,その他、東京大学の取り組むべき重点項目など、自由にご記入ください。,candidate_question,analysis_term_no_stopwords,有る,0.021505376344086023,1.1823215567939547,0.02542627003857967,2,4,93,11
ohkoshi_q07,ohkoshi,大越慎一,q07,7,その他、東京大学の取り組むべき重点項目など、自由にご記入ください。,candidate_question,analysis_term_no_stopwords,本部,0.021505376344086023,1.1823215567939547,0.02542627003857967,2,4,93,12
ohkoshi_q07,ohkoshi,大越慎一,q07,7,その他、東京大学の取り組むべき重点項目など、自由にご記入ください。,candidate_question,analysis_term_no_stopwords,部局,0.021505376344086023,1.1823215567939547,0.02542627003857967,2,4,93,13
ohkoshi_q07,ohkoshi,大越慎一,q07,7,その他、東京大学の取り組むべき重点項目など、自由にご記入ください。,candidate_question,analysis_term_no_stopwords,dean,0.010752688172043012,2.09861228866811,0.0225657235340657,1,1,93,14
ohkoshi_q07,ohkoshi,大越慎一,q07,7,その他、東京大学の取り組むべき重点項目など、自由にご記入ください。,candidate_question,analysis_term_no_stopwords,president,0.010752688172043012,2.09861228866811,0.0225657235340657,1,1,93,15
ohkoshi_q07,ohkoshi,大越慎一,q07,7,その他、東京大学の取り組むべき重点項目など、自由にご記入ください。,candidate_question,analysis_term_no_stopwords,vice,0.010752688172043012,2.09861228866811,0.0225657235340657,1,1,93,16
ohkoshi_q07,ohkoshi,大越慎一,q07,7,その他、東京大学の取り組むべき重点項目など、自由にご記入ください。,candidate_question,analysis_term_no_stopwords,アポイントメント-appointment,0.010752688172043012,2.09861228866811,0.0225657235340657,1,1,93,17
ohkoshi_q07,ohkoshi,大越慎一,q07,7,その他、東京大学の取り組むべき重点項目など、自由にご記入ください。,candidate_question,analysis_term_no_stopwords,インパクト-impact,0.010752688172043012,2.09861228866811,0.0225657235340657,1,1,93,18
ohkoshi_q07,ohkoshi,大越慎一,q07,7,その他、東京大学の取り組むべき重点項目など、自由にご記入ください。,candidate_question,analysis_term_no_stopwords,クロース-cloth,0.010752688172043012,2.09861228866811,0.0225657235340657,1,1,93,19
ohkoshi_q07,ohkoshi,大越慎一,q07,7,その他、東京大学の取り組むべき重点項目など、自由にご記入ください。,candidate_question,analysis_term_no_stopwords,サポート-support,0.010752688172043012,2.09861228866811,0.0225657235340657,1,1,93,20
ohkoshi_q07,ohkoshi,大越慎一,q07,7,その他、東京大学の取り組むべき重点項目など、自由にご記入ください。,candidate_question,analysis_term_no_stopwords,ユニット-unit,0.010752688172043012,2.09861228866811,0.0225657235340657,1,1,93,21
ohkoshi_q07,ohkoshi,大越慎一,q07,7,その他、東京大学の取り組むべき重点項目など、自由にご記入ください。,candidate_question,analysis_term_no_stopwords,一員,0.010752688172043012,2.09861228866811,0.0225657235340657,1,1,93,22
ohkoshi_q07,ohkoshi,大越慎一,q07,7,その他、東京大学の取り組むべき重点項目など、自由にご記入ください。,candidate_question,analysis_term_no_stopwords,両面,0.010752688172043012,2.09861228866811,0.0225657235340657,1,1,93,23
ohkoshi_q07,ohkoshi,大越慎一,q07,7,その他、東京大学の取り組むべき重点項目など、自由にご記入ください。,candidate_question,analysis_term_no_stopwords,乗せる,0.010752688172043012,2.09861228866811,0.0225657235340657,1,1,93,24
ohkoshi_q07,ohkoshi,大越慎一,q07,7,その他、東京大学の取り組むべき重点項目など、自由にご記入ください。,candidate_question,analysis_term_no_stopwords,企業,0.010752688172043012,2.09861228866811,0.0225657235340657,1,1,93,25
ohkoshi_q07,ohkoshi,大越慎一,q07,7,その他、東京大学の取り組むべき重点項目など、自由にご記入ください。,candidate_question,analysis_term_no_stopwords,医療,0.010752688172043012,2.09861228866811,0.0225657235340657,1,1,93,26
ohkoshi_q07,ohkoshi,大越慎一,q07,7,その他、東京大学の取り組むべき重点項目など、自由にご記入ください。,candidate_question,analysis_term_no_stopwords,参画,0.010752688172043012,2.09861228866811,0.0225657235340657,1,1,93,27
ohkoshi_q07,ohkoshi,大越慎一,q07,7,その他、東京大学の取り組むべき重点項目など、自由にご記入ください。,candidate_question,analysis_term_no_stopwords,取り去る,0.010752688172043012,2.09861228866811,0.0225657235340657,1,1,93,28
ohkoshi_q07,ohkoshi,大越慎一,q07,7,その他、東京大学の取り組むべき重点項目など、自由にご記入ください。,candidate_question,analysis_term_no_stopwords,地位,0.010752688172043012,2.09861228866811,0.0225657235340657,1,1,93,29
ohkoshi_q07,ohkoshi,大越慎一,q07,7,その他、東京大学の取り組むべき重点項目など、自由にご記入ください。,candidate_question,analysis_term_no_stopwords,執行,0.010752688172043012,2.09861228866811,0.0225657235340657,1,1,93,30
ohkoshi_q07,ohkoshi,大越慎一,q07,7,その他、東京大学の取り組むべき重点項目など、自由にご記入ください。,candidate_question,analysis_term_no_stopwords,基礎,0.010752688172043012,2.09861228866811,0.0225657235340657,1,1,93,31
ohkoshi_q07,ohkoshi,大越慎一,q07,7,その他、東京大学の取り組むべき重点項目など、自由にご記入ください。,candidate_question,analysis_term_no_stopwords,屈指,0.010752688172043012,2.09861228866811,0.0225657235340657,1,1,93,32
ohkoshi_q07,ohkoshi,大越慎一,q07,7,その他、東京大学の取り組むべき重点項目など、自由にご記入ください。,candidate_question,analysis_term_no_stopwords,強化,0.010752688172043012,2.09861228866811,0.0225657235340657,1,1,93,33
ohkoshi_q07,ohkoshi,大越慎一,q07,7,その他、東京大学の取り組むべき重点項目など、自由にご記入ください。,candidate_question,analysis_term_no_stopwords,循環,0.010752688172043012,2.09861228866811,0.0225657235340657,1,1,93,34
ohkoshi_q07,ohkoshi,大越慎一,q07,7,その他、東京大学の取り組むべき重点項目など、自由にご記入ください。,candidate_question,analysis_term_no_stopwords,息,0.010752688172043012,2.09861228866811,0.0225657235340657,1,1,93,35
ohkoshi_q07,ohkoshi,大越慎一,q07,7,その他、東京大学の取り組むべき重点項目など、自由にご記入ください。,candidate_question,analysis_term_no_stopwords,所属,0.010752688172043012,2.09861228866811,0.0225657235340657,1,1,93,36
ohkoshi_q07,ohkoshi,大越慎一,q07,7,その他、東京大学の取り組むべき重点項目など、自由にご記入ください。,candidate_question,analysis_term_no_stopwords,技術,0.010752688172043012,2.09861228866811,0.0225657235340657,1,1,93,37
ohkoshi_q07,ohkoshi,大越慎一,q07,7,その他、東京大学の取り組むべき重点項目など、自由にご記入ください。,candidate_question,analysis_term_no_stopwords,提案,0.010752688172043012,2.09861228866811,0.0225657235340657,1,1,93,38
ohkoshi_q07,ohkoshi,大越慎一,q07,7,その他、東京大学の取り組むべき重点項目など、自由にご記入ください。,candidate_question,analysis_term_no_stopwords,教職員,0.010752688172043012,2.09861228866811,0.0225657235340657,1,1,93,39
ohkoshi_q07,ohkoshi,大越慎一,q07,7,その他、東京大学の取り組むべき重点項目など、自由にご記入ください。,candidate_question,analysis_term_no_stopwords,新設,0.010752688172043012,2.09861228866811,0.0225657235340657,1,1,93,40
ohkoshi_q07,ohkoshi,大越慎一,q07,7,その他、東京大学の取り組むべき重点項目など、自由にご記入ください。,candidate_question,analysis_term_no_stopwords,産,0.010752688172043012,2.09861228866811,0.0225657235340657,1,1,93,41
ohkoshi_q07,ohkoshi,大越慎一,q07,7,その他、東京大学の取り組むべき重点項目など、自由にご記入ください。,candidate_question,analysis_term_no_stopwords,病院,0.010752688172043012,2.09861228866811,0.0225657235340657,1,1,93,42
ohkoshi_q07,ohkoshi,大越慎一,q07,7,その他、東京大学の取り組むべき重点項目など、自由にご記入ください。,candidate_question,analysis_term_no_stopwords,誇る,0.010752688172043012,2.09861228866811,0.0225657235340657,1,1,93,43
ohkoshi_q07,ohkoshi,大越慎一,q07,7,その他、東京大学の取り組むべき重点項目など、自由にご記入ください。,candidate_question,analysis_term_no_stopwords,踏まえる,0.010752688172043012,2.09861228866811,0.0225657235340657,1,1,93,44
ohkoshi_q07,ohkoshi,大越慎一,q07,7,その他、東京大学の取り組むべき重点項目など、自由にご記入ください。,candidate_question,analysis_term_no_stopwords,軌道,0.010752688172043012,2.09861228866811,0.0225657235340657,1,1,93,45
ohkoshi_q07,ohkoshi,大越慎一,q07,7,その他、東京大学の取り組むべき重点項目など、自由にご記入ください。,candidate_question,analysis_term_no_stopwords,運営,0.010752688172043012,2.09861228866811,0.0225657235340657,1,1,93,46
ohkoshi_q07,ohkoshi,大越慎一,q07,7,その他、東京大学の取り組むべき重点項目など、自由にご記入ください。,candidate_question,analysis_term_no_stopwords,達成,0.010752688172043012,2.09861228866811,0.0225657235340657,1,1,93,47
ohkoshi_q07,ohkoshi,大越慎一,q07,7,その他、東京大学の取り組むべき重点項目など、自由にご記入ください。,candidate_question,analysis_term_no_stopwords,部,0.010752688172043012,2.09861228866811,0.0225657235340657,1,1,93,48
ohkoshi_q07,ohkoshi,大越慎一,q07,7,その他、東京大学の取り組むべき重点項目など、自由にご記入ください。,candidate_question,analysis_term_no_stopwords,システム-system,0.010752688172043012,1.6931471805599454,0.0182058836619349,1,2,93,49
ohkoshi_q07,ohkoshi,大越慎一,q07,7,その他、東京大学の取り組むべき重点項目など、自由にご記入ください。,candidate_question,analysis_term_no_stopwords,与える,0.010752688172043012,1.6931471805599454,0.0182058836619349,1,2,93,50
ohkoshi_q07,ohkoshi,大越慎一,q07,7,その他、東京大学の取り組むべき重点項目など、自由にご記入ください。,candidate_question,analysis_term_no_stopwords,人材,0.010752688172043012,1.6931471805599454,0.0182058836619349,1,2,93,51
ohkoshi_q07,ohkoshi,大越慎一,q07,7,その他、東京大学の取り組むべき重点項目など、自由にご記入ください。,candidate_question,analysis_term_no_stopwords,付属,0.010752688172043012,1.6931471805599454,0.0182058836619349,1,2,93,52
ohkoshi_q07,ohkoshi,大越慎一,q07,7,その他、東京大学の取り組むべき重点項目など、自由にご記入ください。,candidate_question,analysis_term_no_stopwords,体制,0.010752688172043012,1.6931471805599454,0.0182058836619349,1,2,93,53
ohkoshi_q07,ohkoshi,大越慎一,q07,7,その他、東京大学の取り組むべき重点項目など、自由にご記入ください。,candidate_question,analysis_term_no_stopwords,壁,0.010752688172043012,1.6931471805599454,0.0182058836619349,1,2,93,54
ohkoshi_q07,ohkoshi,大越慎一,q07,7,その他、東京大学の取り組むべき重点項目など、自由にご記入ください。,candidate_question,analysis_term_no_stopwords,多く,0.010752688172043012,1.6931471805599454,0.0182058836619349,1,2,93,55
ohkoshi_q07,ohkoshi,大越慎一,q07,7,その他、東京大学の取り組むべき重点項目など、自由にご記入ください。,candidate_question,analysis_term_no_stopwords,学内,0.010752688172043012,1.6931471805599454,0.0182058836619349,1,2,93,56
ohkoshi_q07,ohkoshi,大越慎一,q07,7,その他、東京大学の取り組むべき重点項目など、自由にご記入ください。,candidate_question,analysis_term_no_stopwords,応用,0.010752688172043012,1.6931471805599454,0.0182058836619349,1,2,93,57
ohkoshi_q07,ohkoshi,大越慎一,q07,7,その他、東京大学の取り組むべき重点項目など、自由にご記入ください。,candidate_question,analysis_term_no_stopwords,患者,0.010752688172043012,1.6931471805599454,0.0182058836619349,1,2,93,58
ohkoshi_q07,ohkoshi,大越慎一,q07,7,その他、東京大学の取り組むべき重点項目など、自由にご記入ください。,candidate_question,analysis_term_no_stopwords,抱える,0.010752688172043012,1.6931471805599454,0.0182058836619349,1,2,93,59
ohkoshi_q07,ohkoshi,大越慎一,q07,7,その他、東京大学の取り組むべき重点項目など、自由にご記入ください。,candidate_question,analysis_term_no_stopwords,拡充,0.010752688172043012,1.6931471805599454,0.0182058836619349,1,2,93,60
ohkoshi_q07,ohkoshi,大越慎一,q07,7,その他、東京大学の取り組むべき重点項目など、自由にご記入ください。,candidate_question,analysis_term_no_stopwords,構築,0.010752688172043012,1.6931471805599454,0.0182058836619349,1,2,93,61
ohkoshi_q07,ohkoshi,大越慎一,q07,7,その他、東京大学の取り組むべき重点項目など、自由にご記入ください。,candidate_question,analysis_term_no_stopwords,物,0.010752688172043012,1.6931471805599454,0.0182058836619349,1,2,93,62
ohkoshi_q07,ohkoshi,大越慎一,q07,7,その他、東京大学の取り組むべき重点項目など、自由にご記入ください。,candidate_question,analysis_term_no_stopwords,社会,0.010752688172043012,1.6931471805599454,0.0182058836619349,1,2,93,63
ohkoshi_q07,ohkoshi,大越慎一,q07,7,その他、東京大学の取り組むべき重点項目など、自由にご記入ください。,candidate_question,analysis_term_no_stopwords,充実,0.010752688172043012,1.4054651081081644,0.015112528044173812,1,3,93,64
ohkoshi_q07,ohkoshi,大越慎一,q07,7,その他、東京大学の取り組むべき重点項目など、自由にご記入ください。,candidate_question,analysis_term_no_stopwords,因る,0.010752688172043012,1.4054651081081644,0.015112528044173812,1,3,93,65
ohkoshi_q07,ohkoshi,大越慎一,q07,7,その他、東京大学の取り組むべき重点項目など、自由にご記入ください。,candidate_question,analysis_term_no_stopwords,学術,0.010752688172043012,1.4054651081081644,0.015112528044173812,1,3,93,66
ohkoshi_q07,ohkoshi,大越慎一,q07,7,その他、東京大学の取り組むべき重点項目など、自由にご記入ください。,candidate_question,analysis_term_no_stopwords,教員,0.010752688172043012,1.4054651081081644,0.015112528044173812,1,3,93,67
ohkoshi_q07,ohkoshi,大越慎一,q07,7,その他、東京大学の取り組むべき重点項目など、自由にご記入ください。,candidate_question,analysis_term_no_stopwords,整える,0.010752688172043012,1.4054651081081644,0.015112528044173812,1,3,93,68
ohkoshi_q07,ohkoshi,大越慎一,q07,7,その他、東京大学の取り組むべき重点項目など、自由にご記入ください。,candidate_question,analysis_term_no_stopwords,長い,0.010752688172043012,1.4054651081081644,0.015112528044173812,1,3,93,69
ohkoshi_q07,ohkoshi,大越慎一,q07,7,その他、東京大学の取り組むべき重点項目など、自由にご記入ください。,candidate_question,analysis_term_no_stopwords,事,0.010752688172043012,1.1823215567939547,0.012713135019289836,1,4,93,70
someya_q07,someya,染谷隆夫,q07,7,その他、東京大学の取り組むべき重点項目など、自由にご記入ください。,candidate_question,analysis_term_no_stopwords,為る,0.05202312138728324,1.1823215567939547,0.061508057867893595,9,4,173,1
someya_q07,someya,染谷隆夫,q07,7,その他、東京大学の取り組むべき重点項目など、自由にご記入ください。,candidate_question,analysis_term_no_stopwords,構成,0.03468208092485549,1.6931471805599454,0.05872186753387093,6,2,173,2
someya_q07,someya,染谷隆夫,q07,7,その他、東京大学の取り組むべき重点項目など、自由にご記入ください。,candidate_question,analysis_term_no_stopwords,力,0.023121387283236993,1.6931471805599454,0.03914791168924729,4,2,173,3
someya_q07,someya,染谷隆夫,q07,7,その他、東京大学の取り組むべき重点項目など、自由にご記入ください。,candidate_question,analysis_term_no_stopwords,発揮,0.017341040462427744,2.09861228866811,0.03639212061274179,3,1,173,4
someya_q07,someya,染谷隆夫,q07,7,その他、東京大学の取り組むべき重点項目など、自由にご記入ください。,candidate_question,analysis_term_no_stopwords,トウキョウ,0.028901734104046242,1.1823215567939547,0.03417114325994089,5,4,173,5
someya_q07,someya,染谷隆夫,q07,7,その他、東京大学の取り組むべき重点項目など、自由にご記入ください。,candidate_question,analysis_term_no_stopwords,環境,0.017341040462427744,1.6931471805599454,0.029360933766935465,3,2,173,6
someya_q07,someya,染谷隆夫,q07,7,その他、東京大学の取り組むべき重点項目など、自由にご記入ください。,candidate_question,analysis_term_no_stopwords,ai,0.011560693641618497,2.09861228866811,0.02426141374182786,2,1,173,7
someya_q07,someya,染谷隆夫,q07,7,その他、東京大学の取り組むべき重点項目など、自由にご記入ください。,candidate_question,analysis_term_no_stopwords,一人一人,0.011560693641618497,2.09861228866811,0.02426141374182786,2,1,173,8
someya_q07,someya,染谷隆夫,q07,7,その他、東京大学の取り組むべき重点項目など、自由にご記入ください。,candidate_question,analysis_term_no_stopwords,分野,0.011560693641618497,2.09861228866811,0.02426141374182786,2,1,173,9
someya_q07,someya,染谷隆夫,q07,7,その他、東京大学の取り組むべき重点項目など、自由にご記入ください。,candidate_question,analysis_term_no_stopwords,学問,0.011560693641618497,2.09861228866811,0.02426141374182786,2,1,173,10
someya_q07,someya,染谷隆夫,q07,7,その他、東京大学の取り組むべき重点項目など、自由にご記入ください。,candidate_question,analysis_term_no_stopwords,成長,0.011560693641618497,2.09861228866811,0.02426141374182786,2,1,173,11
someya_q07,someya,染谷隆夫,q07,7,その他、東京大学の取り組むべき重点項目など、自由にご記入ください。,candidate_question,analysis_term_no_stopwords,時間,0.011560693641618497,2.09861228866811,0.02426141374182786,2,1,173,12
someya_q07,someya,染谷隆夫,q07,7,その他、東京大学の取り組むべき重点項目など、自由にご記入ください。,candidate_question,analysis_term_no_stopwords,知,0.011560693641618497,2.09861228866811,0.02426141374182786,2,1,173,13
someya_q07,someya,染谷隆夫,q07,7,その他、東京大学の取り組むべき重点項目など、自由にご記入ください。,candidate_question,analysis_term_no_stopwords,自由,0.011560693641618497,2.09861228866811,0.02426141374182786,2,1,173,14
someya_q07,someya,染谷隆夫,q07,7,その他、東京大学の取り組むべき重点項目など、自由にご記入ください。,candidate_question,analysis_term_no_stopwords,響き合う,0.011560693641618497,2.09861228866811,0.02426141374182786,2,1,173,15
someya_q07,someya,染谷隆夫,q07,7,その他、東京大学の取り組むべき重点項目など、自由にご記入ください。,candidate_question,analysis_term_no_stopwords,事,0.017341040462427744,1.1823215567939547,0.02050268595596453,3,4,173,16
someya_q07,someya,染谷隆夫,q07,7,その他、東京大学の取り組むべき重点項目など、自由にご記入ください。,candidate_question,analysis_term_no_stopwords,有る,0.017341040462427744,1.1823215567939547,0.02050268595596453,3,4,173,17
someya_q07,someya,染谷隆夫,q07,7,その他、東京大学の取り組むべき重点項目など、自由にご記入ください。,candidate_question,analysis_term_no_stopwords,全て,0.011560693641618497,1.6931471805599454,0.019573955844623646,2,2,173,18
someya_q07,someya,染谷隆夫,q07,7,その他、東京大学の取り組むべき重点項目など、自由にご記入ください。,candidate_question,analysis_term_no_stopwords,出来る,0.011560693641618497,1.6931471805599454,0.019573955844623646,2,2,173,19
someya_q07,someya,染谷隆夫,q07,7,その他、東京大学の取り組むべき重点項目など、自由にご記入ください。,candidate_question,analysis_term_no_stopwords,構築,0.011560693641618497,1.6931471805599454,0.019573955844623646,2,2,173,20
someya_q07,someya,染谷隆夫,q07,7,その他、東京大学の取り組むべき重点項目など、自由にご記入ください。,candidate_question,analysis_term_no_stopwords,社会,0.011560693641618497,1.6931471805599454,0.019573955844623646,2,2,173,21
someya_q07,someya,染谷隆夫,q07,7,その他、東京大学の取り組むべき重点項目など、自由にご記入ください。,candidate_question,analysis_term_no_stopwords,因る,0.011560693641618497,1.4054651081081644,0.016248151538822708,2,3,173,22
someya_q07,someya,染谷隆夫,q07,7,その他、東京大学の取り組むべき重点項目など、自由にご記入ください。,candidate_question,analysis_term_no_stopwords,居る,0.011560693641618497,1.1823215567939547,0.013668457303976355,2,4,173,23
someya_q07,someya,染谷隆夫,q07,7,その他、東京大学の取り組むべき重点項目など、自由にご記入ください。,candidate_question,analysis_term_no_stopwords,dx,0.005780346820809248,2.09861228866811,0.01213070687091393,1,1,173,24
someya_q07,someya,染谷隆夫,q07,7,その他、東京大学の取り組むべき重点項目など、自由にご記入ください。,candidate_question,analysis_term_no_stopwords,キャンパス-campus,0.005780346820809248,2.09861228866811,0.01213070687091393,1,1,173,25
someya_q07,someya,染谷隆夫,q07,7,その他、東京大学の取り組むべき重点項目など、自由にご記入ください。,candidate_question,analysis_term_no_stopwords,ソメヤ,0.005780346820809248,2.09861228866811,0.01213070687091393,1,1,173,26
someya_q07,someya,染谷隆夫,q07,7,その他、東京大学の取り組むべき重点項目など、自由にご記入ください。,candidate_question,analysis_term_no_stopwords,世代,0.005780346820809248,2.09861228866811,0.01213070687091393,1,1,173,27
someya_q07,someya,染谷隆夫,q07,7,その他、東京大学の取り組むべき重点項目など、自由にご記入ください。,candidate_question,analysis_term_no_stopwords,互い,0.005780346820809248,2.09861228866811,0.01213070687091393,1,1,173,28
someya_q07,someya,染谷隆夫,q07,7,その他、東京大学の取り組むべき重点項目など、自由にご記入ください。,candidate_question,analysis_term_no_stopwords,享受,0.005780346820809248,2.09861228866811,0.01213070687091393,1,1,173,29
someya_q07,someya,染谷隆夫,q07,7,その他、東京大学の取り組むべき重点項目など、自由にご記入ください。,candidate_question,analysis_term_no_stopwords,人文,0.005780346820809248,2.09861228866811,0.01213070687091393,1,1,173,30
someya_q07,someya,染谷隆夫,q07,7,その他、東京大学の取り組むべき重点項目など、自由にご記入ください。,candidate_question,analysis_term_no_stopwords,介護,0.005780346820809248,2.09861228866811,0.01213070687091393,1,1,173,31
someya_q07,someya,染谷隆夫,q07,7,その他、東京大学の取り組むべき重点項目など、自由にご記入ください。,candidate_question,analysis_term_no_stopwords,伴う,0.005780346820809248,2.09861228866811,0.01213070687091393,1,1,173,32
someya_q07,someya,染谷隆夫,q07,7,その他、東京大学の取り組むべき重点項目など、自由にご記入ください。,candidate_question,analysis_term_no_stopwords,作り,0.005780346820809248,2.09861228866811,0.01213070687091393,1,1,173,33
someya_q07,someya,染谷隆夫,q07,7,その他、東京大学の取り組むべき重点項目など、自由にご記入ください。,candidate_question,analysis_term_no_stopwords,保有,0.005780346820809248,2.09861228866811,0.01213070687091393,1,1,173,34
someya_q07,someya,染谷隆夫,q07,7,その他、東京大学の取り組むべき重点項目など、自由にご記入ください。,candidate_question,analysis_term_no_stopwords,信ずる,0.005780346820809248,2.09861228866811,0.01213070687091393,1,1,173,35
someya_q07,someya,染谷隆夫,q07,7,その他、東京大学の取り組むべき重点項目など、自由にご記入ください。,candidate_question,analysis_term_no_stopwords,信頼,0.005780346820809248,2.09861228866811,0.01213070687091393,1,1,173,36
someya_q07,someya,染谷隆夫,q07,7,その他、東京大学の取り組むべき重点項目など、自由にご記入ください。,candidate_question,analysis_term_no_stopwords,候補,0.005780346820809248,2.09861228866811,0.01213070687091393,1,1,173,37
someya_q07,someya,染谷隆夫,q07,7,その他、東京大学の取り組むべき重点項目など、自由にご記入ください。,candidate_question,analysis_term_no_stopwords,共,0.005780346820809248,2.09861228866811,0.01213070687091393,1,1,173,38
someya_q07,someya,染谷隆夫,q07,7,その他、東京大学の取り組むべき重点項目など、自由にご記入ください。,candidate_question,analysis_term_no_stopwords,其々,0.005780346820809248,2.09861228866811,0.01213070687091393,1,1,173,39
someya_q07,someya,染谷隆夫,q07,7,その他、東京大学の取り組むべき重点項目など、自由にご記入ください。,candidate_question,analysis_term_no_stopwords,切る,0.005780346820809248,2.09861228866811,0.01213070687091393,1,1,173,40
someya_q07,someya,染谷隆夫,q07,7,その他、東京大学の取り組むべき重点項目など、自由にご記入ください。,candidate_question,analysis_term_no_stopwords,刺激,0.005780346820809248,2.09861228866811,0.01213070687091393,1,1,173,41
someya_q07,someya,染谷隆夫,q07,7,その他、東京大学の取り組むべき重点項目など、自由にご記入ください。,candidate_question,analysis_term_no_stopwords,創出,0.005780346820809248,2.09861228866811,0.01213070687091393,1,1,173,42
someya_q07,someya,染谷隆夫,q07,7,その他、東京大学の取り組むべき重点項目など、自由にご記入ください。,candidate_question,analysis_term_no_stopwords,包摂,0.005780346820809248,2.09861228866811,0.01213070687091393,1,1,173,43
someya_q07,someya,染谷隆夫,q07,7,その他、東京大学の取り組むべき重点項目など、自由にご記入ください。,candidate_question,analysis_term_no_stopwords,区分,0.005780346820809248,2.09861228866811,0.01213070687091393,1,1,173,44
someya_q07,someya,染谷隆夫,q07,7,その他、東京大学の取り組むべき重点項目など、自由にご記入ください。,candidate_question,analysis_term_no_stopwords,協働,0.005780346820809248,2.09861228866811,0.01213070687091393,1,1,173,45
someya_q07,someya,染谷隆夫,q07,7,その他、東京大学の取り組むべき重点項目など、自由にご記入ください。,candidate_question,analysis_term_no_stopwords,取り組む,0.005780346820809248,2.09861228866811,0.01213070687091393,1,1,173,46
someya_q07,someya,染谷隆夫,q07,7,その他、東京大学の取り組むべき重点項目など、自由にご記入ください。,candidate_question,analysis_term_no_stopwords,合う,0.005780346820809248,2.09861228866811,0.01213070687091393,1,1,173,47
someya_q07,someya,染谷隆夫,q07,7,その他、東京大学の取り組むべき重点項目など、自由にご記入ください。,candidate_question,analysis_term_no_stopwords,喫緊,0.005780346820809248,2.09861228866811,0.01213070687091393,1,1,173,48
someya_q07,someya,染谷隆夫,q07,7,その他、東京大学の取り組むべき重点項目など、自由にご記入ください。,candidate_question,analysis_term_no_stopwords,固定,0.005780346820809248,2.09861228866811,0.01213070687091393,1,1,173,49
someya_q07,someya,染谷隆夫,q07,7,その他、東京大学の取り組むべき重点項目など、自由にご記入ください。,candidate_question,analysis_term_no_stopwords,境界,0.005780346820809248,2.09861228866811,0.01213070687091393,1,1,173,50
someya_q07,someya,染谷隆夫,q07,7,その他、東京大学の取り組むべき重点項目など、自由にご記入ください。,candidate_question,analysis_term_no_stopwords,増す,0.005780346820809248,2.09861228866811,0.01213070687091393,1,1,173,51
someya_q07,someya,染谷隆夫,q07,7,その他、東京大学の取り組むべき重点項目など、自由にご記入ください。,candidate_question,analysis_term_no_stopwords,変化,0.005780346820809248,2.09861228866811,0.01213070687091393,1,1,173,52
someya_q07,someya,染谷隆夫,q07,7,その他、東京大学の取り組むべき重点項目など、自由にご記入ください。,candidate_question,analysis_term_no_stopwords,太字,0.005780346820809248,2.09861228866811,0.01213070687091393,1,1,173,53
someya_q07,someya,染谷隆夫,q07,7,その他、東京大学の取り組むべき重点項目など、自由にご記入ください。,candidate_question,analysis_term_no_stopwords,子育て,0.005780346820809248,2.09861228866811,0.01213070687091393,1,1,173,54
someya_q07,someya,染谷隆夫,q07,7,その他、東京大学の取り組むべき重点項目など、自由にご記入ください。,candidate_question,analysis_term_no_stopwords,守る,0.005780346820809248,2.09861228866811,0.01213070687091393,1,1,173,55
someya_q07,someya,染谷隆夫,q07,7,その他、東京大学の取り組むべき重点項目など、自由にご記入ください。,candidate_question,analysis_term_no_stopwords,安全,0.005780346820809248,2.09861228866811,0.01213070687091393,1,1,173,56
someya_q07,someya,染谷隆夫,q07,7,その他、東京大学の取り組むべき重点項目など、自由にご記入ください。,candidate_question,analysis_term_no_stopwords,実務,0.005780346820809248,2.09861228866811,0.01213070687091393,1,1,173,57
someya_q07,someya,染谷隆夫,q07,7,その他、東京大学の取り組むべき重点項目など、自由にご記入ください。,candidate_question,analysis_term_no_stopwords,実現,0.005780346820809248,2.09861228866811,0.01213070687091393,1,1,173,58
someya_q07,someya,染谷隆夫,q07,7,その他、東京大学の取り組むべき重点項目など、自由にご記入ください。,candidate_question,analysis_term_no_stopwords,対話,0.005780346820809248,2.09861228866811,0.01213070687091393,1,1,173,59
someya_q07,someya,染谷隆夫,q07,7,その他、東京大学の取り組むべき重点項目など、自由にご記入ください。,candidate_question,analysis_term_no_stopwords,尊重,0.005780346820809248,2.09861228866811,0.01213070687091393,1,1,173,60
someya_q07,someya,染谷隆夫,q07,7,その他、東京大学の取り組むべき重点項目など、自由にご記入ください。,candidate_question,analysis_term_no_stopwords,形式,0.005780346820809248,2.09861228866811,0.01213070687091393,1,1,173,61
someya_q07,someya,染谷隆夫,q07,7,その他、東京大学の取り組むべき重点項目など、自由にご記入ください。,candidate_question,analysis_term_no_stopwords,役割,0.005780346820809248,2.09861228866811,0.01213070687091393,1,1,173,62
someya_q07,someya,染谷隆夫,q07,7,その他、東京大学の取り組むべき重点項目など、自由にご記入ください。,candidate_question,analysis_term_no_stopwords,得る,0.005780346820809248,2.09861228866811,0.01213070687091393,1,1,173,63
someya_q07,someya,染谷隆夫,q07,7,その他、東京大学の取り組むべき重点項目など、自由にご記入ください。,candidate_question,analysis_term_no_stopwords,抜く,0.005780346820809248,2.09861228866811,0.01213070687091393,1,1,173,64
someya_q07,someya,染谷隆夫,q07,7,その他、東京大学の取り組むべき重点項目など、自由にご記入ください。,candidate_question,analysis_term_no_stopwords,担う,0.005780346820809248,2.09861228866811,0.01213070687091393,1,1,173,65
someya_q07,someya,染谷隆夫,q07,7,その他、東京大学の取り組むべき重点項目など、自由にご記入ください。,candidate_question,analysis_term_no_stopwords,持続,0.005780346820809248,2.09861228866811,0.01213070687091393,1,1,173,66
someya_q07,someya,染谷隆夫,q07,7,その他、東京大学の取り組むべき重点項目など、自由にご記入ください。,candidate_question,analysis_term_no_stopwords,捕らえる,0.005780346820809248,2.09861228866811,0.01213070687091393,1,1,173,67
someya_q07,someya,染谷隆夫,q07,7,その他、東京大学の取り組むべき重点項目など、自由にご記入ください。,candidate_question,analysis_term_no_stopwords,捕らわれる,0.005780346820809248,2.09861228866811,0.01213070687091393,1,1,173,68
someya_q07,someya,染谷隆夫,q07,7,その他、東京大学の取り組むべき重点項目など、自由にご記入ください。,candidate_question,analysis_term_no_stopwords,整備,0.005780346820809248,2.09861228866811,0.01213070687091393,1,1,173,69
someya_q07,someya,染谷隆夫,q07,7,その他、東京大学の取り組むべき重点項目など、自由にご記入ください。,candidate_question,analysis_term_no_stopwords,文系,0.005780346820809248,2.09861228866811,0.01213070687091393,1,1,173,70
someya_q07,someya,染谷隆夫,q07,7,その他、東京大学の取り組むべき重点項目など、自由にご記入ください。,candidate_question,analysis_term_no_stopwords,明るい,0.005780346820809248,2.09861228866811,0.01213070687091393,1,1,173,71
someya_q07,someya,染谷隆夫,q07,7,その他、東京大学の取り組むべき重点項目など、自由にご記入ください。,candidate_question,analysis_term_no_stopwords,時代,0.005780346820809248,2.09861228866811,0.01213070687091393,1,1,173,72
someya_q07,someya,染谷隆夫,q07,7,その他、東京大学の取り組むべき重点項目など、自由にご記入ください。,candidate_question,analysis_term_no_stopwords,最大,0.005780346820809248,2.09861228866811,0.01213070687091393,1,1,173,73
someya_q07,someya,染谷隆夫,q07,7,その他、東京大学の取り組むべき重点項目など、自由にご記入ください。,candidate_question,analysis_term_no_stopwords,業務,0.005780346820809248,2.09861228866811,0.01213070687091393,1,1,173,74
someya_q07,someya,染谷隆夫,q07,7,その他、東京大学の取り組むべき重点項目など、自由にご記入ください。,candidate_question,analysis_term_no_stopwords,源泉,0.005780346820809248,2.09861228866811,0.01213070687091393,1,1,173,75
someya_q07,someya,染谷隆夫,q07,7,その他、東京大学の取り組むべき重点項目など、自由にご記入ください。,candidate_question,analysis_term_no_stopwords,熟す,0.005780346820809248,2.09861228866811,0.01213070687091393,1,1,173,76
someya_q07,someya,染谷隆夫,q07,7,その他、東京大学の取り組むべき重点項目など、自由にご記入ください。,candidate_question,analysis_term_no_stopwords,理系,0.005780346820809248,2.09861228866811,0.01213070687091393,1,1,173,77
someya_q07,someya,染谷隆夫,q07,7,その他、東京大学の取り組むべき重点項目など、自由にご記入ください。,candidate_question,analysis_term_no_stopwords,生み出す,0.005780346820809248,2.09861228866811,0.01213070687091393,1,1,173,78
someya_q07,someya,染谷隆夫,q07,7,その他、東京大学の取り組むべき重点項目など、自由にご記入ください。,candidate_question,analysis_term_no_stopwords,留める,0.005780346820809248,2.09861228866811,0.01213070687091393,1,1,173,79
someya_q07,someya,染谷隆夫,q07,7,その他、東京大学の取り組むべき重点項目など、自由にご記入ください。,candidate_question,analysis_term_no_stopwords,異なる,0.005780346820809248,2.09861228866811,0.01213070687091393,1,1,173,80
someya_q07,someya,染谷隆夫,q07,7,その他、東京大学の取り組むべき重点項目など、自由にご記入ください。,candidate_question,analysis_term_no_stopwords,目標,0.005780346820809248,2.09861228866811,0.01213070687091393,1,1,173,81
someya_q07,someya,染谷隆夫,q07,7,その他、東京大学の取り組むべき重点項目など、自由にご記入ください。,candidate_question,analysis_term_no_stopwords,真価,0.005780346820809248,2.09861228866811,0.01213070687091393,1,1,173,82
someya_q07,someya,染谷隆夫,q07,7,その他、東京大学の取り組むべき重点項目など、自由にご記入ください。,candidate_question,analysis_term_no_stopwords,立場,0.005780346820809248,2.09861228866811,0.01213070687091393,1,1,173,83
someya_q07,someya,染谷隆夫,q07,7,その他、東京大学の取り組むべき重点項目など、自由にご記入ください。,candidate_question,analysis_term_no_stopwords,築く,0.005780346820809248,2.09861228866811,0.01213070687091393,1,1,173,84
someya_q07,someya,染谷隆夫,q07,7,その他、東京大学の取り組むべき重点項目など、自由にご記入ください。,candidate_question,analysis_term_no_stopwords,粘り強い,0.005780346820809248,2.09861228866811,0.01213070687091393,1,1,173,85
someya_q07,someya,染谷隆夫,q07,7,その他、東京大学の取り組むべき重点項目など、自由にご記入ください。,candidate_question,analysis_term_no_stopwords,経験,0.005780346820809248,2.09861228866811,0.01213070687091393,1,1,173,86
someya_q07,someya,染谷隆夫,q07,7,その他、東京大学の取り組むべき重点項目など、自由にご記入ください。,candidate_question,analysis_term_no_stopwords,結び付ける,0.005780346820809248,2.09861228866811,0.01213070687091393,1,1,173,87
someya_q07,someya,染谷隆夫,q07,7,その他、東京大学の取り組むべき重点項目など、自由にご記入ください。,candidate_question,analysis_term_no_stopwords,絶える,0.005780346820809248,2.09861228866811,0.01213070687091393,1,1,173,88
someya_q07,someya,染谷隆夫,q07,7,その他、東京大学の取り組むべき重点項目など、自由にご記入ください。,candidate_question,analysis_term_no_stopwords,総合,0.005780346820809248,2.09861228866811,0.01213070687091393,1,1,173,89
someya_q07,someya,染谷隆夫,q07,7,その他、東京大学の取り組むべき重点項目など、自由にご記入ください。,candidate_question,analysis_term_no_stopwords,繋がる,0.005780346820809248,2.09861228866811,0.01213070687091393,1,1,173,90
someya_q07,someya,染谷隆夫,q07,7,その他、東京大学の取り組むべき重点項目など、自由にご記入ください。,candidate_question,analysis_term_no_stopwords,自信,0.005780346820809248,2.09861228866811,0.01213070687091393,1,1,173,91
someya_q07,someya,染谷隆夫,q07,7,その他、東京大学の取り組むべき重点項目など、自由にご記入ください。,candidate_question,analysis_term_no_stopwords,要する,0.005780346820809248,2.09861228866811,0.01213070687091393,1,1,173,92
someya_q07,someya,染谷隆夫,q07,7,その他、東京大学の取り組むべき重点項目など、自由にご記入ください。,candidate_question,analysis_term_no_stopwords,視点,0.005780346820809248,2.09861228866811,0.01213070687091393,1,1,173,93
someya_q07,someya,染谷隆夫,q07,7,その他、東京大学の取り組むべき重点項目など、自由にご記入ください。,candidate_question,analysis_term_no_stopwords,誇り,0.005780346820809248,2.09861228866811,0.01213070687091393,1,1,173,94
someya_q07,someya,染谷隆夫,q07,7,その他、東京大学の取り組むべき重点項目など、自由にご記入ください。,candidate_question,analysis_term_no_stopwords,誠実,0.005780346820809248,2.09861228866811,0.01213070687091393,1,1,173,95
someya_q07,someya,染谷隆夫,q07,7,その他、東京大学の取り組むべき重点項目など、自由にご記入ください。,candidate_question,analysis_term_no_stopwords,資源,0.005780346820809248,2.09861228866811,0.01213070687091393,1,1,173,96
someya_q07,someya,染谷隆夫,q07,7,その他、東京大学の取り組むべき重点項目など、自由にご記入ください。,candidate_question,analysis_term_no_stopwords,越える,0.005780346820809248,2.09861228866811,0.01213070687091393,1,1,173,97
someya_q07,someya,染谷隆夫,q07,7,その他、東京大学の取り組むべき重点項目など、自由にご記入ください。,candidate_question,analysis_term_no_stopwords,通ずる,0.005780346820809248,2.09861228866811,0.01213070687091393,1,1,173,98
someya_q07,someya,染谷隆夫,q07,7,その他、東京大学の取り組むべき重点項目など、自由にご記入ください。,candidate_question,analysis_term_no_stopwords,重点,0.005780346820809248,2.09861228866811,0.01213070687091393,1,1,173,99
someya_q07,someya,染谷隆夫,q07,7,その他、東京大学の取り組むべき重点項目など、自由にご記入ください。,candidate_question,analysis_term_no_stopwords,項目,0.005780346820809248,2.09861228866811,0.01213070687091393,1,1,173,100
someya_q07,someya,染谷隆夫,q07,7,その他、東京大学の取り組むべき重点項目など、自由にご記入ください。,candidate_question,analysis_term_no_stopwords,領域,0.005780346820809248,2.09861228866811,0.01213070687091393,1,1,173,101
someya_q07,someya,染谷隆夫,q07,7,その他、東京大学の取り組むべき重点項目など、自由にご記入ください。,candidate_question,analysis_term_no_stopwords,アート-art,0.005780346820809248,1.6931471805599454,0.009786977922311823,1,2,173,102
someya_q07,someya,染谷隆夫,q07,7,その他、東京大学の取り組むべき重点項目など、自由にご記入ください。,candidate_question,analysis_term_no_stopwords,リベラル-liberal,0.005780346820809248,1.6931471805599454,0.009786977922311823,1,2,173,103
someya_q07,someya,染谷隆夫,q07,7,その他、東京大学の取り組むべき重点項目など、自由にご記入ください。,candidate_question,analysis_term_no_stopwords,人材,0.005780346820809248,1.6931471805599454,0.009786977922311823,1,2,173,104
someya_q07,someya,染谷隆夫,q07,7,その他、東京大学の取り組むべき重点項目など、自由にご記入ください。,candidate_question,analysis_term_no_stopwords,使う,0.005780346820809248,1.6931471805599454,0.009786977922311823,1,2,173,105
someya_q07,someya,染谷隆夫,q07,7,その他、東京大学の取り組むべき重点項目など、自由にご記入ください。,candidate_question,analysis_term_no_stopwords,働く,0.005780346820809248,1.6931471805599454,0.009786977922311823,1,2,173,106
someya_q07,someya,染谷隆夫,q07,7,その他、東京大学の取り組むべき重点項目など、自由にご記入ください。,candidate_question,analysis_term_no_stopwords,学ぶ,0.005780346820809248,1.6931471805599454,0.009786977922311823,1,2,173,107
someya_q07,someya,染谷隆夫,q07,7,その他、東京大学の取り組むべき重点項目など、自由にご記入ください。,candidate_question,analysis_term_no_stopwords,専門,0.005780346820809248,1.6931471805599454,0.009786977922311823,1,2,173,108
someya_q07,someya,染谷隆夫,q07,7,その他、東京大学の取り組むべき重点項目など、自由にご記入ください。,candidate_question,analysis_term_no_stopwords,持つ,0.005780346820809248,1.6931471805599454,0.009786977922311823,1,2,173,109
someya_q07,someya,染谷隆夫,q07,7,その他、東京大学の取り組むべき重点項目など、自由にご記入ください。,candidate_question,analysis_term_no_stopwords,改善,0.005780346820809248,1.6931471805599454,0.009786977922311823,1,2,173,110
someya_q07,someya,染谷隆夫,q07,7,その他、東京大学の取り組むべき重点項目など、自由にご記入ください。,candidate_question,analysis_term_no_stopwords,既存,0.005780346820809248,1.6931471805599454,0.009786977922311823,1,2,173,111
someya_q07,someya,染谷隆夫,q07,7,その他、東京大学の取り組むべき重点項目など、自由にご記入ください。,candidate_question,analysis_term_no_stopwords,果たす,0.005780346820809248,1.6931471805599454,0.009786977922311823,1,2,173,112
someya_q07,someya,染谷隆夫,q07,7,その他、東京大学の取り組むべき重点項目など、自由にご記入ください。,candidate_question,analysis_term_no_stopwords,留学,0.005780346820809248,1.6931471805599454,0.009786977922311823,1,2,173,113
someya_q07,someya,染谷隆夫,q07,7,その他、東京大学の取り組むべき重点項目など、自由にご記入ください。,candidate_question,analysis_term_no_stopwords,科学,0.005780346820809248,1.6931471805599454,0.009786977922311823,1,2,173,114
someya_q07,someya,染谷隆夫,q07,7,その他、東京大学の取り組むべき重点項目など、自由にご記入ください。,candidate_question,analysis_term_no_stopwords,総長,0.005780346820809248,1.6931471805599454,0.009786977922311823,1,2,173,115
someya_q07,someya,染谷隆夫,q07,7,その他、東京大学の取り組むべき重点項目など、自由にご記入ください。,candidate_question,analysis_term_no_stopwords,能力,0.005780346820809248,1.6931471805599454,0.009786977922311823,1,2,173,116
someya_q07,someya,染谷隆夫,q07,7,その他、東京大学の取り組むべき重点項目など、自由にご記入ください。,candidate_question,analysis_term_no_stopwords,責任,0.005780346820809248,1.6931471805599454,0.009786977922311823,1,2,173,117
someya_q07,someya,染谷隆夫,q07,7,その他、東京大学の取り組むべき重点項目など、自由にご記入ください。,candidate_question,analysis_term_no_stopwords,進める,0.005780346820809248,1.6931471805599454,0.009786977922311823,1,2,173,118
someya_q07,someya,染谷隆夫,q07,7,その他、東京大学の取り組むべき重点項目など、自由にご記入ください。,candidate_question,analysis_term_no_stopwords,充実,0.005780346820809248,1.4054651081081644,0.008124075769411354,1,3,173,119
someya_q07,someya,染谷隆夫,q07,7,その他、東京大学の取り組むべき重点項目など、自由にご記入ください。,candidate_question,analysis_term_no_stopwords,取る,0.005780346820809248,1.4054651081081644,0.008124075769411354,1,3,173,120
someya_q07,someya,染谷隆夫,q07,7,その他、東京大学の取り組むべき重点項目など、自由にご記入ください。,candidate_question,analysis_term_no_stopwords,学術,0.005780346820809248,1.4054651081081644,0.008124075769411354,1,3,173,121
someya_q07,someya,染谷隆夫,q07,7,その他、東京大学の取り組むべき重点項目など、自由にご記入ください。,candidate_question,analysis_term_no_stopwords,教員,0.005780346820809248,1.4054651081081644,0.008124075769411354,1,3,173,122
someya_q07,someya,染谷隆夫,q07,7,その他、東京大学の取り組むべき重点項目など、自由にご記入ください。,candidate_question,analysis_term_no_stopwords,整える,0.005780346820809248,1.4054651081081644,0.008124075769411354,1,3,173,123
someya_q07,someya,染谷隆夫,q07,7,その他、東京大学の取り組むべき重点項目など、自由にご記入ください。,candidate_question,analysis_term_no_stopwords,行く,0.005780346820809248,1.4054651081081644,0.008124075769411354,1,3,173,124
someya_q07,someya,染谷隆夫,q07,7,その他、東京大学の取り組むべき重点項目など、自由にご記入ください。,candidate_question,analysis_term_no_stopwords,言う,0.005780346820809248,1.4054651081081644,0.008124075769411354,1,3,173,125
someya_q07,someya,染谷隆夫,q07,7,その他、東京大学の取り組むべき重点項目など、自由にご記入ください。,candidate_question,analysis_term_no_stopwords,課題,0.005780346820809248,1.4054651081081644,0.008124075769411354,1,3,173,126
someya_q07,someya,染谷隆夫,q07,7,その他、東京大学の取り組むべき重点項目など、自由にご記入ください。,candidate_question,analysis_term_no_stopwords,長い,0.005780346820809248,1.4054651081081644,0.008124075769411354,1,3,173,127
someya_q07,someya,染谷隆夫,q07,7,その他、東京大学の取り組むべき重点項目など、自由にご記入ください。,candidate_question,analysis_term_no_stopwords,学生,0.005780346820809248,1.1823215567939547,0.006834228651988177,1,4,173,128
someya_q07,someya,染谷隆夫,q07,7,その他、東京大学の取り組むべき重点項目など、自由にご記入ください。,candidate_question,analysis_term_no_stopwords,本部,0.005780346820809248,1.1823215567939547,0.006834228651988177,1,4,173,129
someya_q07,someya,染谷隆夫,q07,7,その他、東京大学の取り組むべき重点項目など、自由にご記入ください。,candidate_question,analysis_term_no_stopwords,部局,0.005780346820809248,1.1823215567939547,0.006834228651988177,1,4,173,130
sugano_q07,sugano,菅野暁,q07,7,その他、東京大学の取り組むべき重点項目など、自由にご記入ください。,candidate_question,analysis_term_no_stopwords,為る,0.04824561403508772,1.1823215567939547,0.05704182949444518,11,4,228,1
sugano_q07,sugano,菅野暁,q07,7,その他、東京大学の取り組むべき重点項目など、自由にご記入ください。,candidate_question,analysis_term_no_stopwords,必要,0.03070175438596491,1.6931471805599454,0.05198258887684042,7,2,228,2
sugano_q07,sugano,菅野暁,q07,7,その他、東京大学の取り組むべき重点項目など、自由にご記入ください。,candidate_question,analysis_term_no_stopwords,比率,0.021929824561403508,2.09861228866811,0.046022199312897145,5,1,228,3
sugano_q07,sugano,菅野暁,q07,7,その他、東京大学の取り組むべき重点項目など、自由にご記入ください。,candidate_question,analysis_term_no_stopwords,障害,0.021929824561403508,2.09861228866811,0.046022199312897145,5,1,228,4
sugano_q07,sugano,菅野暁,q07,7,その他、東京大学の取り組むべき重点項目など、自由にご記入ください。,candidate_question,analysis_term_no_stopwords,受け入れる,0.017543859649122806,2.09861228866811,0.03681775945031772,4,1,228,5
sugano_q07,sugano,菅野暁,q07,7,その他、東京大学の取り組むべき重点項目など、自由にご記入ください。,candidate_question,analysis_term_no_stopwords,施設,0.017543859649122806,2.09861228866811,0.03681775945031772,4,1,228,6
sugano_q07,sugano,菅野暁,q07,7,その他、東京大学の取り組むべき重点項目など、自由にご記入ください。,candidate_question,analysis_term_no_stopwords,有る,0.03070175438596491,1.1823215567939547,0.03629934604191966,7,4,228,7
sugano_q07,sugano,菅野暁,q07,7,その他、東京大学の取り組むべき重点項目など、自由にご記入ください。,candidate_question,analysis_term_no_stopwords,事,0.02631578947368421,1.1823215567939547,0.031113725178788278,6,4,228,8
sugano_q07,sugano,菅野暁,q07,7,その他、東京大学の取り組むべき重点項目など、自由にご記入ください。,candidate_question,analysis_term_no_stopwords,成る,0.017543859649122806,1.6931471805599454,0.029704336501051674,4,2,228,9
sugano_q07,sugano,菅野暁,q07,7,その他、東京大学の取り組むべき重点項目など、自由にご記入ください。,candidate_question,analysis_term_no_stopwords,ジェンダー-gender,0.013157894736842105,2.09861228866811,0.02761331958773829,3,1,228,10
sugano_q07,sugano,菅野暁,q07,7,その他、東京大学の取り組むべき重点項目など、自由にご記入ください。,candidate_question,analysis_term_no_stopwords,人事,0.013157894736842105,2.09861228866811,0.02761331958773829,3,1,228,11
sugano_q07,sugano,菅野暁,q07,7,その他、東京大学の取り組むべき重点項目など、自由にご記入ください。,candidate_question,analysis_term_no_stopwords,見直し,0.013157894736842105,2.09861228866811,0.02761331958773829,3,1,228,12
sugano_q07,sugano,菅野暁,q07,7,その他、東京大学の取り組むべき重点項目など、自由にご記入ください。,candidate_question,analysis_term_no_stopwords,居る,0.021929824561403508,1.1823215567939547,0.0259281043156569,5,4,228,13
sugano_q07,sugano,菅野暁,q07,7,その他、東京大学の取り組むべき重点項目など、自由にご記入ください。,candidate_question,analysis_term_no_stopwords,本部,0.021929824561403508,1.1823215567939547,0.0259281043156569,5,4,228,14
sugano_q07,sugano,菅野暁,q07,7,その他、東京大学の取り組むべき重点項目など、自由にご記入ください。,candidate_question,analysis_term_no_stopwords,部局,0.021929824561403508,1.1823215567939547,0.0259281043156569,5,4,228,15
sugano_q07,sugano,菅野暁,q07,7,その他、東京大学の取り組むべき重点項目など、自由にご記入ください。,candidate_question,analysis_term_no_stopwords,教員,0.017543859649122806,1.4054651081081644,0.024657282598388848,4,3,228,16
sugano_q07,sugano,菅野暁,q07,7,その他、東京大学の取り組むべき重点項目など、自由にご記入ください。,candidate_question,analysis_term_no_stopwords,行く,0.017543859649122806,1.4054651081081644,0.024657282598388848,4,3,228,17
sugano_q07,sugano,菅野暁,q07,7,その他、東京大学の取り組むべき重点項目など、自由にご記入ください。,candidate_question,analysis_term_no_stopwords,つく,0.013157894736842105,1.6931471805599454,0.022278252375788753,3,2,228,18
sugano_q07,sugano,菅野暁,q07,7,その他、東京大学の取り組むべき重点項目など、自由にご記入ください。,candidate_question,analysis_term_no_stopwords,国際,0.013157894736842105,1.6931471805599454,0.022278252375788753,3,2,228,19
sugano_q07,sugano,菅野暁,q07,7,その他、東京大学の取り組むべき重点項目など、自由にご記入ください。,candidate_question,analysis_term_no_stopwords,改善,0.013157894736842105,1.6931471805599454,0.022278252375788753,3,2,228,20
sugano_q07,sugano,菅野暁,q07,7,その他、東京大学の取り組むべき重点項目など、自由にご記入ください。,candidate_question,analysis_term_no_stopwords,トウキョウ,0.017543859649122806,1.1823215567939547,0.02074248345252552,4,4,228,21
sugano_q07,sugano,菅野暁,q07,7,その他、東京大学の取り組むべき重点項目など、自由にご記入ください。,candidate_question,analysis_term_no_stopwords,上,0.008771929824561403,2.09861228866811,0.01840887972515886,2,1,228,22
sugano_q07,sugano,菅野暁,q07,7,その他、東京大学の取り組むべき重点項目など、自由にご記入ください。,candidate_question,analysis_term_no_stopwords,予算,0.008771929824561403,2.09861228866811,0.01840887972515886,2,1,228,23
sugano_q07,sugano,菅野暁,q07,7,その他、東京大学の取り組むべき重点項目など、自由にご記入ください。,candidate_question,analysis_term_no_stopwords,低い,0.008771929824561403,2.09861228866811,0.01840887972515886,2,1,228,24
sugano_q07,sugano,菅野暁,q07,7,その他、東京大学の取り組むべき重点項目など、自由にご記入ください。,candidate_question,analysis_term_no_stopwords,全体,0.008771929824561403,2.09861228866811,0.01840887972515886,2,1,228,25
sugano_q07,sugano,菅野暁,q07,7,その他、東京大学の取り組むべき重点項目など、自由にご記入ください。,candidate_question,analysis_term_no_stopwords,双方,0.008771929824561403,2.09861228866811,0.01840887972515886,2,1,228,26
sugano_q07,sugano,菅野暁,q07,7,その他、東京大学の取り組むべき重点項目など、自由にご記入ください。,candidate_question,analysis_term_no_stopwords,女性,0.008771929824561403,2.09861228866811,0.01840887972515886,2,1,228,27
sugano_q07,sugano,菅野暁,q07,7,その他、東京大学の取り組むべき重点項目など、自由にご記入ください。,candidate_question,analysis_term_no_stopwords,形,0.008771929824561403,2.09861228866811,0.01840887972515886,2,1,228,28
sugano_q07,sugano,菅野暁,q07,7,その他、東京大学の取り組むべき重点項目など、自由にご記入ください。,candidate_question,analysis_term_no_stopwords,感,0.008771929824561403,2.09861228866811,0.01840887972515886,2,1,228,29
sugano_q07,sugano,菅野暁,q07,7,その他、東京大学の取り組むべき重点項目など、自由にご記入ください。,candidate_question,analysis_term_no_stopwords,状態,0.008771929824561403,2.09861228866811,0.01840887972515886,2,1,228,30
sugano_q07,sugano,菅野暁,q07,7,その他、東京大学の取り組むべき重点項目など、自由にご記入ください。,candidate_question,analysis_term_no_stopwords,策定,0.008771929824561403,2.09861228866811,0.01840887972515886,2,1,228,31
sugano_q07,sugano,菅野暁,q07,7,その他、東京大学の取り組むべき重点項目など、自由にご記入ください。,candidate_question,analysis_term_no_stopwords,職員,0.008771929824561403,2.09861228866811,0.01840887972515886,2,1,228,32
sugano_q07,sugano,菅野暁,q07,7,その他、東京大学の取り組むべき重点項目など、自由にご記入ください。,candidate_question,analysis_term_no_stopwords,職場,0.008771929824561403,2.09861228866811,0.01840887972515886,2,1,228,33
sugano_q07,sugano,菅野暁,q07,7,その他、東京大学の取り組むべき重点項目など、自由にご記入ください。,candidate_question,analysis_term_no_stopwords,財務,0.008771929824561403,2.09861228866811,0.01840887972515886,2,1,228,34
sugano_q07,sugano,菅野暁,q07,7,その他、東京大学の取り組むべき重点項目など、自由にご記入ください。,candidate_question,analysis_term_no_stopwords,関与,0.008771929824561403,2.09861228866811,0.01840887972515886,2,1,228,35
sugano_q07,sugano,菅野暁,q07,7,その他、東京大学の取り組むべき重点項目など、自由にご記入ください。,candidate_question,analysis_term_no_stopwords,関係,0.008771929824561403,2.09861228866811,0.01840887972515886,2,1,228,36
sugano_q07,sugano,菅野暁,q07,7,その他、東京大学の取り組むべき重点項目など、自由にご記入ください。,candidate_question,analysis_term_no_stopwords,高い,0.008771929824561403,2.09861228866811,0.01840887972515886,2,1,228,37
sugano_q07,sugano,菅野暁,q07,7,その他、東京大学の取り組むべき重点項目など、自由にご記入ください。,candidate_question,analysis_term_no_stopwords,持つ,0.008771929824561403,1.6931471805599454,0.014852168250525837,2,2,228,38
sugano_q07,sugano,菅野暁,q07,7,その他、東京大学の取り組むべき重点項目など、自由にご記入ください。,candidate_question,analysis_term_no_stopwords,於く,0.008771929824561403,1.6931471805599454,0.014852168250525837,2,2,228,39
sugano_q07,sugano,菅野暁,q07,7,その他、東京大学の取り組むべき重点項目など、自由にご記入ください。,candidate_question,analysis_term_no_stopwords,取る,0.008771929824561403,1.4054651081081644,0.012328641299194424,2,3,228,40
sugano_q07,sugano,菅野暁,q07,7,その他、東京大学の取り組むべき重点項目など、自由にご記入ください。,candidate_question,analysis_term_no_stopwords,為,0.008771929824561403,1.4054651081081644,0.012328641299194424,2,3,228,41
sugano_q07,sugano,菅野暁,q07,7,その他、東京大学の取り組むべき重点項目など、自由にご記入ください。,candidate_question,analysis_term_no_stopwords,考える,0.008771929824561403,1.4054651081081644,0.012328641299194424,2,3,228,42
sugano_q07,sugano,菅野暁,q07,7,その他、東京大学の取り組むべき重点項目など、自由にご記入ください。,candidate_question,analysis_term_no_stopwords,言う,0.008771929824561403,1.4054651081081644,0.012328641299194424,2,3,228,43
sugano_q07,sugano,菅野暁,q07,7,その他、東京大学の取り組むべき重点項目など、自由にご記入ください。,candidate_question,analysis_term_no_stopwords,アファーマティブ-affirmative,0.0043859649122807015,2.09861228866811,0.00920443986257943,1,1,228,44
sugano_q07,sugano,菅野暁,q07,7,その他、東京大学の取り組むべき重点項目など、自由にご記入ください。,candidate_question,analysis_term_no_stopwords,インクルーシブ-inclusive,0.0043859649122807015,2.09861228866811,0.00920443986257943,1,1,228,45
sugano_q07,sugano,菅野暁,q07,7,その他、東京大学の取り組むべき重点項目など、自由にご記入ください。,candidate_question,analysis_term_no_stopwords,インクルージョン,0.0043859649122807015,2.09861228866811,0.00920443986257943,1,1,228,46
sugano_q07,sugano,菅野暁,q07,7,その他、東京大学の取り組むべき重点項目など、自由にご記入ください。,candidate_question,analysis_term_no_stopwords,サイド-side,0.0043859649122807015,2.09861228866811,0.00920443986257943,1,1,228,47
sugano_q07,sugano,菅野暁,q07,7,その他、東京大学の取り組むべき重点項目など、自由にご記入ください。,candidate_question,analysis_term_no_stopwords,スペース-space,0.0043859649122807015,2.09861228866811,0.00920443986257943,1,1,228,48
sugano_q07,sugano,菅野暁,q07,7,その他、東京大学の取り組むべき重点項目など、自由にご記入ください。,candidate_question,analysis_term_no_stopwords,チャージ-charge,0.0043859649122807015,2.09861228866811,0.00920443986257943,1,1,228,49
sugano_q07,sugano,菅野暁,q07,7,その他、東京大学の取り組むべき重点項目など、自由にご記入ください。,candidate_question,analysis_term_no_stopwords,プライオリティー-priority,0.0043859649122807015,2.09861228866811,0.00920443986257943,1,1,228,50
sugano_q07,sugano,菅野暁,q07,7,その他、東京大学の取り組むべき重点項目など、自由にご記入ください。,candidate_question,analysis_term_no_stopwords,プロセス-process,0.0043859649122807015,2.09861228866811,0.00920443986257943,1,1,228,51
sugano_q07,sugano,菅野暁,q07,7,その他、東京大学の取り組むべき重点項目など、自由にご記入ください。,candidate_question,analysis_term_no_stopwords,一体,0.0043859649122807015,2.09861228866811,0.00920443986257943,1,1,228,52
sugano_q07,sugano,菅野暁,q07,7,その他、東京大学の取り組むべき重点項目など、自由にご記入ください。,candidate_question,analysis_term_no_stopwords,一部,0.0043859649122807015,2.09861228866811,0.00920443986257943,1,1,228,53
sugano_q07,sugano,菅野暁,q07,7,その他、東京大学の取り組むべき重点項目など、自由にご記入ください。,candidate_question,analysis_term_no_stopwords,上げる,0.0043859649122807015,2.09861228866811,0.00920443986257943,1,1,228,54
sugano_q07,sugano,菅野暁,q07,7,その他、東京大学の取り組むべき重点項目など、自由にご記入ください。,candidate_question,analysis_term_no_stopwords,不幸,0.0043859649122807015,2.09861228866811,0.00920443986257943,1,1,228,55
sugano_q07,sugano,菅野暁,q07,7,その他、東京大学の取り組むべき重点項目など、自由にご記入ください。,candidate_question,analysis_term_no_stopwords,両方,0.0043859649122807015,2.09861228866811,0.00920443986257943,1,1,228,56
sugano_q07,sugano,菅野暁,q07,7,その他、東京大学の取り組むべき重点項目など、自由にご記入ください。,candidate_question,analysis_term_no_stopwords,使用,0.0043859649122807015,2.09861228866811,0.00920443986257943,1,1,228,57
sugano_q07,sugano,菅野暁,q07,7,その他、東京大学の取り組むべき重点項目など、自由にご記入ください。,candidate_question,analysis_term_no_stopwords,偏る,0.0043859649122807015,2.09861228866811,0.00920443986257943,1,1,228,58
sugano_q07,sugano,菅野暁,q07,7,その他、東京大学の取り組むべき重点項目など、自由にご記入ください。,candidate_question,analysis_term_no_stopwords,入れる,0.0043859649122807015,2.09861228866811,0.00920443986257943,1,1,228,59
sugano_q07,sugano,菅野暁,q07,7,その他、東京大学の取り組むべき重点項目など、自由にご記入ください。,candidate_question,analysis_term_no_stopwords,入試,0.0043859649122807015,2.09861228866811,0.00920443986257943,1,1,228,60
sugano_q07,sugano,菅野暁,q07,7,その他、東京大学の取り組むべき重点項目など、自由にご記入ください。,candidate_question,analysis_term_no_stopwords,全学,0.0043859649122807015,2.09861228866811,0.00920443986257943,1,1,228,61
sugano_q07,sugano,菅野暁,q07,7,その他、東京大学の取り組むべき重点項目など、自由にご記入ください。,candidate_question,analysis_term_no_stopwords,割,0.0043859649122807015,2.09861228866811,0.00920443986257943,1,1,228,62
sugano_q07,sugano,菅野暁,q07,7,その他、東京大学の取り組むべき重点項目など、自由にご記入ください。,candidate_question,analysis_term_no_stopwords,勘案,0.0043859649122807015,2.09861228866811,0.00920443986257943,1,1,228,63
sugano_q07,sugano,菅野暁,q07,7,その他、東京大学の取り組むべき重点項目など、自由にご記入ください。,candidate_question,analysis_term_no_stopwords,受け入れ,0.0043859649122807015,2.09861228866811,0.00920443986257943,1,1,228,64
sugano_q07,sugano,菅野暁,q07,7,その他、東京大学の取り組むべき重点項目など、自由にご記入ください。,candidate_question,analysis_term_no_stopwords,声,0.0043859649122807015,2.09861228866811,0.00920443986257943,1,1,228,65
sugano_q07,sugano,菅野暁,q07,7,その他、東京大学の取り組むべき重点項目など、自由にご記入ください。,candidate_question,analysis_term_no_stopwords,変わる,0.0043859649122807015,2.09861228866811,0.00920443986257943,1,1,228,66
sugano_q07,sugano,菅野暁,q07,7,その他、東京大学の取り組むべき重点項目など、自由にご記入ください。,candidate_question,analysis_term_no_stopwords,学部,0.0043859649122807015,2.09861228866811,0.00920443986257943,1,1,228,67
sugano_q07,sugano,菅野暁,q07,7,その他、東京大学の取り組むべき重点項目など、自由にご記入ください。,candidate_question,analysis_term_no_stopwords,完結,0.0043859649122807015,2.09861228866811,0.00920443986257943,1,1,228,68
sugano_q07,sugano,菅野暁,q07,7,その他、東京大学の取り組むべき重点項目など、自由にご記入ください。,candidate_question,analysis_term_no_stopwords,実施,0.0043859649122807015,2.09861228866811,0.00920443986257943,1,1,228,69
sugano_q07,sugano,菅野暁,q07,7,その他、東京大学の取り組むべき重点項目など、自由にご記入ください。,candidate_question,analysis_term_no_stopwords,差別,0.0043859649122807015,2.09861228866811,0.00920443986257943,1,1,228,70
sugano_q07,sugano,菅野暁,q07,7,その他、東京大学の取り組むべき重点項目など、自由にご記入ください。,candidate_question,analysis_term_no_stopwords,平等,0.0043859649122807015,2.09861228866811,0.00920443986257943,1,1,228,71
sugano_q07,sugano,菅野暁,q07,7,その他、東京大学の取り組むべき重点項目など、自由にご記入ください。,candidate_question,analysis_term_no_stopwords,引き上げる,0.0043859649122807015,2.09861228866811,0.00920443986257943,1,1,228,72
sugano_q07,sugano,菅野暁,q07,7,その他、東京大学の取り組むべき重点項目など、自由にご記入ください。,candidate_question,analysis_term_no_stopwords,強める,0.0043859649122807015,2.09861228866811,0.00920443986257943,1,1,228,73
sugano_q07,sugano,菅野暁,q07,7,その他、東京大学の取り組むべき重点項目など、自由にご記入ください。,candidate_question,analysis_term_no_stopwords,応ずる,0.0043859649122807015,2.09861228866811,0.00920443986257943,1,1,228,74
sugano_q07,sugano,菅野暁,q07,7,その他、東京大学の取り組むべき重点項目など、自由にご記入ください。,candidate_question,analysis_term_no_stopwords,思う,0.0043859649122807015,2.09861228866811,0.00920443986257943,1,1,228,75
sugano_q07,sugano,菅野暁,q07,7,その他、東京大学の取り組むべき重点項目など、自由にご記入ください。,candidate_question,analysis_term_no_stopwords,承知,0.0043859649122807015,2.09861228866811,0.00920443986257943,1,1,228,76
sugano_q07,sugano,菅野暁,q07,7,その他、東京大学の取り組むべき重点項目など、自由にご記入ください。,candidate_question,analysis_term_no_stopwords,抜本,0.0043859649122807015,2.09861228866811,0.00920443986257943,1,1,228,77
sugano_q07,sugano,菅野暁,q07,7,その他、東京大学の取り組むべき重点項目など、自由にご記入ください。,candidate_question,analysis_term_no_stopwords,採択,0.0043859649122807015,2.09861228866811,0.00920443986257943,1,1,228,78
sugano_q07,sugano,菅野暁,q07,7,その他、東京大学の取り組むべき重点項目など、自由にご記入ください。,candidate_question,analysis_term_no_stopwords,数,0.0043859649122807015,2.09861228866811,0.00920443986257943,1,1,228,79
sugano_q07,sugano,菅野暁,q07,7,その他、東京大学の取り組むべき重点項目など、自由にご記入ください。,candidate_question,analysis_term_no_stopwords,数字,0.0043859649122807015,2.09861228866811,0.00920443986257943,1,1,228,80
sugano_q07,sugano,菅野暁,q07,7,その他、東京大学の取り組むべき重点項目など、自由にご記入ください。,candidate_question,analysis_term_no_stopwords,施策,0.0043859649122807015,2.09861228866811,0.00920443986257943,1,1,228,81
sugano_q07,sugano,菅野暁,q07,7,その他、東京大学の取り組むべき重点項目など、自由にご記入ください。,candidate_question,analysis_term_no_stopwords,既得,0.0043859649122807015,2.09861228866811,0.00920443986257943,1,1,228,82
sugano_q07,sugano,菅野暁,q07,7,その他、東京大学の取り組むべき重点項目など、自由にご記入ください。,candidate_question,analysis_term_no_stopwords,時,0.0043859649122807015,2.09861228866811,0.00920443986257943,1,1,228,83
sugano_q07,sugano,菅野暁,q07,7,その他、東京大学の取り組むべき重点項目など、自由にご記入ください。,candidate_question,analysis_term_no_stopwords,権益,0.0043859649122807015,2.09861228866811,0.00920443986257943,1,1,228,84
sugano_q07,sugano,菅野暁,q07,7,その他、東京大学の取り組むべき重点項目など、自由にご記入ください。,candidate_question,analysis_term_no_stopwords,歴史,0.0043859649122807015,2.09861228866811,0.00920443986257943,1,1,228,85
sugano_q07,sugano,菅野暁,q07,7,その他、東京大学の取り組むべき重点項目など、自由にご記入ください。,candidate_question,analysis_term_no_stopwords,満たす,0.0043859649122807015,2.09861228866811,0.00920443986257943,1,1,228,86
sugano_q07,sugano,菅野暁,q07,7,その他、東京大学の取り組むべき重点項目など、自由にご記入ください。,candidate_question,analysis_term_no_stopwords,点,0.0043859649122807015,2.09861228866811,0.00920443986257943,1,1,228,87
sugano_q07,sugano,菅野暁,q07,7,その他、東京大学の取り組むべき重点項目など、自由にご記入ください。,candidate_question,analysis_term_no_stopwords,理解,0.0043859649122807015,2.09861228866811,0.00920443986257943,1,1,228,88
sugano_q07,sugano,菅野暁,q07,7,その他、東京大学の取り組むべき重点項目など、自由にご記入ください。,candidate_question,analysis_term_no_stopwords,目指す,0.0043859649122807015,2.09861228866811,0.00920443986257943,1,1,228,89
sugano_q07,sugano,菅野暁,q07,7,その他、東京大学の取り組むべき重点項目など、自由にご記入ください。,candidate_question,analysis_term_no_stopwords,程度,0.0043859649122807015,2.09861228866811,0.00920443986257943,1,1,228,90
sugano_q07,sugano,菅野暁,q07,7,その他、東京大学の取り組むべき重点項目など、自由にご記入ください。,candidate_question,analysis_term_no_stopwords,管理,0.0043859649122807015,2.09861228866811,0.00920443986257943,1,1,228,91
sugano_q07,sugano,菅野暁,q07,7,その他、東京大学の取り組むべき重点項目など、自由にご記入ください。,candidate_question,analysis_term_no_stopwords,納得,0.0043859649122807015,2.09861228866811,0.00920443986257943,1,1,228,92
sugano_q07,sugano,菅野暁,q07,7,その他、東京大学の取り組むべき重点項目など、自由にご記入ください。,candidate_question,analysis_term_no_stopwords,経緯,0.0043859649122807015,2.09861228866811,0.00920443986257943,1,1,228,93
sugano_q07,sugano,菅野暁,q07,7,その他、東京大学の取り組むべき重点項目など、自由にご記入ください。,candidate_question,analysis_term_no_stopwords,維持,0.0043859649122807015,2.09861228866811,0.00920443986257943,1,1,228,94
sugano_q07,sugano,菅野暁,q07,7,その他、東京大学の取り組むべき重点項目など、自由にご記入ください。,candidate_question,analysis_term_no_stopwords,考慮,0.0043859649122807015,2.09861228866811,0.00920443986257943,1,1,228,95
sugano_q07,sugano,菅野暁,q07,7,その他、東京大学の取り組むべき重点項目など、自由にご記入ください。,candidate_question,analysis_term_no_stopwords,職位,0.0043859649122807015,2.09861228866811,0.00920443986257943,1,1,228,96
sugano_q07,sugano,菅野暁,q07,7,その他、東京大学の取り組むべき重点項目など、自由にご記入ください。,candidate_question,analysis_term_no_stopwords,行う,0.0043859649122807015,2.09861228866811,0.00920443986257943,1,1,228,97
sugano_q07,sugano,菅野暁,q07,7,その他、東京大学の取り組むべき重点項目など、自由にご記入ください。,candidate_question,analysis_term_no_stopwords,見直す,0.0043859649122807015,2.09861228866811,0.00920443986257943,1,1,228,98
sugano_q07,sugano,菅野暁,q07,7,その他、東京大学の取り組むべき重点項目など、自由にご記入ください。,candidate_question,analysis_term_no_stopwords,観点,0.0043859649122807015,2.09861228866811,0.00920443986257943,1,1,228,99
sugano_q07,sugano,菅野暁,q07,7,その他、東京大学の取り組むべき重点項目など、自由にご記入ください。,candidate_question,analysis_term_no_stopwords,負担,0.0043859649122807015,2.09861228866811,0.00920443986257943,1,1,228,100
sugano_q07,sugano,菅野暁,q07,7,その他、東京大学の取り組むべき重点項目など、自由にご記入ください。,candidate_question,analysis_term_no_stopwords,費用,0.0043859649122807015,2.09861228866811,0.00920443986257943,1,1,228,101
sugano_q07,sugano,菅野暁,q07,7,その他、東京大学の取り組むべき重点項目など、自由にご記入ください。,candidate_question,analysis_term_no_stopwords,足元,0.0043859649122807015,2.09861228866811,0.00920443986257943,1,1,228,102
sugano_q07,sugano,菅野暁,q07,7,その他、東京大学の取り組むべき重点項目など、自由にご記入ください。,candidate_question,analysis_term_no_stopwords,近辺,0.0043859649122807015,2.09861228866811,0.00920443986257943,1,1,228,103
sugano_q07,sugano,菅野暁,q07,7,その他、東京大学の取り組むべき重点項目など、自由にご記入ください。,candidate_question,analysis_term_no_stopwords,逆,0.0043859649122807015,2.09861228866811,0.00920443986257943,1,1,228,104
sugano_q07,sugano,菅野暁,q07,7,その他、東京大学の取り組むべき重点項目など、自由にご記入ください。,candidate_question,analysis_term_no_stopwords,過去,0.0043859649122807015,2.09861228866811,0.00920443986257943,1,1,228,105
sugano_q07,sugano,菅野暁,q07,7,その他、東京大学の取り組むべき重点項目など、自由にご記入ください。,candidate_question,analysis_term_no_stopwords,配置,0.0043859649122807015,2.09861228866811,0.00920443986257943,1,1,228,106
sugano_q07,sugano,菅野暁,q07,7,その他、東京大学の取り組むべき重点項目など、自由にご記入ください。,candidate_question,analysis_term_no_stopwords,雇用,0.0043859649122807015,2.09861228866811,0.00920443986257943,1,1,228,107
sugano_q07,sugano,菅野暁,q07,7,その他、東京大学の取り組むべき重点項目など、自由にご記入ください。,candidate_question,analysis_term_no_stopwords,高める,0.0043859649122807015,2.09861228866811,0.00920443986257943,1,1,228,108
sugano_q07,sugano,菅野暁,q07,7,その他、東京大学の取り組むべき重点項目など、自由にご記入ください。,candidate_question,analysis_term_no_stopwords,gri,0.0043859649122807015,1.6931471805599454,0.007426084125262918,1,2,228,109
sugano_q07,sugano,菅野暁,q07,7,その他、東京大学の取り組むべき重点項目など、自由にご記入ください。,candidate_question,analysis_term_no_stopwords,中,0.0043859649122807015,1.6931471805599454,0.007426084125262918,1,2,228,110
sugano_q07,sugano,菅野暁,q07,7,その他、東京大学の取り組むべき重点項目など、自由にご記入ください。,candidate_question,analysis_term_no_stopwords,今後,0.0043859649122807015,1.6931471805599454,0.007426084125262918,1,2,228,111
sugano_q07,sugano,菅野暁,q07,7,その他、東京大学の取り組むべき重点項目など、自由にご記入ください。,candidate_question,analysis_term_no_stopwords,以下,0.0043859649122807015,1.6931471805599454,0.007426084125262918,1,2,228,112
sugano_q07,sugano,菅野暁,q07,7,その他、東京大学の取り組むべき重点項目など、自由にご記入ください。,candidate_question,analysis_term_no_stopwords,体制,0.0043859649122807015,1.6931471805599454,0.007426084125262918,1,2,228,113
sugano_q07,sugano,菅野暁,q07,7,その他、東京大学の取り組むべき重点項目など、自由にご記入ください。,candidate_question,analysis_term_no_stopwords,働く,0.0043859649122807015,1.6931471805599454,0.007426084125262918,1,2,228,114
sugano_q07,sugano,菅野暁,q07,7,その他、東京大学の取り組むべき重点項目など、自由にご記入ください。,candidate_question,analysis_term_no_stopwords,出る,0.0043859649122807015,1.6931471805599454,0.007426084125262918,1,2,228,115
sugano_q07,sugano,菅野暁,q07,7,その他、東京大学の取り組むべき重点項目など、自由にご記入ください。,candidate_question,analysis_term_no_stopwords,制度,0.0043859649122807015,1.6931471805599454,0.007426084125262918,1,2,228,116
sugano_q07,sugano,菅野暁,q07,7,その他、東京大学の取り組むべき重点項目など、自由にご記入ください。,candidate_question,analysis_term_no_stopwords,卓越,0.0043859649122807015,1.6931471805599454,0.007426084125262918,1,2,228,117
sugano_q07,sugano,菅野暁,q07,7,その他、東京大学の取り組むべき重点項目など、自由にご記入ください。,candidate_question,analysis_term_no_stopwords,抱える,0.0043859649122807015,1.6931471805599454,0.007426084125262918,1,2,228,118
sugano_q07,sugano,菅野暁,q07,7,その他、東京大学の取り組むべき重点項目など、自由にご記入ください。,candidate_question,analysis_term_no_stopwords,拡充,0.0043859649122807015,1.6931471805599454,0.007426084125262918,1,2,228,119
sugano_q07,sugano,菅野暁,q07,7,その他、東京大学の取り組むべき重点項目など、自由にご記入ください。,candidate_question,analysis_term_no_stopwords,欧米,0.0043859649122807015,1.6931471805599454,0.007426084125262918,1,2,228,120
sugano_q07,sugano,菅野暁,q07,7,その他、東京大学の取り組むべき重点項目など、自由にご記入ください。,candidate_question,analysis_term_no_stopwords,無い,0.0043859649122807015,1.6931471805599454,0.007426084125262918,1,2,228,121
sugano_q07,sugano,菅野暁,q07,7,その他、東京大学の取り組むべき重点項目など、自由にご記入ください。,candidate_question,analysis_term_no_stopwords,現在,0.0043859649122807015,1.6931471805599454,0.007426084125262918,1,2,228,122
sugano_q07,sugano,菅野暁,q07,7,その他、東京大学の取り組むべき重点項目など、自由にご記入ください。,candidate_question,analysis_term_no_stopwords,留学,0.0043859649122807015,1.6931471805599454,0.007426084125262918,1,2,228,123
sugano_q07,sugano,菅野暁,q07,7,その他、東京大学の取り組むべき重点項目など、自由にご記入ください。,candidate_question,analysis_term_no_stopwords,組織,0.0043859649122807015,1.6931471805599454,0.007426084125262918,1,2,228,124
sugano_q07,sugano,菅野暁,q07,7,その他、東京大学の取り組むべき重点項目など、自由にご記入ください。,candidate_question,analysis_term_no_stopwords,経営,0.0043859649122807015,1.6931471805599454,0.007426084125262918,1,2,228,125
sugano_q07,sugano,菅野暁,q07,7,その他、東京大学の取り組むべき重点項目など、自由にご記入ください。,candidate_question,analysis_term_no_stopwords,進める,0.0043859649122807015,1.6931471805599454,0.007426084125262918,1,2,228,126
sugano_q07,sugano,菅野暁,q07,7,その他、東京大学の取り組むべき重点項目など、自由にご記入ください。,candidate_question,analysis_term_no_stopwords,課題,0.0043859649122807015,1.4054651081081644,0.006164320649597212,1,3,228,127
sugano_q07,sugano,菅野暁,q07,7,その他、東京大学の取り組むべき重点項目など、自由にご記入ください。,candidate_question,analysis_term_no_stopwords,長い,0.0043859649122807015,1.4054651081081644,0.006164320649597212,1,3,228,128
sugano_q07,sugano,菅野暁,q07,7,その他、東京大学の取り組むべき重点項目など、自由にご記入ください。,candidate_question,analysis_term_no_stopwords,学生,0.0043859649122807015,1.1823215567939547,0.00518562086313138,1,4,228,129
yamamoto_q07,yamamoto,山本隆司,q07,7,その他、東京大学の取り組むべき重点項目など、自由にご記入ください。,candidate_question,analysis_term_no_stopwords,無し,0.5,2.09861228866811,1.049306144334055,1,1,2,1
yamamoto_q07,yamamoto,山本隆司,q07,7,その他、東京大学の取り組むべき重点項目など、自由にご記入ください。,candidate_question,analysis_term_no_stopwords,記述,0.5,2.09861228866811,1.049306144334055,1,1,2,2
