doc_id,candidate_id,candidate_name,level,term_column,term,tf,idf,tfidf,raw_frequency,candidate_count,total_terms,rank
fujigaki,fujigaki,藤垣裕子,candidate,analysis_term_no_stopwords,為る,0.06439942112879884,1.0,0.06439942112879884,89,5,1382,1
fujigaki,fujigaki,藤垣裕子,candidate,analysis_term_no_stopwords,有る,0.052821997105643996,1.0,0.052821997105643996,73,5,1382,2
fujigaki,fujigaki,藤垣裕子,candidate,analysis_term_no_stopwords,事,0.02243125904486252,1.0,0.02243125904486252,31,5,1382,3
fujigaki,fujigaki,藤垣裕子,candidate,analysis_term_no_stopwords,考える,0.01881331403762663,1.1823215567939547,0.022243386741420276,26,4,1382,4
fujigaki,fujigaki,藤垣裕子,candidate,analysis_term_no_stopwords,力,0.017366136034732273,1.1823215567939547,0.020532356992080256,24,4,1382,5
fujigaki,fujigaki,藤垣裕子,candidate,analysis_term_no_stopwords,居る,0.019536903039073805,1.0,0.019536903039073805,27,5,1382,6
fujigaki,fujigaki,藤垣裕子,candidate,analysis_term_no_stopwords,日本,0.015918958031837915,1.0,0.015918958031837915,22,5,1382,7
fujigaki,fujigaki,藤垣裕子,candidate,analysis_term_no_stopwords,必要,0.013748191027496382,1.0,0.013748191027496382,19,5,1382,8
fujigaki,fujigaki,藤垣裕子,candidate,analysis_term_no_stopwords,コンセプト-concept,0.006512301013024602,2.09861228866811,0.01366679493343921,9,1,1382,9
fujigaki,fujigaki,藤垣裕子,candidate,analysis_term_no_stopwords,成る,0.013024602026049204,1.0,0.013024602026049204,18,5,1382,10
fujigaki,fujigaki,藤垣裕子,candidate,analysis_term_no_stopwords,環境,0.009406657018813314,1.1823215567939547,0.011121693370710138,13,4,1382,11
fujigaki,fujigaki,藤垣裕子,candidate,analysis_term_no_stopwords,為,0.01085383502170767,1.0,0.01085383502170767,15,5,1382,12
fujigaki,fujigaki,藤垣裕子,candidate,analysis_term_no_stopwords,年,0.00723589001447178,1.4054651081081644,0.010169790941448367,10,3,1382,13
fujigaki,fujigaki,藤垣裕子,candidate,analysis_term_no_stopwords,トウキョウ,0.010130246020260492,1.0,0.010130246020260492,14,5,1382,14
fujigaki,fujigaki,藤垣裕子,candidate,analysis_term_no_stopwords,世界,0.010130246020260492,1.0,0.010130246020260492,14,5,1382,15
fujigaki,fujigaki,藤垣裕子,candidate,analysis_term_no_stopwords,学術,0.010130246020260492,1.0,0.010130246020260492,14,5,1382,16
fujigaki,fujigaki,藤垣裕子,candidate,analysis_term_no_stopwords,中,0.006512301013024602,1.4054651081081644,0.009152811847303531,9,3,1382,17
fujigaki,fujigaki,藤垣裕子,candidate,analysis_term_no_stopwords,科学,0.007959479015918957,1.0,0.007959479015918957,11,5,1382,18
fujigaki,fujigaki,藤垣裕子,candidate,analysis_term_no_stopwords,出来る,0.006512301013024602,1.1823215567939547,0.007699633872030096,9,4,1382,19
fujigaki,fujigaki,藤垣裕子,candidate,analysis_term_no_stopwords,メーキング-making,0.00361794500723589,2.09861228866811,0.007592663851910673,5,1,1382,20
fujigaki,fujigaki,藤垣裕子,candidate,analysis_term_no_stopwords,人類,0.004341534008683068,1.6931471805599454,0.007350856066106855,6,2,1382,21
fujigaki,fujigaki,藤垣裕子,candidate,analysis_term_no_stopwords,壁,0.005065123010130246,1.4054651081081644,0.007118853659013857,7,3,1382,22
fujigaki,fujigaki,藤垣裕子,candidate,analysis_term_no_stopwords,国際,0.006512301013024602,1.0,0.006512301013024602,9,5,1382,23
fujigaki,fujigaki,藤垣裕子,candidate,analysis_term_no_stopwords,社会,0.006512301013024602,1.0,0.006512301013024602,9,5,1382,24
fujigaki,fujigaki,藤垣裕子,candidate,analysis_term_no_stopwords,of,0.00361794500723589,1.6931471805599454,0.006125713388422378,5,2,1382,25
fujigaki,fujigaki,藤垣裕子,candidate,analysis_term_no_stopwords,所与,0.00361794500723589,1.6931471805599454,0.006125713388422378,5,2,1382,26
fujigaki,fujigaki,藤垣裕子,candidate,analysis_term_no_stopwords,潜在,0.00361794500723589,1.6931471805599454,0.006125713388422378,5,2,1382,27
fujigaki,fujigaki,藤垣裕子,candidate,analysis_term_no_stopwords,整える,0.004341534008683068,1.4054651081081644,0.006101874564869021,6,3,1382,28
fujigaki,fujigaki,藤垣裕子,candidate,analysis_term_no_stopwords,助言,0.002894356005788712,2.09861228866811,0.006074131081528538,4,1,1382,29
fujigaki,fujigaki,藤垣裕子,candidate,analysis_term_no_stopwords,宣言,0.002894356005788712,2.09861228866811,0.006074131081528538,4,1,1382,30
fujigaki,fujigaki,藤垣裕子,candidate,analysis_term_no_stopwords,省庁,0.002894356005788712,2.09861228866811,0.006074131081528538,4,1,1382,31
fujigaki,fujigaki,藤垣裕子,candidate,analysis_term_no_stopwords,役割,0.005788712011577424,1.0,0.005788712011577424,8,5,1382,32
fujigaki,fujigaki,藤垣裕子,candidate,analysis_term_no_stopwords,構成,0.005788712011577424,1.0,0.005788712011577424,8,5,1382,33
fujigaki,fujigaki,藤垣裕子,candidate,analysis_term_no_stopwords,物,0.005788712011577424,1.0,0.005788712011577424,8,5,1382,34
fujigaki,fujigaki,藤垣裕子,candidate,analysis_term_no_stopwords,言う,0.005788712011577424,1.0,0.005788712011577424,8,5,1382,35
fujigaki,fujigaki,藤垣裕子,candidate,analysis_term_no_stopwords,連携,0.005788712011577424,1.0,0.005788712011577424,8,5,1382,36
fujigaki,fujigaki,藤垣裕子,candidate,analysis_term_no_stopwords,行く,0.004341534008683068,1.1823215567939547,0.005133089248020064,6,4,1382,37
fujigaki,fujigaki,藤垣裕子,candidate,analysis_term_no_stopwords,評価,0.004341534008683068,1.1823215567939547,0.005133089248020064,6,4,1382,38
fujigaki,fujigaki,藤垣裕子,candidate,analysis_term_no_stopwords,他,0.00361794500723589,1.4054651081081644,0.0050848954707241835,5,3,1382,39
fujigaki,fujigaki,藤垣裕子,candidate,analysis_term_no_stopwords,情報,0.00361794500723589,1.4054651081081644,0.0050848954707241835,5,3,1382,40
fujigaki,fujigaki,藤垣裕子,candidate,analysis_term_no_stopwords,無い,0.005065123010130246,1.0,0.005065123010130246,7,5,1382,41
fujigaki,fujigaki,藤垣裕子,candidate,analysis_term_no_stopwords,トップ-top,0.002894356005788712,1.6931471805599454,0.0049005707107379025,4,2,1382,42
fujigaki,fujigaki,藤垣裕子,candidate,analysis_term_no_stopwords,伝達,0.002894356005788712,1.6931471805599454,0.0049005707107379025,4,2,1382,43
fujigaki,fujigaki,藤垣裕子,candidate,analysis_term_no_stopwords,リード-lead,0.002170767004341534,2.09861228866811,0.004555598311146404,3,1,1382,44
fujigaki,fujigaki,藤垣裕子,candidate,analysis_term_no_stopwords,厚生,0.002170767004341534,2.09861228866811,0.004555598311146404,3,1,1382,45
fujigaki,fujigaki,藤垣裕子,candidate,analysis_term_no_stopwords,憲章,0.002170767004341534,2.09861228866811,0.004555598311146404,3,1,1382,46
fujigaki,fujigaki,藤垣裕子,candidate,analysis_term_no_stopwords,集まる,0.002170767004341534,2.09861228866811,0.004555598311146404,3,1,1382,47
fujigaki,fujigaki,藤垣裕子,candidate,analysis_term_no_stopwords,分野,0.004341534008683068,1.0,0.004341534008683068,6,5,1382,48
fujigaki,fujigaki,藤垣裕子,candidate,analysis_term_no_stopwords,学内,0.004341534008683068,1.0,0.004341534008683068,6,5,1382,49
fujigaki,fujigaki,藤垣裕子,candidate,analysis_term_no_stopwords,責任,0.004341534008683068,1.0,0.004341534008683068,6,5,1382,50
fujigaki,fujigaki,藤垣裕子,candidate,analysis_term_no_stopwords,コミュニケーション-communication,0.00361794500723589,1.1823215567939547,0.004277574373350053,5,4,1382,51
fujigaki,fujigaki,藤垣裕子,candidate,analysis_term_no_stopwords,充実,0.00361794500723589,1.1823215567939547,0.004277574373350053,5,4,1382,52
fujigaki,fujigaki,藤垣裕子,candidate,analysis_term_no_stopwords,場,0.00361794500723589,1.1823215567939547,0.004277574373350053,5,4,1382,53
fujigaki,fujigaki,藤垣裕子,candidate,analysis_term_no_stopwords,能力,0.00361794500723589,1.1823215567939547,0.004277574373350053,5,4,1382,54
fujigaki,fujigaki,藤垣裕子,candidate,analysis_term_no_stopwords,世代,0.002894356005788712,1.4054651081081644,0.004067916376579347,4,3,1382,55
fujigaki,fujigaki,藤垣裕子,candidate,analysis_term_no_stopwords,取る,0.002894356005788712,1.4054651081081644,0.004067916376579347,4,3,1382,56
fujigaki,fujigaki,藤垣裕子,candidate,analysis_term_no_stopwords,国,0.002894356005788712,1.4054651081081644,0.004067916376579347,4,3,1382,57
fujigaki,fujigaki,藤垣裕子,candidate,analysis_term_no_stopwords,来る,0.002894356005788712,1.4054651081081644,0.004067916376579347,4,3,1382,58
fujigaki,fujigaki,藤垣裕子,candidate,analysis_term_no_stopwords,知見,0.002894356005788712,1.4054651081081644,0.004067916376579347,4,3,1382,59
fujigaki,fujigaki,藤垣裕子,candidate,analysis_term_no_stopwords,行政,0.002894356005788712,1.4054651081081644,0.004067916376579347,4,3,1382,60
fujigaki,fujigaki,藤垣裕子,candidate,analysis_term_no_stopwords,the,0.002170767004341534,1.6931471805599454,0.0036754280330534273,3,2,1382,61
fujigaki,fujigaki,藤垣裕子,candidate,analysis_term_no_stopwords,リーダー-leader,0.002170767004341534,1.6931471805599454,0.0036754280330534273,3,2,1382,62
fujigaki,fujigaki,藤垣裕子,candidate,analysis_term_no_stopwords,同時,0.002170767004341534,1.6931471805599454,0.0036754280330534273,3,2,1382,63
fujigaki,fujigaki,藤垣裕子,candidate,analysis_term_no_stopwords,変える,0.002170767004341534,1.6931471805599454,0.0036754280330534273,3,2,1382,64
fujigaki,fujigaki,藤垣裕子,candidate,analysis_term_no_stopwords,多い,0.002170767004341534,1.6931471805599454,0.0036754280330534273,3,2,1382,65
fujigaki,fujigaki,藤垣裕子,candidate,analysis_term_no_stopwords,学外,0.002170767004341534,1.6931471805599454,0.0036754280330534273,3,2,1382,66
fujigaki,fujigaki,藤垣裕子,candidate,analysis_term_no_stopwords,米国,0.002170767004341534,1.6931471805599454,0.0036754280330534273,3,2,1382,67
fujigaki,fujigaki,藤垣裕子,candidate,analysis_term_no_stopwords,継承,0.002170767004341534,1.6931471805599454,0.0036754280330534273,3,2,1382,68
fujigaki,fujigaki,藤垣裕子,candidate,analysis_term_no_stopwords,遺産,0.002170767004341534,1.6931471805599454,0.0036754280330534273,3,2,1382,69
fujigaki,fujigaki,藤垣裕子,candidate,analysis_term_no_stopwords,限る,0.002170767004341534,1.6931471805599454,0.0036754280330534273,3,2,1382,70
fujigaki,fujigaki,藤垣裕子,candidate,analysis_term_no_stopwords,つく,0.00361794500723589,1.0,0.00361794500723589,5,5,1382,71
fujigaki,fujigaki,藤垣裕子,candidate,analysis_term_no_stopwords,制度,0.00361794500723589,1.0,0.00361794500723589,5,5,1382,72
fujigaki,fujigaki,藤垣裕子,candidate,analysis_term_no_stopwords,学生,0.00361794500723589,1.0,0.00361794500723589,5,5,1382,73
fujigaki,fujigaki,藤垣裕子,candidate,analysis_term_no_stopwords,持つ,0.00361794500723589,1.0,0.00361794500723589,5,5,1382,74
fujigaki,fujigaki,藤垣裕子,candidate,analysis_term_no_stopwords,於く,0.00361794500723589,1.0,0.00361794500723589,5,5,1382,75
fujigaki,fujigaki,藤垣裕子,candidate,analysis_term_no_stopwords,果たす,0.00361794500723589,1.0,0.00361794500723589,5,5,1382,76
fujigaki,fujigaki,藤垣裕子,candidate,analysis_term_no_stopwords,組織,0.00361794500723589,1.0,0.00361794500723589,5,5,1382,77
fujigaki,fujigaki,藤垣裕子,candidate,analysis_term_no_stopwords,作る,0.002894356005788712,1.1823215567939547,0.0034220594986800424,4,4,1382,78
fujigaki,fujigaki,藤垣裕子,candidate,analysis_term_no_stopwords,イノベーション-innovation,0.002170767004341534,1.4054651081081644,0.0030509372824345103,3,3,1382,79
fujigaki,fujigaki,藤垣裕子,candidate,analysis_term_no_stopwords,システム-system,0.002170767004341534,1.4054651081081644,0.0030509372824345103,3,3,1382,80
fujigaki,fujigaki,藤垣裕子,candidate,analysis_term_no_stopwords,予算,0.002170767004341534,1.4054651081081644,0.0030509372824345103,3,3,1382,81
fujigaki,fujigaki,藤垣裕子,candidate,analysis_term_no_stopwords,今後,0.002170767004341534,1.4054651081081644,0.0030509372824345103,3,3,1382,82
fujigaki,fujigaki,藤垣裕子,candidate,analysis_term_no_stopwords,仕舞う,0.002170767004341534,1.4054651081081644,0.0030509372824345103,3,3,1382,83
fujigaki,fujigaki,藤垣裕子,candidate,analysis_term_no_stopwords,会,0.002170767004341534,1.4054651081081644,0.0030509372824345103,3,3,1382,84
fujigaki,fujigaki,藤垣裕子,candidate,analysis_term_no_stopwords,学ぶ,0.002170767004341534,1.4054651081081644,0.0030509372824345103,3,3,1382,85
fujigaki,fujigaki,藤垣裕子,candidate,analysis_term_no_stopwords,文化,0.002170767004341534,1.4054651081081644,0.0030509372824345103,3,3,1382,86
fujigaki,fujigaki,藤垣裕子,candidate,analysis_term_no_stopwords,時,0.002170767004341534,1.4054651081081644,0.0030509372824345103,3,3,1382,87
fujigaki,fujigaki,藤垣裕子,candidate,analysis_term_no_stopwords,議論,0.002170767004341534,1.4054651081081644,0.0030509372824345103,3,3,1382,88
fujigaki,fujigaki,藤垣裕子,candidate,analysis_term_no_stopwords,述べる,0.002170767004341534,1.4054651081081644,0.0030509372824345103,3,3,1382,89
fujigaki,fujigaki,藤垣裕子,candidate,analysis_term_no_stopwords,japan,0.001447178002894356,2.09861228866811,0.003037065540764269,2,1,1382,90
fujigaki,fujigaki,藤垣裕子,candidate,analysis_term_no_stopwords,science,0.001447178002894356,2.09861228866811,0.003037065540764269,2,1,1382,91
fujigaki,fujigaki,藤垣裕子,candidate,analysis_term_no_stopwords,エリート-elite,0.001447178002894356,2.09861228866811,0.003037065540764269,2,1,1382,92
fujigaki,fujigaki,藤垣裕子,candidate,analysis_term_no_stopwords,クラス-class,0.001447178002894356,2.09861228866811,0.003037065540764269,2,1,1382,93
fujigaki,fujigaki,藤垣裕子,candidate,analysis_term_no_stopwords,リオ-rio,0.001447178002894356,2.09861228866811,0.003037065540764269,2,1,1382,94
fujigaki,fujigaki,藤垣裕子,candidate,analysis_term_no_stopwords,事前,0.001447178002894356,2.09861228866811,0.003037065540764269,2,1,1382,95
fujigaki,fujigaki,藤垣裕子,candidate,analysis_term_no_stopwords,交流,0.001447178002894356,2.09861228866811,0.003037065540764269,2,1,1382,96
fujigaki,fujigaki,藤垣裕子,candidate,analysis_term_no_stopwords,伏流,0.001447178002894356,2.09861228866811,0.003037065540764269,2,1,1382,97
fujigaki,fujigaki,藤垣裕子,candidate,analysis_term_no_stopwords,側面,0.001447178002894356,2.09861228866811,0.003037065540764269,2,1,1382,98
fujigaki,fujigaki,藤垣裕子,candidate,analysis_term_no_stopwords,傾向,0.001447178002894356,2.09861228866811,0.003037065540764269,2,1,1382,99
fujigaki,fujigaki,藤垣裕子,candidate,analysis_term_no_stopwords,元,0.001447178002894356,2.09861228866811,0.003037065540764269,2,1,1382,100
fujigaki,fujigaki,藤垣裕子,candidate,analysis_term_no_stopwords,再編,0.001447178002894356,2.09861228866811,0.003037065540764269,2,1,1382,101
fujigaki,fujigaki,藤垣裕子,candidate,analysis_term_no_stopwords,原則,0.001447178002894356,2.09861228866811,0.003037065540764269,2,1,1382,102
fujigaki,fujigaki,藤垣裕子,candidate,analysis_term_no_stopwords,原子,0.001447178002894356,2.09861228866811,0.003037065540764269,2,1,1382,103
fujigaki,fujigaki,藤垣裕子,candidate,analysis_term_no_stopwords,周年,0.001447178002894356,2.09861228866811,0.003037065540764269,2,1,1382,104
fujigaki,fujigaki,藤垣裕子,candidate,analysis_term_no_stopwords,地震,0.001447178002894356,2.09861228866811,0.003037065540764269,2,1,1382,105
fujigaki,fujigaki,藤垣裕子,candidate,analysis_term_no_stopwords,存在,0.001447178002894356,2.09861228866811,0.003037065540764269,2,1,1382,106
fujigaki,fujigaki,藤垣裕子,candidate,analysis_term_no_stopwords,工夫,0.001447178002894356,2.09861228866811,0.003037065540764269,2,1,1382,107
fujigaki,fujigaki,藤垣裕子,candidate,analysis_term_no_stopwords,市民,0.001447178002894356,2.09861228866811,0.003037065540764269,2,1,1382,108
fujigaki,fujigaki,藤垣裕子,candidate,analysis_term_no_stopwords,度,0.001447178002894356,2.09861228866811,0.003037065540764269,2,1,1382,109
fujigaki,fujigaki,藤垣裕子,candidate,analysis_term_no_stopwords,従う,0.001447178002894356,2.09861228866811,0.003037065540764269,2,1,1382,110
fujigaki,fujigaki,藤垣裕子,candidate,analysis_term_no_stopwords,心,0.001447178002894356,2.09861228866811,0.003037065540764269,2,1,1382,111
fujigaki,fujigaki,藤垣裕子,candidate,analysis_term_no_stopwords,揺らぐ,0.001447178002894356,2.09861228866811,0.003037065540764269,2,1,1382,112
fujigaki,fujigaki,藤垣裕子,candidate,analysis_term_no_stopwords,文部,0.001447178002894356,2.09861228866811,0.003037065540764269,2,1,1382,113
fujigaki,fujigaki,藤垣裕子,candidate,analysis_term_no_stopwords,旨い,0.001447178002894356,2.09861228866811,0.003037065540764269,2,1,1382,114
fujigaki,fujigaki,藤垣裕子,candidate,analysis_term_no_stopwords,最新,0.001447178002894356,2.09861228866811,0.003037065540764269,2,1,1382,115
fujigaki,fujigaki,藤垣裕子,candidate,analysis_term_no_stopwords,来日,0.001447178002894356,2.09861228866811,0.003037065540764269,2,1,1382,116
fujigaki,fujigaki,藤垣裕子,candidate,analysis_term_no_stopwords,津波,0.001447178002894356,2.09861228866811,0.003037065540764269,2,1,1382,117
fujigaki,fujigaki,藤垣裕子,candidate,analysis_term_no_stopwords,装置,0.001447178002894356,2.09861228866811,0.003037065540764269,2,1,1382,118
fujigaki,fujigaki,藤垣裕子,candidate,analysis_term_no_stopwords,課,0.001447178002894356,2.09861228866811,0.003037065540764269,2,1,1382,119
fujigaki,fujigaki,藤垣裕子,candidate,analysis_term_no_stopwords,警戒,0.001447178002894356,2.09861228866811,0.003037065540764269,2,1,1382,120
fujigaki,fujigaki,藤垣裕子,candidate,analysis_term_no_stopwords,閉じる,0.001447178002894356,2.09861228866811,0.003037065540764269,2,1,1382,121
fujigaki,fujigaki,藤垣裕子,candidate,analysis_term_no_stopwords,駆動,0.001447178002894356,2.09861228866811,0.003037065540764269,2,1,1382,122
fujigaki,fujigaki,藤垣裕子,candidate,analysis_term_no_stopwords,卓越,0.002894356005788712,1.0,0.002894356005788712,4,5,1382,123
fujigaki,fujigaki,藤垣裕子,candidate,analysis_term_no_stopwords,経営,0.002894356005788712,1.0,0.002894356005788712,4,5,1382,124
fujigaki,fujigaki,藤垣裕子,candidate,analysis_term_no_stopwords,gri,0.002170767004341534,1.1823215567939547,0.002566544624010032,3,4,1382,125
fujigaki,fujigaki,藤垣裕子,candidate,analysis_term_no_stopwords,アート-art,0.002170767004341534,1.1823215567939547,0.002566544624010032,3,4,1382,126
fujigaki,fujigaki,藤垣裕子,candidate,analysis_term_no_stopwords,リベラル-liberal,0.002170767004341534,1.1823215567939547,0.002566544624010032,3,4,1382,127
fujigaki,fujigaki,藤垣裕子,candidate,analysis_term_no_stopwords,一,0.002170767004341534,1.1823215567939547,0.002566544624010032,3,4,1382,128
fujigaki,fujigaki,藤垣裕子,candidate,analysis_term_no_stopwords,得る,0.002170767004341534,1.1823215567939547,0.002566544624010032,3,4,1382,129
fujigaki,fujigaki,藤垣裕子,candidate,analysis_term_no_stopwords,技術,0.002170767004341534,1.1823215567939547,0.002566544624010032,3,4,1382,130
fujigaki,fujigaki,藤垣裕子,candidate,analysis_term_no_stopwords,海外,0.002170767004341534,1.1823215567939547,0.002566544624010032,3,4,1382,131
fujigaki,fujigaki,藤垣裕子,candidate,analysis_term_no_stopwords,点,0.002170767004341534,1.1823215567939547,0.002566544624010032,3,4,1382,132
fujigaki,fujigaki,藤垣裕子,candidate,analysis_term_no_stopwords,産業,0.002170767004341534,1.1823215567939547,0.002566544624010032,3,4,1382,133
fujigaki,fujigaki,藤垣裕子,candidate,analysis_term_no_stopwords,知,0.002170767004341534,1.1823215567939547,0.002566544624010032,3,4,1382,134
fujigaki,fujigaki,藤垣裕子,candidate,analysis_term_no_stopwords,設計,0.002170767004341534,1.1823215567939547,0.002566544624010032,3,4,1382,135
fujigaki,fujigaki,藤垣裕子,candidate,analysis_term_no_stopwords,部,0.002170767004341534,1.1823215567939547,0.002566544624010032,3,4,1382,136
fujigaki,fujigaki,藤垣裕子,candidate,analysis_term_no_stopwords,中長期,0.001447178002894356,1.6931471805599454,0.0024502853553689512,2,2,1382,137
fujigaki,fujigaki,藤垣裕子,candidate,analysis_term_no_stopwords,付ける,0.001447178002894356,1.6931471805599454,0.0024502853553689512,2,2,1382,138
fujigaki,fujigaki,藤垣裕子,candidate,analysis_term_no_stopwords,像,0.001447178002894356,1.6931471805599454,0.0024502853553689512,2,2,1382,139
fujigaki,fujigaki,藤垣裕子,candidate,analysis_term_no_stopwords,内,0.001447178002894356,1.6931471805599454,0.0024502853553689512,2,2,1382,140
fujigaki,fujigaki,藤垣裕子,candidate,analysis_term_no_stopwords,初代,0.001447178002894356,1.6931471805599454,0.0024502853553689512,2,2,1382,141
fujigaki,fujigaki,藤垣裕子,candidate,analysis_term_no_stopwords,別,0.001447178002894356,1.6931471805599454,0.0024502853553689512,2,2,1382,142
fujigaki,fujigaki,藤垣裕子,candidate,analysis_term_no_stopwords,努力,0.001447178002894356,1.6931471805599454,0.0024502853553689512,2,2,1382,143
fujigaki,fujigaki,藤垣裕子,candidate,analysis_term_no_stopwords,境界,0.001447178002894356,1.6931471805599454,0.0024502853553689512,2,2,1382,144
fujigaki,fujigaki,藤垣裕子,candidate,analysis_term_no_stopwords,情勢,0.001447178002894356,1.6931471805599454,0.0024502853553689512,2,2,1382,145
fujigaki,fujigaki,藤垣裕子,candidate,analysis_term_no_stopwords,提供,0.001447178002894356,1.6931471805599454,0.0024502853553689512,2,2,1382,146
fujigaki,fujigaki,藤垣裕子,candidate,analysis_term_no_stopwords,機構,0.001447178002894356,1.6931471805599454,0.0024502853553689512,2,2,1382,147
fujigaki,fujigaki,藤垣裕子,candidate,analysis_term_no_stopwords,用いる,0.001447178002894356,1.6931471805599454,0.0024502853553689512,2,2,1382,148
fujigaki,fujigaki,藤垣裕子,candidate,analysis_term_no_stopwords,発生,0.001447178002894356,1.6931471805599454,0.0024502853553689512,2,2,1382,149
fujigaki,fujigaki,藤垣裕子,candidate,analysis_term_no_stopwords,繰り返す,0.001447178002894356,1.6931471805599454,0.0024502853553689512,2,2,1382,150
fujigaki,fujigaki,藤垣裕子,candidate,analysis_term_no_stopwords,自分,0.001447178002894356,1.6931471805599454,0.0024502853553689512,2,2,1382,151
fujigaki,fujigaki,藤垣裕子,candidate,analysis_term_no_stopwords,身,0.001447178002894356,1.6931471805599454,0.0024502853553689512,2,2,1382,152
fujigaki,fujigaki,藤垣裕子,candidate,analysis_term_no_stopwords,開発,0.001447178002894356,1.6931471805599454,0.0024502853553689512,2,2,1382,153
fujigaki,fujigaki,藤垣裕子,candidate,analysis_term_no_stopwords,教養,0.002170767004341534,1.0,0.002170767004341534,3,5,1382,154
fujigaki,fujigaki,藤垣裕子,candidate,analysis_term_no_stopwords,新しい,0.002170767004341534,1.0,0.002170767004341534,3,5,1382,155
fujigaki,fujigaki,藤垣裕子,candidate,analysis_term_no_stopwords,示す,0.002170767004341534,1.0,0.002170767004341534,3,5,1382,156
fujigaki,fujigaki,藤垣裕子,candidate,analysis_term_no_stopwords,総長,0.002170767004341534,1.0,0.002170767004341534,3,5,1382,157
fujigaki,fujigaki,藤垣裕子,candidate,analysis_term_no_stopwords,リーダーシップ-leadership,0.001447178002894356,1.4054651081081644,0.0020339581882896736,2,3,1382,158
fujigaki,fujigaki,藤垣裕子,candidate,analysis_term_no_stopwords,付く,0.001447178002894356,1.4054651081081644,0.0020339581882896736,2,3,1382,159
fujigaki,fujigaki,藤垣裕子,candidate,analysis_term_no_stopwords,信頼,0.001447178002894356,1.4054651081081644,0.0020339581882896736,2,3,1382,160
fujigaki,fujigaki,藤垣裕子,candidate,analysis_term_no_stopwords,切る,0.001447178002894356,1.4054651081081644,0.0020339581882896736,2,3,1382,161
fujigaki,fujigaki,藤垣裕子,candidate,analysis_term_no_stopwords,判断,0.001447178002894356,1.4054651081081644,0.0020339581882896736,2,3,1382,162
fujigaki,fujigaki,藤垣裕子,candidate,analysis_term_no_stopwords,利益,0.001447178002894356,1.4054651081081644,0.0020339581882896736,2,3,1382,163
fujigaki,fujigaki,藤垣裕子,candidate,analysis_term_no_stopwords,場合,0.001447178002894356,1.4054651081081644,0.0020339581882896736,2,3,1382,164
fujigaki,fujigaki,藤垣裕子,candidate,analysis_term_no_stopwords,多く,0.001447178002894356,1.4054651081081644,0.0020339581882896736,2,3,1382,165
fujigaki,fujigaki,藤垣裕子,candidate,analysis_term_no_stopwords,学長,0.001447178002894356,1.4054651081081644,0.0020339581882896736,2,3,1382,166
fujigaki,fujigaki,藤垣裕子,candidate,analysis_term_no_stopwords,形成,0.001447178002894356,1.4054651081081644,0.0020339581882896736,2,3,1382,167
fujigaki,fujigaki,藤垣裕子,candidate,analysis_term_no_stopwords,既存,0.001447178002894356,1.4054651081081644,0.0020339581882896736,2,3,1382,168
fujigaki,fujigaki,藤垣裕子,candidate,analysis_term_no_stopwords,生かす,0.001447178002894356,1.4054651081081644,0.0020339581882896736,2,3,1382,169
fujigaki,fujigaki,藤垣裕子,candidate,analysis_term_no_stopwords,発展,0.001447178002894356,1.4054651081081644,0.0020339581882896736,2,3,1382,170
fujigaki,fujigaki,藤垣裕子,candidate,analysis_term_no_stopwords,立つ,0.001447178002894356,1.4054651081081644,0.0020339581882896736,2,3,1382,171
fujigaki,fujigaki,藤垣裕子,candidate,analysis_term_no_stopwords,経済,0.001447178002894356,1.4054651081081644,0.0020339581882896736,2,3,1382,172
fujigaki,fujigaki,藤垣裕子,candidate,analysis_term_no_stopwords,視点,0.001447178002894356,1.4054651081081644,0.0020339581882896736,2,3,1382,173
fujigaki,fujigaki,藤垣裕子,candidate,analysis_term_no_stopwords,通り,0.001447178002894356,1.4054651081081644,0.0020339581882896736,2,3,1382,174
fujigaki,fujigaki,藤垣裕子,candidate,analysis_term_no_stopwords,運用,0.001447178002894356,1.4054651081081644,0.0020339581882896736,2,3,1382,175
fujigaki,fujigaki,藤垣裕子,candidate,analysis_term_no_stopwords,関わる,0.001447178002894356,1.4054651081081644,0.0020339581882896736,2,3,1382,176
fujigaki,fujigaki,藤垣裕子,candidate,analysis_term_no_stopwords,会議,0.001447178002894356,1.1823215567939547,0.0017110297493400212,2,4,1382,177
fujigaki,fujigaki,藤垣裕子,candidate,analysis_term_no_stopwords,共,0.001447178002894356,1.1823215567939547,0.0017110297493400212,2,4,1382,178
fujigaki,fujigaki,藤垣裕子,candidate,analysis_term_no_stopwords,其々,0.001447178002894356,1.1823215567939547,0.0017110297493400212,2,4,1382,179
fujigaki,fujigaki,藤垣裕子,candidate,analysis_term_no_stopwords,図る,0.001447178002894356,1.1823215567939547,0.0017110297493400212,2,4,1382,180
fujigaki,fujigaki,藤垣裕子,candidate,analysis_term_no_stopwords,基盤,0.001447178002894356,1.1823215567939547,0.0017110297493400212,2,4,1382,181
fujigaki,fujigaki,藤垣裕子,candidate,analysis_term_no_stopwords,変革,0.001447178002894356,1.1823215567939547,0.0017110297493400212,2,4,1382,182
fujigaki,fujigaki,藤垣裕子,candidate,analysis_term_no_stopwords,対応,0.001447178002894356,1.1823215567939547,0.0017110297493400212,2,4,1382,183
fujigaki,fujigaki,藤垣裕子,candidate,analysis_term_no_stopwords,感,0.001447178002894356,1.1823215567939547,0.0017110297493400212,2,4,1382,184
fujigaki,fujigaki,藤垣裕子,candidate,analysis_term_no_stopwords,構築,0.001447178002894356,1.1823215567939547,0.0017110297493400212,2,4,1382,185
fujigaki,fujigaki,藤垣裕子,candidate,analysis_term_no_stopwords,求める,0.001447178002894356,1.1823215567939547,0.0017110297493400212,2,4,1382,186
fujigaki,fujigaki,藤垣裕子,candidate,analysis_term_no_stopwords,現在,0.001447178002894356,1.1823215567939547,0.0017110297493400212,2,4,1382,187
fujigaki,fujigaki,藤垣裕子,candidate,analysis_term_no_stopwords,留学,0.001447178002894356,1.1823215567939547,0.0017110297493400212,2,4,1382,188
fujigaki,fujigaki,藤垣裕子,candidate,analysis_term_no_stopwords,目的,0.001447178002894356,1.1823215567939547,0.0017110297493400212,2,4,1382,189
fujigaki,fujigaki,藤垣裕子,candidate,analysis_term_no_stopwords,続ける,0.001447178002894356,1.1823215567939547,0.0017110297493400212,2,4,1382,190
fujigaki,fujigaki,藤垣裕子,candidate,analysis_term_no_stopwords,育成,0.001447178002894356,1.1823215567939547,0.0017110297493400212,2,4,1382,191
fujigaki,fujigaki,藤垣裕子,candidate,analysis_term_no_stopwords,良い,0.001447178002894356,1.1823215567939547,0.0017110297493400212,2,4,1382,192
fujigaki,fujigaki,藤垣裕子,candidate,analysis_term_no_stopwords,財務,0.001447178002894356,1.1823215567939547,0.0017110297493400212,2,4,1382,193
fujigaki,fujigaki,藤垣裕子,candidate,analysis_term_no_stopwords,配分,0.001447178002894356,1.1823215567939547,0.0017110297493400212,2,4,1382,194
fujigaki,fujigaki,藤垣裕子,candidate,analysis_term_no_stopwords,agency,0.000723589001447178,2.09861228866811,0.0015185327703821346,1,1,1382,195
fujigaki,fujigaki,藤垣裕子,candidate,analysis_term_no_stopwords,comon,0.000723589001447178,2.09861228866811,0.0015185327703821346,1,1,1382,196
fujigaki,fujigaki,藤垣裕子,candidate,analysis_term_no_stopwords,council,0.000723589001447178,2.09861228866811,0.0015185327703821346,1,1,1382,197
fujigaki,fujigaki,藤垣裕子,candidate,analysis_term_no_stopwords,for,0.000723589001447178,2.09861228866811,0.0015185327703821346,1,1,1382,198
fujigaki,fujigaki,藤垣裕子,candidate,analysis_term_no_stopwords,funding,0.000723589001447178,2.09861228866811,0.0015185327703821346,1,1,1382,199
fujigaki,fujigaki,藤垣裕子,candidate,analysis_term_no_stopwords,infrastructure,0.000723589001447178,2.09861228866811,0.0015185327703821346,1,1,1382,200
fujigaki,fujigaki,藤垣裕子,candidate,analysis_term_no_stopwords,liberate,0.000723589001447178,2.09861228866811,0.0015185327703821346,1,1,1382,201
fujigaki,fujigaki,藤垣裕子,candidate,analysis_term_no_stopwords,one,0.000723589001447178,2.09861228866811,0.0015185327703821346,1,1,1382,202
fujigaki,fujigaki,藤垣裕子,candidate,analysis_term_no_stopwords,peak,0.000723589001447178,2.09861228866811,0.0015185327703821346,1,1,1382,203
fujigaki,fujigaki,藤垣裕子,candidate,analysis_term_no_stopwords,pi,0.000723589001447178,2.09861228866811,0.0015185327703821346,1,1,1382,204
fujigaki,fujigaki,藤垣裕子,candidate,analysis_term_no_stopwords,promotion,0.000723589001447178,2.09861228866811,0.0015185327703821346,1,1,1382,205
fujigaki,fujigaki,藤垣裕子,candidate,analysis_term_no_stopwords,rri,0.000723589001447178,2.09861228866811,0.0015185327703821346,1,1,1382,206
fujigaki,fujigaki,藤垣裕子,candidate,analysis_term_no_stopwords,society,0.000723589001447178,2.09861228866811,0.0015185327703821346,1,1,1382,207
fujigaki,fujigaki,藤垣裕子,candidate,analysis_term_no_stopwords,solution,0.000723589001447178,2.09861228866811,0.0015185327703821346,1,1,1382,208
fujigaki,fujigaki,藤垣裕子,candidate,analysis_term_no_stopwords,sts,0.000723589001447178,2.09861228866811,0.0015185327703821346,1,1,1382,209
fujigaki,fujigaki,藤垣裕子,candidate,analysis_term_no_stopwords,top,0.000723589001447178,2.09861228866811,0.0015185327703821346,1,1,1382,210
fujigaki,fujigaki,藤垣裕子,candidate,analysis_term_no_stopwords,universities,0.000723589001447178,2.09861228866811,0.0015185327703821346,1,1,1382,211
fujigaki,fujigaki,藤垣裕子,candidate,analysis_term_no_stopwords,ずれる,0.000723589001447178,2.09861228866811,0.0015185327703821346,1,1,1382,212
fujigaki,fujigaki,藤垣裕子,candidate,analysis_term_no_stopwords,アジェンダ-agenda,0.000723589001447178,2.09861228866811,0.0015185327703821346,1,1,1382,213
fujigaki,fujigaki,藤垣裕子,candidate,analysis_term_no_stopwords,オウシュウ-外国,0.000723589001447178,2.09861228866811,0.0015185327703821346,1,1,1382,214
fujigaki,fujigaki,藤垣裕子,candidate,analysis_term_no_stopwords,オックスフォード-oxford,0.000723589001447178,2.09861228866811,0.0015185327703821346,1,1,1382,215
fujigaki,fujigaki,藤垣裕子,candidate,analysis_term_no_stopwords,キュウ,0.000723589001447178,2.09861228866811,0.0015185327703821346,1,1,1382,216
fujigaki,fujigaki,藤垣裕子,candidate,analysis_term_no_stopwords,キョウト,0.000723589001447178,2.09861228866811,0.0015185327703821346,1,1,1382,217
fujigaki,fujigaki,藤垣裕子,candidate,analysis_term_no_stopwords,コマバ,0.000723589001447178,2.09861228866811,0.0015185327703821346,1,1,1382,218
fujigaki,fujigaki,藤垣裕子,candidate,analysis_term_no_stopwords,シゲル,0.000723589001447178,2.09861228866811,0.0015185327703821346,1,1,1382,219
fujigaki,fujigaki,藤垣裕子,candidate,analysis_term_no_stopwords,トヤマ,0.000723589001447178,2.09861228866811,0.0015185327703821346,1,1,1382,220
fujigaki,fujigaki,藤垣裕子,candidate,analysis_term_no_stopwords,ナンバラ,0.000723589001447178,2.09861228866811,0.0015185327703821346,1,1,1382,221
fujigaki,fujigaki,藤垣裕子,candidate,analysis_term_no_stopwords,ニューマン-newman,0.000723589001447178,2.09861228866811,0.0015185327703821346,1,1,1382,222
fujigaki,fujigaki,藤垣裕子,candidate,analysis_term_no_stopwords,ハシモト,0.000723589001447178,2.09861228866811,0.0015185327703821346,1,1,1382,223
fujigaki,fujigaki,藤垣裕子,candidate,analysis_term_no_stopwords,パートナー-partner,0.000723589001447178,2.09861228866811,0.0015185327703821346,1,1,1382,224
fujigaki,fujigaki,藤垣裕子,candidate,analysis_term_no_stopwords,ヒデキ,0.000723589001447178,2.09861228866811,0.0015185327703821346,1,1,1382,225
fujigaki,fujigaki,藤垣裕子,candidate,analysis_term_no_stopwords,フォーラム-forum,0.000723589001447178,2.09861228866811,0.0015185327703821346,1,1,1382,226
fujigaki,fujigaki,藤垣裕子,candidate,analysis_term_no_stopwords,プレステージ-prestige,0.000723589001447178,2.09861228866811,0.0015185327703821346,1,1,1382,227
fujigaki,fujigaki,藤垣裕子,candidate,analysis_term_no_stopwords,ヘンリー-henry,0.000723589001447178,2.09861228866811,0.0015185327703821346,1,1,1382,228
fujigaki,fujigaki,藤垣裕子,candidate,analysis_term_no_stopwords,ミナマタ,0.000723589001447178,2.09861228866811,0.0015185327703821346,1,1,1382,229
fujigaki,fujigaki,藤垣裕子,candidate,analysis_term_no_stopwords,メンバー-member,0.000723589001447178,2.09861228866811,0.0015185327703821346,1,1,1382,230
fujigaki,fujigaki,藤垣裕子,candidate,analysis_term_no_stopwords,ユカワ,0.000723589001447178,2.09861228866811,0.0015185327703821346,1,1,1382,231
fujigaki,fujigaki,藤垣裕子,candidate,analysis_term_no_stopwords,リオデジャネイロ,0.000723589001447178,2.09861228866811,0.0015185327703821346,1,1,1382,232
fujigaki,fujigaki,藤垣裕子,candidate,analysis_term_no_stopwords,リチャードソン-richardson,0.000723589001447178,2.09861228866811,0.0015185327703821346,1,1,1382,233
fujigaki,fujigaki,藤垣裕子,candidate,analysis_term_no_stopwords,レベル-level,0.000723589001447178,2.09861228866811,0.0015185327703821346,1,1,1382,234
fujigaki,fujigaki,藤垣裕子,candidate,analysis_term_no_stopwords,上述,0.000723589001447178,2.09861228866811,0.0015185327703821346,1,1,1382,235
fujigaki,fujigaki,藤垣裕子,candidate,analysis_term_no_stopwords,不祥,0.000723589001447178,2.09861228866811,0.0015185327703821346,1,1,1382,236
fujigaki,fujigaki,藤垣裕子,candidate,analysis_term_no_stopwords,中枢,0.000723589001447178,2.09861228866811,0.0015185327703821346,1,1,1382,237
fujigaki,fujigaki,藤垣裕子,candidate,analysis_term_no_stopwords,主体,0.000723589001447178,2.09861228866811,0.0015185327703821346,1,1,1382,238
fujigaki,fujigaki,藤垣裕子,candidate,analysis_term_no_stopwords,主催,0.000723589001447178,2.09861228866811,0.0015185327703821346,1,1,1382,239
fujigaki,fujigaki,藤垣裕子,candidate,analysis_term_no_stopwords,事故,0.000723589001447178,2.09861228866811,0.0015185327703821346,1,1,1382,240
fujigaki,fujigaki,藤垣裕子,candidate,analysis_term_no_stopwords,交える,0.000723589001447178,2.09861228866811,0.0015185327703821346,1,1,1382,241
fujigaki,fujigaki,藤垣裕子,candidate,analysis_term_no_stopwords,交通,0.000723589001447178,2.09861228866811,0.0015185327703821346,1,1,1382,242
fujigaki,fujigaki,藤垣裕子,candidate,analysis_term_no_stopwords,人件,0.000723589001447178,2.09861228866811,0.0015185327703821346,1,1,1382,243
fujigaki,fujigaki,藤垣裕子,candidate,analysis_term_no_stopwords,他人事,0.000723589001447178,2.09861228866811,0.0015185327703821346,1,1,1382,244
fujigaki,fujigaki,藤垣裕子,candidate,analysis_term_no_stopwords,他者,0.000723589001447178,2.09861228866811,0.0015185327703821346,1,1,1382,245
fujigaki,fujigaki,藤垣裕子,candidate,analysis_term_no_stopwords,代,0.000723589001447178,2.09861228866811,0.0015185327703821346,1,1,1382,246
fujigaki,fujigaki,藤垣裕子,candidate,analysis_term_no_stopwords,会合,0.000723589001447178,2.09861228866811,0.0015185327703821346,1,1,1382,247
fujigaki,fujigaki,藤垣裕子,candidate,analysis_term_no_stopwords,伝わる,0.000723589001447178,2.09861228866811,0.0015185327703821346,1,1,1382,248
fujigaki,fujigaki,藤垣裕子,candidate,analysis_term_no_stopwords,先陣,0.000723589001447178,2.09861228866811,0.0015185327703821346,1,1,1382,249
fujigaki,fujigaki,藤垣裕子,candidate,analysis_term_no_stopwords,入学,0.000723589001447178,2.09861228866811,0.0015185327703821346,1,1,1382,250
fujigaki,fujigaki,藤垣裕子,candidate,analysis_term_no_stopwords,公害,0.000723589001447178,2.09861228866811,0.0015185327703821346,1,1,1382,251
fujigaki,fujigaki,藤垣裕子,candidate,analysis_term_no_stopwords,公表,0.000723589001447178,2.09861228866811,0.0015185327703821346,1,1,1382,252
fujigaki,fujigaki,藤垣裕子,candidate,analysis_term_no_stopwords,共存,0.000723589001447178,2.09861228866811,0.0015185327703821346,1,1,1382,253
fujigaki,fujigaki,藤垣裕子,candidate,analysis_term_no_stopwords,内閣,0.000723589001447178,2.09861228866811,0.0015185327703821346,1,1,1382,254
fujigaki,fujigaki,藤垣裕子,candidate,analysis_term_no_stopwords,凝り固まる,0.000723589001447178,2.09861228866811,0.0015185327703821346,1,1,1382,255
fujigaki,fujigaki,藤垣裕子,candidate,analysis_term_no_stopwords,切り崩す,0.000723589001447178,2.09861228866811,0.0015185327703821346,1,1,1382,256
fujigaki,fujigaki,藤垣裕子,candidate,analysis_term_no_stopwords,切り捨てる,0.000723589001447178,2.09861228866811,0.0015185327703821346,1,1,1382,257
fujigaki,fujigaki,藤垣裕子,candidate,analysis_term_no_stopwords,労力,0.000723589001447178,2.09861228866811,0.0015185327703821346,1,1,1382,258
fujigaki,fujigaki,藤垣裕子,candidate,analysis_term_no_stopwords,動物,0.000723589001447178,2.09861228866811,0.0015185327703821346,1,1,1382,259
fujigaki,fujigaki,藤垣裕子,candidate,analysis_term_no_stopwords,勧める,0.000723589001447178,2.09861228866811,0.0015185327703821346,1,1,1382,260
fujigaki,fujigaki,藤垣裕子,candidate,analysis_term_no_stopwords,半分,0.000723589001447178,2.09861228866811,0.0015185327703821346,1,1,1382,261
fujigaki,fujigaki,藤垣裕子,candidate,analysis_term_no_stopwords,卿,0.000723589001447178,2.09861228866811,0.0015185327703821346,1,1,1382,262
fujigaki,fujigaki,藤垣裕子,candidate,analysis_term_no_stopwords,原因,0.000723589001447178,2.09861228866811,0.0015185327703821346,1,1,1382,263
fujigaki,fujigaki,藤垣裕子,candidate,analysis_term_no_stopwords,原理,0.000723589001447178,2.09861228866811,0.0015185327703821346,1,1,1382,264
fujigaki,fujigaki,藤垣裕子,candidate,analysis_term_no_stopwords,参考,0.000723589001447178,2.09861228866811,0.0015185327703821346,1,1,1382,265
fujigaki,fujigaki,藤垣裕子,candidate,analysis_term_no_stopwords,取り返す,0.000723589001447178,2.09861228866811,0.0015185327703821346,1,1,1382,266
fujigaki,fujigaki,藤垣裕子,candidate,analysis_term_no_stopwords,受託,0.000723589001447178,2.09861228866811,0.0015185327703821346,1,1,1382,267
fujigaki,fujigaki,藤垣裕子,candidate,analysis_term_no_stopwords,古典,0.000723589001447178,2.09861228866811,0.0015185327703821346,1,1,1382,268
fujigaki,fujigaki,藤垣裕子,candidate,analysis_term_no_stopwords,史実,0.000723589001447178,2.09861228866811,0.0015185327703821346,1,1,1382,269
fujigaki,fujigaki,藤垣裕子,candidate,analysis_term_no_stopwords,呉れる,0.000723589001447178,2.09861228866811,0.0015185327703821346,1,1,1382,270
fujigaki,fujigaki,藤垣裕子,candidate,analysis_term_no_stopwords,営み,0.000723589001447178,2.09861228866811,0.0015185327703821346,1,1,1382,271
fujigaki,fujigaki,藤垣裕子,candidate,analysis_term_no_stopwords,営業,0.000723589001447178,2.09861228866811,0.0015185327703821346,1,1,1382,272
fujigaki,fujigaki,藤垣裕子,candidate,analysis_term_no_stopwords,噛み砕く,0.000723589001447178,2.09861228866811,0.0015185327703821346,1,1,1382,273
fujigaki,fujigaki,藤垣裕子,candidate,analysis_term_no_stopwords,国土,0.000723589001447178,2.09861228866811,0.0015185327703821346,1,1,1382,274
fujigaki,fujigaki,藤垣裕子,candidate,analysis_term_no_stopwords,国連,0.000723589001447178,2.09861228866811,0.0015185327703821346,1,1,1382,275
fujigaki,fujigaki,藤垣裕子,candidate,analysis_term_no_stopwords,在学,0.000723589001447178,2.09861228866811,0.0015185327703821346,1,1,1382,276
fujigaki,fujigaki,藤垣裕子,candidate,analysis_term_no_stopwords,地下,0.000723589001447178,2.09861228866811,0.0015185327703821346,1,1,1382,277
fujigaki,fujigaki,藤垣裕子,candidate,analysis_term_no_stopwords,埋め込む,0.000723589001447178,2.09861228866811,0.0015185327703821346,1,1,1382,278
fujigaki,fujigaki,藤垣裕子,candidate,analysis_term_no_stopwords,場面,0.000723589001447178,2.09861228866811,0.0015185327703821346,1,1,1382,279
fujigaki,fujigaki,藤垣裕子,candidate,analysis_term_no_stopwords,失敗,0.000723589001447178,2.09861228866811,0.0015185327703821346,1,1,1382,280
fujigaki,fujigaki,藤垣裕子,candidate,analysis_term_no_stopwords,始める,0.000723589001447178,2.09861228866811,0.0015185327703821346,1,1,1382,281
fujigaki,fujigaki,藤垣裕子,candidate,analysis_term_no_stopwords,存続,0.000723589001447178,2.09861228866811,0.0015185327703821346,1,1,1382,282
fujigaki,fujigaki,藤垣裕子,candidate,analysis_term_no_stopwords,学費,0.000723589001447178,2.09861228866811,0.0015185327703821346,1,1,1382,283
fujigaki,fujigaki,藤垣裕子,candidate,analysis_term_no_stopwords,守護,0.000723589001447178,2.09861228866811,0.0015185327703821346,1,1,1382,284
fujigaki,fujigaki,藤垣裕子,candidate,analysis_term_no_stopwords,実,0.000723589001447178,2.09861228866811,0.0015185327703821346,1,1,1382,285
fujigaki,fujigaki,藤垣裕子,candidate,analysis_term_no_stopwords,実績,0.000723589001447178,2.09861228866811,0.0015185327703821346,1,1,1382,286
fujigaki,fujigaki,藤垣裕子,candidate,analysis_term_no_stopwords,実際,0.000723589001447178,2.09861228866811,0.0015185327703821346,1,1,1382,287
fujigaki,fujigaki,藤垣裕子,candidate,analysis_term_no_stopwords,審議,0.000723589001447178,2.09861228866811,0.0015185327703821346,1,1,1382,288
fujigaki,fujigaki,藤垣裕子,candidate,analysis_term_no_stopwords,対策,0.000723589001447178,2.09861228866811,0.0015185327703821346,1,1,1382,289
fujigaki,fujigaki,藤垣裕子,candidate,analysis_term_no_stopwords,導く,0.000723589001447178,2.09861228866811,0.0015185327703821346,1,1,1382,290
fujigaki,fujigaki,藤垣裕子,candidate,analysis_term_no_stopwords,履修,0.000723589001447178,2.09861228866811,0.0015185327703821346,1,1,1382,291
fujigaki,fujigaki,藤垣裕子,candidate,analysis_term_no_stopwords,底力,0.000723589001447178,2.09861228866811,0.0015185327703821346,1,1,1382,292
fujigaki,fujigaki,藤垣裕子,candidate,analysis_term_no_stopwords,府,0.000723589001447178,2.09861228866811,0.0015185327703821346,1,1,1382,293
fujigaki,fujigaki,藤垣裕子,candidate,analysis_term_no_stopwords,式,0.000723589001447178,2.09861228866811,0.0015185327703821346,1,1,1382,294
fujigaki,fujigaki,藤垣裕子,candidate,analysis_term_no_stopwords,式辞,0.000723589001447178,2.09861228866811,0.0015185327703821346,1,1,1382,295
fujigaki,fujigaki,藤垣裕子,candidate,analysis_term_no_stopwords,引き継ぐ,0.000723589001447178,2.09861228866811,0.0015185327703821346,1,1,1382,296
fujigaki,fujigaki,藤垣裕子,candidate,analysis_term_no_stopwords,当時,0.000723589001447178,2.09861228866811,0.0015185327703821346,1,1,1382,297
fujigaki,fujigaki,藤垣裕子,candidate,analysis_term_no_stopwords,恐れ,0.000723589001447178,2.09861228866811,0.0015185327703821346,1,1,1382,298
fujigaki,fujigaki,藤垣裕子,candidate,analysis_term_no_stopwords,恵まれる,0.000723589001447178,2.09861228866811,0.0015185327703821346,1,1,1382,299
fujigaki,fujigaki,藤垣裕子,candidate,analysis_term_no_stopwords,態度,0.000723589001447178,2.09861228866811,0.0015185327703821346,1,1,1382,300
fujigaki,fujigaki,藤垣裕子,candidate,analysis_term_no_stopwords,戦後,0.000723589001447178,2.09861228866811,0.0015185327703821346,1,1,1382,301
fujigaki,fujigaki,藤垣裕子,candidate,analysis_term_no_stopwords,手助け,0.000723589001447178,2.09861228866811,0.0015185327703821346,1,1,1382,302
fujigaki,fujigaki,藤垣裕子,candidate,analysis_term_no_stopwords,批判,0.000723589001447178,2.09861228866811,0.0015185327703821346,1,1,1382,303
fujigaki,fujigaki,藤垣裕子,candidate,analysis_term_no_stopwords,批評,0.000723589001447178,2.09861228866811,0.0015185327703821346,1,1,1382,304
fujigaki,fujigaki,藤垣裕子,candidate,analysis_term_no_stopwords,投げ掛ける,0.000723589001447178,2.09861228866811,0.0015185327703821346,1,1,1382,305
fujigaki,fujigaki,藤垣裕子,candidate,analysis_term_no_stopwords,押し付ける,0.000723589001447178,2.09861228866811,0.0015185327703821346,1,1,1382,306
fujigaki,fujigaki,藤垣裕子,candidate,analysis_term_no_stopwords,担い手,0.000723589001447178,2.09861228866811,0.0015185327703821346,1,1,1382,307
fujigaki,fujigaki,藤垣裕子,candidate,analysis_term_no_stopwords,指定,0.000723589001447178,2.09861228866811,0.0015185327703821346,1,1,1382,308
fujigaki,fujigaki,藤垣裕子,candidate,analysis_term_no_stopwords,指針,0.000723589001447178,2.09861228866811,0.0015185327703821346,1,1,1382,309
fujigaki,fujigaki,藤垣裕子,candidate,analysis_term_no_stopwords,振興,0.000723589001447178,2.09861228866811,0.0015185327703821346,1,1,1382,310
fujigaki,fujigaki,藤垣裕子,candidate,analysis_term_no_stopwords,採算,0.000723589001447178,2.09861228866811,0.0015185327703821346,1,1,1382,311
fujigaki,fujigaki,藤垣裕子,candidate,analysis_term_no_stopwords,支え合う,0.000723589001447178,2.09861228866811,0.0015185327703821346,1,1,1382,312
fujigaki,fujigaki,藤垣裕子,candidate,analysis_term_no_stopwords,改定,0.000723589001447178,2.09861228866811,0.0015185327703821346,1,1,1382,313
fujigaki,fujigaki,藤垣裕子,candidate,analysis_term_no_stopwords,旅費,0.000723589001447178,2.09861228866811,0.0015185327703821346,1,1,1382,314
fujigaki,fujigaki,藤垣裕子,candidate,analysis_term_no_stopwords,日頃,0.000723589001447178,2.09861228866811,0.0015185327703821346,1,1,1382,315
fujigaki,fujigaki,藤垣裕子,candidate,analysis_term_no_stopwords,時点,0.000723589001447178,2.09861228866811,0.0015185327703821346,1,1,1382,316
fujigaki,fujigaki,藤垣裕子,candidate,analysis_term_no_stopwords,普通,0.000723589001447178,2.09861228866811,0.0015185327703821346,1,1,1382,317
fujigaki,fujigaki,藤垣裕子,candidate,analysis_term_no_stopwords,最善,0.000723589001447178,2.09861228866811,0.0015185327703821346,1,1,1382,318
fujigaki,fujigaki,藤垣裕子,candidate,analysis_term_no_stopwords,東,0.000723589001447178,2.09861228866811,0.0015185327703821346,1,1,1382,319
fujigaki,fujigaki,藤垣裕子,candidate,analysis_term_no_stopwords,模索,0.000723589001447178,2.09861228866811,0.0015185327703821346,1,1,1382,320
fujigaki,fujigaki,藤垣裕子,candidate,analysis_term_no_stopwords,歌う,0.000723589001447178,2.09861228866811,0.0015185327703821346,1,1,1382,321
fujigaki,fujigaki,藤垣裕子,candidate,analysis_term_no_stopwords,残る,0.000723589001447178,2.09861228866811,0.0015185327703821346,1,1,1382,322
fujigaki,fujigaki,藤垣裕子,candidate,analysis_term_no_stopwords,比喩,0.000723589001447178,2.09861228866811,0.0015185327703821346,1,1,1382,323
fujigaki,fujigaki,藤垣裕子,candidate,analysis_term_no_stopwords,比較,0.000723589001447178,2.09861228866811,0.0015185327703821346,1,1,1382,324
fujigaki,fujigaki,藤垣裕子,candidate,analysis_term_no_stopwords,波及,0.000723589001447178,2.09861228866811,0.0015185327703821346,1,1,1382,325
fujigaki,fujigaki,藤垣裕子,candidate,analysis_term_no_stopwords,済む,0.000723589001447178,2.09861228866811,0.0015185327703821346,1,1,1382,326
fujigaki,fujigaki,藤垣裕子,candidate,analysis_term_no_stopwords,源,0.000723589001447178,2.09861228866811,0.0015185327703821346,1,1,1382,327
fujigaki,fujigaki,藤垣裕子,candidate,analysis_term_no_stopwords,滞在,0.000723589001447178,2.09861228866811,0.0015185327703821346,1,1,1382,328
fujigaki,fujigaki,藤垣裕子,candidate,analysis_term_no_stopwords,激動,0.000723589001447178,2.09861228866811,0.0015185327703821346,1,1,1382,329
fujigaki,fujigaki,藤垣裕子,candidate,analysis_term_no_stopwords,災害,0.000723589001447178,2.09861228866811,0.0015185327703821346,1,1,1382,330
fujigaki,fujigaki,藤垣裕子,candidate,analysis_term_no_stopwords,爪,0.000723589001447178,2.09861228866811,0.0015185327703821346,1,1,1382,331
fujigaki,fujigaki,藤垣裕子,candidate,analysis_term_no_stopwords,物質,0.000723589001447178,2.09861228866811,0.0015185327703821346,1,1,1382,332
fujigaki,fujigaki,藤垣裕子,candidate,analysis_term_no_stopwords,痛い痛い,0.000723589001447178,2.09861228866811,0.0015185327703821346,1,1,1382,333
fujigaki,fujigaki,藤垣裕子,candidate,analysis_term_no_stopwords,痛感,0.000723589001447178,2.09861228866811,0.0015185327703821346,1,1,1382,334
fujigaki,fujigaki,藤垣裕子,candidate,analysis_term_no_stopwords,直す,0.000723589001447178,2.09861228866811,0.0015185327703821346,1,1,1382,335
fujigaki,fujigaki,藤垣裕子,candidate,analysis_term_no_stopwords,相対,0.000723589001447178,2.09861228866811,0.0015185327703821346,1,1,1382,336
fujigaki,fujigaki,藤垣裕子,candidate,analysis_term_no_stopwords,県,0.000723589001447178,2.09861228866811,0.0015185327703821346,1,1,1382,337
fujigaki,fujigaki,藤垣裕子,candidate,analysis_term_no_stopwords,示唆,0.000723589001447178,2.09861228866811,0.0015185327703821346,1,1,1382,338
fujigaki,fujigaki,藤垣裕子,candidate,analysis_term_no_stopwords,秩序,0.000723589001447178,2.09861228866811,0.0015185327703821346,1,1,1382,339
fujigaki,fujigaki,藤垣裕子,candidate,analysis_term_no_stopwords,種,0.000723589001447178,2.09861228866811,0.0015185327703821346,1,1,1382,340
fujigaki,fujigaki,藤垣裕子,candidate,analysis_term_no_stopwords,積層,0.000723589001447178,2.09861228866811,0.0015185327703821346,1,1,1382,341
fujigaki,fujigaki,藤垣裕子,candidate,analysis_term_no_stopwords,究明,0.000723589001447178,2.09861228866811,0.0015185327703821346,1,1,1382,342
fujigaki,fujigaki,藤垣裕子,candidate,analysis_term_no_stopwords,立国,0.000723589001447178,2.09861228866811,0.0015185327703821346,1,1,1382,343
fujigaki,fujigaki,藤垣裕子,candidate,analysis_term_no_stopwords,筈,0.000723589001447178,2.09861228866811,0.0015185327703821346,1,1,1382,344
fujigaki,fujigaki,藤垣裕子,candidate,analysis_term_no_stopwords,管轄,0.000723589001447178,2.09861228866811,0.0015185327703821346,1,1,1382,345
fujigaki,fujigaki,藤垣裕子,candidate,analysis_term_no_stopwords,範,0.000723589001447178,2.09861228866811,0.0015185327703821346,1,1,1382,346
fujigaki,fujigaki,藤垣裕子,candidate,analysis_term_no_stopwords,精度,0.000723589001447178,2.09861228866811,0.0015185327703821346,1,1,1382,347
fujigaki,fujigaki,藤垣裕子,candidate,analysis_term_no_stopwords,紛れ,0.000723589001447178,2.09861228866811,0.0015185327703821346,1,1,1382,348
fujigaki,fujigaki,藤垣裕子,candidate,analysis_term_no_stopwords,経つ,0.000723589001447178,2.09861228866811,0.0015185327703821346,1,1,1382,349
fujigaki,fujigaki,藤垣裕子,candidate,analysis_term_no_stopwords,経費,0.000723589001447178,2.09861228866811,0.0015185327703821346,1,1,1382,350
fujigaki,fujigaki,藤垣裕子,candidate,analysis_term_no_stopwords,緊迫,0.000723589001447178,2.09861228866811,0.0015185327703821346,1,1,1382,351
fujigaki,fujigaki,藤垣裕子,candidate,analysis_term_no_stopwords,繋がり,0.000723589001447178,2.09861228866811,0.0015185327703821346,1,1,1382,352
fujigaki,fujigaki,藤垣裕子,candidate,analysis_term_no_stopwords,習得,0.000723589001447178,2.09861228866811,0.0015185327703821346,1,1,1382,353
fujigaki,fujigaki,藤垣裕子,candidate,analysis_term_no_stopwords,聞く,0.000723589001447178,2.09861228866811,0.0015185327703821346,1,1,1382,354
fujigaki,fujigaki,藤垣裕子,candidate,analysis_term_no_stopwords,自体,0.000723589001447178,2.09861228866811,0.0015185327703821346,1,1,1382,355
fujigaki,fujigaki,藤垣裕子,candidate,analysis_term_no_stopwords,落ちる,0.000723589001447178,2.09861228866811,0.0015185327703821346,1,1,1382,356
fujigaki,fujigaki,藤垣裕子,candidate,analysis_term_no_stopwords,著作,0.000723589001447178,2.09861228866811,0.0015185327703821346,1,1,1382,357
fujigaki,fujigaki,藤垣裕子,candidate,analysis_term_no_stopwords,行動,0.000723589001447178,2.09861228866811,0.0015185327703821346,1,1,1382,358
fujigaki,fujigaki,藤垣裕子,candidate,analysis_term_no_stopwords,裂く,0.000723589001447178,2.09861228866811,0.0015185327703821346,1,1,1382,359
fujigaki,fujigaki,藤垣裕子,candidate,analysis_term_no_stopwords,要,0.000723589001447178,2.09861228866811,0.0015185327703821346,1,1,1382,360
fujigaki,fujigaki,藤垣裕子,candidate,analysis_term_no_stopwords,見える,0.000723589001447178,2.09861228866811,0.0015185327703821346,1,1,1382,361
fujigaki,fujigaki,藤垣裕子,candidate,analysis_term_no_stopwords,見なす,0.000723589001447178,2.09861228866811,0.0015185327703821346,1,1,1382,362
fujigaki,fujigaki,藤垣裕子,candidate,analysis_term_no_stopwords,見地,0.000723589001447178,2.09861228866811,0.0015185327703821346,1,1,1382,363
fujigaki,fujigaki,藤垣裕子,candidate,analysis_term_no_stopwords,見失う,0.000723589001447178,2.09861228866811,0.0015185327703821346,1,1,1382,364
fujigaki,fujigaki,藤垣裕子,candidate,analysis_term_no_stopwords,見定め,0.000723589001447178,2.09861228866811,0.0015185327703821346,1,1,1382,365
fujigaki,fujigaki,藤垣裕子,candidate,analysis_term_no_stopwords,見解,0.000723589001447178,2.09861228866811,0.0015185327703821346,1,1,1382,366
fujigaki,fujigaki,藤垣裕子,candidate,analysis_term_no_stopwords,見込み,0.000723589001447178,2.09861228866811,0.0015185327703821346,1,1,1382,367
fujigaki,fujigaki,藤垣裕子,candidate,analysis_term_no_stopwords,視座,0.000723589001447178,2.09861228866811,0.0015185327703821346,1,1,1382,368
fujigaki,fujigaki,藤垣裕子,candidate,analysis_term_no_stopwords,角度,0.000723589001447178,2.09861228866811,0.0015185327703821346,1,1,1382,369
fujigaki,fujigaki,藤垣裕子,candidate,analysis_term_no_stopwords,解放,0.000723589001447178,2.09861228866811,0.0015185327703821346,1,1,1382,370
fujigaki,fujigaki,藤垣裕子,candidate,analysis_term_no_stopwords,解法,0.000723589001447178,2.09861228866811,0.0015185327703821346,1,1,1382,371
fujigaki,fujigaki,藤垣裕子,candidate,analysis_term_no_stopwords,記す,0.000723589001447178,2.09861228866811,0.0015185327703821346,1,1,1382,372
fujigaki,fujigaki,藤垣裕子,candidate,analysis_term_no_stopwords,訳す,0.000723589001447178,2.09861228866811,0.0015185327703821346,1,1,1382,373
fujigaki,fujigaki,藤垣裕子,candidate,analysis_term_no_stopwords,資料,0.000723589001447178,2.09861228866811,0.0015185327703821346,1,1,1382,374
fujigaki,fujigaki,藤垣裕子,candidate,analysis_term_no_stopwords,起こす,0.000723589001447178,2.09861228866811,0.0015185327703821346,1,1,1382,375
fujigaki,fujigaki,藤垣裕子,candidate,analysis_term_no_stopwords,近く,0.000723589001447178,2.09861228866811,0.0015185327703821346,1,1,1382,376
fujigaki,fujigaki,藤垣裕子,candidate,analysis_term_no_stopwords,通す,0.000723589001447178,2.09861228866811,0.0015185327703821346,1,1,1382,377
fujigaki,fujigaki,藤垣裕子,candidate,analysis_term_no_stopwords,通常,0.000723589001447178,2.09861228866811,0.0015185327703821346,1,1,1382,378
fujigaki,fujigaki,藤垣裕子,candidate,analysis_term_no_stopwords,逼迫,0.000723589001447178,2.09861228866811,0.0015185327703821346,1,1,1382,379
fujigaki,fujigaki,藤垣裕子,candidate,analysis_term_no_stopwords,長年,0.000723589001447178,2.09861228866811,0.0015185327703821346,1,1,1382,380
fujigaki,fujigaki,藤垣裕子,candidate,analysis_term_no_stopwords,開催,0.000723589001447178,2.09861228866811,0.0015185327703821346,1,1,1382,381
fujigaki,fujigaki,藤垣裕子,candidate,analysis_term_no_stopwords,集める,0.000723589001447178,2.09861228866811,0.0015185327703821346,1,1,1382,382
fujigaki,fujigaki,藤垣裕子,candidate,analysis_term_no_stopwords,震災,0.000723589001447178,2.09861228866811,0.0015185327703821346,1,1,1382,383
fujigaki,fujigaki,藤垣裕子,candidate,analysis_term_no_stopwords,頭,0.000723589001447178,2.09861228866811,0.0015185327703821346,1,1,1382,384
fujigaki,fujigaki,藤垣裕子,candidate,analysis_term_no_stopwords,因る,0.001447178002894356,1.0,0.001447178002894356,2,5,1382,385
fujigaki,fujigaki,藤垣裕子,candidate,analysis_term_no_stopwords,基礎,0.001447178002894356,1.0,0.001447178002894356,2,5,1382,386
fujigaki,fujigaki,藤垣裕子,candidate,analysis_term_no_stopwords,対する,0.001447178002894356,1.0,0.001447178002894356,2,5,1382,387
fujigaki,fujigaki,藤垣裕子,candidate,analysis_term_no_stopwords,本部,0.001447178002894356,1.0,0.001447178002894356,2,5,1382,388
fujigaki,fujigaki,藤垣裕子,candidate,analysis_term_no_stopwords,活動,0.001447178002894356,1.0,0.001447178002894356,2,5,1382,389
fujigaki,fujigaki,藤垣裕子,candidate,analysis_term_no_stopwords,生み出す,0.001447178002894356,1.0,0.001447178002894356,2,5,1382,390
fujigaki,fujigaki,藤垣裕子,candidate,analysis_term_no_stopwords,運営,0.001447178002894356,1.0,0.001447178002894356,2,5,1382,391
fujigaki,fujigaki,藤垣裕子,candidate,analysis_term_no_stopwords,間,0.001447178002894356,1.0,0.001447178002894356,2,5,1382,392
fujigaki,fujigaki,藤垣裕子,candidate,analysis_term_no_stopwords,college,0.000723589001447178,1.6931471805599454,0.0012251426776844756,1,2,1382,393
fujigaki,fujigaki,藤垣裕子,candidate,analysis_term_no_stopwords,design,0.000723589001447178,1.6931471805599454,0.0012251426776844756,1,2,1382,394
fujigaki,fujigaki,藤垣裕子,candidate,analysis_term_no_stopwords,global,0.000723589001447178,1.6931471805599454,0.0012251426776844756,1,2,1382,395
fujigaki,fujigaki,藤垣裕子,candidate,analysis_term_no_stopwords,research,0.000723589001447178,1.6931471805599454,0.0012251426776844756,1,2,1382,396
fujigaki,fujigaki,藤垣裕子,candidate,analysis_term_no_stopwords,world,0.000723589001447178,1.6931471805599454,0.0012251426776844756,1,2,1382,397
fujigaki,fujigaki,藤垣裕子,candidate,analysis_term_no_stopwords,アイディア-idea,0.000723589001447178,1.6931471805599454,0.0012251426776844756,1,2,1382,398
fujigaki,fujigaki,藤垣裕子,candidate,analysis_term_no_stopwords,アカデミア-academia,0.000723589001447178,1.6931471805599454,0.0012251426776844756,1,2,1382,399
fujigaki,fujigaki,藤垣裕子,candidate,analysis_term_no_stopwords,キャンパス-campus,0.000723589001447178,1.6931471805599454,0.0012251426776844756,1,2,1382,400
fujigaki,fujigaki,藤垣裕子,candidate,analysis_term_no_stopwords,スタートアップ-start-up,0.000723589001447178,1.6931471805599454,0.0012251426776844756,1,2,1382,401
fujigaki,fujigaki,藤垣裕子,candidate,analysis_term_no_stopwords,ネットワーク-network,0.000723589001447178,1.6931471805599454,0.0012251426776844756,1,2,1382,402
fujigaki,fujigaki,藤垣裕子,candidate,analysis_term_no_stopwords,プレゼンス-presence,0.000723589001447178,1.6931471805599454,0.0012251426776844756,1,2,1382,403
fujigaki,fujigaki,藤垣裕子,candidate,analysis_term_no_stopwords,マネージメント-management,0.000723589001447178,1.6931471805599454,0.0012251426776844756,1,2,1382,404
fujigaki,fujigaki,藤垣裕子,candidate,analysis_term_no_stopwords,リカレント-recurrent,0.000723589001447178,1.6931471805599454,0.0012251426776844756,1,2,1382,405
fujigaki,fujigaki,藤垣裕子,candidate,analysis_term_no_stopwords,不安,0.000723589001447178,1.6931471805599454,0.0012251426776844756,1,2,1382,406
fujigaki,fujigaki,藤垣裕子,candidate,analysis_term_no_stopwords,与える,0.000723589001447178,1.6931471805599454,0.0012251426776844756,1,2,1382,407
fujigaki,fujigaki,藤垣裕子,candidate,analysis_term_no_stopwords,主義,0.000723589001447178,1.6931471805599454,0.0012251426776844756,1,2,1382,408
fujigaki,fujigaki,藤垣裕子,candidate,analysis_term_no_stopwords,今,0.000723589001447178,1.6931471805599454,0.0012251426776844756,1,2,1382,409
fujigaki,fujigaki,藤垣裕子,candidate,analysis_term_no_stopwords,付属,0.000723589001447178,1.6931471805599454,0.0012251426776844756,1,2,1382,410
fujigaki,fujigaki,藤垣裕子,candidate,analysis_term_no_stopwords,代表,0.000723589001447178,1.6931471805599454,0.0012251426776844756,1,2,1382,411
fujigaki,fujigaki,藤垣裕子,candidate,analysis_term_no_stopwords,体,0.000723589001447178,1.6931471805599454,0.0012251426776844756,1,2,1382,412
fujigaki,fujigaki,藤垣裕子,candidate,analysis_term_no_stopwords,体系,0.000723589001447178,1.6931471805599454,0.0012251426776844756,1,2,1382,413
fujigaki,fujigaki,藤垣裕子,candidate,analysis_term_no_stopwords,作り込む,0.000723589001447178,1.6931471805599454,0.0012251426776844756,1,2,1382,414
fujigaki,fujigaki,藤垣裕子,candidate,analysis_term_no_stopwords,使う,0.000723589001447178,1.6931471805599454,0.0012251426776844756,1,2,1382,415
fujigaki,fujigaki,藤垣裕子,candidate,analysis_term_no_stopwords,保つ,0.000723589001447178,1.6931471805599454,0.0012251426776844756,1,2,1382,416
fujigaki,fujigaki,藤垣裕子,candidate,analysis_term_no_stopwords,倫理,0.000723589001447178,1.6931471805599454,0.0012251426776844756,1,2,1382,417
fujigaki,fujigaki,藤垣裕子,candidate,analysis_term_no_stopwords,先進,0.000723589001447178,1.6931471805599454,0.0012251426776844756,1,2,1382,418
fujigaki,fujigaki,藤垣裕子,candidate,analysis_term_no_stopwords,入れる,0.000723589001447178,1.6931471805599454,0.0012251426776844756,1,2,1382,419
fujigaki,fujigaki,藤垣裕子,candidate,analysis_term_no_stopwords,具体,0.000723589001447178,1.6931471805599454,0.0012251426776844756,1,2,1382,420
fujigaki,fujigaki,藤垣裕子,candidate,analysis_term_no_stopwords,出る,0.000723589001447178,1.6931471805599454,0.0012251426776844756,1,2,1382,421
fujigaki,fujigaki,藤垣裕子,candidate,analysis_term_no_stopwords,削ぐ,0.000723589001447178,1.6931471805599454,0.0012251426776844756,1,2,1382,422
fujigaki,fujigaki,藤垣裕子,candidate,analysis_term_no_stopwords,前期,0.000723589001447178,1.6931471805599454,0.0012251426776844756,1,2,1382,423
fujigaki,fujigaki,藤垣裕子,candidate,analysis_term_no_stopwords,労働,0.000723589001447178,1.6931471805599454,0.0012251426776844756,1,2,1382,424
fujigaki,fujigaki,藤垣裕子,candidate,analysis_term_no_stopwords,反映,0.000723589001447178,1.6931471805599454,0.0012251426776844756,1,2,1382,425
fujigaki,fujigaki,藤垣裕子,candidate,analysis_term_no_stopwords,取り除く,0.000723589001447178,1.6931471805599454,0.0012251426776844756,1,2,1382,426
fujigaki,fujigaki,藤垣裕子,candidate,analysis_term_no_stopwords,取れる,0.000723589001447178,1.6931471805599454,0.0012251426776844756,1,2,1382,427
fujigaki,fujigaki,藤垣裕子,candidate,analysis_term_no_stopwords,可視,0.000723589001447178,1.6931471805599454,0.0012251426776844756,1,2,1382,428
fujigaki,fujigaki,藤垣裕子,candidate,analysis_term_no_stopwords,同僚,0.000723589001447178,1.6931471805599454,0.0012251426776844756,1,2,1382,429
fujigaki,fujigaki,藤垣裕子,candidate,analysis_term_no_stopwords,問い,0.000723589001447178,1.6931471805599454,0.0012251426776844756,1,2,1382,430
fujigaki,fujigaki,藤垣裕子,candidate,analysis_term_no_stopwords,国内外,0.000723589001447178,1.6931471805599454,0.0012251426776844756,1,2,1382,431
fujigaki,fujigaki,藤垣裕子,candidate,analysis_term_no_stopwords,国民,0.000723589001447178,1.6931471805599454,0.0012251426776844756,1,2,1382,432
fujigaki,fujigaki,藤垣裕子,candidate,analysis_term_no_stopwords,基金,0.000723589001447178,1.6931471805599454,0.0012251426776844756,1,2,1382,433
fujigaki,fujigaki,藤垣裕子,candidate,analysis_term_no_stopwords,委員,0.000723589001447178,1.6931471805599454,0.0012251426776844756,1,2,1382,434
fujigaki,fujigaki,藤垣裕子,candidate,analysis_term_no_stopwords,学習,0.000723589001447178,1.6931471805599454,0.0012251426776844756,1,2,1382,435
fujigaki,fujigaki,藤垣裕子,candidate,analysis_term_no_stopwords,定義,0.000723589001447178,1.6931471805599454,0.0012251426776844756,1,2,1382,436
fujigaki,fujigaki,藤垣裕子,candidate,analysis_term_no_stopwords,当てる,0.000723589001447178,1.6931471805599454,0.0012251426776844756,1,2,1382,437
fujigaki,fujigaki,藤垣裕子,candidate,analysis_term_no_stopwords,待つ,0.000723589001447178,1.6931471805599454,0.0012251426776844756,1,2,1382,438
fujigaki,fujigaki,藤垣裕子,candidate,analysis_term_no_stopwords,後期,0.000723589001447178,1.6931471805599454,0.0012251426776844756,1,2,1382,439
fujigaki,fujigaki,藤垣裕子,candidate,analysis_term_no_stopwords,必須,0.000723589001447178,1.6931471805599454,0.0012251426776844756,1,2,1382,440
fujigaki,fujigaki,藤垣裕子,candidate,analysis_term_no_stopwords,忘れる,0.000723589001447178,1.6931471805599454,0.0012251426776844756,1,2,1382,441
fujigaki,fujigaki,藤垣裕子,candidate,analysis_term_no_stopwords,応用,0.000723589001447178,1.6931471805599454,0.0012251426776844756,1,2,1382,442
fujigaki,fujigaki,藤垣裕子,candidate,analysis_term_no_stopwords,患者,0.000723589001447178,1.6931471805599454,0.0012251426776844756,1,2,1382,443
fujigaki,fujigaki,藤垣裕子,candidate,analysis_term_no_stopwords,意味,0.000723589001447178,1.6931471805599454,0.0012251426776844756,1,2,1382,444
fujigaki,fujigaki,藤垣裕子,candidate,analysis_term_no_stopwords,拠点,0.000723589001447178,1.6931471805599454,0.0012251426776844756,1,2,1382,445
fujigaki,fujigaki,藤垣裕子,candidate,analysis_term_no_stopwords,指導,0.000723589001447178,1.6931471805599454,0.0012251426776844756,1,2,1382,446
fujigaki,fujigaki,藤垣裕子,candidate,analysis_term_no_stopwords,指摘,0.000723589001447178,1.6931471805599454,0.0012251426776844756,1,2,1382,447
fujigaki,fujigaki,藤垣裕子,candidate,analysis_term_no_stopwords,指標,0.000723589001447178,1.6931471805599454,0.0012251426776844756,1,2,1382,448
fujigaki,fujigaki,藤垣裕子,candidate,analysis_term_no_stopwords,数,0.000723589001447178,1.6931471805599454,0.0012251426776844756,1,2,1382,449
fujigaki,fujigaki,藤垣裕子,candidate,analysis_term_no_stopwords,方針,0.000723589001447178,1.6931471805599454,0.0012251426776844756,1,2,1382,450
fujigaki,fujigaki,藤垣裕子,candidate,analysis_term_no_stopwords,施策,0.000723589001447178,1.6931471805599454,0.0012251426776844756,1,2,1382,451
fujigaki,fujigaki,藤垣裕子,candidate,analysis_term_no_stopwords,根拠,0.000723589001447178,1.6931471805599454,0.0012251426776844756,1,2,1382,452
fujigaki,fujigaki,藤垣裕子,candidate,analysis_term_no_stopwords,梶,0.000723589001447178,1.6931471805599454,0.0012251426776844756,1,2,1382,453
fujigaki,fujigaki,藤垣裕子,candidate,analysis_term_no_stopwords,概念,0.000723589001447178,1.6931471805599454,0.0012251426776844756,1,2,1382,454
fujigaki,fujigaki,藤垣裕子,candidate,analysis_term_no_stopwords,欧米,0.000723589001447178,1.6931471805599454,0.0012251426776844756,1,2,1382,455
fujigaki,fujigaki,藤垣裕子,candidate,analysis_term_no_stopwords,洞察,0.000723589001447178,1.6931471805599454,0.0012251426776844756,1,2,1382,456
fujigaki,fujigaki,藤垣裕子,candidate,analysis_term_no_stopwords,準備,0.000723589001447178,1.6931471805599454,0.0012251426776844756,1,2,1382,457
fujigaki,fujigaki,藤垣裕子,candidate,analysis_term_no_stopwords,牽引,0.000723589001447178,1.6931471805599454,0.0012251426776844756,1,2,1382,458
fujigaki,fujigaki,藤垣裕子,candidate,analysis_term_no_stopwords,理由,0.000723589001447178,1.6931471805599454,0.0012251426776844756,1,2,1382,459
fujigaki,fujigaki,藤垣裕子,candidate,analysis_term_no_stopwords,申請,0.000723589001447178,1.6931471805599454,0.0012251426776844756,1,2,1382,460
fujigaki,fujigaki,藤垣裕子,candidate,analysis_term_no_stopwords,発表,0.000723589001447178,1.6931471805599454,0.0012251426776844756,1,2,1382,461
fujigaki,fujigaki,藤垣裕子,candidate,analysis_term_no_stopwords,知る,0.000723589001447178,1.6931471805599454,0.0012251426776844756,1,2,1382,462
fujigaki,fujigaki,藤垣裕子,candidate,analysis_term_no_stopwords,積極,0.000723589001447178,1.6931471805599454,0.0012251426776844756,1,2,1382,463
fujigaki,fujigaki,藤垣裕子,candidate,analysis_term_no_stopwords,立場,0.000723589001447178,1.6931471805599454,0.0012251426776844756,1,2,1382,464
fujigaki,fujigaki,藤垣裕子,candidate,analysis_term_no_stopwords,置く,0.000723589001447178,1.6931471805599454,0.0012251426776844756,1,2,1382,465
fujigaki,fujigaki,藤垣裕子,candidate,analysis_term_no_stopwords,考慮,0.000723589001447178,1.6931471805599454,0.0012251426776844756,1,2,1382,466
fujigaki,fujigaki,藤垣裕子,candidate,analysis_term_no_stopwords,衰退,0.000723589001447178,1.6931471805599454,0.0012251426776844756,1,2,1382,467
fujigaki,fujigaki,藤垣裕子,candidate,analysis_term_no_stopwords,訳,0.000723589001447178,1.6931471805599454,0.0012251426776844756,1,2,1382,468
fujigaki,fujigaki,藤垣裕子,candidate,analysis_term_no_stopwords,説く,0.000723589001447178,1.6931471805599454,0.0012251426776844756,1,2,1382,469
fujigaki,fujigaki,藤垣裕子,candidate,analysis_term_no_stopwords,説得,0.000723589001447178,1.6931471805599454,0.0012251426776844756,1,2,1382,470
fujigaki,fujigaki,藤垣裕子,candidate,analysis_term_no_stopwords,講ずる,0.000723589001447178,1.6931471805599454,0.0012251426776844756,1,2,1382,471
fujigaki,fujigaki,藤垣裕子,candidate,analysis_term_no_stopwords,負託,0.000723589001447178,1.6931471805599454,0.0012251426776844756,1,2,1382,472
fujigaki,fujigaki,藤垣裕子,candidate,analysis_term_no_stopwords,距離,0.000723589001447178,1.6931471805599454,0.0012251426776844756,1,2,1382,473
fujigaki,fujigaki,藤垣裕子,candidate,analysis_term_no_stopwords,違い,0.000723589001447178,1.6931471805599454,0.0012251426776844756,1,2,1382,474
fujigaki,fujigaki,藤垣裕子,candidate,analysis_term_no_stopwords,避ける,0.000723589001447178,1.6931471805599454,0.0012251426776844756,1,2,1382,475
fujigaki,fujigaki,藤垣裕子,candidate,analysis_term_no_stopwords,邁進,0.000723589001447178,1.6931471805599454,0.0012251426776844756,1,2,1382,476
fujigaki,fujigaki,藤垣裕子,candidate,analysis_term_no_stopwords,部門,0.000723589001447178,1.6931471805599454,0.0012251426776844756,1,2,1382,477
fujigaki,fujigaki,藤垣裕子,candidate,analysis_term_no_stopwords,間接,0.000723589001447178,1.6931471805599454,0.0012251426776844756,1,2,1382,478
fujigaki,fujigaki,藤垣裕子,candidate,analysis_term_no_stopwords,顕在,0.000723589001447178,1.6931471805599454,0.0012251426776844756,1,2,1382,479
fujigaki,fujigaki,藤垣裕子,candidate,analysis_term_no_stopwords,utokyo,0.000723589001447178,1.4054651081081644,0.0010169790941448368,1,3,1382,480
fujigaki,fujigaki,藤垣裕子,candidate,analysis_term_no_stopwords,エンダウメント,0.000723589001447178,1.4054651081081644,0.0010169790941448368,1,3,1382,481
fujigaki,fujigaki,藤垣裕子,candidate,analysis_term_no_stopwords,一方,0.000723589001447178,1.4054651081081644,0.0010169790941448368,1,3,1382,482
fujigaki,fujigaki,藤垣裕子,candidate,analysis_term_no_stopwords,上げる,0.000723589001447178,1.4054651081081644,0.0010169790941448368,1,3,1382,483
fujigaki,fujigaki,藤垣裕子,candidate,analysis_term_no_stopwords,中堅,0.000723589001447178,1.4054651081081644,0.0010169790941448368,1,3,1382,484
fujigaki,fujigaki,藤垣裕子,candidate,analysis_term_no_stopwords,二,0.000723589001447178,1.4054651081081644,0.0010169790941448368,1,3,1382,485
fujigaki,fujigaki,藤垣裕子,candidate,analysis_term_no_stopwords,人,0.000723589001447178,1.4054651081081644,0.0010169790941448368,1,3,1382,486
fujigaki,fujigaki,藤垣裕子,candidate,analysis_term_no_stopwords,以下,0.000723589001447178,1.4054651081081644,0.0010169790941448368,1,3,1382,487
fujigaki,fujigaki,藤垣裕子,candidate,analysis_term_no_stopwords,企業,0.000723589001447178,1.4054651081081644,0.0010169790941448368,1,3,1382,488
fujigaki,fujigaki,藤垣裕子,candidate,analysis_term_no_stopwords,作り,0.000723589001447178,1.4054651081081644,0.0010169790941448368,1,3,1382,489
fujigaki,fujigaki,藤垣裕子,candidate,analysis_term_no_stopwords,使命,0.000723589001447178,1.4054651081081644,0.0010169790941448368,1,3,1382,490
fujigaki,fujigaki,藤垣裕子,candidate,analysis_term_no_stopwords,優れる,0.000723589001447178,1.4054651081081644,0.0010169790941448368,1,3,1382,491
fujigaki,fujigaki,藤垣裕子,candidate,analysis_term_no_stopwords,共有,0.000723589001447178,1.4054651081081644,0.0010169790941448368,1,3,1382,492
fujigaki,fujigaki,藤垣裕子,candidate,analysis_term_no_stopwords,分析,0.000723589001447178,1.4054651081081644,0.0010169790941448368,1,3,1382,493
fujigaki,fujigaki,藤垣裕子,candidate,analysis_term_no_stopwords,前,0.000723589001447178,1.4054651081081644,0.0010169790941448368,1,3,1382,494
fujigaki,fujigaki,藤垣裕子,candidate,analysis_term_no_stopwords,向上,0.000723589001447178,1.4054651081081644,0.0010169790941448368,1,3,1382,495
fujigaki,fujigaki,藤垣裕子,candidate,analysis_term_no_stopwords,含める,0.000723589001447178,1.4054651081081644,0.0010169790941448368,1,3,1382,496
fujigaki,fujigaki,藤垣裕子,candidate,analysis_term_no_stopwords,固定,0.000723589001447178,1.4054651081081644,0.0010169790941448368,1,3,1382,497
fujigaki,fujigaki,藤垣裕子,candidate,analysis_term_no_stopwords,国内,0.000723589001447178,1.4054651081081644,0.0010169790941448368,1,3,1382,498
fujigaki,fujigaki,藤垣裕子,candidate,analysis_term_no_stopwords,増やす,0.000723589001447178,1.4054651081081644,0.0010169790941448368,1,3,1382,499
fujigaki,fujigaki,藤垣裕子,candidate,analysis_term_no_stopwords,奉仕,0.000723589001447178,1.4054651081081644,0.0010169790941448368,1,3,1382,500
fujigaki,fujigaki,藤垣裕子,candidate,analysis_term_no_stopwords,展開,0.000723589001447178,1.4054651081081644,0.0010169790941448368,1,3,1382,501
fujigaki,fujigaki,藤垣裕子,candidate,analysis_term_no_stopwords,常,0.000723589001447178,1.4054651081081644,0.0010169790941448368,1,3,1382,502
fujigaki,fujigaki,藤垣裕子,candidate,analysis_term_no_stopwords,強い,0.000723589001447178,1.4054651081081644,0.0010169790941448368,1,3,1382,503
fujigaki,fujigaki,藤垣裕子,candidate,analysis_term_no_stopwords,支える,0.000723589001447178,1.4054651081081644,0.0010169790941448368,1,3,1382,504
fujigaki,fujigaki,藤垣裕子,candidate,analysis_term_no_stopwords,政府,0.000723589001447178,1.4054651081081644,0.0010169790941448368,1,3,1382,505
fujigaki,fujigaki,藤垣裕子,candidate,analysis_term_no_stopwords,政策,0.000723589001447178,1.4054651081081644,0.0010169790941448368,1,3,1382,506
fujigaki,fujigaki,藤垣裕子,candidate,analysis_term_no_stopwords,方策,0.000723589001447178,1.4054651081081644,0.0010169790941448368,1,3,1382,507
fujigaki,fujigaki,藤垣裕子,candidate,analysis_term_no_stopwords,機関,0.000723589001447178,1.4054651081081644,0.0010169790941448368,1,3,1382,508
fujigaki,fujigaki,藤垣裕子,candidate,analysis_term_no_stopwords,次,0.000723589001447178,1.4054651081081644,0.0010169790941448368,1,3,1382,509
fujigaki,fujigaki,藤垣裕子,candidate,analysis_term_no_stopwords,民主,0.000723589001447178,1.4054651081081644,0.0010169790941448368,1,3,1382,510
fujigaki,fujigaki,藤垣裕子,candidate,analysis_term_no_stopwords,生成,0.000723589001447178,1.4054651081081644,0.0010169790941448368,1,3,1382,511
fujigaki,fujigaki,藤垣裕子,candidate,analysis_term_no_stopwords,異なる,0.000723589001447178,1.4054651081081644,0.0010169790941448368,1,3,1382,512
fujigaki,fujigaki,藤垣裕子,candidate,analysis_term_no_stopwords,発信,0.000723589001447178,1.4054651081081644,0.0010169790941448368,1,3,1382,513
fujigaki,fujigaki,藤垣裕子,candidate,analysis_term_no_stopwords,相互,0.000723589001447178,1.4054651081081644,0.0010169790941448368,1,3,1382,514
fujigaki,fujigaki,藤垣裕子,candidate,analysis_term_no_stopwords,知識,0.000723589001447178,1.4054651081081644,0.0010169790941448368,1,3,1382,515
fujigaki,fujigaki,藤垣裕子,candidate,analysis_term_no_stopwords,確保,0.000723589001447178,1.4054651081081644,0.0010169790941448368,1,3,1382,516
fujigaki,fujigaki,藤垣裕子,candidate,analysis_term_no_stopwords,結集,0.000723589001447178,1.4054651081081644,0.0010169790941448368,1,3,1382,517
fujigaki,fujigaki,藤垣裕子,candidate,analysis_term_no_stopwords,視野,0.000723589001447178,1.4054651081081644,0.0010169790941448368,1,3,1382,518
fujigaki,fujigaki,藤垣裕子,candidate,analysis_term_no_stopwords,設備,0.000723589001447178,1.4054651081081644,0.0010169790941448368,1,3,1382,519
fujigaki,fujigaki,藤垣裕子,candidate,analysis_term_no_stopwords,軸,0.000723589001447178,1.4054651081081644,0.0010169790941448368,1,3,1382,520
fujigaki,fujigaki,藤垣裕子,candidate,analysis_term_no_stopwords,進む,0.000723589001447178,1.4054651081081644,0.0010169790941448368,1,3,1382,521
fujigaki,fujigaki,藤垣裕子,candidate,analysis_term_no_stopwords,開く,0.000723589001447178,1.4054651081081644,0.0010169790941448368,1,3,1382,522
fujigaki,fujigaki,藤垣裕子,candidate,analysis_term_no_stopwords,関する,0.000723589001447178,1.4054651081081644,0.0010169790941448368,1,3,1382,523
fujigaki,fujigaki,藤垣裕子,candidate,analysis_term_no_stopwords,際,0.000723589001447178,1.4054651081081644,0.0010169790941448368,1,3,1382,524
fujigaki,fujigaki,藤垣裕子,candidate,analysis_term_no_stopwords,上,0.000723589001447178,1.1823215567939547,0.0008555148746700106,1,4,1382,525
fujigaki,fujigaki,藤垣裕子,candidate,analysis_term_no_stopwords,伸ばす,0.000723589001447178,1.1823215567939547,0.0008555148746700106,1,4,1382,526
fujigaki,fujigaki,藤垣裕子,candidate,analysis_term_no_stopwords,先端,0.000723589001447178,1.1823215567939547,0.0008555148746700106,1,4,1382,527
fujigaki,fujigaki,藤垣裕子,candidate,analysis_term_no_stopwords,全て,0.000723589001447178,1.1823215567939547,0.0008555148746700106,1,4,1382,528
fujigaki,fujigaki,藤垣裕子,candidate,analysis_term_no_stopwords,全体,0.000723589001447178,1.1823215567939547,0.0008555148746700106,1,4,1382,529
fujigaki,fujigaki,藤垣裕子,candidate,analysis_term_no_stopwords,公共,0.000723589001447178,1.1823215567939547,0.0008555148746700106,1,4,1382,530
fujigaki,fujigaki,藤垣裕子,candidate,analysis_term_no_stopwords,問う,0.000723589001447178,1.1823215567939547,0.0008555148746700106,1,4,1382,531
fujigaki,fujigaki,藤垣裕子,candidate,analysis_term_no_stopwords,地球,0.000723589001447178,1.1823215567939547,0.0008555148746700106,1,4,1382,532
fujigaki,fujigaki,藤垣裕子,candidate,analysis_term_no_stopwords,大きい,0.000723589001447178,1.1823215567939547,0.0008555148746700106,1,4,1382,533
fujigaki,fujigaki,藤垣裕子,candidate,analysis_term_no_stopwords,学問,0.000723589001447178,1.1823215567939547,0.0008555148746700106,1,4,1382,534
fujigaki,fujigaki,藤垣裕子,candidate,analysis_term_no_stopwords,寄付,0.000723589001447178,1.1823215567939547,0.0008555148746700106,1,4,1382,535
fujigaki,fujigaki,藤垣裕子,candidate,analysis_term_no_stopwords,成果,0.000723589001447178,1.1823215567939547,0.0008555148746700106,1,4,1382,536
fujigaki,fujigaki,藤垣裕子,candidate,analysis_term_no_stopwords,投資,0.000723589001447178,1.1823215567939547,0.0008555148746700106,1,4,1382,537
fujigaki,fujigaki,藤垣裕子,candidate,analysis_term_no_stopwords,推進,0.000723589001447178,1.1823215567939547,0.0008555148746700106,1,4,1382,538
fujigaki,fujigaki,藤垣裕子,candidate,analysis_term_no_stopwords,方向,0.000723589001447178,1.1823215567939547,0.0008555148746700106,1,4,1382,539
fujigaki,fujigaki,藤垣裕子,candidate,analysis_term_no_stopwords,構想,0.000723589001447178,1.1823215567939547,0.0008555148746700106,1,4,1382,540
fujigaki,fujigaki,藤垣裕子,candidate,analysis_term_no_stopwords,決定,0.000723589001447178,1.1823215567939547,0.0008555148746700106,1,4,1382,541
fujigaki,fujigaki,藤垣裕子,candidate,analysis_term_no_stopwords,活用,0.000723589001447178,1.1823215567939547,0.0008555148746700106,1,4,1382,542
fujigaki,fujigaki,藤垣裕子,candidate,analysis_term_no_stopwords,活躍,0.000723589001447178,1.1823215567939547,0.0008555148746700106,1,4,1382,543
fujigaki,fujigaki,藤垣裕子,candidate,analysis_term_no_stopwords,深い,0.000723589001447178,1.1823215567939547,0.0008555148746700106,1,4,1382,544
fujigaki,fujigaki,藤垣裕子,candidate,analysis_term_no_stopwords,現状,0.000723589001447178,1.1823215567939547,0.0008555148746700106,1,4,1382,545
fujigaki,fujigaki,藤垣裕子,candidate,analysis_term_no_stopwords,留まる,0.000723589001447178,1.1823215567939547,0.0008555148746700106,1,4,1382,546
fujigaki,fujigaki,藤垣裕子,candidate,analysis_term_no_stopwords,築く,0.000723589001447178,1.1823215567939547,0.0008555148746700106,1,4,1382,547
fujigaki,fujigaki,藤垣裕子,candidate,analysis_term_no_stopwords,経験,0.000723589001447178,1.1823215567939547,0.0008555148746700106,1,4,1382,548
fujigaki,fujigaki,藤垣裕子,candidate,analysis_term_no_stopwords,繋がる,0.000723589001447178,1.1823215567939547,0.0008555148746700106,1,4,1382,549
fujigaki,fujigaki,藤垣裕子,candidate,analysis_term_no_stopwords,繋ぐ,0.000723589001447178,1.1823215567939547,0.0008555148746700106,1,4,1382,550
fujigaki,fujigaki,藤垣裕子,candidate,analysis_term_no_stopwords,課程,0.000723589001447178,1.1823215567939547,0.0008555148746700106,1,4,1382,551
fujigaki,fujigaki,藤垣裕子,candidate,analysis_term_no_stopwords,財政,0.000723589001447178,1.1823215567939547,0.0008555148746700106,1,4,1382,552
fujigaki,fujigaki,藤垣裕子,candidate,analysis_term_no_stopwords,通ずる,0.000723589001447178,1.1823215567939547,0.0008555148746700106,1,4,1382,553
fujigaki,fujigaki,藤垣裕子,candidate,analysis_term_no_stopwords,関係,0.000723589001447178,1.1823215567939547,0.0008555148746700106,1,4,1382,554
fujigaki,fujigaki,藤垣裕子,candidate,analysis_term_no_stopwords,人材,0.000723589001447178,1.0,0.000723589001447178,1,5,1382,555
fujigaki,fujigaki,藤垣裕子,candidate,analysis_term_no_stopwords,創造,0.000723589001447178,1.0,0.000723589001447178,1,5,1382,556
fujigaki,fujigaki,藤垣裕子,candidate,analysis_term_no_stopwords,加える,0.000723589001447178,1.0,0.000723589001447178,1,5,1382,557
fujigaki,fujigaki,藤垣裕子,candidate,analysis_term_no_stopwords,向ける,0.000723589001447178,1.0,0.000723589001447178,1,5,1382,558
fujigaki,fujigaki,藤垣裕子,candidate,analysis_term_no_stopwords,基づく,0.000723589001447178,1.0,0.000723589001447178,1,5,1382,559
fujigaki,fujigaki,藤垣裕子,candidate,analysis_term_no_stopwords,専門,0.000723589001447178,1.0,0.000723589001447178,1,5,1382,560
fujigaki,fujigaki,藤垣裕子,candidate,analysis_term_no_stopwords,担う,0.000723589001447178,1.0,0.000723589001447178,1,5,1382,561
fujigaki,fujigaki,藤垣裕子,candidate,analysis_term_no_stopwords,支援,0.000723589001447178,1.0,0.000723589001447178,1,5,1382,562
fujigaki,fujigaki,藤垣裕子,candidate,analysis_term_no_stopwords,改革,0.000723589001447178,1.0,0.000723589001447178,1,5,1382,563
fujigaki,fujigaki,藤垣裕子,candidate,analysis_term_no_stopwords,教員,0.000723589001447178,1.0,0.000723589001447178,1,5,1382,564
fujigaki,fujigaki,藤垣裕子,candidate,analysis_term_no_stopwords,理解,0.000723589001447178,1.0,0.000723589001447178,1,5,1382,565
fujigaki,fujigaki,藤垣裕子,candidate,analysis_term_no_stopwords,自由,0.000723589001447178,1.0,0.000723589001447178,1,5,1382,566
fujigaki,fujigaki,藤垣裕子,candidate,analysis_term_no_stopwords,行う,0.000723589001447178,1.0,0.000723589001447178,1,5,1382,567
fujigaki,fujigaki,藤垣裕子,candidate,analysis_term_no_stopwords,課題,0.000723589001447178,1.0,0.000723589001447178,1,5,1382,568
fujigaki,fujigaki,藤垣裕子,candidate,analysis_term_no_stopwords,部局,0.000723589001447178,1.0,0.000723589001447178,1,5,1382,569
ohkoshi,ohkoshi,大越慎一,candidate,analysis_term_no_stopwords,為る,0.07152682255845942,1.0,0.07152682255845942,52,5,727,1
ohkoshi,ohkoshi,大越慎一,candidate,analysis_term_no_stopwords,有る,0.026134800550206328,1.0,0.026134800550206328,19,5,727,2
ohkoshi,ohkoshi,大越慎一,candidate,analysis_term_no_stopwords,世界,0.016506189821182942,1.0,0.016506189821182942,12,5,727,3
ohkoshi,ohkoshi,大越慎一,candidate,analysis_term_no_stopwords,トウキョウ,0.012379642365887207,1.0,0.012379642365887207,9,5,727,4
ohkoshi,ohkoshi,大越慎一,candidate,analysis_term_no_stopwords,因る,0.012379642365887207,1.0,0.012379642365887207,9,5,727,5
ohkoshi,ohkoshi,大越慎一,candidate,analysis_term_no_stopwords,社会,0.012379642365887207,1.0,0.012379642365887207,9,5,727,6
ohkoshi,ohkoshi,大越慎一,candidate,analysis_term_no_stopwords,学知,0.0068775790921595595,1.6931471805599454,0.011644753648967988,5,2,727,7
ohkoshi,ohkoshi,大越慎一,candidate,analysis_term_no_stopwords,産,0.0068775790921595595,1.6931471805599454,0.011644753648967988,5,2,727,8
ohkoshi,ohkoshi,大越慎一,candidate,analysis_term_no_stopwords,価値,0.008253094910591471,1.4054651081081644,0.011599436930741383,6,3,727,9
ohkoshi,ohkoshi,大越慎一,candidate,analysis_term_no_stopwords,共同,0.005502063273727648,2.09861228866811,0.011546697599274333,4,1,727,10
ohkoshi,ohkoshi,大越慎一,candidate,analysis_term_no_stopwords,新設,0.005502063273727648,2.09861228866811,0.011546697599274333,4,1,727,11
ohkoshi,ohkoshi,大越慎一,candidate,analysis_term_no_stopwords,創造,0.011004126547455296,1.0,0.011004126547455296,8,5,727,12
ohkoshi,ohkoshi,大越慎一,candidate,analysis_term_no_stopwords,国際,0.011004126547455296,1.0,0.011004126547455296,8,5,727,13
ohkoshi,ohkoshi,大越慎一,candidate,analysis_term_no_stopwords,為,0.011004126547455296,1.0,0.011004126547455296,8,5,727,14
ohkoshi,ohkoshi,大越慎一,candidate,analysis_term_no_stopwords,技術,0.008253094910591471,1.1823215567939547,0.009757812023058773,6,4,727,15
ohkoshi,ohkoshi,大越慎一,candidate,analysis_term_no_stopwords,構築,0.008253094910591471,1.1823215567939547,0.009757812023058773,6,4,727,16
ohkoshi,ohkoshi,大越慎一,candidate,analysis_term_no_stopwords,部,0.008253094910591471,1.1823215567939547,0.009757812023058773,6,4,727,17
ohkoshi,ohkoshi,大越慎一,candidate,analysis_term_no_stopwords,事,0.009628610729023384,1.0,0.009628610729023384,7,5,727,18
ohkoshi,ohkoshi,大越慎一,candidate,analysis_term_no_stopwords,学生,0.009628610729023384,1.0,0.009628610729023384,7,5,727,19
ohkoshi,ohkoshi,大越慎一,candidate,analysis_term_no_stopwords,gx,0.0041265474552957355,2.09861228866811,0.008660023199455748,3,1,727,20
ohkoshi,ohkoshi,大越慎一,candidate,analysis_term_no_stopwords,博士,0.0041265474552957355,2.09861228866811,0.008660023199455748,3,1,727,21
ohkoshi,ohkoshi,大越慎一,candidate,analysis_term_no_stopwords,資産,0.0041265474552957355,2.09861228866811,0.008660023199455748,3,1,727,22
ohkoshi,ohkoshi,大越慎一,candidate,analysis_term_no_stopwords,人材,0.008253094910591471,1.0,0.008253094910591471,6,5,727,23
ohkoshi,ohkoshi,大越慎一,candidate,analysis_term_no_stopwords,居る,0.008253094910591471,1.0,0.008253094910591471,6,5,727,24
ohkoshi,ohkoshi,大越慎一,candidate,analysis_term_no_stopwords,於く,0.008253094910591471,1.0,0.008253094910591471,6,5,727,25
ohkoshi,ohkoshi,大越慎一,candidate,analysis_term_no_stopwords,科学,0.008253094910591471,1.0,0.008253094910591471,6,5,727,26
ohkoshi,ohkoshi,大越慎一,candidate,analysis_term_no_stopwords,連携,0.008253094910591471,1.0,0.008253094910591471,6,5,727,27
ohkoshi,ohkoshi,大越慎一,candidate,analysis_term_no_stopwords,基盤,0.0068775790921595595,1.1823215567939547,0.008131510019215644,5,4,727,28
ohkoshi,ohkoshi,大越慎一,candidate,analysis_term_no_stopwords,考える,0.0068775790921595595,1.1823215567939547,0.008131510019215644,5,4,727,29
ohkoshi,ohkoshi,大越慎一,candidate,analysis_term_no_stopwords,wings,0.0041265474552957355,1.6931471805599454,0.006986852189380792,3,2,727,30
ohkoshi,ohkoshi,大越慎一,candidate,analysis_term_no_stopwords,教職員,0.0041265474552957355,1.6931471805599454,0.006986852189380792,3,2,727,31
ohkoshi,ohkoshi,大越慎一,candidate,analysis_term_no_stopwords,繋げる,0.0041265474552957355,1.6931471805599454,0.006986852189380792,3,2,727,32
ohkoshi,ohkoshi,大越慎一,candidate,analysis_term_no_stopwords,設置,0.0041265474552957355,1.6931471805599454,0.006986852189380792,3,2,727,33
ohkoshi,ohkoshi,大越慎一,candidate,analysis_term_no_stopwords,分野,0.0068775790921595595,1.0,0.0068775790921595595,5,5,727,34
ohkoshi,ohkoshi,大越慎一,candidate,analysis_term_no_stopwords,専門,0.0068775790921595595,1.0,0.0068775790921595595,5,5,727,35
ohkoshi,ohkoshi,大越慎一,candidate,analysis_term_no_stopwords,成る,0.0068775790921595595,1.0,0.0068775790921595595,5,5,727,36
ohkoshi,ohkoshi,大越慎一,candidate,analysis_term_no_stopwords,支援,0.0068775790921595595,1.0,0.0068775790921595595,5,5,727,37
ohkoshi,ohkoshi,大越慎一,candidate,analysis_term_no_stopwords,無い,0.0068775790921595595,1.0,0.0068775790921595595,5,5,727,38
ohkoshi,ohkoshi,大越慎一,candidate,analysis_term_no_stopwords,充実,0.005502063273727648,1.1823215567939547,0.006505208015372515,4,4,727,39
ohkoshi,ohkoshi,大越慎一,candidate,analysis_term_no_stopwords,寄付,0.005502063273727648,1.1823215567939547,0.006505208015372515,4,4,727,40
ohkoshi,ohkoshi,大越慎一,candidate,analysis_term_no_stopwords,海外,0.005502063273727648,1.1823215567939547,0.006505208015372515,4,4,727,41
ohkoshi,ohkoshi,大越慎一,candidate,analysis_term_no_stopwords,育成,0.005502063273727648,1.1823215567939547,0.006505208015372515,4,4,727,42
ohkoshi,ohkoshi,大越慎一,candidate,analysis_term_no_stopwords,イノベーション-innovation,0.0041265474552957355,1.4054651081081644,0.005799718465370691,3,3,727,43
ohkoshi,ohkoshi,大越慎一,candidate,analysis_term_no_stopwords,システム-system,0.0041265474552957355,1.4054651081081644,0.005799718465370691,3,3,727,44
ohkoshi,ohkoshi,大越慎一,candidate,analysis_term_no_stopwords,国,0.0041265474552957355,1.4054651081081644,0.005799718465370691,3,3,727,45
ohkoshi,ohkoshi,大越慎一,candidate,analysis_term_no_stopwords,運用,0.0041265474552957355,1.4054651081081644,0.005799718465370691,3,3,727,46
ohkoshi,ohkoshi,大越慎一,candidate,analysis_term_no_stopwords,サイエンス-science,0.002751031636863824,2.09861228866811,0.005773348799637167,2,1,727,47
ohkoshi,ohkoshi,大越慎一,candidate,analysis_term_no_stopwords,ドア-door,0.002751031636863824,2.09861228866811,0.005773348799637167,2,1,727,48
ohkoshi,ohkoshi,大越慎一,candidate,analysis_term_no_stopwords,両面,0.002751031636863824,2.09861228866811,0.005773348799637167,2,1,727,49
ohkoshi,ohkoshi,大越慎一,candidate,analysis_term_no_stopwords,医療,0.002751031636863824,2.09861228866811,0.005773348799637167,2,1,727,50
ohkoshi,ohkoshi,大越慎一,candidate,analysis_term_no_stopwords,回転,0.002751031636863824,2.09861228866811,0.005773348799637167,2,1,727,51
ohkoshi,ohkoshi,大越慎一,candidate,analysis_term_no_stopwords,実践,0.002751031636863824,2.09861228866811,0.005773348799637167,2,1,727,52
ohkoshi,ohkoshi,大越慎一,candidate,analysis_term_no_stopwords,屈指,0.002751031636863824,2.09861228866811,0.005773348799637167,2,1,727,53
ohkoshi,ohkoshi,大越慎一,candidate,analysis_term_no_stopwords,息,0.002751031636863824,2.09861228866811,0.005773348799637167,2,1,727,54
ohkoshi,ohkoshi,大越慎一,candidate,analysis_term_no_stopwords,組み合わせる,0.002751031636863824,2.09861228866811,0.005773348799637167,2,1,727,55
ohkoshi,ohkoshi,大越慎一,candidate,analysis_term_no_stopwords,開拓,0.002751031636863824,2.09861228866811,0.005773348799637167,2,1,727,56
ohkoshi,ohkoshi,大越慎一,candidate,analysis_term_no_stopwords,加える,0.005502063273727648,1.0,0.005502063273727648,4,5,727,57
ohkoshi,ohkoshi,大越慎一,candidate,analysis_term_no_stopwords,卓越,0.005502063273727648,1.0,0.005502063273727648,4,5,727,58
ohkoshi,ohkoshi,大越慎一,candidate,analysis_term_no_stopwords,基礎,0.005502063273727648,1.0,0.005502063273727648,4,5,727,59
ohkoshi,ohkoshi,大越慎一,candidate,analysis_term_no_stopwords,学術,0.005502063273727648,1.0,0.005502063273727648,4,5,727,60
ohkoshi,ohkoshi,大越慎一,candidate,analysis_term_no_stopwords,必要,0.005502063273727648,1.0,0.005502063273727648,4,5,727,61
ohkoshi,ohkoshi,大越慎一,candidate,analysis_term_no_stopwords,物,0.005502063273727648,1.0,0.005502063273727648,4,5,727,62
ohkoshi,ohkoshi,大越慎一,candidate,analysis_term_no_stopwords,課題,0.005502063273727648,1.0,0.005502063273727648,4,5,727,63
ohkoshi,ohkoshi,大越慎一,candidate,analysis_term_no_stopwords,運営,0.005502063273727648,1.0,0.005502063273727648,4,5,727,64
ohkoshi,ohkoshi,大越慎一,candidate,analysis_term_no_stopwords,体制,0.0041265474552957355,1.1823215567939547,0.0048789060115293865,3,4,727,65
ohkoshi,ohkoshi,大越慎一,candidate,analysis_term_no_stopwords,力,0.0041265474552957355,1.1823215567939547,0.0048789060115293865,3,4,727,66
ohkoshi,ohkoshi,大越慎一,candidate,analysis_term_no_stopwords,強化,0.0041265474552957355,1.1823215567939547,0.0048789060115293865,3,4,727,67
ohkoshi,ohkoshi,大越慎一,candidate,analysis_term_no_stopwords,進める,0.0041265474552957355,1.1823215567939547,0.0048789060115293865,3,4,727,68
ohkoshi,ohkoshi,大越慎一,candidate,analysis_term_no_stopwords,dx,0.002751031636863824,1.6931471805599454,0.0046579014595871954,2,2,727,69
ohkoshi,ohkoshi,大越慎一,candidate,analysis_term_no_stopwords,utd,0.002751031636863824,1.6931471805599454,0.0046579014595871954,2,2,727,70
ohkoshi,ohkoshi,大越慎一,candidate,analysis_term_no_stopwords,サポート-support,0.002751031636863824,1.6931471805599454,0.0046579014595871954,2,2,727,71
ohkoshi,ohkoshi,大越慎一,candidate,analysis_term_no_stopwords,ダブル-double,0.002751031636863824,1.6931471805599454,0.0046579014595871954,2,2,727,72
ohkoshi,ohkoshi,大越慎一,candidate,analysis_term_no_stopwords,ディグリー-degree,0.002751031636863824,1.6931471805599454,0.0046579014595871954,2,2,727,73
ohkoshi,ohkoshi,大越慎一,candidate,analysis_term_no_stopwords,ユニット-unit,0.002751031636863824,1.6931471805599454,0.0046579014595871954,2,2,727,74
ohkoshi,ohkoshi,大越慎一,candidate,analysis_term_no_stopwords,修士,0.002751031636863824,1.6931471805599454,0.0046579014595871954,2,2,727,75
ohkoshi,ohkoshi,大越慎一,candidate,analysis_term_no_stopwords,参画,0.002751031636863824,1.6931471805599454,0.0046579014595871954,2,2,727,76
ohkoshi,ohkoshi,大越慎一,candidate,analysis_term_no_stopwords,問い,0.002751031636863824,1.6931471805599454,0.0046579014595871954,2,2,727,77
ohkoshi,ohkoshi,大越慎一,candidate,analysis_term_no_stopwords,所属,0.002751031636863824,1.6931471805599454,0.0046579014595871954,2,2,727,78
ohkoshi,ohkoshi,大越慎一,candidate,analysis_term_no_stopwords,抱える,0.002751031636863824,1.6931471805599454,0.0046579014595871954,2,2,727,79
ohkoshi,ohkoshi,大越慎一,candidate,analysis_term_no_stopwords,知る,0.002751031636863824,1.6931471805599454,0.0046579014595871954,2,2,727,80
ohkoshi,ohkoshi,大越慎一,candidate,analysis_term_no_stopwords,自ら,0.002751031636863824,1.6931471805599454,0.0046579014595871954,2,2,727,81
ohkoshi,ohkoshi,大越慎一,candidate,analysis_term_no_stopwords,学内,0.0041265474552957355,1.0,0.0041265474552957355,3,5,727,82
ohkoshi,ohkoshi,大越慎一,candidate,analysis_term_no_stopwords,担う,0.0041265474552957355,1.0,0.0041265474552957355,3,5,727,83
ohkoshi,ohkoshi,大越慎一,candidate,analysis_term_no_stopwords,教員,0.0041265474552957355,1.0,0.0041265474552957355,3,5,727,84
ohkoshi,ohkoshi,大越慎一,candidate,analysis_term_no_stopwords,新しい,0.0041265474552957355,1.0,0.0041265474552957355,3,5,727,85
ohkoshi,ohkoshi,大越慎一,candidate,analysis_term_no_stopwords,本部,0.0041265474552957355,1.0,0.0041265474552957355,3,5,727,86
ohkoshi,ohkoshi,大越慎一,candidate,analysis_term_no_stopwords,組織,0.0041265474552957355,1.0,0.0041265474552957355,3,5,727,87
ohkoshi,ohkoshi,大越慎一,candidate,analysis_term_no_stopwords,行う,0.0041265474552957355,1.0,0.0041265474552957355,3,5,727,88
ohkoshi,ohkoshi,大越慎一,candidate,analysis_term_no_stopwords,部局,0.0041265474552957355,1.0,0.0041265474552957355,3,5,727,89
ohkoshi,ohkoshi,大越慎一,candidate,analysis_term_no_stopwords,間,0.0041265474552957355,1.0,0.0041265474552957355,3,5,727,90
ohkoshi,ohkoshi,大越慎一,candidate,analysis_term_no_stopwords,エンダウメント,0.002751031636863824,1.4054651081081644,0.0038664789769137947,2,3,727,91
ohkoshi,ohkoshi,大越慎一,candidate,analysis_term_no_stopwords,プログラム-program,0.002751031636863824,1.4054651081081644,0.0038664789769137947,2,3,727,92
ohkoshi,ohkoshi,大越慎一,candidate,analysis_term_no_stopwords,二,0.002751031636863824,1.4054651081081644,0.0038664789769137947,2,3,727,93
ohkoshi,ohkoshi,大越慎一,candidate,analysis_term_no_stopwords,執行,0.002751031636863824,1.4054651081081644,0.0038664789769137947,2,3,727,94
ohkoshi,ohkoshi,大越慎一,candidate,analysis_term_no_stopwords,循環,0.002751031636863824,1.4054651081081644,0.0038664789769137947,2,3,727,95
ohkoshi,ohkoshi,大越慎一,candidate,analysis_term_no_stopwords,最高,0.002751031636863824,1.4054651081081644,0.0038664789769137947,2,3,727,96
ohkoshi,ohkoshi,大越慎一,candidate,analysis_term_no_stopwords,水準,0.002751031636863824,1.4054651081081644,0.0038664789769137947,2,3,727,97
ohkoshi,ohkoshi,大越慎一,candidate,analysis_term_no_stopwords,相互,0.002751031636863824,1.4054651081081644,0.0038664789769137947,2,3,727,98
ohkoshi,ohkoshi,大越慎一,candidate,analysis_term_no_stopwords,知識,0.002751031636863824,1.4054651081081644,0.0038664789769137947,2,3,727,99
ohkoshi,ohkoshi,大越慎一,candidate,analysis_term_no_stopwords,規模,0.002751031636863824,1.4054651081081644,0.0038664789769137947,2,3,727,100
ohkoshi,ohkoshi,大越慎一,candidate,analysis_term_no_stopwords,長い,0.002751031636863824,1.4054651081081644,0.0038664789769137947,2,3,727,101
ohkoshi,ohkoshi,大越慎一,candidate,analysis_term_no_stopwords,関する,0.002751031636863824,1.4054651081081644,0.0038664789769137947,2,3,727,102
ohkoshi,ohkoshi,大越慎一,candidate,analysis_term_no_stopwords,ai,0.002751031636863824,1.1823215567939547,0.0032526040076862575,2,4,727,103
ohkoshi,ohkoshi,大越慎一,candidate,analysis_term_no_stopwords,公共,0.002751031636863824,1.1823215567939547,0.0032526040076862575,2,4,727,104
ohkoshi,ohkoshi,大越慎一,candidate,analysis_term_no_stopwords,共,0.002751031636863824,1.1823215567939547,0.0032526040076862575,2,4,727,105
ohkoshi,ohkoshi,大越慎一,candidate,analysis_term_no_stopwords,図る,0.002751031636863824,1.1823215567939547,0.0032526040076862575,2,4,727,106
ohkoshi,ohkoshi,大越慎一,candidate,analysis_term_no_stopwords,地球,0.002751031636863824,1.1823215567939547,0.0032526040076862575,2,4,727,107
ohkoshi,ohkoshi,大越慎一,candidate,analysis_term_no_stopwords,場,0.002751031636863824,1.1823215567939547,0.0032526040076862575,2,4,727,108
ohkoshi,ohkoshi,大越慎一,candidate,analysis_term_no_stopwords,変革,0.002751031636863824,1.1823215567939547,0.0032526040076862575,2,4,727,109
ohkoshi,ohkoshi,大越慎一,candidate,analysis_term_no_stopwords,学部,0.002751031636863824,1.1823215567939547,0.0032526040076862575,2,4,727,110
ohkoshi,ohkoshi,大越慎一,candidate,analysis_term_no_stopwords,広い,0.002751031636863824,1.1823215567939547,0.0032526040076862575,2,4,727,111
ohkoshi,ohkoshi,大越慎一,candidate,analysis_term_no_stopwords,推進,0.002751031636863824,1.1823215567939547,0.0032526040076862575,2,4,727,112
ohkoshi,ohkoshi,大越慎一,candidate,analysis_term_no_stopwords,活用,0.002751031636863824,1.1823215567939547,0.0032526040076862575,2,4,727,113
ohkoshi,ohkoshi,大越慎一,candidate,analysis_term_no_stopwords,深い,0.002751031636863824,1.1823215567939547,0.0032526040076862575,2,4,727,114
ohkoshi,ohkoshi,大越慎一,candidate,analysis_term_no_stopwords,現在,0.002751031636863824,1.1823215567939547,0.0032526040076862575,2,4,727,115
ohkoshi,ohkoshi,大越慎一,candidate,analysis_term_no_stopwords,知,0.002751031636863824,1.1823215567939547,0.0032526040076862575,2,4,727,116
ohkoshi,ohkoshi,大越慎一,candidate,analysis_term_no_stopwords,課程,0.002751031636863824,1.1823215567939547,0.0032526040076862575,2,4,727,117
ohkoshi,ohkoshi,大越慎一,candidate,analysis_term_no_stopwords,asean,0.001375515818431912,2.09861228866811,0.0028866743998185833,1,1,727,118
ohkoshi,ohkoshi,大越慎一,candidate,analysis_term_no_stopwords,dean,0.001375515818431912,2.09861228866811,0.0028866743998185833,1,1,727,119
ohkoshi,ohkoshi,大越慎一,candidate,analysis_term_no_stopwords,dei,0.001375515818431912,2.09861228866811,0.0028866743998185833,1,1,727,120
ohkoshi,ohkoshi,大越慎一,candidate,analysis_term_no_stopwords,dialogue,0.001375515818431912,2.09861228866811,0.0028866743998185833,1,1,727,121
ohkoshi,ohkoshi,大越慎一,candidate,analysis_term_no_stopwords,graduate,0.001375515818431912,2.09861228866811,0.0028866743998185833,1,1,727,122
ohkoshi,ohkoshi,大越慎一,candidate,analysis_term_no_stopwords,ii,0.001375515818431912,2.09861228866811,0.0028866743998185833,1,1,727,123
ohkoshi,ohkoshi,大越慎一,candidate,analysis_term_no_stopwords,iii,0.001375515818431912,2.09861228866811,0.0028866743998185833,1,1,727,124
ohkoshi,ohkoshi,大越慎一,candidate,analysis_term_no_stopwords,innovative,0.001375515818431912,2.09861228866811,0.0028866743998185833,1,1,727,125
ohkoshi,ohkoshi,大越慎一,candidate,analysis_term_no_stopwords,iv,0.001375515818431912,2.09861228866811,0.0028866743998185833,1,1,727,126
ohkoshi,ohkoshi,大越慎一,candidate,analysis_term_no_stopwords,leading,0.001375515818431912,2.09861228866811,0.0028866743998185833,1,1,727,127
ohkoshi,ohkoshi,大越慎一,candidate,analysis_term_no_stopwords,open,0.001375515818431912,2.09861228866811,0.0028866743998185833,1,1,727,128
ohkoshi,ohkoshi,大越慎一,candidate,analysis_term_no_stopwords,plus,0.001375515818431912,2.09861228866811,0.0028866743998185833,1,1,727,129
ohkoshi,ohkoshi,大越慎一,candidate,analysis_term_no_stopwords,president,0.001375515818431912,2.09861228866811,0.0028866743998185833,1,1,727,130
ohkoshi,ohkoshi,大越慎一,candidate,analysis_term_no_stopwords,program,0.001375515818431912,2.09861228866811,0.0028866743998185833,1,1,727,131
ohkoshi,ohkoshi,大越慎一,candidate,analysis_term_no_stopwords,sdgs,0.001375515818431912,2.09861228866811,0.0028866743998185833,1,1,727,132
ohkoshi,ohkoshi,大越慎一,candidate,analysis_term_no_stopwords,spring,0.001375515818431912,2.09861228866811,0.0028866743998185833,1,1,727,133
ohkoshi,ohkoshi,大越慎一,candidate,analysis_term_no_stopwords,study,0.001375515818431912,2.09861228866811,0.0028866743998185833,1,1,727,134
ohkoshi,ohkoshi,大越慎一,candidate,analysis_term_no_stopwords,v,0.001375515818431912,2.09861228866811,0.0028866743998185833,1,1,727,135
ohkoshi,ohkoshi,大越慎一,candidate,analysis_term_no_stopwords,vi,0.001375515818431912,2.09861228866811,0.0028866743998185833,1,1,727,136
ohkoshi,ohkoshi,大越慎一,candidate,analysis_term_no_stopwords,vice,0.001375515818431912,2.09861228866811,0.0028866743998185833,1,1,727,137
ohkoshi,ohkoshi,大越慎一,candidate,analysis_term_no_stopwords,vii,0.001375515818431912,2.09861228866811,0.0028866743998185833,1,1,727,138
ohkoshi,ohkoshi,大越慎一,candidate,analysis_term_no_stopwords,viii,0.001375515818431912,2.09861228866811,0.0028866743998185833,1,1,727,139
ohkoshi,ohkoshi,大越慎一,candidate,analysis_term_no_stopwords,アドミッション-admission,0.001375515818431912,2.09861228866811,0.0028866743998185833,1,1,727,140
ohkoshi,ohkoshi,大越慎一,candidate,analysis_term_no_stopwords,アポイントメント-appointment,0.001375515818431912,2.09861228866811,0.0028866743998185833,1,1,727,141
ohkoshi,ohkoshi,大越慎一,candidate,analysis_term_no_stopwords,アントレプレナー-entrepreneur,0.001375515818431912,2.09861228866811,0.0028866743998185833,1,1,727,142
ohkoshi,ohkoshi,大越慎一,candidate,analysis_term_no_stopwords,インターンシップ-internship,0.001375515818431912,2.09861228866811,0.0028866743998185833,1,1,727,143
ohkoshi,ohkoshi,大越慎一,candidate,analysis_term_no_stopwords,インド-india,0.001375515818431912,2.09861228866811,0.0028866743998185833,1,1,727,144
ohkoshi,ohkoshi,大越慎一,candidate,analysis_term_no_stopwords,エンジニア-engineer,0.001375515818431912,2.09861228866811,0.0028866743998185833,1,1,727,145
ohkoshi,ohkoshi,大越慎一,candidate,analysis_term_no_stopwords,クロース-cloth,0.001375515818431912,2.09861228866811,0.0028866743998185833,1,1,727,146
ohkoshi,ohkoshi,大越慎一,candidate,analysis_term_no_stopwords,コンピューティング-computing,0.001375515818431912,2.09861228866811,0.0028866743998185833,1,1,727,147
ohkoshi,ohkoshi,大越慎一,candidate,analysis_term_no_stopwords,サウス-south,0.001375515818431912,2.09861228866811,0.0028866743998185833,1,1,727,148
ohkoshi,ohkoshi,大越慎一,candidate,analysis_term_no_stopwords,シップ-ship,0.001375515818431912,2.09861228866811,0.0028866743998185833,1,1,727,149
ohkoshi,ohkoshi,大越慎一,candidate,analysis_term_no_stopwords,セキュリティー-security,0.001375515818431912,2.09861228866811,0.0028866743998185833,1,1,727,150
ohkoshi,ohkoshi,大越慎一,candidate,analysis_term_no_stopwords,タイワン,0.001375515818431912,2.09861228866811,0.0028866743998185833,1,1,727,151
ohkoshi,ohkoshi,大越慎一,candidate,analysis_term_no_stopwords,テック-technical,0.001375515818431912,2.09861228866811,0.0028866743998185833,1,1,727,152
ohkoshi,ohkoshi,大越慎一,candidate,analysis_term_no_stopwords,ディープ-deep,0.001375515818431912,2.09861228866811,0.0028866743998185833,1,1,727,153
ohkoshi,ohkoshi,大越慎一,candidate,analysis_term_no_stopwords,バリア-barrier,0.001375515818431912,2.09861228866811,0.0028866743998185833,1,1,727,154
ohkoshi,ohkoshi,大越慎一,candidate,analysis_term_no_stopwords,フリー-free,0.001375515818431912,2.09861228866811,0.0028866743998185833,1,1,727,155
ohkoshi,ohkoshi,大越慎一,candidate,analysis_term_no_stopwords,マテリアル-material,0.001375515818431912,2.09861228866811,0.0028866743998185833,1,1,727,156
ohkoshi,ohkoshi,大越慎一,candidate,analysis_term_no_stopwords,ミッション-mission,0.001375515818431912,2.09861228866811,0.0028866743998185833,1,1,727,157
ohkoshi,ohkoshi,大越慎一,candidate,analysis_term_no_stopwords,ライフ-life,0.001375515818431912,2.09861228866811,0.0028866743998185833,1,1,727,158
ohkoshi,ohkoshi,大越慎一,candidate,analysis_term_no_stopwords,リクルート-recruit,0.001375515818431912,2.09861228866811,0.0028866743998185833,1,1,727,159
ohkoshi,ohkoshi,大越慎一,candidate,analysis_term_no_stopwords,リサーチ-research,0.001375515818431912,2.09861228866811,0.0028866743998185833,1,1,727,160
ohkoshi,ohkoshi,大越慎一,candidate,analysis_term_no_stopwords,一員,0.001375515818431912,2.09861228866811,0.0028866743998185833,1,1,727,161
ohkoshi,ohkoshi,大越慎一,candidate,analysis_term_no_stopwords,万,0.001375515818431912,2.09861228866811,0.0028866743998185833,1,1,727,162
ohkoshi,ohkoshi,大越慎一,candidate,analysis_term_no_stopwords,乗せる,0.001375515818431912,2.09861228866811,0.0028866743998185833,1,1,727,163
ohkoshi,ohkoshi,大越慎一,candidate,analysis_term_no_stopwords,伸び悩み,0.001375515818431912,2.09861228866811,0.0028866743998185833,1,1,727,164
ohkoshi,ohkoshi,大越慎一,candidate,analysis_term_no_stopwords,修繕,0.001375515818431912,2.09861228866811,0.0028866743998185833,1,1,727,165
ohkoshi,ohkoshi,大越慎一,candidate,analysis_term_no_stopwords,共創,0.001375515818431912,2.09861228866811,0.0028866743998185833,1,1,727,166
ohkoshi,ohkoshi,大越慎一,candidate,analysis_term_no_stopwords,半,0.001375515818431912,2.09861228866811,0.0028866743998185833,1,1,727,167
ohkoshi,ohkoshi,大越慎一,candidate,analysis_term_no_stopwords,取り去る,0.001375515818431912,2.09861228866811,0.0028866743998185833,1,1,727,168
ohkoshi,ohkoshi,大越慎一,candidate,analysis_term_no_stopwords,土地,0.001375515818431912,2.09861228866811,0.0028866743998185833,1,1,727,169
ohkoshi,ohkoshi,大越慎一,candidate,analysis_term_no_stopwords,地位,0.001375515818431912,2.09861228866811,0.0028866743998185833,1,1,727,170
ohkoshi,ohkoshi,大越慎一,candidate,analysis_term_no_stopwords,堅持,0.001375515818431912,2.09861228866811,0.0028866743998185833,1,1,727,171
ohkoshi,ohkoshi,大越慎一,candidate,analysis_term_no_stopwords,多岐,0.001375515818431912,2.09861228866811,0.0028866743998185833,1,1,727,172
ohkoshi,ohkoshi,大越慎一,candidate,analysis_term_no_stopwords,学士,0.001375515818431912,2.09861228866811,0.0028866743998185833,1,1,727,173
ohkoshi,ohkoshi,大越慎一,candidate,analysis_term_no_stopwords,学業,0.001375515818431912,2.09861228866811,0.0028866743998185833,1,1,727,174
ohkoshi,ohkoshi,大越慎一,candidate,analysis_term_no_stopwords,学識,0.001375515818431912,2.09861228866811,0.0028866743998185833,1,1,727,175
ohkoshi,ohkoshi,大越慎一,candidate,analysis_term_no_stopwords,宇宙,0.001375515818431912,2.09861228866811,0.0028866743998185833,1,1,727,176
ohkoshi,ohkoshi,大越慎一,candidate,analysis_term_no_stopwords,対,0.001375515818431912,2.09861228866811,0.0028866743998185833,1,1,727,177
ohkoshi,ohkoshi,大越慎一,candidate,analysis_term_no_stopwords,導体,0.001375515818431912,2.09861228866811,0.0028866743998185833,1,1,727,178
ohkoshi,ohkoshi,大越慎一,candidate,analysis_term_no_stopwords,少子,0.001375515818431912,2.09861228866811,0.0028866743998185833,1,1,727,179
ohkoshi,ohkoshi,大越慎一,candidate,analysis_term_no_stopwords,干渉,0.001375515818431912,2.09861228866811,0.0028866743998185833,1,1,727,180
ohkoshi,ohkoshi,大越慎一,candidate,analysis_term_no_stopwords,建物,0.001375515818431912,2.09861228866811,0.0028866743998185833,1,1,727,181
ohkoshi,ohkoshi,大越慎一,candidate,analysis_term_no_stopwords,弱体,0.001375515818431912,2.09861228866811,0.0028866743998185833,1,1,727,182
ohkoshi,ohkoshi,大越慎一,candidate,analysis_term_no_stopwords,後押し,0.001375515818431912,2.09861228866811,0.0028866743998185833,1,1,727,183
ohkoshi,ohkoshi,大越慎一,candidate,analysis_term_no_stopwords,意義,0.001375515818431912,2.09861228866811,0.0028866743998185833,1,1,727,184
ohkoshi,ohkoshi,大越慎一,candidate,analysis_term_no_stopwords,接続,0.001375515818431912,2.09861228866811,0.0028866743998185833,1,1,727,185
ohkoshi,ohkoshi,大越慎一,candidate,analysis_term_no_stopwords,搭載,0.001375515818431912,2.09861228866811,0.0028866743998185833,1,1,727,186
ohkoshi,ohkoshi,大越慎一,candidate,analysis_term_no_stopwords,改築,0.001375515818431912,2.09861228866811,0.0028866743998185833,1,1,727,187
ohkoshi,ohkoshi,大越慎一,candidate,analysis_term_no_stopwords,有機,0.001375515818431912,2.09861228866811,0.0028866743998185833,1,1,727,188
ohkoshi,ohkoshi,大越慎一,candidate,analysis_term_no_stopwords,法学,0.001375515818431912,2.09861228866811,0.0028866743998185833,1,1,727,189
ohkoshi,ohkoshi,大越慎一,candidate,analysis_term_no_stopwords,海洋,0.001375515818431912,2.09861228866811,0.0028866743998185833,1,1,727,190
ohkoshi,ohkoshi,大越慎一,candidate,analysis_term_no_stopwords,涵養,0.001375515818431912,2.09861228866811,0.0028866743998185833,1,1,727,191
ohkoshi,ohkoshi,大越慎一,candidate,analysis_term_no_stopwords,男女,0.001375515818431912,2.09861228866811,0.0028866743998185833,1,1,727,192
ohkoshi,ohkoshi,大越慎一,candidate,analysis_term_no_stopwords,病院,0.001375515818431912,2.09861228866811,0.0028866743998185833,1,1,727,193
ohkoshi,ohkoshi,大越慎一,candidate,analysis_term_no_stopwords,発想,0.001375515818431912,2.09861228866811,0.0028866743998185833,1,1,727,194
ohkoshi,ohkoshi,大越慎一,candidate,analysis_term_no_stopwords,発掘,0.001375515818431912,2.09861228866811,0.0028866743998185833,1,1,727,195
ohkoshi,ohkoshi,大越慎一,candidate,analysis_term_no_stopwords,真理,0.001375515818431912,2.09861228866811,0.0028866743998185833,1,1,727,196
ohkoshi,ohkoshi,大越慎一,candidate,analysis_term_no_stopwords,精神,0.001375515818431912,2.09861228866811,0.0028866743998185833,1,1,727,197
ohkoshi,ohkoshi,大越慎一,candidate,analysis_term_no_stopwords,紛争,0.001375515818431912,2.09861228866811,0.0028866743998185833,1,1,727,198
ohkoshi,ohkoshi,大越慎一,candidate,analysis_term_no_stopwords,統計,0.001375515818431912,2.09861228866811,0.0028866743998185833,1,1,727,199
ohkoshi,ohkoshi,大越慎一,candidate,analysis_term_no_stopwords,薬学,0.001375515818431912,2.09861228866811,0.0028866743998185833,1,1,727,200
ohkoshi,ohkoshi,大越慎一,candidate,analysis_term_no_stopwords,誇る,0.001375515818431912,2.09861228866811,0.0028866743998185833,1,1,727,201
ohkoshi,ohkoshi,大越慎一,candidate,analysis_term_no_stopwords,諸国,0.001375515818431912,2.09861228866811,0.0028866743998185833,1,1,727,202
ohkoshi,ohkoshi,大越慎一,candidate,analysis_term_no_stopwords,起点,0.001375515818431912,2.09861228866811,0.0028866743998185833,1,1,727,203
ohkoshi,ohkoshi,大越慎一,candidate,analysis_term_no_stopwords,軌道,0.001375515818431912,2.09861228866811,0.0028866743998185833,1,1,727,204
ohkoshi,ohkoshi,大越慎一,candidate,analysis_term_no_stopwords,農学,0.001375515818431912,2.09861228866811,0.0028866743998185833,1,1,727,205
ohkoshi,ohkoshi,大越慎一,candidate,analysis_term_no_stopwords,連結,0.001375515818431912,2.09861228866811,0.0028866743998185833,1,1,727,206
ohkoshi,ohkoshi,大越慎一,candidate,analysis_term_no_stopwords,達成,0.001375515818431912,2.09861228866811,0.0028866743998185833,1,1,727,207
ohkoshi,ohkoshi,大越慎一,candidate,analysis_term_no_stopwords,量子,0.001375515818431912,2.09861228866811,0.0028866743998185833,1,1,727,208
ohkoshi,ohkoshi,大越慎一,candidate,analysis_term_no_stopwords,関連,0.001375515818431912,2.09861228866811,0.0028866743998185833,1,1,727,209
ohkoshi,ohkoshi,大越慎一,candidate,analysis_term_no_stopwords,韓国,0.001375515818431912,2.09861228866811,0.0028866743998185833,1,1,727,210
ohkoshi,ohkoshi,大越慎一,candidate,analysis_term_no_stopwords,風土,0.001375515818431912,2.09861228866811,0.0028866743998185833,1,1,727,211
ohkoshi,ohkoshi,大越慎一,candidate,analysis_term_no_stopwords,制度,0.002751031636863824,1.0,0.002751031636863824,2,5,727,212
ohkoshi,ohkoshi,大越慎一,candidate,analysis_term_no_stopwords,基づく,0.002751031636863824,1.0,0.002751031636863824,2,5,727,213
ohkoshi,ohkoshi,大越慎一,candidate,analysis_term_no_stopwords,対する,0.002751031636863824,1.0,0.002751031636863824,2,5,727,214
ohkoshi,ohkoshi,大越慎一,candidate,analysis_term_no_stopwords,役割,0.002751031636863824,1.0,0.002751031636863824,2,5,727,215
ohkoshi,ohkoshi,大越慎一,candidate,analysis_term_no_stopwords,日本,0.002751031636863824,1.0,0.002751031636863824,2,5,727,216
ohkoshi,ohkoshi,大越慎一,candidate,analysis_term_no_stopwords,果たす,0.002751031636863824,1.0,0.002751031636863824,2,5,727,217
ohkoshi,ohkoshi,大越慎一,candidate,analysis_term_no_stopwords,活動,0.002751031636863824,1.0,0.002751031636863824,2,5,727,218
ohkoshi,ohkoshi,大越慎一,candidate,analysis_term_no_stopwords,経営,0.002751031636863824,1.0,0.002751031636863824,2,5,727,219
ohkoshi,ohkoshi,大越慎一,candidate,analysis_term_no_stopwords,自由,0.002751031636863824,1.0,0.002751031636863824,2,5,727,220
ohkoshi,ohkoshi,大越慎一,candidate,analysis_term_no_stopwords,college,0.001375515818431912,1.6931471805599454,0.0023289507297935977,1,2,727,221
ohkoshi,ohkoshi,大越慎一,candidate,analysis_term_no_stopwords,design,0.001375515818431912,1.6931471805599454,0.0023289507297935977,1,2,727,222
ohkoshi,ohkoshi,大越慎一,candidate,analysis_term_no_stopwords,i,0.001375515818431912,1.6931471805599454,0.0023289507297935977,1,2,727,223
ohkoshi,ohkoshi,大越慎一,candidate,analysis_term_no_stopwords,of,0.001375515818431912,1.6931471805599454,0.0023289507297935977,1,2,727,224
ohkoshi,ohkoshi,大越慎一,candidate,analysis_term_no_stopwords,world,0.001375515818431912,1.6931471805599454,0.0023289507297935977,1,2,727,225
ohkoshi,ohkoshi,大越慎一,candidate,analysis_term_no_stopwords,インテリジェンス-intelligence,0.001375515818431912,1.6931471805599454,0.0023289507297935977,1,2,727,226
ohkoshi,ohkoshi,大越慎一,candidate,analysis_term_no_stopwords,インパクト-impact,0.001375515818431912,1.6931471805599454,0.0023289507297935977,1,2,727,227
ohkoshi,ohkoshi,大越慎一,candidate,analysis_term_no_stopwords,データ-data,0.001375515818431912,1.6931471805599454,0.0023289507297935977,1,2,727,228
ohkoshi,ohkoshi,大越慎一,candidate,analysis_term_no_stopwords,プラットホーム-platform,0.001375515818431912,1.6931471805599454,0.0023289507297935977,1,2,727,229
ohkoshi,ohkoshi,大越慎一,candidate,analysis_term_no_stopwords,マネージメント-management,0.001375515818431912,1.6931471805599454,0.0023289507297935977,1,2,727,230
ohkoshi,ohkoshi,大越慎一,candidate,analysis_term_no_stopwords,一人一人,0.001375515818431912,1.6931471805599454,0.0023289507297935977,1,2,727,231
ohkoshi,ohkoshi,大越慎一,candidate,analysis_term_no_stopwords,一貫,0.001375515818431912,1.6931471805599454,0.0023289507297935977,1,2,727,232
ohkoshi,ohkoshi,大越慎一,candidate,analysis_term_no_stopwords,与える,0.001375515818431912,1.6931471805599454,0.0023289507297935977,1,2,727,233
ohkoshi,ohkoshi,大越慎一,candidate,analysis_term_no_stopwords,交付,0.001375515818431912,1.6931471805599454,0.0023289507297935977,1,2,727,234
ohkoshi,ohkoshi,大越慎一,candidate,analysis_term_no_stopwords,付ける,0.001375515818431912,1.6931471805599454,0.0023289507297935977,1,2,727,235
ohkoshi,ohkoshi,大越慎一,candidate,analysis_term_no_stopwords,付属,0.001375515818431912,1.6931471805599454,0.0023289507297935977,1,2,727,236
ohkoshi,ohkoshi,大越慎一,candidate,analysis_term_no_stopwords,伝達,0.001375515818431912,1.6931471805599454,0.0023289507297935977,1,2,727,237
ohkoshi,ohkoshi,大越慎一,candidate,analysis_term_no_stopwords,体系,0.001375515818431912,1.6931471805599454,0.0023289507297935977,1,2,727,238
ohkoshi,ohkoshi,大越慎一,candidate,analysis_term_no_stopwords,入試,0.001375515818431912,1.6931471805599454,0.0023289507297935977,1,2,727,239
ohkoshi,ohkoshi,大越慎一,candidate,analysis_term_no_stopwords,切り開く,0.001375515818431912,1.6931471805599454,0.0023289507297935977,1,2,727,240
ohkoshi,ohkoshi,大越慎一,candidate,analysis_term_no_stopwords,医学,0.001375515818431912,1.6931471805599454,0.0023289507297935977,1,2,727,241
ohkoshi,ohkoshi,大越慎一,candidate,analysis_term_no_stopwords,可視,0.001375515818431912,1.6931471805599454,0.0023289507297935977,1,2,727,242
ohkoshi,ohkoshi,大越慎一,candidate,analysis_term_no_stopwords,国民,0.001375515818431912,1.6931471805599454,0.0023289507297935977,1,2,727,243
ohkoshi,ohkoshi,大越慎一,candidate,analysis_term_no_stopwords,地政,0.001375515818431912,1.6931471805599454,0.0023289507297935977,1,2,727,244
ohkoshi,ohkoshi,大越慎一,candidate,analysis_term_no_stopwords,基金,0.001375515818431912,1.6931471805599454,0.0023289507297935977,1,2,727,245
ohkoshi,ohkoshi,大越慎一,candidate,analysis_term_no_stopwords,大型,0.001375515818431912,1.6931471805599454,0.0023289507297935977,1,2,727,246
ohkoshi,ohkoshi,大越慎一,candidate,analysis_term_no_stopwords,好奇,0.001375515818431912,1.6931471805599454,0.0023289507297935977,1,2,727,247
ohkoshi,ohkoshi,大越慎一,candidate,analysis_term_no_stopwords,安定,0.001375515818431912,1.6931471805599454,0.0023289507297935977,1,2,727,248
ohkoshi,ohkoshi,大越慎一,candidate,analysis_term_no_stopwords,対話,0.001375515818431912,1.6931471805599454,0.0023289507297935977,1,2,727,249
ohkoshi,ohkoshi,大越慎一,candidate,analysis_term_no_stopwords,尊重,0.001375515818431912,1.6931471805599454,0.0023289507297935977,1,2,727,250
ohkoshi,ohkoshi,大越慎一,candidate,analysis_term_no_stopwords,工学,0.001375515818431912,1.6931471805599454,0.0023289507297935977,1,2,727,251
ohkoshi,ohkoshi,大越慎一,candidate,analysis_term_no_stopwords,応用,0.001375515818431912,1.6931471805599454,0.0023289507297935977,1,2,727,252
ohkoshi,ohkoshi,大越慎一,candidate,analysis_term_no_stopwords,患者,0.001375515818431912,1.6931471805599454,0.0023289507297935977,1,2,727,253
ohkoshi,ohkoshi,大越慎一,candidate,analysis_term_no_stopwords,手段,0.001375515818431912,1.6931471805599454,0.0023289507297935977,1,2,727,254
ohkoshi,ohkoshi,大越慎一,candidate,analysis_term_no_stopwords,拠点,0.001375515818431912,1.6931471805599454,0.0023289507297935977,1,2,727,255
ohkoshi,ohkoshi,大越慎一,candidate,analysis_term_no_stopwords,挑戦,0.001375515818431912,1.6931471805599454,0.0023289507297935977,1,2,727,256
ohkoshi,ohkoshi,大越慎一,candidate,analysis_term_no_stopwords,探究,0.001375515818431912,1.6931471805599454,0.0023289507297935977,1,2,727,257
ohkoshi,ohkoshi,大越慎一,candidate,analysis_term_no_stopwords,提供,0.001375515818431912,1.6931471805599454,0.0023289507297935977,1,2,727,258
ohkoshi,ohkoshi,大越慎一,candidate,analysis_term_no_stopwords,提案,0.001375515818431912,1.6931471805599454,0.0023289507297935977,1,2,727,259
ohkoshi,ohkoshi,大越慎一,candidate,analysis_term_no_stopwords,教授,0.001375515818431912,1.6931471805599454,0.0023289507297935977,1,2,727,260
ohkoshi,ohkoshi,大越慎一,candidate,analysis_term_no_stopwords,文理,0.001375515818431912,1.6931471805599454,0.0023289507297935977,1,2,727,261
ohkoshi,ohkoshi,大越慎一,candidate,analysis_term_no_stopwords,方法,0.001375515818431912,1.6931471805599454,0.0023289507297935977,1,2,727,262
ohkoshi,ohkoshi,大越慎一,candidate,analysis_term_no_stopwords,未来,0.001375515818431912,1.6931471805599454,0.0023289507297935977,1,2,727,263
ohkoshi,ohkoshi,大越慎一,candidate,analysis_term_no_stopwords,未知,0.001375515818431912,1.6931471805599454,0.0023289507297935977,1,2,727,264
ohkoshi,ohkoshi,大越慎一,candidate,analysis_term_no_stopwords,格差,0.001375515818431912,1.6931471805599454,0.0023289507297935977,1,2,727,265
ohkoshi,ohkoshi,大越慎一,candidate,analysis_term_no_stopwords,民間,0.001375515818431912,1.6931471805599454,0.0023289507297935977,1,2,727,266
ohkoshi,ohkoshi,大越慎一,candidate,analysis_term_no_stopwords,洞察,0.001375515818431912,1.6931471805599454,0.0023289507297935977,1,2,727,267
ohkoshi,ohkoshi,大越慎一,candidate,analysis_term_no_stopwords,派遣,0.001375515818431912,1.6931471805599454,0.0023289507297935977,1,2,727,268
ohkoshi,ohkoshi,大越慎一,candidate,analysis_term_no_stopwords,源泉,0.001375515818431912,1.6931471805599454,0.0023289507297935977,1,2,727,269
ohkoshi,ohkoshi,大越慎一,candidate,analysis_term_no_stopwords,発揮,0.001375515818431912,1.6931471805599454,0.0023289507297935977,1,2,727,270
ohkoshi,ohkoshi,大越慎一,candidate,analysis_term_no_stopwords,積極,0.001375515818431912,1.6931471805599454,0.0023289507297935977,1,2,727,271
ohkoshi,ohkoshi,大越慎一,candidate,analysis_term_no_stopwords,立てる,0.001375515818431912,1.6931471805599454,0.0023289507297935977,1,2,727,272
ohkoshi,ohkoshi,大越慎一,candidate,analysis_term_no_stopwords,緊張,0.001375515818431912,1.6931471805599454,0.0023289507297935977,1,2,727,273
ohkoshi,ohkoshi,大越慎一,candidate,analysis_term_no_stopwords,自然,0.001375515818431912,1.6931471805599454,0.0023289507297935977,1,2,727,274
ohkoshi,ohkoshi,大越慎一,candidate,analysis_term_no_stopwords,若手,0.001375515818431912,1.6931471805599454,0.0023289507297935977,1,2,727,275
ohkoshi,ohkoshi,大越慎一,candidate,analysis_term_no_stopwords,複雑,0.001375515818431912,1.6931471805599454,0.0023289507297935977,1,2,727,276
ohkoshi,ohkoshi,大越慎一,candidate,analysis_term_no_stopwords,見出だす,0.001375515818431912,1.6931471805599454,0.0023289507297935977,1,2,727,277
ohkoshi,ohkoshi,大越慎一,candidate,analysis_term_no_stopwords,負託,0.001375515818431912,1.6931471805599454,0.0023289507297935977,1,2,727,278
ohkoshi,ohkoshi,大越慎一,candidate,analysis_term_no_stopwords,踏まえる,0.001375515818431912,1.6931471805599454,0.0023289507297935977,1,2,727,279
ohkoshi,ohkoshi,大越慎一,candidate,analysis_term_no_stopwords,身,0.001375515818431912,1.6931471805599454,0.0023289507297935977,1,2,727,280
ohkoshi,ohkoshi,大越慎一,candidate,analysis_term_no_stopwords,輩出,0.001375515818431912,1.6931471805599454,0.0023289507297935977,1,2,727,281
ohkoshi,ohkoshi,大越慎一,candidate,analysis_term_no_stopwords,鍛える,0.001375515818431912,1.6931471805599454,0.0023289507297935977,1,2,727,282
ohkoshi,ohkoshi,大越慎一,candidate,analysis_term_no_stopwords,養う,0.001375515818431912,1.6931471805599454,0.0023289507297935977,1,2,727,283
ohkoshi,ohkoshi,大越慎一,candidate,analysis_term_no_stopwords,utokyo,0.001375515818431912,1.4054651081081644,0.0019332394884568973,1,3,727,284
ohkoshi,ohkoshi,大越慎一,candidate,analysis_term_no_stopwords,モデル-model,0.001375515818431912,1.4054651081081644,0.0019332394884568973,1,3,727,285
ohkoshi,ohkoshi,大越慎一,candidate,analysis_term_no_stopwords,リーダーシップ-leadership,0.001375515818431912,1.4054651081081644,0.0019332394884568973,1,3,727,286
ohkoshi,ohkoshi,大越慎一,candidate,analysis_term_no_stopwords,人事,0.001375515818431912,1.4054651081081644,0.0019332394884568973,1,3,727,287
ohkoshi,ohkoshi,大越慎一,candidate,analysis_term_no_stopwords,企業,0.001375515818431912,1.4054651081081644,0.0019332394884568973,1,3,727,288
ohkoshi,ohkoshi,大越慎一,candidate,analysis_term_no_stopwords,使命,0.001375515818431912,1.4054651081081644,0.0019332394884568973,1,3,727,289
ohkoshi,ohkoshi,大越慎一,candidate,analysis_term_no_stopwords,創出,0.001375515818431912,1.4054651081081644,0.0019332394884568973,1,3,727,290
ohkoshi,ohkoshi,大越慎一,candidate,analysis_term_no_stopwords,効果,0.001375515818431912,1.4054651081081644,0.0019332394884568973,1,3,727,291
ohkoshi,ohkoshi,大越慎一,candidate,analysis_term_no_stopwords,合わせる,0.001375515818431912,1.4054651081081644,0.0019332394884568973,1,3,727,292
ohkoshi,ohkoshi,大越慎一,candidate,analysis_term_no_stopwords,含む,0.001375515818431912,1.4054651081081644,0.0019332394884568973,1,3,727,293
ohkoshi,ohkoshi,大越慎一,candidate,analysis_term_no_stopwords,壁,0.001375515818431912,1.4054651081081644,0.0019332394884568973,1,3,727,294
ohkoshi,ohkoshi,大越慎一,candidate,analysis_term_no_stopwords,多く,0.001375515818431912,1.4054651081081644,0.0019332394884568973,1,3,727,295
ohkoshi,ohkoshi,大越慎一,candidate,analysis_term_no_stopwords,実務,0.001375515818431912,1.4054651081081644,0.0019332394884568973,1,3,727,296
ohkoshi,ohkoshi,大越慎一,candidate,analysis_term_no_stopwords,将来,0.001375515818431912,1.4054651081081644,0.0019332394884568973,1,3,727,297
ohkoshi,ohkoshi,大越慎一,candidate,analysis_term_no_stopwords,展開,0.001375515818431912,1.4054651081081644,0.0019332394884568973,1,3,727,298
ohkoshi,ohkoshi,大越慎一,candidate,analysis_term_no_stopwords,情報,0.001375515818431912,1.4054651081081644,0.0019332394884568973,1,3,727,299
ohkoshi,ohkoshi,大越慎一,candidate,analysis_term_no_stopwords,意見,0.001375515818431912,1.4054651081081644,0.0019332394884568973,1,3,727,300
ohkoshi,ohkoshi,大越慎一,candidate,analysis_term_no_stopwords,拡充,0.001375515818431912,1.4054651081081644,0.0019332394884568973,1,3,727,301
ohkoshi,ohkoshi,大越慎一,candidate,analysis_term_no_stopwords,改善,0.001375515818431912,1.4054651081081644,0.0019332394884568973,1,3,727,302
ohkoshi,ohkoshi,大越慎一,candidate,analysis_term_no_stopwords,政策,0.001375515818431912,1.4054651081081644,0.0019332394884568973,1,3,727,303
ohkoshi,ohkoshi,大越慎一,candidate,analysis_term_no_stopwords,整える,0.001375515818431912,1.4054651081081644,0.0019332394884568973,1,3,727,304
ohkoshi,ohkoshi,大越慎一,candidate,analysis_term_no_stopwords,最大,0.001375515818431912,1.4054651081081644,0.0019332394884568973,1,3,727,305
ohkoshi,ohkoshi,大越慎一,candidate,analysis_term_no_stopwords,構造,0.001375515818431912,1.4054651081081644,0.0019332394884568973,1,3,727,306
ohkoshi,ohkoshi,大越慎一,candidate,analysis_term_no_stopwords,深化,0.001375515818431912,1.4054651081081644,0.0019332394884568973,1,3,727,307
ohkoshi,ohkoshi,大越慎一,candidate,analysis_term_no_stopwords,渡る,0.001375515818431912,1.4054651081081644,0.0019332394884568973,1,3,727,308
ohkoshi,ohkoshi,大越慎一,candidate,analysis_term_no_stopwords,状況,0.001375515818431912,1.4054651081081644,0.0019332394884568973,1,3,727,309
ohkoshi,ohkoshi,大越慎一,candidate,analysis_term_no_stopwords,理念,0.001375515818431912,1.4054651081081644,0.0019332394884568973,1,3,727,310
ohkoshi,ohkoshi,大越慎一,candidate,analysis_term_no_stopwords,経済,0.001375515818431912,1.4054651081081644,0.0019332394884568973,1,3,727,311
ohkoshi,ohkoshi,大越慎一,candidate,analysis_term_no_stopwords,結集,0.001375515818431912,1.4054651081081644,0.0019332394884568973,1,3,727,312
ohkoshi,ohkoshi,大越慎一,candidate,analysis_term_no_stopwords,維持,0.001375515818431912,1.4054651081081644,0.0019332394884568973,1,3,727,313
ohkoshi,ohkoshi,大越慎一,candidate,analysis_term_no_stopwords,視野,0.001375515818431912,1.4054651081081644,0.0019332394884568973,1,3,727,314
ohkoshi,ohkoshi,大越慎一,candidate,analysis_term_no_stopwords,設備,0.001375515818431912,1.4054651081081644,0.0019332394884568973,1,3,727,315
ohkoshi,ohkoshi,大越慎一,candidate,analysis_term_no_stopwords,財源,0.001375515818431912,1.4054651081081644,0.0019332394884568973,1,3,727,316
ohkoshi,ohkoshi,大越慎一,candidate,analysis_term_no_stopwords,資金,0.001375515818431912,1.4054651081081644,0.0019332394884568973,1,3,727,317
ohkoshi,ohkoshi,大越慎一,candidate,analysis_term_no_stopwords,進む,0.001375515818431912,1.4054651081081644,0.0019332394884568973,1,3,727,318
ohkoshi,ohkoshi,大越慎一,candidate,analysis_term_no_stopwords,高齢,0.001375515818431912,1.4054651081081644,0.0019332394884568973,1,3,727,319
ohkoshi,ohkoshi,大越慎一,candidate,analysis_term_no_stopwords,gri,0.001375515818431912,1.1823215567939547,0.0016263020038431288,1,4,727,320
ohkoshi,ohkoshi,大越慎一,candidate,analysis_term_no_stopwords,コミュニケーション-communication,0.001375515818431912,1.1823215567939547,0.0016263020038431288,1,4,727,321
ohkoshi,ohkoshi,大越慎一,candidate,analysis_term_no_stopwords,一体,0.001375515818431912,1.1823215567939547,0.0016263020038431288,1,4,727,322
ohkoshi,ohkoshi,大越慎一,candidate,analysis_term_no_stopwords,人文,0.001375515818431912,1.1823215567939547,0.0016263020038431288,1,4,727,323
ohkoshi,ohkoshi,大越慎一,candidate,analysis_term_no_stopwords,先端,0.001375515818431912,1.1823215567939547,0.0016263020038431288,1,4,727,324
ohkoshi,ohkoshi,大越慎一,candidate,analysis_term_no_stopwords,全学,0.001375515818431912,1.1823215567939547,0.0016263020038431288,1,4,727,325
ohkoshi,ohkoshi,大越慎一,candidate,analysis_term_no_stopwords,分断,0.001375515818431912,1.1823215567939547,0.0016263020038431288,1,4,727,326
ohkoshi,ohkoshi,大越慎一,candidate,analysis_term_no_stopwords,加速,0.001375515818431912,1.1823215567939547,0.0016263020038431288,1,4,727,327
ohkoshi,ohkoshi,大越慎一,candidate,analysis_term_no_stopwords,問う,0.001375515818431912,1.1823215567939547,0.0016263020038431288,1,4,727,328
ohkoshi,ohkoshi,大越慎一,candidate,analysis_term_no_stopwords,学問,0.001375515818431912,1.1823215567939547,0.0016263020038431288,1,4,727,329
ohkoshi,ohkoshi,大越慎一,candidate,analysis_term_no_stopwords,感,0.001375515818431912,1.1823215567939547,0.0016263020038431288,1,4,727,330
ohkoshi,ohkoshi,大越慎一,candidate,analysis_term_no_stopwords,投資,0.001375515818431912,1.1823215567939547,0.0016263020038431288,1,4,727,331
ohkoshi,ohkoshi,大越慎一,candidate,analysis_term_no_stopwords,拡大,0.001375515818431912,1.1823215567939547,0.0016263020038431288,1,4,727,332
ohkoshi,ohkoshi,大越慎一,candidate,analysis_term_no_stopwords,持続,0.001375515818431912,1.1823215567939547,0.0016263020038431288,1,4,727,333
ohkoshi,ohkoshi,大越慎一,candidate,analysis_term_no_stopwords,方向,0.001375515818431912,1.1823215567939547,0.0016263020038431288,1,4,727,334
ohkoshi,ohkoshi,大越慎一,candidate,analysis_term_no_stopwords,構想,0.001375515818431912,1.1823215567939547,0.0016263020038431288,1,4,727,335
ohkoshi,ohkoshi,大越慎一,candidate,analysis_term_no_stopwords,活躍,0.001375515818431912,1.1823215567939547,0.0016263020038431288,1,4,727,336
ohkoshi,ohkoshi,大越慎一,candidate,analysis_term_no_stopwords,点,0.001375515818431912,1.1823215567939547,0.0016263020038431288,1,4,727,337
ohkoshi,ohkoshi,大越慎一,candidate,analysis_term_no_stopwords,産業,0.001375515818431912,1.1823215567939547,0.0016263020038431288,1,4,727,338
ohkoshi,ohkoshi,大越慎一,candidate,analysis_term_no_stopwords,留まる,0.001375515818431912,1.1823215567939547,0.0016263020038431288,1,4,727,339
ohkoshi,ohkoshi,大越慎一,candidate,analysis_term_no_stopwords,経験,0.001375515818431912,1.1823215567939547,0.0016263020038431288,1,4,727,340
ohkoshi,ohkoshi,大越慎一,candidate,analysis_term_no_stopwords,能力,0.001375515818431912,1.1823215567939547,0.0016263020038431288,1,4,727,341
ohkoshi,ohkoshi,大越慎一,candidate,analysis_term_no_stopwords,評価,0.001375515818431912,1.1823215567939547,0.0016263020038431288,1,4,727,342
ohkoshi,ohkoshi,大越慎一,candidate,analysis_term_no_stopwords,財務,0.001375515818431912,1.1823215567939547,0.0016263020038431288,1,4,727,343
ohkoshi,ohkoshi,大越慎一,candidate,analysis_term_no_stopwords,財政,0.001375515818431912,1.1823215567939547,0.0016263020038431288,1,4,727,344
ohkoshi,ohkoshi,大越慎一,candidate,analysis_term_no_stopwords,資源,0.001375515818431912,1.1823215567939547,0.0016263020038431288,1,4,727,345
ohkoshi,ohkoshi,大越慎一,candidate,analysis_term_no_stopwords,通ずる,0.001375515818431912,1.1823215567939547,0.0016263020038431288,1,4,727,346
ohkoshi,ohkoshi,大越慎一,candidate,analysis_term_no_stopwords,配分,0.001375515818431912,1.1823215567939547,0.0016263020038431288,1,4,727,347
ohkoshi,ohkoshi,大越慎一,candidate,analysis_term_no_stopwords,重点,0.001375515818431912,1.1823215567939547,0.0016263020038431288,1,4,727,348
ohkoshi,ohkoshi,大越慎一,candidate,analysis_term_no_stopwords,つく,0.001375515818431912,1.0,0.001375515818431912,1,5,727,349
ohkoshi,ohkoshi,大越慎一,candidate,analysis_term_no_stopwords,向ける,0.001375515818431912,1.0,0.001375515818431912,1,5,727,350
ohkoshi,ohkoshi,大越慎一,candidate,analysis_term_no_stopwords,持つ,0.001375515818431912,1.0,0.001375515818431912,1,5,727,351
ohkoshi,ohkoshi,大越慎一,candidate,analysis_term_no_stopwords,改革,0.001375515818431912,1.0,0.001375515818431912,1,5,727,352
ohkoshi,ohkoshi,大越慎一,candidate,analysis_term_no_stopwords,教養,0.001375515818431912,1.0,0.001375515818431912,1,5,727,353
ohkoshi,ohkoshi,大越慎一,candidate,analysis_term_no_stopwords,構成,0.001375515818431912,1.0,0.001375515818431912,1,5,727,354
ohkoshi,ohkoshi,大越慎一,candidate,analysis_term_no_stopwords,理解,0.001375515818431912,1.0,0.001375515818431912,1,5,727,355
ohkoshi,ohkoshi,大越慎一,candidate,analysis_term_no_stopwords,生み出す,0.001375515818431912,1.0,0.001375515818431912,1,5,727,356
ohkoshi,ohkoshi,大越慎一,candidate,analysis_term_no_stopwords,示す,0.001375515818431912,1.0,0.001375515818431912,1,5,727,357
ohkoshi,ohkoshi,大越慎一,candidate,analysis_term_no_stopwords,総長,0.001375515818431912,1.0,0.001375515818431912,1,5,727,358
ohkoshi,ohkoshi,大越慎一,candidate,analysis_term_no_stopwords,言う,0.001375515818431912,1.0,0.001375515818431912,1,5,727,359
ohkoshi,ohkoshi,大越慎一,candidate,analysis_term_no_stopwords,責任,0.001375515818431912,1.0,0.001375515818431912,1,5,727,360
someya,someya,染谷隆夫,candidate,analysis_term_no_stopwords,為る,0.07851985559566788,1.0,0.07851985559566788,87,5,1108,1
someya,someya,染谷隆夫,candidate,analysis_term_no_stopwords,有る,0.021660649819494584,1.0,0.021660649819494584,24,5,1108,2
someya,someya,染谷隆夫,candidate,analysis_term_no_stopwords,社会,0.01895306859205776,1.0,0.01895306859205776,21,5,1108,3
someya,someya,染谷隆夫,candidate,analysis_term_no_stopwords,事,0.018050541516245487,1.0,0.018050541516245487,20,5,1108,4
someya,someya,染谷隆夫,candidate,analysis_term_no_stopwords,トウキョウ,0.01444043321299639,1.0,0.01444043321299639,16,5,1108,5
someya,someya,染谷隆夫,candidate,analysis_term_no_stopwords,力,0.011732851985559567,1.1823215567939547,0.01387200382519983,13,4,1108,6
someya,someya,染谷隆夫,candidate,analysis_term_no_stopwords,出来る,0.010830324909747292,1.1823215567939547,0.012804926607876764,12,4,1108,7
someya,someya,染谷隆夫,candidate,analysis_term_no_stopwords,環境,0.010830324909747292,1.1823215567939547,0.012804926607876764,12,4,1108,8
someya,someya,染谷隆夫,candidate,analysis_term_no_stopwords,構成,0.011732851985559567,1.0,0.011732851985559567,13,5,1108,9
someya,someya,染谷隆夫,candidate,analysis_term_no_stopwords,居る,0.010830324909747292,1.0,0.010830324909747292,12,5,1108,10
someya,someya,染谷隆夫,candidate,analysis_term_no_stopwords,整える,0.007220216606498195,1.4054651081081644,0.01014776251341635,8,3,1108,11
someya,someya,染谷隆夫,candidate,analysis_term_no_stopwords,知,0.008122743682310469,1.1823215567939547,0.009603694955907573,9,4,1108,12
someya,someya,染谷隆夫,candidate,analysis_term_no_stopwords,尊重,0.005415162454873646,1.6931471805599454,0.009168667042743385,6,2,1108,13
someya,someya,染谷隆夫,candidate,analysis_term_no_stopwords,現場,0.005415162454873646,1.6931471805599454,0.009168667042743385,6,2,1108,14
someya,someya,染谷隆夫,candidate,analysis_term_no_stopwords,制度,0.009025270758122744,1.0,0.009025270758122744,10,5,1108,15
someya,someya,染谷隆夫,candidate,analysis_term_no_stopwords,世界,0.008122743682310469,1.0,0.008122743682310469,9,5,1108,16
someya,someya,染谷隆夫,candidate,analysis_term_no_stopwords,人材,0.008122743682310469,1.0,0.008122743682310469,9,5,1108,17
someya,someya,染谷隆夫,candidate,analysis_term_no_stopwords,本部,0.008122743682310469,1.0,0.008122743682310469,9,5,1108,18
someya,someya,染谷隆夫,candidate,analysis_term_no_stopwords,無い,0.008122743682310469,1.0,0.008122743682310469,9,5,1108,19
someya,someya,染谷隆夫,candidate,analysis_term_no_stopwords,人類,0.004512635379061372,1.6931471805599454,0.007640555868952822,5,2,1108,20
someya,someya,染谷隆夫,candidate,analysis_term_no_stopwords,長期,0.004512635379061372,1.6931471805599454,0.007640555868952822,5,2,1108,21
someya,someya,染谷隆夫,candidate,analysis_term_no_stopwords,価値,0.005415162454873646,1.4054651081081644,0.007610821885062262,6,3,1108,22
someya,someya,染谷隆夫,candidate,analysis_term_no_stopwords,投資,0.00631768953068592,1.1823215567939547,0.007469540521261446,7,4,1108,23
someya,someya,染谷隆夫,candidate,analysis_term_no_stopwords,専門,0.007220216606498195,1.0,0.007220216606498195,8,5,1108,24
someya,someya,染谷隆夫,candidate,analysis_term_no_stopwords,ai,0.005415162454873646,1.1823215567939547,0.006402463303938382,6,4,1108,25
someya,someya,染谷隆夫,candidate,analysis_term_no_stopwords,通ずる,0.005415162454873646,1.1823215567939547,0.006402463303938382,6,4,1108,26
someya,someya,染谷隆夫,candidate,analysis_term_no_stopwords,信頼,0.004512635379061372,1.4054651081081644,0.006342351570885218,5,3,1108,27
someya,someya,染谷隆夫,candidate,analysis_term_no_stopwords,実現,0.004512635379061372,1.4054651081081644,0.006342351570885218,5,3,1108,28
someya,someya,染谷隆夫,candidate,analysis_term_no_stopwords,成長,0.004512635379061372,1.4054651081081644,0.006342351570885218,5,3,1108,29
someya,someya,染谷隆夫,candidate,analysis_term_no_stopwords,成る,0.00631768953068592,1.0,0.00631768953068592,7,5,1108,30
someya,someya,染谷隆夫,candidate,analysis_term_no_stopwords,部局,0.00631768953068592,1.0,0.00631768953068592,7,5,1108,31
someya,someya,染谷隆夫,candidate,analysis_term_no_stopwords,ガバナンス-governance,0.0036101083032490976,1.6931471805599454,0.006112444695162258,4,2,1108,32
someya,someya,染谷隆夫,candidate,analysis_term_no_stopwords,一人一人,0.0036101083032490976,1.6931471805599454,0.006112444695162258,4,2,1108,33
someya,someya,染谷隆夫,candidate,analysis_term_no_stopwords,時代,0.0036101083032490976,1.6931471805599454,0.006112444695162258,4,2,1108,34
someya,someya,染谷隆夫,candidate,analysis_term_no_stopwords,発揮,0.0036101083032490976,1.6931471805599454,0.006112444695162258,4,2,1108,35
someya,someya,染谷隆夫,candidate,analysis_term_no_stopwords,確立,0.0036101083032490976,1.6931471805599454,0.006112444695162258,4,2,1108,36
someya,someya,染谷隆夫,candidate,analysis_term_no_stopwords,還元,0.0036101083032490976,1.6931471805599454,0.006112444695162258,4,2,1108,37
someya,someya,染谷隆夫,candidate,analysis_term_no_stopwords,領域,0.0036101083032490976,1.6931471805599454,0.006112444695162258,4,2,1108,38
someya,someya,染谷隆夫,candidate,analysis_term_no_stopwords,協創,0.002707581227436823,2.09861228866811,0.005682163236466002,3,1,1108,39
someya,someya,染谷隆夫,candidate,analysis_term_no_stopwords,安心,0.002707581227436823,2.09861228866811,0.005682163236466002,3,1,1108,40
someya,someya,染谷隆夫,candidate,analysis_term_no_stopwords,本質,0.002707581227436823,2.09861228866811,0.005682163236466002,3,1,1108,41
someya,someya,染谷隆夫,candidate,analysis_term_no_stopwords,因る,0.005415162454873646,1.0,0.005415162454873646,6,5,1108,42
someya,someya,染谷隆夫,candidate,analysis_term_no_stopwords,役割,0.005415162454873646,1.0,0.005415162454873646,6,5,1108,43
someya,someya,染谷隆夫,candidate,analysis_term_no_stopwords,必要,0.005415162454873646,1.0,0.005415162454873646,6,5,1108,44
someya,someya,染谷隆夫,candidate,analysis_term_no_stopwords,担う,0.005415162454873646,1.0,0.005415162454873646,6,5,1108,45
someya,someya,染谷隆夫,candidate,analysis_term_no_stopwords,組織,0.005415162454873646,1.0,0.005415162454873646,6,5,1108,46
someya,someya,染谷隆夫,candidate,analysis_term_no_stopwords,課題,0.005415162454873646,1.0,0.005415162454873646,6,5,1108,47
someya,someya,染谷隆夫,candidate,analysis_term_no_stopwords,責任,0.005415162454873646,1.0,0.005415162454873646,6,5,1108,48
someya,someya,染谷隆夫,candidate,analysis_term_no_stopwords,全学,0.004512635379061372,1.1823215567939547,0.005335386086615319,5,4,1108,49
someya,someya,染谷隆夫,candidate,analysis_term_no_stopwords,築く,0.004512635379061372,1.1823215567939547,0.005335386086615319,5,4,1108,50
someya,someya,染谷隆夫,candidate,analysis_term_no_stopwords,最大,0.0036101083032490976,1.4054651081081644,0.005073881256708175,4,3,1108,51
someya,someya,染谷隆夫,candidate,analysis_term_no_stopwords,業務,0.0036101083032490976,1.4054651081081644,0.005073881256708175,4,3,1108,52
someya,someya,染谷隆夫,candidate,analysis_term_no_stopwords,確保,0.0036101083032490976,1.4054651081081644,0.005073881256708175,4,3,1108,53
someya,someya,染谷隆夫,candidate,analysis_term_no_stopwords,キャンパス-campus,0.002707581227436823,1.6931471805599454,0.004584333521371693,3,2,1108,54
someya,someya,染谷隆夫,candidate,analysis_term_no_stopwords,リーダー-leader,0.002707581227436823,1.6931471805599454,0.004584333521371693,3,2,1108,55
someya,someya,染谷隆夫,candidate,analysis_term_no_stopwords,取り組む,0.002707581227436823,1.6931471805599454,0.004584333521371693,3,2,1108,56
someya,someya,染谷隆夫,candidate,analysis_term_no_stopwords,学び,0.002707581227436823,1.6931471805599454,0.004584333521371693,3,2,1108,57
someya,someya,染谷隆夫,candidate,analysis_term_no_stopwords,対話,0.002707581227436823,1.6931471805599454,0.004584333521371693,3,2,1108,58
someya,someya,染谷隆夫,candidate,analysis_term_no_stopwords,探究,0.002707581227436823,1.6931471805599454,0.004584333521371693,3,2,1108,59
someya,someya,染谷隆夫,candidate,analysis_term_no_stopwords,時間,0.002707581227436823,1.6931471805599454,0.004584333521371693,3,2,1108,60
someya,someya,染谷隆夫,candidate,analysis_term_no_stopwords,産,0.002707581227436823,1.6931471805599454,0.004584333521371693,3,2,1108,61
someya,someya,染谷隆夫,candidate,analysis_term_no_stopwords,目標,0.002707581227436823,1.6931471805599454,0.004584333521371693,3,2,1108,62
someya,someya,染谷隆夫,candidate,analysis_term_no_stopwords,知財,0.002707581227436823,1.6931471805599454,0.004584333521371693,3,2,1108,63
someya,someya,染谷隆夫,candidate,analysis_term_no_stopwords,自ら,0.002707581227436823,1.6931471805599454,0.004584333521371693,3,2,1108,64
someya,someya,染谷隆夫,candidate,analysis_term_no_stopwords,若手,0.002707581227436823,1.6931471805599454,0.004584333521371693,3,2,1108,65
someya,someya,染谷隆夫,candidate,analysis_term_no_stopwords,要する,0.002707581227436823,1.6931471805599454,0.004584333521371693,3,2,1108,66
someya,someya,染谷隆夫,candidate,analysis_term_no_stopwords,創造,0.004512635379061372,1.0,0.004512635379061372,5,5,1108,67
someya,someya,染谷隆夫,candidate,analysis_term_no_stopwords,為,0.004512635379061372,1.0,0.004512635379061372,5,5,1108,68
someya,someya,染谷隆夫,candidate,analysis_term_no_stopwords,総長,0.004512635379061372,1.0,0.004512635379061372,5,5,1108,69
someya,someya,染谷隆夫,candidate,analysis_term_no_stopwords,問う,0.0036101083032490976,1.1823215567939547,0.0042683088692922555,4,4,1108,70
someya,someya,染谷隆夫,candidate,analysis_term_no_stopwords,基盤,0.0036101083032490976,1.1823215567939547,0.0042683088692922555,4,4,1108,71
someya,someya,染谷隆夫,candidate,analysis_term_no_stopwords,成果,0.0036101083032490976,1.1823215567939547,0.0042683088692922555,4,4,1108,72
someya,someya,染谷隆夫,candidate,analysis_term_no_stopwords,経験,0.0036101083032490976,1.1823215567939547,0.0042683088692922555,4,4,1108,73
someya,someya,染谷隆夫,candidate,analysis_term_no_stopwords,資源,0.0036101083032490976,1.1823215567939547,0.0042683088692922555,4,4,1108,74
someya,someya,染谷隆夫,candidate,analysis_term_no_stopwords,進める,0.0036101083032490976,1.1823215567939547,0.0042683088692922555,4,4,1108,75
someya,someya,染谷隆夫,candidate,analysis_term_no_stopwords,使命,0.002707581227436823,1.4054651081081644,0.003805410942531131,3,3,1108,76
someya,someya,染谷隆夫,candidate,analysis_term_no_stopwords,優れる,0.002707581227436823,1.4054651081081644,0.003805410942531131,3,3,1108,77
someya,someya,染谷隆夫,candidate,analysis_term_no_stopwords,循環,0.002707581227436823,1.4054651081081644,0.003805410942531131,3,3,1108,78
someya,someya,染谷隆夫,candidate,analysis_term_no_stopwords,支える,0.002707581227436823,1.4054651081081644,0.003805410942531131,3,3,1108,79
someya,someya,染谷隆夫,candidate,analysis_term_no_stopwords,既存,0.002707581227436823,1.4054651081081644,0.003805410942531131,3,3,1108,80
someya,someya,染谷隆夫,candidate,analysis_term_no_stopwords,水準,0.002707581227436823,1.4054651081081644,0.003805410942531131,3,3,1108,81
someya,someya,染谷隆夫,candidate,analysis_term_no_stopwords,決める,0.002707581227436823,1.4054651081081644,0.003805410942531131,3,3,1108,82
someya,someya,染谷隆夫,candidate,analysis_term_no_stopwords,生かす,0.002707581227436823,1.4054651081081644,0.003805410942531131,3,3,1108,83
someya,someya,染谷隆夫,candidate,analysis_term_no_stopwords,異なる,0.002707581227436823,1.4054651081081644,0.003805410942531131,3,3,1108,84
someya,someya,染谷隆夫,candidate,analysis_term_no_stopwords,視野,0.002707581227436823,1.4054651081081644,0.003805410942531131,3,3,1108,85
someya,someya,染谷隆夫,candidate,analysis_term_no_stopwords,リソース-resource,0.0018050541516245488,2.09861228866811,0.003788108824310668,2,1,1108,86
someya,someya,染谷隆夫,candidate,analysis_term_no_stopwords,一律,0.0018050541516245488,2.09861228866811,0.003788108824310668,2,1,1108,87
someya,someya,染谷隆夫,candidate,analysis_term_no_stopwords,備える,0.0018050541516245488,2.09861228866811,0.003788108824310668,2,1,1108,88
someya,someya,染谷隆夫,candidate,analysis_term_no_stopwords,協働,0.0018050541516245488,2.09861228866811,0.003788108824310668,2,1,1108,89
someya,someya,染谷隆夫,candidate,analysis_term_no_stopwords,呼び込む,0.0018050541516245488,2.09861228866811,0.003788108824310668,2,1,1108,90
someya,someya,染谷隆夫,candidate,analysis_term_no_stopwords,学力,0.0018050541516245488,2.09861228866811,0.003788108824310668,2,1,1108,91
someya,someya,染谷隆夫,candidate,analysis_term_no_stopwords,実行,0.0018050541516245488,2.09861228866811,0.003788108824310668,2,1,1108,92
someya,someya,染谷隆夫,candidate,analysis_term_no_stopwords,次代,0.0018050541516245488,2.09861228866811,0.003788108824310668,2,1,1108,93
someya,someya,染谷隆夫,candidate,analysis_term_no_stopwords,熟す,0.0018050541516245488,2.09861228866811,0.003788108824310668,2,1,1108,94
someya,someya,染谷隆夫,candidate,analysis_term_no_stopwords,結果,0.0018050541516245488,2.09861228866811,0.003788108824310668,2,1,1108,95
someya,someya,染谷隆夫,candidate,analysis_term_no_stopwords,自信,0.0018050541516245488,2.09861228866811,0.003788108824310668,2,1,1108,96
someya,someya,染谷隆夫,candidate,analysis_term_no_stopwords,貢献,0.0018050541516245488,2.09861228866811,0.003788108824310668,2,1,1108,97
someya,someya,染谷隆夫,candidate,analysis_term_no_stopwords,責務,0.0018050541516245488,2.09861228866811,0.003788108824310668,2,1,1108,98
someya,someya,染谷隆夫,candidate,analysis_term_no_stopwords,送り出す,0.0018050541516245488,2.09861228866811,0.003788108824310668,2,1,1108,99
someya,someya,染谷隆夫,candidate,analysis_term_no_stopwords,集う,0.0018050541516245488,2.09861228866811,0.003788108824310668,2,1,1108,100
someya,someya,染谷隆夫,candidate,analysis_term_no_stopwords,響き合う,0.0018050541516245488,2.09861228866811,0.003788108824310668,2,1,1108,101
someya,someya,染谷隆夫,candidate,analysis_term_no_stopwords,分野,0.0036101083032490976,1.0,0.0036101083032490976,4,5,1108,102
someya,someya,染谷隆夫,candidate,analysis_term_no_stopwords,加える,0.0036101083032490976,1.0,0.0036101083032490976,4,5,1108,103
someya,someya,染谷隆夫,candidate,analysis_term_no_stopwords,国際,0.0036101083032490976,1.0,0.0036101083032490976,4,5,1108,104
someya,someya,染谷隆夫,candidate,analysis_term_no_stopwords,学術,0.0036101083032490976,1.0,0.0036101083032490976,4,5,1108,105
someya,someya,染谷隆夫,candidate,analysis_term_no_stopwords,持つ,0.0036101083032490976,1.0,0.0036101083032490976,4,5,1108,106
someya,someya,染谷隆夫,candidate,analysis_term_no_stopwords,支援,0.0036101083032490976,1.0,0.0036101083032490976,4,5,1108,107
someya,someya,染谷隆夫,candidate,analysis_term_no_stopwords,於く,0.0036101083032490976,1.0,0.0036101083032490976,4,5,1108,108
someya,someya,染谷隆夫,candidate,analysis_term_no_stopwords,自由,0.0036101083032490976,1.0,0.0036101083032490976,4,5,1108,109
someya,someya,染谷隆夫,candidate,analysis_term_no_stopwords,体制,0.002707581227436823,1.1823215567939547,0.003201231651969191,3,4,1108,110
someya,someya,染谷隆夫,candidate,analysis_term_no_stopwords,全て,0.002707581227436823,1.1823215567939547,0.003201231651969191,3,4,1108,111
someya,someya,染谷隆夫,candidate,analysis_term_no_stopwords,公共,0.002707581227436823,1.1823215567939547,0.003201231651969191,3,4,1108,112
someya,someya,染谷隆夫,candidate,analysis_term_no_stopwords,其々,0.002707581227436823,1.1823215567939547,0.003201231651969191,3,4,1108,113
someya,someya,染谷隆夫,candidate,analysis_term_no_stopwords,構築,0.002707581227436823,1.1823215567939547,0.003201231651969191,3,4,1108,114
someya,someya,染谷隆夫,candidate,analysis_term_no_stopwords,海外,0.002707581227436823,1.1823215567939547,0.003201231651969191,3,4,1108,115
someya,someya,染谷隆夫,candidate,analysis_term_no_stopwords,続ける,0.002707581227436823,1.1823215567939547,0.003201231651969191,3,4,1108,116
someya,someya,染谷隆夫,candidate,analysis_term_no_stopwords,財務,0.002707581227436823,1.1823215567939547,0.003201231651969191,3,4,1108,117
someya,someya,染谷隆夫,candidate,analysis_term_no_stopwords,スタートアップ-start-up,0.0018050541516245488,1.6931471805599454,0.003056222347581129,2,2,1108,118
someya,someya,染谷隆夫,candidate,analysis_term_no_stopwords,今,0.0018050541516245488,1.6931471805599454,0.003056222347581129,2,2,1108,119
someya,someya,染谷隆夫,candidate,analysis_term_no_stopwords,仕組み,0.0018050541516245488,1.6931471805599454,0.003056222347581129,2,2,1108,120
someya,someya,染谷隆夫,candidate,analysis_term_no_stopwords,使う,0.0018050541516245488,1.6931471805599454,0.003056222347581129,2,2,1108,121
someya,someya,染谷隆夫,candidate,analysis_term_no_stopwords,先導,0.0018050541516245488,1.6931471805599454,0.003056222347581129,2,2,1108,122
someya,someya,染谷隆夫,candidate,analysis_term_no_stopwords,同時,0.0018050541516245488,1.6931471805599454,0.003056222347581129,2,2,1108,123
someya,someya,染谷隆夫,candidate,analysis_term_no_stopwords,境界,0.0018050541516245488,1.6931471805599454,0.003056222347581129,2,2,1108,124
someya,someya,染谷隆夫,candidate,analysis_term_no_stopwords,外部,0.0018050541516245488,1.6931471805599454,0.003056222347581129,2,2,1108,125
someya,someya,染谷隆夫,candidate,analysis_term_no_stopwords,安全,0.0018050541516245488,1.6931471805599454,0.003056222347581129,2,2,1108,126
someya,someya,染谷隆夫,candidate,analysis_term_no_stopwords,安定,0.0018050541516245488,1.6931471805599454,0.003056222347581129,2,2,1108,127
someya,someya,染谷隆夫,candidate,analysis_term_no_stopwords,工学,0.0018050541516245488,1.6931471805599454,0.003056222347581129,2,2,1108,128
someya,someya,染谷隆夫,candidate,analysis_term_no_stopwords,本来,0.0018050541516245488,1.6931471805599454,0.003056222347581129,2,2,1108,129
someya,someya,染谷隆夫,candidate,analysis_term_no_stopwords,根拠,0.0018050541516245488,1.6931471805599454,0.003056222347581129,2,2,1108,130
someya,someya,染谷隆夫,candidate,analysis_term_no_stopwords,法,0.0018050541516245488,1.6931471805599454,0.003056222347581129,2,2,1108,131
someya,someya,染谷隆夫,candidate,analysis_term_no_stopwords,獲得,0.0018050541516245488,1.6931471805599454,0.003056222347581129,2,2,1108,132
someya,someya,染谷隆夫,candidate,analysis_term_no_stopwords,真価,0.0018050541516245488,1.6931471805599454,0.003056222347581129,2,2,1108,133
someya,someya,染谷隆夫,candidate,analysis_term_no_stopwords,育てる,0.0018050541516245488,1.6931471805599454,0.003056222347581129,2,2,1108,134
someya,someya,染谷隆夫,candidate,analysis_term_no_stopwords,自身,0.0018050541516245488,1.6931471805599454,0.003056222347581129,2,2,1108,135
someya,someya,染谷隆夫,candidate,analysis_term_no_stopwords,裁量,0.0018050541516245488,1.6931471805599454,0.003056222347581129,2,2,1108,136
someya,someya,染谷隆夫,candidate,analysis_term_no_stopwords,言語,0.0018050541516245488,1.6931471805599454,0.003056222347581129,2,2,1108,137
someya,someya,染谷隆夫,candidate,analysis_term_no_stopwords,説明,0.0018050541516245488,1.6931471805599454,0.003056222347581129,2,2,1108,138
someya,someya,染谷隆夫,candidate,analysis_term_no_stopwords,重視,0.0018050541516245488,1.6931471805599454,0.003056222347581129,2,2,1108,139
someya,someya,染谷隆夫,candidate,analysis_term_no_stopwords,鍛える,0.0018050541516245488,1.6931471805599454,0.003056222347581129,2,2,1108,140
someya,someya,染谷隆夫,candidate,analysis_term_no_stopwords,基礎,0.002707581227436823,1.0,0.002707581227436823,3,5,1108,141
someya,someya,染谷隆夫,candidate,analysis_term_no_stopwords,学生,0.002707581227436823,1.0,0.002707581227436823,3,5,1108,142
someya,someya,染谷隆夫,candidate,analysis_term_no_stopwords,生み出す,0.002707581227436823,1.0,0.002707581227436823,3,5,1108,143
someya,someya,染谷隆夫,candidate,analysis_term_no_stopwords,経営,0.002707581227436823,1.0,0.002707581227436823,3,5,1108,144
someya,someya,染谷隆夫,candidate,analysis_term_no_stopwords,運営,0.002707581227436823,1.0,0.002707581227436823,3,5,1108,145
someya,someya,染谷隆夫,candidate,analysis_term_no_stopwords,世代,0.0018050541516245488,1.4054651081081644,0.0025369406283540876,2,3,1108,146
someya,someya,染谷隆夫,candidate,analysis_term_no_stopwords,向上,0.0018050541516245488,1.4054651081081644,0.0025369406283540876,2,3,1108,147
someya,someya,染谷隆夫,candidate,analysis_term_no_stopwords,整備,0.0018050541516245488,1.4054651081081644,0.0025369406283540876,2,3,1108,148
someya,someya,染谷隆夫,candidate,analysis_term_no_stopwords,理念,0.0018050541516245488,1.4054651081081644,0.0025369406283540876,2,3,1108,149
someya,someya,染谷隆夫,candidate,analysis_term_no_stopwords,発信,0.0018050541516245488,1.4054651081081644,0.0025369406283540876,2,3,1108,150
someya,someya,染谷隆夫,candidate,analysis_term_no_stopwords,知識,0.0018050541516245488,1.4054651081081644,0.0025369406283540876,2,3,1108,151
someya,someya,染谷隆夫,candidate,analysis_term_no_stopwords,総合,0.0018050541516245488,1.4054651081081644,0.0025369406283540876,2,3,1108,152
someya,someya,染谷隆夫,candidate,analysis_term_no_stopwords,自律,0.0018050541516245488,1.4054651081081644,0.0025369406283540876,2,3,1108,153
someya,someya,染谷隆夫,candidate,analysis_term_no_stopwords,負う,0.0018050541516245488,1.4054651081081644,0.0025369406283540876,2,3,1108,154
someya,someya,染谷隆夫,candidate,analysis_term_no_stopwords,財源,0.0018050541516245488,1.4054651081081644,0.0025369406283540876,2,3,1108,155
someya,someya,染谷隆夫,candidate,analysis_term_no_stopwords,資金,0.0018050541516245488,1.4054651081081644,0.0025369406283540876,2,3,1108,156
someya,someya,染谷隆夫,candidate,analysis_term_no_stopwords,越える,0.0018050541516245488,1.4054651081081644,0.0025369406283540876,2,3,1108,157
someya,someya,染谷隆夫,candidate,analysis_term_no_stopwords,軸,0.0018050541516245488,1.4054651081081644,0.0025369406283540876,2,3,1108,158
someya,someya,染谷隆夫,candidate,analysis_term_no_stopwords,集中,0.0018050541516245488,1.4054651081081644,0.0025369406283540876,2,3,1108,159
someya,someya,染谷隆夫,candidate,analysis_term_no_stopwords,高める,0.0018050541516245488,1.4054651081081644,0.0025369406283540876,2,3,1108,160
someya,someya,染谷隆夫,candidate,analysis_term_no_stopwords,アート-art,0.0018050541516245488,1.1823215567939547,0.0021341544346461278,2,4,1108,161
someya,someya,染谷隆夫,candidate,analysis_term_no_stopwords,リベラル-liberal,0.0018050541516245488,1.1823215567939547,0.0021341544346461278,2,4,1108,162
someya,someya,染谷隆夫,candidate,analysis_term_no_stopwords,上,0.0018050541516245488,1.1823215567939547,0.0021341544346461278,2,4,1108,163
someya,someya,染谷隆夫,candidate,analysis_term_no_stopwords,伸ばす,0.0018050541516245488,1.1823215567939547,0.0021341544346461278,2,4,1108,164
someya,someya,染谷隆夫,candidate,analysis_term_no_stopwords,変革,0.0018050541516245488,1.1823215567939547,0.0021341544346461278,2,4,1108,165
someya,someya,染谷隆夫,candidate,analysis_term_no_stopwords,学問,0.0018050541516245488,1.1823215567939547,0.0021341544346461278,2,4,1108,166
someya,someya,染谷隆夫,candidate,analysis_term_no_stopwords,対応,0.0018050541516245488,1.1823215567939547,0.0021341544346461278,2,4,1108,167
someya,someya,染谷隆夫,candidate,analysis_term_no_stopwords,強化,0.0018050541516245488,1.1823215567939547,0.0021341544346461278,2,4,1108,168
someya,someya,染谷隆夫,candidate,analysis_term_no_stopwords,得る,0.0018050541516245488,1.1823215567939547,0.0021341544346461278,2,4,1108,169
someya,someya,染谷隆夫,candidate,analysis_term_no_stopwords,技術,0.0018050541516245488,1.1823215567939547,0.0021341544346461278,2,4,1108,170
someya,someya,染谷隆夫,candidate,analysis_term_no_stopwords,持続,0.0018050541516245488,1.1823215567939547,0.0021341544346461278,2,4,1108,171
someya,someya,染谷隆夫,candidate,analysis_term_no_stopwords,設計,0.0018050541516245488,1.1823215567939547,0.0021341544346461278,2,4,1108,172
someya,someya,染谷隆夫,candidate,analysis_term_no_stopwords,評価,0.0018050541516245488,1.1823215567939547,0.0021341544346461278,2,4,1108,173
someya,someya,染谷隆夫,candidate,analysis_term_no_stopwords,enterprise,0.0009025270758122744,2.09861228866811,0.001894054412155334,1,1,1108,174
someya,someya,染谷隆夫,candidate,analysis_term_no_stopwords,インテグリティー,0.0009025270758122744,2.09861228866811,0.001894054412155334,1,1,1108,175
someya,someya,染谷隆夫,candidate,analysis_term_no_stopwords,シニア-senior,0.0009025270758122744,2.09861228866811,0.001894054412155334,1,1,1108,176
someya,someya,染谷隆夫,candidate,analysis_term_no_stopwords,ソメヤ,0.0009025270758122744,2.09861228866811,0.001894054412155334,1,1,1108,177
someya,someya,染谷隆夫,candidate,analysis_term_no_stopwords,チーム-team,0.0009025270758122744,2.09861228866811,0.001894054412155334,1,1,1108,178
someya,someya,染谷隆夫,candidate,analysis_term_no_stopwords,一丸,0.0009025270758122744,2.09861228866811,0.001894054412155334,1,1,1108,179
someya,someya,染谷隆夫,candidate,analysis_term_no_stopwords,上位,0.0009025270758122744,2.09861228866811,0.001894054412155334,1,1,1108,180
someya,someya,染谷隆夫,candidate,analysis_term_no_stopwords,下す,0.0009025270758122744,2.09861228866811,0.001894054412155334,1,1,1108,181
someya,someya,染谷隆夫,candidate,analysis_term_no_stopwords,世,0.0009025270758122744,2.09861228866811,0.001894054412155334,1,1,1108,182
someya,someya,染谷隆夫,candidate,analysis_term_no_stopwords,主導,0.0009025270758122744,2.09861228866811,0.001894054412155334,1,1,1108,183
someya,someya,染谷隆夫,candidate,analysis_term_no_stopwords,互い,0.0009025270758122744,2.09861228866811,0.001894054412155334,1,1,1108,184
someya,someya,染谷隆夫,candidate,analysis_term_no_stopwords,享受,0.0009025270758122744,2.09861228866811,0.001894054412155334,1,1,1108,185
someya,someya,染谷隆夫,candidate,analysis_term_no_stopwords,人々,0.0009025270758122744,2.09861228866811,0.001894054412155334,1,1,1108,186
someya,someya,染谷隆夫,candidate,analysis_term_no_stopwords,介護,0.0009025270758122744,2.09861228866811,0.001894054412155334,1,1,1108,187
someya,someya,染谷隆夫,candidate,analysis_term_no_stopwords,代替,0.0009025270758122744,2.09861228866811,0.001894054412155334,1,1,1108,188
someya,someya,染谷隆夫,candidate,analysis_term_no_stopwords,低減,0.0009025270758122744,2.09861228866811,0.001894054412155334,1,1,1108,189
someya,someya,染谷隆夫,candidate,analysis_term_no_stopwords,体験,0.0009025270758122744,2.09861228866811,0.001894054412155334,1,1,1108,190
someya,someya,染谷隆夫,candidate,analysis_term_no_stopwords,作り出す,0.0009025270758122744,2.09861228866811,0.001894054412155334,1,1,1108,191
someya,someya,染谷隆夫,candidate,analysis_term_no_stopwords,促す,0.0009025270758122744,2.09861228866811,0.001894054412155334,1,1,1108,192
someya,someya,染谷隆夫,candidate,analysis_term_no_stopwords,保有,0.0009025270758122744,2.09861228866811,0.001894054412155334,1,1,1108,193
someya,someya,染谷隆夫,candidate,analysis_term_no_stopwords,信ずる,0.0009025270758122744,2.09861228866811,0.001894054412155334,1,1,1108,194
someya,someya,染谷隆夫,candidate,analysis_term_no_stopwords,傾ける,0.0009025270758122744,2.09861228866811,0.001894054412155334,1,1,1108,195
someya,someya,染谷隆夫,candidate,analysis_term_no_stopwords,元気,0.0009025270758122744,2.09861228866811,0.001894054412155334,1,1,1108,196
someya,someya,染谷隆夫,candidate,analysis_term_no_stopwords,先頭,0.0009025270758122744,2.09861228866811,0.001894054412155334,1,1,1108,197
someya,someya,染谷隆夫,candidate,analysis_term_no_stopwords,公明,0.0009025270758122744,2.09861228866811,0.001894054412155334,1,1,1108,198
someya,someya,染谷隆夫,candidate,analysis_term_no_stopwords,公正,0.0009025270758122744,2.09861228866811,0.001894054412155334,1,1,1108,199
someya,someya,染谷隆夫,candidate,analysis_term_no_stopwords,利く,0.0009025270758122744,2.09861228866811,0.001894054412155334,1,1,1108,200
someya,someya,染谷隆夫,candidate,analysis_term_no_stopwords,制約,0.0009025270758122744,2.09861228866811,0.001894054412155334,1,1,1108,201
someya,someya,染谷隆夫,candidate,analysis_term_no_stopwords,努める,0.0009025270758122744,2.09861228866811,0.001894054412155334,1,1,1108,202
someya,someya,染谷隆夫,candidate,analysis_term_no_stopwords,包摂,0.0009025270758122744,2.09861228866811,0.001894054412155334,1,1,1108,203
someya,someya,染谷隆夫,candidate,analysis_term_no_stopwords,区分,0.0009025270758122744,2.09861228866811,0.001894054412155334,1,1,1108,204
someya,someya,染谷隆夫,candidate,analysis_term_no_stopwords,取り戻す,0.0009025270758122744,2.09861228866811,0.001894054412155334,1,1,1108,205
someya,someya,染谷隆夫,candidate,analysis_term_no_stopwords,受容,0.0009025270758122744,2.09861228866811,0.001894054412155334,1,1,1108,206
someya,someya,染谷隆夫,candidate,analysis_term_no_stopwords,合意,0.0009025270758122744,2.09861228866811,0.001894054412155334,1,1,1108,207
someya,someya,染谷隆夫,candidate,analysis_term_no_stopwords,回復,0.0009025270758122744,2.09861228866811,0.001894054412155334,1,1,1108,208
someya,someya,染谷隆夫,candidate,analysis_term_no_stopwords,埋める,0.0009025270758122744,2.09861228866811,0.001894054412155334,1,1,1108,209
someya,someya,染谷隆夫,candidate,analysis_term_no_stopwords,培う,0.0009025270758122744,2.09861228866811,0.001894054412155334,1,1,1108,210
someya,someya,染谷隆夫,candidate,analysis_term_no_stopwords,多元,0.0009025270758122744,2.09861228866811,0.001894054412155334,1,1,1108,211
someya,someya,染谷隆夫,candidate,analysis_term_no_stopwords,夢,0.0009025270758122744,2.09861228866811,0.001894054412155334,1,1,1108,212
someya,someya,染谷隆夫,candidate,analysis_term_no_stopwords,太字,0.0009025270758122744,2.09861228866811,0.001894054412155334,1,1,1108,213
someya,someya,染谷隆夫,candidate,analysis_term_no_stopwords,子育て,0.0009025270758122744,2.09861228866811,0.001894054412155334,1,1,1108,214
someya,someya,染谷隆夫,candidate,analysis_term_no_stopwords,守る,0.0009025270758122744,2.09861228866811,0.001894054412155334,1,1,1108,215
someya,someya,染谷隆夫,candidate,analysis_term_no_stopwords,定まる,0.0009025270758122744,2.09861228866811,0.001894054412155334,1,1,1108,216
someya,someya,染谷隆夫,candidate,analysis_term_no_stopwords,実感,0.0009025270758122744,2.09861228866811,0.001894054412155334,1,1,1108,217
someya,someya,染谷隆夫,candidate,analysis_term_no_stopwords,導き出す,0.0009025270758122744,2.09861228866811,0.001894054412155334,1,1,1108,218
someya,someya,染谷隆夫,candidate,analysis_term_no_stopwords,常識,0.0009025270758122744,2.09861228866811,0.001894054412155334,1,1,1108,219
someya,someya,染谷隆夫,candidate,analysis_term_no_stopwords,弁護,0.0009025270758122744,2.09861228866811,0.001894054412155334,1,1,1108,220
someya,someya,染谷隆夫,candidate,analysis_term_no_stopwords,引き出す,0.0009025270758122744,2.09861228866811,0.001894054412155334,1,1,1108,221
someya,someya,染谷隆夫,candidate,analysis_term_no_stopwords,引き受ける,0.0009025270758122744,2.09861228866811,0.001894054412155334,1,1,1108,222
someya,someya,染谷隆夫,candidate,analysis_term_no_stopwords,当て嵌める,0.0009025270758122744,2.09861228866811,0.001894054412155334,1,1,1108,223
someya,someya,染谷隆夫,candidate,analysis_term_no_stopwords,形式,0.0009025270758122744,2.09861228866811,0.001894054412155334,1,1,1108,224
someya,someya,染谷隆夫,candidate,analysis_term_no_stopwords,往還,0.0009025270758122744,2.09861228866811,0.001894054412155334,1,1,1108,225
someya,someya,染谷隆夫,candidate,analysis_term_no_stopwords,待遇,0.0009025270758122744,2.09861228866811,0.001894054412155334,1,1,1108,226
someya,someya,染谷隆夫,candidate,analysis_term_no_stopwords,得意,0.0009025270758122744,2.09861228866811,0.001894054412155334,1,1,1108,227
someya,someya,染谷隆夫,candidate,analysis_term_no_stopwords,悔しい,0.0009025270758122744,2.09861228866811,0.001894054412155334,1,1,1108,228
someya,someya,染谷隆夫,candidate,analysis_term_no_stopwords,成否,0.0009025270758122744,2.09861228866811,0.001894054412155334,1,1,1108,229
someya,someya,染谷隆夫,candidate,analysis_term_no_stopwords,手法,0.0009025270758122744,2.09861228866811,0.001894054412155334,1,1,1108,230
someya,someya,染谷隆夫,candidate,analysis_term_no_stopwords,才能,0.0009025270758122744,2.09861228866811,0.001894054412155334,1,1,1108,231
someya,someya,染谷隆夫,candidate,analysis_term_no_stopwords,抜く,0.0009025270758122744,2.09861228866811,0.001894054412155334,1,1,1108,232
someya,someya,染谷隆夫,candidate,analysis_term_no_stopwords,抱え込む,0.0009025270758122744,2.09861228866811,0.001894054412155334,1,1,1108,233
someya,someya,染谷隆夫,candidate,analysis_term_no_stopwords,抱く,0.0009025270758122744,2.09861228866811,0.001894054412155334,1,1,1108,234
someya,someya,染谷隆夫,candidate,analysis_term_no_stopwords,振り回す,0.0009025270758122744,2.09861228866811,0.001894054412155334,1,1,1108,235
someya,someya,染谷隆夫,candidate,analysis_term_no_stopwords,捕らわれる,0.0009025270758122744,2.09861228866811,0.001894054412155334,1,1,1108,236
someya,someya,染谷隆夫,candidate,analysis_term_no_stopwords,据える,0.0009025270758122744,2.09861228866811,0.001894054412155334,1,1,1108,237
someya,someya,染谷隆夫,candidate,analysis_term_no_stopwords,掛かる,0.0009025270758122744,2.09861228866811,0.001894054412155334,1,1,1108,238
someya,someya,染谷隆夫,candidate,analysis_term_no_stopwords,探る,0.0009025270758122744,2.09861228866811,0.001894054412155334,1,1,1108,239
someya,someya,染谷隆夫,candidate,analysis_term_no_stopwords,措置,0.0009025270758122744,2.09861228866811,0.001894054412155334,1,1,1108,240
someya,someya,染谷隆夫,candidate,analysis_term_no_stopwords,揺るぎない,0.0009025270758122744,2.09861228866811,0.001894054412155334,1,1,1108,241
someya,someya,染谷隆夫,candidate,analysis_term_no_stopwords,攻撃,0.0009025270758122744,2.09861228866811,0.001894054412155334,1,1,1108,242
someya,someya,染谷隆夫,candidate,analysis_term_no_stopwords,文系,0.0009025270758122744,2.09861228866811,0.001894054412155334,1,1,1108,243
someya,someya,染谷隆夫,candidate,analysis_term_no_stopwords,日々,0.0009025270758122744,2.09861228866811,0.001894054412155334,1,1,1108,244
someya,someya,染谷隆夫,candidate,analysis_term_no_stopwords,早い,0.0009025270758122744,2.09861228866811,0.001894054412155334,1,1,1108,245
someya,someya,染谷隆夫,candidate,analysis_term_no_stopwords,早期,0.0009025270758122744,2.09861228866811,0.001894054412155334,1,1,1108,246
someya,someya,染谷隆夫,candidate,analysis_term_no_stopwords,明るい,0.0009025270758122744,2.09861228866811,0.001894054412155334,1,1,1108,247
someya,someya,染谷隆夫,candidate,analysis_term_no_stopwords,晒す,0.0009025270758122744,2.09861228866811,0.001894054412155334,1,1,1108,248
someya,someya,染谷隆夫,candidate,analysis_term_no_stopwords,正しい,0.0009025270758122744,2.09861228866811,0.001894054412155334,1,1,1108,249
someya,someya,染谷隆夫,candidate,analysis_term_no_stopwords,正解,0.0009025270758122744,2.09861228866811,0.001894054412155334,1,1,1108,250
someya,someya,染谷隆夫,candidate,analysis_term_no_stopwords,段階,0.0009025270758122744,2.09861228866811,0.001894054412155334,1,1,1108,251
someya,someya,染谷隆夫,candidate,analysis_term_no_stopwords,流行,0.0009025270758122744,2.09861228866811,0.001894054412155334,1,1,1108,252
someya,someya,染谷隆夫,candidate,analysis_term_no_stopwords,溝,0.0009025270758122744,2.09861228866811,0.001894054412155334,1,1,1108,253
someya,someya,染谷隆夫,candidate,analysis_term_no_stopwords,独立,0.0009025270758122744,2.09861228866811,0.001894054412155334,1,1,1108,254
someya,someya,染谷隆夫,candidate,analysis_term_no_stopwords,理想,0.0009025270758122744,2.09861228866811,0.001894054412155334,1,1,1108,255
someya,someya,染谷隆夫,candidate,analysis_term_no_stopwords,理知,0.0009025270758122744,2.09861228866811,0.001894054412155334,1,1,1108,256
someya,someya,染谷隆夫,candidate,analysis_term_no_stopwords,理系,0.0009025270758122744,2.09861228866811,0.001894054412155334,1,1,1108,257
someya,someya,染谷隆夫,candidate,analysis_term_no_stopwords,登用,0.0009025270758122744,2.09861228866811,0.001894054412155334,1,1,1108,258
someya,someya,染谷隆夫,candidate,analysis_term_no_stopwords,目,0.0009025270758122744,2.09861228866811,0.001894054412155334,1,1,1108,259
someya,someya,染谷隆夫,candidate,analysis_term_no_stopwords,直視,0.0009025270758122744,2.09861228866811,0.001894054412155334,1,1,1108,260
someya,someya,染谷隆夫,candidate,analysis_term_no_stopwords,直面,0.0009025270758122744,2.09861228866811,0.001894054412155334,1,1,1108,261
someya,someya,染谷隆夫,candidate,analysis_term_no_stopwords,粘り強い,0.0009025270758122744,2.09861228866811,0.001894054412155334,1,1,1108,262
someya,someya,染谷隆夫,candidate,analysis_term_no_stopwords,終了,0.0009025270758122744,2.09861228866811,0.001894054412155334,1,1,1108,263
someya,someya,染谷隆夫,candidate,analysis_term_no_stopwords,結び付ける,0.0009025270758122744,2.09861228866811,0.001894054412155334,1,1,1108,264
someya,someya,染谷隆夫,candidate,analysis_term_no_stopwords,統制,0.0009025270758122744,2.09861228866811,0.001894054412155334,1,1,1108,265
someya,someya,染谷隆夫,candidate,analysis_term_no_stopwords,絶える,0.0009025270758122744,2.09861228866811,0.001894054412155334,1,1,1108,266
someya,someya,染谷隆夫,candidate,analysis_term_no_stopwords,耳,0.0009025270758122744,2.09861228866811,0.001894054412155334,1,1,1108,267
someya,someya,染谷隆夫,candidate,analysis_term_no_stopwords,腰,0.0009025270758122744,2.09861228866811,0.001894054412155334,1,1,1108,268
someya,someya,染谷隆夫,candidate,analysis_term_no_stopwords,英知,0.0009025270758122744,2.09861228866811,0.001894054412155334,1,1,1108,269
someya,someya,染谷隆夫,candidate,analysis_term_no_stopwords,融合,0.0009025270758122744,2.09861228866811,0.001894054412155334,1,1,1108,270
someya,someya,染谷隆夫,candidate,analysis_term_no_stopwords,複合,0.0009025270758122744,2.09861228866811,0.001894054412155334,1,1,1108,271
someya,someya,染谷隆夫,candidate,analysis_term_no_stopwords,見抜く,0.0009025270758122744,2.09861228866811,0.001894054412155334,1,1,1108,272
someya,someya,染谷隆夫,candidate,analysis_term_no_stopwords,見据える,0.0009025270758122744,2.09861228866811,0.001894054412155334,1,1,1108,273
someya,someya,染谷隆夫,candidate,analysis_term_no_stopwords,見通し,0.0009025270758122744,2.09861228866811,0.001894054412155334,1,1,1108,274
someya,someya,染谷隆夫,candidate,analysis_term_no_stopwords,覚える,0.0009025270758122744,2.09861228866811,0.001894054412155334,1,1,1108,275
someya,someya,染谷隆夫,candidate,analysis_term_no_stopwords,設立,0.0009025270758122744,2.09861228866811,0.001894054412155334,1,1,1108,276
someya,someya,染谷隆夫,candidate,analysis_term_no_stopwords,試み,0.0009025270758122744,2.09861228866811,0.001894054412155334,1,1,1108,277
someya,someya,染谷隆夫,candidate,analysis_term_no_stopwords,誇り,0.0009025270758122744,2.09861228866811,0.001894054412155334,1,1,1108,278
someya,someya,染谷隆夫,candidate,analysis_term_no_stopwords,誠実,0.0009025270758122744,2.09861228866811,0.001894054412155334,1,1,1108,279
someya,someya,染谷隆夫,candidate,analysis_term_no_stopwords,論理,0.0009025270758122744,2.09861228866811,0.001894054412155334,1,1,1108,280
someya,someya,染谷隆夫,candidate,analysis_term_no_stopwords,転ずる,0.0009025270758122744,2.09861228866811,0.001894054412155334,1,1,1108,281
someya,someya,染谷隆夫,candidate,analysis_term_no_stopwords,迎え入れる,0.0009025270758122744,2.09861228866811,0.001894054412155334,1,1,1108,282
someya,someya,染谷隆夫,candidate,analysis_term_no_stopwords,選び取る,0.0009025270758122744,2.09861228866811,0.001894054412155334,1,1,1108,283
someya,someya,染谷隆夫,candidate,analysis_term_no_stopwords,配慮,0.0009025270758122744,2.09861228866811,0.001894054412155334,1,1,1108,284
someya,someya,染谷隆夫,candidate,analysis_term_no_stopwords,阿る,0.0009025270758122744,2.09861228866811,0.001894054412155334,1,1,1108,285
someya,someya,染谷隆夫,candidate,analysis_term_no_stopwords,革新,0.0009025270758122744,2.09861228866811,0.001894054412155334,1,1,1108,286
someya,someya,染谷隆夫,candidate,analysis_term_no_stopwords,項目,0.0009025270758122744,2.09861228866811,0.001894054412155334,1,1,1108,287
someya,someya,染谷隆夫,candidate,analysis_term_no_stopwords,齎す,0.0009025270758122744,2.09861228866811,0.001894054412155334,1,1,1108,288
someya,someya,染谷隆夫,candidate,analysis_term_no_stopwords,基づく,0.0018050541516245488,1.0,0.0018050541516245488,2,5,1108,289
someya,someya,染谷隆夫,candidate,analysis_term_no_stopwords,学内,0.0018050541516245488,1.0,0.0018050541516245488,2,5,1108,290
someya,someya,染谷隆夫,candidate,analysis_term_no_stopwords,改革,0.0018050541516245488,1.0,0.0018050541516245488,2,5,1108,291
someya,someya,染谷隆夫,candidate,analysis_term_no_stopwords,果たす,0.0018050541516245488,1.0,0.0018050541516245488,2,5,1108,292
someya,someya,染谷隆夫,candidate,analysis_term_no_stopwords,活動,0.0018050541516245488,1.0,0.0018050541516245488,2,5,1108,293
someya,someya,染谷隆夫,candidate,analysis_term_no_stopwords,物,0.0018050541516245488,1.0,0.0018050541516245488,2,5,1108,294
someya,someya,染谷隆夫,candidate,analysis_term_no_stopwords,示す,0.0018050541516245488,1.0,0.0018050541516245488,2,5,1108,295
someya,someya,染谷隆夫,candidate,analysis_term_no_stopwords,連携,0.0018050541516245488,1.0,0.0018050541516245488,2,5,1108,296
someya,someya,染谷隆夫,candidate,analysis_term_no_stopwords,dx,0.0009025270758122744,1.6931471805599454,0.0015281111737905646,1,2,1108,297
someya,someya,染谷隆夫,candidate,analysis_term_no_stopwords,アイディア-idea,0.0009025270758122744,1.6931471805599454,0.0015281111737905646,1,2,1108,298
someya,someya,染谷隆夫,candidate,analysis_term_no_stopwords,アカデミア-academia,0.0009025270758122744,1.6931471805599454,0.0015281111737905646,1,2,1108,299
someya,someya,染谷隆夫,candidate,analysis_term_no_stopwords,インテリジェンス-intelligence,0.0009025270758122744,1.6931471805599454,0.0015281111737905646,1,2,1108,300
someya,someya,染谷隆夫,candidate,analysis_term_no_stopwords,インパクト-impact,0.0009025270758122744,1.6931471805599454,0.0015281111737905646,1,2,1108,301
someya,someya,染谷隆夫,candidate,analysis_term_no_stopwords,データ-data,0.0009025270758122744,1.6931471805599454,0.0015281111737905646,1,2,1108,302
someya,someya,染谷隆夫,candidate,analysis_term_no_stopwords,不安,0.0009025270758122744,1.6931471805599454,0.0015281111737905646,1,2,1108,303
someya,someya,染谷隆夫,candidate,analysis_term_no_stopwords,中核,0.0009025270758122744,1.6931471805599454,0.0015281111737905646,1,2,1108,304
someya,someya,染谷隆夫,candidate,analysis_term_no_stopwords,事実,0.0009025270758122744,1.6931471805599454,0.0015281111737905646,1,2,1108,305
someya,someya,染谷隆夫,candidate,analysis_term_no_stopwords,事業,0.0009025270758122744,1.6931471805599454,0.0015281111737905646,1,2,1108,306
someya,someya,染谷隆夫,candidate,analysis_term_no_stopwords,人間,0.0009025270758122744,1.6931471805599454,0.0015281111737905646,1,2,1108,307
someya,someya,染谷隆夫,candidate,analysis_term_no_stopwords,代表,0.0009025270758122744,1.6931471805599454,0.0015281111737905646,1,2,1108,308
someya,someya,染谷隆夫,candidate,analysis_term_no_stopwords,伴う,0.0009025270758122744,1.6931471805599454,0.0015281111737905646,1,2,1108,309
someya,someya,染谷隆夫,candidate,analysis_term_no_stopwords,個人,0.0009025270758122744,1.6931471805599454,0.0015281111737905646,1,2,1108,310
someya,someya,染谷隆夫,candidate,analysis_term_no_stopwords,個性,0.0009025270758122744,1.6931471805599454,0.0015281111737905646,1,2,1108,311
someya,someya,染谷隆夫,candidate,analysis_term_no_stopwords,倫理,0.0009025270758122744,1.6931471805599454,0.0015281111737905646,1,2,1108,312
someya,someya,染谷隆夫,candidate,analysis_term_no_stopwords,働く,0.0009025270758122744,1.6931471805599454,0.0015281111737905646,1,2,1108,313
someya,someya,染谷隆夫,candidate,analysis_term_no_stopwords,切り開く,0.0009025270758122744,1.6931471805599454,0.0015281111737905646,1,2,1108,314
someya,someya,染谷隆夫,candidate,analysis_term_no_stopwords,刺激,0.0009025270758122744,1.6931471805599454,0.0015281111737905646,1,2,1108,315
someya,someya,染谷隆夫,candidate,analysis_term_no_stopwords,前提,0.0009025270758122744,1.6931471805599454,0.0015281111737905646,1,2,1108,316
someya,someya,染谷隆夫,candidate,analysis_term_no_stopwords,厳しい,0.0009025270758122744,1.6931471805599454,0.0015281111737905646,1,2,1108,317
someya,someya,染谷隆夫,candidate,analysis_term_no_stopwords,取り除く,0.0009025270758122744,1.6931471805599454,0.0015281111737905646,1,2,1108,318
someya,someya,染谷隆夫,candidate,analysis_term_no_stopwords,合う,0.0009025270758122744,1.6931471805599454,0.0015281111737905646,1,2,1108,319
someya,someya,染谷隆夫,candidate,analysis_term_no_stopwords,問い直す,0.0009025270758122744,1.6931471805599454,0.0015281111737905646,1,2,1108,320
someya,someya,染谷隆夫,candidate,analysis_term_no_stopwords,問題,0.0009025270758122744,1.6931471805599454,0.0015281111737905646,1,2,1108,321
someya,someya,染谷隆夫,candidate,analysis_term_no_stopwords,喫緊,0.0009025270758122744,1.6931471805599454,0.0015281111737905646,1,2,1108,322
someya,someya,染谷隆夫,candidate,analysis_term_no_stopwords,地域,0.0009025270758122744,1.6931471805599454,0.0015281111737905646,1,2,1108,323
someya,someya,染谷隆夫,candidate,analysis_term_no_stopwords,地政,0.0009025270758122744,1.6931471805599454,0.0015281111737905646,1,2,1108,324
someya,someya,染谷隆夫,candidate,analysis_term_no_stopwords,基本,0.0009025270758122744,1.6931471805599454,0.0015281111737905646,1,2,1108,325
someya,someya,染谷隆夫,candidate,analysis_term_no_stopwords,増す,0.0009025270758122744,1.6931471805599454,0.0015281111737905646,1,2,1108,326
someya,someya,染谷隆夫,candidate,analysis_term_no_stopwords,変更,0.0009025270758122744,1.6931471805599454,0.0015281111737905646,1,2,1108,327
someya,someya,染谷隆夫,candidate,analysis_term_no_stopwords,大型,0.0009025270758122744,1.6931471805599454,0.0015281111737905646,1,2,1108,328
someya,someya,染谷隆夫,candidate,analysis_term_no_stopwords,失う,0.0009025270758122744,1.6931471805599454,0.0015281111737905646,1,2,1108,329
someya,someya,染谷隆夫,candidate,analysis_term_no_stopwords,好奇,0.0009025270758122744,1.6931471805599454,0.0015281111737905646,1,2,1108,330
someya,someya,染谷隆夫,candidate,analysis_term_no_stopwords,学習,0.0009025270758122744,1.6931471805599454,0.0015281111737905646,1,2,1108,331
someya,someya,染谷隆夫,candidate,analysis_term_no_stopwords,広げる,0.0009025270758122744,1.6931471805599454,0.0015281111737905646,1,2,1108,332
someya,someya,染谷隆夫,candidate,analysis_term_no_stopwords,徹底,0.0009025270758122744,1.6931471805599454,0.0015281111737905646,1,2,1108,333
someya,someya,染谷隆夫,candidate,analysis_term_no_stopwords,応ずる,0.0009025270758122744,1.6931471805599454,0.0015281111737905646,1,2,1108,334
someya,someya,染谷隆夫,candidate,analysis_term_no_stopwords,思想,0.0009025270758122744,1.6931471805599454,0.0015281111737905646,1,2,1108,335
someya,someya,染谷隆夫,candidate,analysis_term_no_stopwords,意思,0.0009025270758122744,1.6931471805599454,0.0015281111737905646,1,2,1108,336
someya,someya,染谷隆夫,candidate,analysis_term_no_stopwords,戦略,0.0009025270758122744,1.6931471805599454,0.0015281111737905646,1,2,1108,337
someya,someya,染谷隆夫,candidate,analysis_term_no_stopwords,手続き,0.0009025270758122744,1.6931471805599454,0.0015281111737905646,1,2,1108,338
someya,someya,染谷隆夫,candidate,analysis_term_no_stopwords,挑戦,0.0009025270758122744,1.6931471805599454,0.0015281111737905646,1,2,1108,339
someya,someya,染谷隆夫,candidate,analysis_term_no_stopwords,捕らえる,0.0009025270758122744,1.6931471805599454,0.0015281111737905646,1,2,1108,340
someya,someya,染谷隆夫,candidate,analysis_term_no_stopwords,損なう,0.0009025270758122744,1.6931471805599454,0.0015281111737905646,1,2,1108,341
someya,someya,染谷隆夫,candidate,analysis_term_no_stopwords,整理,0.0009025270758122744,1.6931471805599454,0.0015281111737905646,1,2,1108,342
someya,someya,染谷隆夫,candidate,analysis_term_no_stopwords,文理,0.0009025270758122744,1.6931471805599454,0.0015281111737905646,1,2,1108,343
someya,someya,染谷隆夫,candidate,analysis_term_no_stopwords,最終,0.0009025270758122744,1.6931471805599454,0.0015281111737905646,1,2,1108,344
someya,someya,染谷隆夫,candidate,analysis_term_no_stopwords,未来,0.0009025270758122744,1.6931471805599454,0.0015281111737905646,1,2,1108,345
someya,someya,染谷隆夫,candidate,analysis_term_no_stopwords,未知,0.0009025270758122744,1.6931471805599454,0.0015281111737905646,1,2,1108,346
someya,someya,染谷隆夫,candidate,analysis_term_no_stopwords,格差,0.0009025270758122744,1.6931471805599454,0.0015281111737905646,1,2,1108,347
someya,someya,染谷隆夫,candidate,analysis_term_no_stopwords,機会,0.0009025270758122744,1.6931471805599454,0.0015281111737905646,1,2,1108,348
someya,someya,染谷隆夫,candidate,analysis_term_no_stopwords,決断,0.0009025270758122744,1.6931471805599454,0.0015281111737905646,1,2,1108,349
someya,someya,染谷隆夫,candidate,analysis_term_no_stopwords,源泉,0.0009025270758122744,1.6931471805599454,0.0015281111737905646,1,2,1108,350
someya,someya,染谷隆夫,candidate,analysis_term_no_stopwords,潜在,0.0009025270758122744,1.6931471805599454,0.0015281111737905646,1,2,1108,351
someya,someya,染谷隆夫,candidate,analysis_term_no_stopwords,生ずる,0.0009025270758122744,1.6931471805599454,0.0015281111737905646,1,2,1108,352
someya,someya,染谷隆夫,candidate,analysis_term_no_stopwords,監視,0.0009025270758122744,1.6931471805599454,0.0015281111737905646,1,2,1108,353
someya,someya,染谷隆夫,candidate,analysis_term_no_stopwords,目指す,0.0009025270758122744,1.6931471805599454,0.0015281111737905646,1,2,1108,354
someya,someya,染谷隆夫,candidate,analysis_term_no_stopwords,科長,0.0009025270758122744,1.6931471805599454,0.0015281111737905646,1,2,1108,355
someya,someya,染谷隆夫,candidate,analysis_term_no_stopwords,移行,0.0009025270758122744,1.6931471805599454,0.0015281111737905646,1,2,1108,356
someya,someya,染谷隆夫,candidate,analysis_term_no_stopwords,立場,0.0009025270758122744,1.6931471805599454,0.0015281111737905646,1,2,1108,357
someya,someya,染谷隆夫,candidate,analysis_term_no_stopwords,継承,0.0009025270758122744,1.6931471805599454,0.0015281111737905646,1,2,1108,358
someya,someya,染谷隆夫,candidate,analysis_term_no_stopwords,継続,0.0009025270758122744,1.6931471805599454,0.0015281111737905646,1,2,1108,359
someya,someya,染谷隆夫,candidate,analysis_term_no_stopwords,緊張,0.0009025270758122744,1.6931471805599454,0.0015281111737905646,1,2,1108,360
someya,someya,染谷隆夫,candidate,analysis_term_no_stopwords,繋げる,0.0009025270758122744,1.6931471805599454,0.0015281111737905646,1,2,1108,361
someya,someya,染谷隆夫,candidate,analysis_term_no_stopwords,自立,0.0009025270758122744,1.6931471805599454,0.0015281111737905646,1,2,1108,362
someya,someya,染谷隆夫,candidate,analysis_term_no_stopwords,見出だす,0.0009025270758122744,1.6931471805599454,0.0015281111737905646,1,2,1108,363
someya,someya,染谷隆夫,candidate,analysis_term_no_stopwords,解,0.0009025270758122744,1.6931471805599454,0.0015281111737905646,1,2,1108,364
someya,someya,染谷隆夫,candidate,analysis_term_no_stopwords,講ずる,0.0009025270758122744,1.6931471805599454,0.0015281111737905646,1,2,1108,365
someya,someya,染谷隆夫,candidate,analysis_term_no_stopwords,質,0.0009025270758122744,1.6931471805599454,0.0015281111737905646,1,2,1108,366
someya,someya,染谷隆夫,candidate,analysis_term_no_stopwords,踏まえる,0.0009025270758122744,1.6931471805599454,0.0015281111737905646,1,2,1108,367
someya,someya,染谷隆夫,candidate,analysis_term_no_stopwords,輩出,0.0009025270758122744,1.6931471805599454,0.0015281111737905646,1,2,1108,368
someya,someya,染谷隆夫,candidate,analysis_term_no_stopwords,迎える,0.0009025270758122744,1.6931471805599454,0.0015281111737905646,1,2,1108,369
someya,someya,染谷隆夫,candidate,analysis_term_no_stopwords,過程,0.0009025270758122744,1.6931471805599454,0.0015281111737905646,1,2,1108,370
someya,someya,染谷隆夫,candidate,analysis_term_no_stopwords,道筋,0.0009025270758122744,1.6931471805599454,0.0015281111737905646,1,2,1108,371
someya,someya,染谷隆夫,candidate,analysis_term_no_stopwords,遺産,0.0009025270758122744,1.6931471805599454,0.0015281111737905646,1,2,1108,372
someya,someya,染谷隆夫,candidate,analysis_term_no_stopwords,邁進,0.0009025270758122744,1.6931471805599454,0.0015281111737905646,1,2,1108,373
someya,someya,染谷隆夫,candidate,analysis_term_no_stopwords,重ねる,0.0009025270758122744,1.6931471805599454,0.0015281111737905646,1,2,1108,374
someya,someya,染谷隆夫,candidate,analysis_term_no_stopwords,長ける,0.0009025270758122744,1.6931471805599454,0.0015281111737905646,1,2,1108,375
someya,someya,染谷隆夫,candidate,analysis_term_no_stopwords,限る,0.0009025270758122744,1.6931471805599454,0.0015281111737905646,1,2,1108,376
someya,someya,染谷隆夫,candidate,analysis_term_no_stopwords,utokyo,0.0009025270758122744,1.4054651081081644,0.0012684703141770438,1,3,1108,377
someya,someya,染谷隆夫,candidate,analysis_term_no_stopwords,エンダウメント,0.0009025270758122744,1.4054651081081644,0.0012684703141770438,1,3,1108,378
someya,someya,染谷隆夫,candidate,analysis_term_no_stopwords,モデル-model,0.0009025270758122744,1.4054651081081644,0.0012684703141770438,1,3,1108,379
someya,someya,染谷隆夫,candidate,analysis_term_no_stopwords,リスク-risk,0.0009025270758122744,1.4054651081081644,0.0012684703141770438,1,3,1108,380
someya,someya,染谷隆夫,candidate,analysis_term_no_stopwords,中堅,0.0009025270758122744,1.4054651081081644,0.0012684703141770438,1,3,1108,381
someya,someya,染谷隆夫,candidate,analysis_term_no_stopwords,作り,0.0009025270758122744,1.4054651081081644,0.0012684703141770438,1,3,1108,382
someya,someya,染谷隆夫,candidate,analysis_term_no_stopwords,候補,0.0009025270758122744,1.4054651081081644,0.0012684703141770438,1,3,1108,383
someya,someya,染谷隆夫,candidate,analysis_term_no_stopwords,共有,0.0009025270758122744,1.4054651081081644,0.0012684703141770438,1,3,1108,384
someya,someya,染谷隆夫,candidate,analysis_term_no_stopwords,切る,0.0009025270758122744,1.4054651081081644,0.0012684703141770438,1,3,1108,385
someya,someya,染谷隆夫,candidate,analysis_term_no_stopwords,判断,0.0009025270758122744,1.4054651081081644,0.0012684703141770438,1,3,1108,386
someya,someya,染谷隆夫,candidate,analysis_term_no_stopwords,前,0.0009025270758122744,1.4054651081081644,0.0012684703141770438,1,3,1108,387
someya,someya,染谷隆夫,candidate,analysis_term_no_stopwords,創出,0.0009025270758122744,1.4054651081081644,0.0012684703141770438,1,3,1108,388
someya,someya,染谷隆夫,candidate,analysis_term_no_stopwords,効果,0.0009025270758122744,1.4054651081081644,0.0012684703141770438,1,3,1108,389
someya,someya,染谷隆夫,candidate,analysis_term_no_stopwords,取る,0.0009025270758122744,1.4054651081081644,0.0012684703141770438,1,3,1108,390
someya,someya,染谷隆夫,candidate,analysis_term_no_stopwords,含む,0.0009025270758122744,1.4054651081081644,0.0012684703141770438,1,3,1108,391
someya,someya,染谷隆夫,candidate,analysis_term_no_stopwords,固定,0.0009025270758122744,1.4054651081081644,0.0012684703141770438,1,3,1108,392
someya,someya,染谷隆夫,candidate,analysis_term_no_stopwords,執行,0.0009025270758122744,1.4054651081081644,0.0012684703141770438,1,3,1108,393
someya,someya,染谷隆夫,candidate,analysis_term_no_stopwords,基準,0.0009025270758122744,1.4054651081081644,0.0012684703141770438,1,3,1108,394
someya,someya,染谷隆夫,candidate,analysis_term_no_stopwords,増やす,0.0009025270758122744,1.4054651081081644,0.0012684703141770438,1,3,1108,395
someya,someya,染谷隆夫,candidate,analysis_term_no_stopwords,壁,0.0009025270758122744,1.4054651081081644,0.0012684703141770438,1,3,1108,396
someya,someya,染谷隆夫,candidate,analysis_term_no_stopwords,変動,0.0009025270758122744,1.4054651081081644,0.0012684703141770438,1,3,1108,397
someya,someya,染谷隆夫,candidate,analysis_term_no_stopwords,変化,0.0009025270758122744,1.4054651081081644,0.0012684703141770438,1,3,1108,398
someya,someya,染谷隆夫,candidate,analysis_term_no_stopwords,奉仕,0.0009025270758122744,1.4054651081081644,0.0012684703141770438,1,3,1108,399
someya,someya,染谷隆夫,candidate,analysis_term_no_stopwords,学ぶ,0.0009025270758122744,1.4054651081081644,0.0012684703141770438,1,3,1108,400
someya,someya,染谷隆夫,candidate,analysis_term_no_stopwords,実務,0.0009025270758122744,1.4054651081081644,0.0012684703141770438,1,3,1108,401
someya,someya,染谷隆夫,candidate,analysis_term_no_stopwords,常,0.0009025270758122744,1.4054651081081644,0.0012684703141770438,1,3,1108,402
someya,someya,染谷隆夫,candidate,analysis_term_no_stopwords,強い,0.0009025270758122744,1.4054651081081644,0.0012684703141770438,1,3,1108,403
someya,someya,染谷隆夫,candidate,analysis_term_no_stopwords,形,0.0009025270758122744,1.4054651081081644,0.0012684703141770438,1,3,1108,404
someya,someya,染谷隆夫,candidate,analysis_term_no_stopwords,形成,0.0009025270758122744,1.4054651081081644,0.0012684703141770438,1,3,1108,405
someya,someya,染谷隆夫,candidate,analysis_term_no_stopwords,意見,0.0009025270758122744,1.4054651081081644,0.0012684703141770438,1,3,1108,406
someya,someya,染谷隆夫,candidate,analysis_term_no_stopwords,改善,0.0009025270758122744,1.4054651081081644,0.0012684703141770438,1,3,1108,407
someya,someya,染谷隆夫,candidate,analysis_term_no_stopwords,政府,0.0009025270758122744,1.4054651081081644,0.0012684703141770438,1,3,1108,408
someya,someya,染谷隆夫,candidate,analysis_term_no_stopwords,文化,0.0009025270758122744,1.4054651081081644,0.0012684703141770438,1,3,1108,409
someya,someya,染谷隆夫,candidate,analysis_term_no_stopwords,最高,0.0009025270758122744,1.4054651081081644,0.0012684703141770438,1,3,1108,410
someya,someya,染谷隆夫,candidate,analysis_term_no_stopwords,構造,0.0009025270758122744,1.4054651081081644,0.0012684703141770438,1,3,1108,411
someya,someya,染谷隆夫,candidate,analysis_term_no_stopwords,機能,0.0009025270758122744,1.4054651081081644,0.0012684703141770438,1,3,1108,412
someya,someya,染谷隆夫,candidate,analysis_term_no_stopwords,歴史,0.0009025270758122744,1.4054651081081644,0.0012684703141770438,1,3,1108,413
someya,someya,染谷隆夫,candidate,analysis_term_no_stopwords,気候,0.0009025270758122744,1.4054651081081644,0.0012684703141770438,1,3,1108,414
someya,someya,染谷隆夫,candidate,analysis_term_no_stopwords,深化,0.0009025270758122744,1.4054651081081644,0.0012684703141770438,1,3,1108,415
someya,someya,染谷隆夫,candidate,analysis_term_no_stopwords,特性,0.0009025270758122744,1.4054651081081644,0.0012684703141770438,1,3,1108,416
someya,someya,染谷隆夫,candidate,analysis_term_no_stopwords,生成,0.0009025270758122744,1.4054651081081644,0.0012684703141770438,1,3,1108,417
someya,someya,染谷隆夫,candidate,analysis_term_no_stopwords,留める,0.0009025270758122744,1.4054651081081644,0.0012684703141770438,1,3,1108,418
someya,someya,染谷隆夫,candidate,analysis_term_no_stopwords,知見,0.0009025270758122744,1.4054651081081644,0.0012684703141770438,1,3,1108,419
someya,someya,染谷隆夫,candidate,analysis_term_no_stopwords,立つ,0.0009025270758122744,1.4054651081081644,0.0012684703141770438,1,3,1108,420
someya,someya,染谷隆夫,candidate,analysis_term_no_stopwords,結集,0.0009025270758122744,1.4054651081081644,0.0012684703141770438,1,3,1108,421
someya,someya,染谷隆夫,candidate,analysis_term_no_stopwords,職員,0.0009025270758122744,1.4054651081081644,0.0012684703141770438,1,3,1108,422
someya,someya,染谷隆夫,candidate,analysis_term_no_stopwords,行政,0.0009025270758122744,1.4054651081081644,0.0012684703141770438,1,3,1108,423
someya,someya,染谷隆夫,candidate,analysis_term_no_stopwords,視点,0.0009025270758122744,1.4054651081081644,0.0012684703141770438,1,3,1108,424
someya,someya,染谷隆夫,candidate,analysis_term_no_stopwords,解決,0.0009025270758122744,1.4054651081081644,0.0012684703141770438,1,3,1108,425
someya,someya,染谷隆夫,candidate,analysis_term_no_stopwords,通り,0.0009025270758122744,1.4054651081081644,0.0012684703141770438,1,3,1108,426
someya,someya,染谷隆夫,candidate,analysis_term_no_stopwords,長い,0.0009025270758122744,1.4054651081081644,0.0012684703141770438,1,3,1108,427
someya,someya,染谷隆夫,candidate,analysis_term_no_stopwords,開く,0.0009025270758122744,1.4054651081081644,0.0012684703141770438,1,3,1108,428
someya,someya,染谷隆夫,candidate,analysis_term_no_stopwords,高い,0.0009025270758122744,1.4054651081081644,0.0012684703141770438,1,3,1108,429
someya,someya,染谷隆夫,candidate,analysis_term_no_stopwords,コミュニケーション-communication,0.0009025270758122744,1.1823215567939547,0.0010670772173230639,1,4,1108,430
someya,someya,染谷隆夫,candidate,analysis_term_no_stopwords,一,0.0009025270758122744,1.1823215567939547,0.0010670772173230639,1,4,1108,431
someya,someya,染谷隆夫,candidate,analysis_term_no_stopwords,一体,0.0009025270758122744,1.1823215567939547,0.0010670772173230639,1,4,1108,432
someya,someya,染谷隆夫,candidate,analysis_term_no_stopwords,人文,0.0009025270758122744,1.1823215567939547,0.0010670772173230639,1,4,1108,433
someya,someya,染谷隆夫,candidate,analysis_term_no_stopwords,会議,0.0009025270758122744,1.1823215567939547,0.0010670772173230639,1,4,1108,434
someya,someya,染谷隆夫,candidate,analysis_term_no_stopwords,作る,0.0009025270758122744,1.1823215567939547,0.0010670772173230639,1,4,1108,435
someya,someya,染谷隆夫,candidate,analysis_term_no_stopwords,充実,0.0009025270758122744,1.1823215567939547,0.0010670772173230639,1,4,1108,436
someya,someya,染谷隆夫,candidate,analysis_term_no_stopwords,先端,0.0009025270758122744,1.1823215567939547,0.0010670772173230639,1,4,1108,437
someya,someya,染谷隆夫,candidate,analysis_term_no_stopwords,全体,0.0009025270758122744,1.1823215567939547,0.0010670772173230639,1,4,1108,438
someya,someya,染谷隆夫,candidate,analysis_term_no_stopwords,共,0.0009025270758122744,1.1823215567939547,0.0010670772173230639,1,4,1108,439
someya,someya,染谷隆夫,candidate,analysis_term_no_stopwords,分断,0.0009025270758122744,1.1823215567939547,0.0010670772173230639,1,4,1108,440
someya,someya,染谷隆夫,candidate,analysis_term_no_stopwords,加速,0.0009025270758122744,1.1823215567939547,0.0010670772173230639,1,4,1108,441
someya,someya,染谷隆夫,candidate,analysis_term_no_stopwords,地球,0.0009025270758122744,1.1823215567939547,0.0010670772173230639,1,4,1108,442
someya,someya,染谷隆夫,candidate,analysis_term_no_stopwords,大きい,0.0009025270758122744,1.1823215567939547,0.0010670772173230639,1,4,1108,443
someya,someya,染谷隆夫,candidate,analysis_term_no_stopwords,学部,0.0009025270758122744,1.1823215567939547,0.0010670772173230639,1,4,1108,444
someya,someya,染谷隆夫,candidate,analysis_term_no_stopwords,寄付,0.0009025270758122744,1.1823215567939547,0.0010670772173230639,1,4,1108,445
someya,someya,染谷隆夫,candidate,analysis_term_no_stopwords,広い,0.0009025270758122744,1.1823215567939547,0.0010670772173230639,1,4,1108,446
someya,someya,染谷隆夫,candidate,analysis_term_no_stopwords,感,0.0009025270758122744,1.1823215567939547,0.0010670772173230639,1,4,1108,447
someya,someya,染谷隆夫,candidate,analysis_term_no_stopwords,拡大,0.0009025270758122744,1.1823215567939547,0.0010670772173230639,1,4,1108,448
someya,someya,染谷隆夫,candidate,analysis_term_no_stopwords,推進,0.0009025270758122744,1.1823215567939547,0.0010670772173230639,1,4,1108,449
someya,someya,染谷隆夫,candidate,analysis_term_no_stopwords,構想,0.0009025270758122744,1.1823215567939547,0.0010670772173230639,1,4,1108,450
someya,someya,染谷隆夫,candidate,analysis_term_no_stopwords,求める,0.0009025270758122744,1.1823215567939547,0.0010670772173230639,1,4,1108,451
someya,someya,染谷隆夫,candidate,analysis_term_no_stopwords,決定,0.0009025270758122744,1.1823215567939547,0.0010670772173230639,1,4,1108,452
someya,someya,染谷隆夫,candidate,analysis_term_no_stopwords,活用,0.0009025270758122744,1.1823215567939547,0.0010670772173230639,1,4,1108,453
someya,someya,染谷隆夫,candidate,analysis_term_no_stopwords,活躍,0.0009025270758122744,1.1823215567939547,0.0010670772173230639,1,4,1108,454
someya,someya,染谷隆夫,candidate,analysis_term_no_stopwords,深い,0.0009025270758122744,1.1823215567939547,0.0010670772173230639,1,4,1108,455
someya,someya,染谷隆夫,candidate,analysis_term_no_stopwords,現状,0.0009025270758122744,1.1823215567939547,0.0010670772173230639,1,4,1108,456
someya,someya,染谷隆夫,candidate,analysis_term_no_stopwords,産業,0.0009025270758122744,1.1823215567939547,0.0010670772173230639,1,4,1108,457
someya,someya,染谷隆夫,candidate,analysis_term_no_stopwords,留まる,0.0009025270758122744,1.1823215567939547,0.0010670772173230639,1,4,1108,458
someya,someya,染谷隆夫,candidate,analysis_term_no_stopwords,留学,0.0009025270758122744,1.1823215567939547,0.0010670772173230639,1,4,1108,459
someya,someya,染谷隆夫,candidate,analysis_term_no_stopwords,目的,0.0009025270758122744,1.1823215567939547,0.0010670772173230639,1,4,1108,460
someya,someya,染谷隆夫,candidate,analysis_term_no_stopwords,繋がる,0.0009025270758122744,1.1823215567939547,0.0010670772173230639,1,4,1108,461
someya,someya,染谷隆夫,candidate,analysis_term_no_stopwords,繋ぐ,0.0009025270758122744,1.1823215567939547,0.0010670772173230639,1,4,1108,462
someya,someya,染谷隆夫,candidate,analysis_term_no_stopwords,能力,0.0009025270758122744,1.1823215567939547,0.0010670772173230639,1,4,1108,463
someya,someya,染谷隆夫,candidate,analysis_term_no_stopwords,良い,0.0009025270758122744,1.1823215567939547,0.0010670772173230639,1,4,1108,464
someya,someya,染谷隆夫,candidate,analysis_term_no_stopwords,行く,0.0009025270758122744,1.1823215567939547,0.0010670772173230639,1,4,1108,465
someya,someya,染谷隆夫,candidate,analysis_term_no_stopwords,部,0.0009025270758122744,1.1823215567939547,0.0010670772173230639,1,4,1108,466
someya,someya,染谷隆夫,candidate,analysis_term_no_stopwords,配分,0.0009025270758122744,1.1823215567939547,0.0010670772173230639,1,4,1108,467
someya,someya,染谷隆夫,candidate,analysis_term_no_stopwords,重点,0.0009025270758122744,1.1823215567939547,0.0010670772173230639,1,4,1108,468
someya,someya,染谷隆夫,candidate,analysis_term_no_stopwords,関係,0.0009025270758122744,1.1823215567939547,0.0010670772173230639,1,4,1108,469
someya,someya,染谷隆夫,candidate,analysis_term_no_stopwords,つく,0.0009025270758122744,1.0,0.0009025270758122744,1,5,1108,470
someya,someya,染谷隆夫,candidate,analysis_term_no_stopwords,卓越,0.0009025270758122744,1.0,0.0009025270758122744,1,5,1108,471
someya,someya,染谷隆夫,candidate,analysis_term_no_stopwords,向ける,0.0009025270758122744,1.0,0.0009025270758122744,1,5,1108,472
someya,someya,染谷隆夫,candidate,analysis_term_no_stopwords,対する,0.0009025270758122744,1.0,0.0009025270758122744,1,5,1108,473
someya,someya,染谷隆夫,candidate,analysis_term_no_stopwords,教員,0.0009025270758122744,1.0,0.0009025270758122744,1,5,1108,474
someya,someya,染谷隆夫,candidate,analysis_term_no_stopwords,教養,0.0009025270758122744,1.0,0.0009025270758122744,1,5,1108,475
someya,someya,染谷隆夫,candidate,analysis_term_no_stopwords,新しい,0.0009025270758122744,1.0,0.0009025270758122744,1,5,1108,476
someya,someya,染谷隆夫,candidate,analysis_term_no_stopwords,日本,0.0009025270758122744,1.0,0.0009025270758122744,1,5,1108,477
someya,someya,染谷隆夫,candidate,analysis_term_no_stopwords,理解,0.0009025270758122744,1.0,0.0009025270758122744,1,5,1108,478
someya,someya,染谷隆夫,candidate,analysis_term_no_stopwords,科学,0.0009025270758122744,1.0,0.0009025270758122744,1,5,1108,479
someya,someya,染谷隆夫,candidate,analysis_term_no_stopwords,行う,0.0009025270758122744,1.0,0.0009025270758122744,1,5,1108,480
someya,someya,染谷隆夫,candidate,analysis_term_no_stopwords,言う,0.0009025270758122744,1.0,0.0009025270758122744,1,5,1108,481
someya,someya,染谷隆夫,candidate,analysis_term_no_stopwords,間,0.0009025270758122744,1.0,0.0009025270758122744,1,5,1108,482
sugano,sugano,菅野暁,candidate,analysis_term_no_stopwords,為る,0.06411062225015714,1.0,0.06411062225015714,102,5,1591,1
sugano,sugano,菅野暁,candidate,analysis_term_no_stopwords,有る,0.03708359522313011,1.0,0.03708359522313011,59,5,1591,2
sugano,sugano,菅野暁,candidate,analysis_term_no_stopwords,事,0.028912633563796353,1.0,0.028912633563796353,46,5,1591,3
sugano,sugano,菅野暁,candidate,analysis_term_no_stopwords,トウキョウ,0.018227529855436832,1.0,0.018227529855436832,29,5,1591,4
sugano,sugano,菅野暁,candidate,analysis_term_no_stopwords,考える,0.014456316781898177,1.1823215567939547,0.017092014963080424,23,4,1591,5
sugano,sugano,菅野暁,candidate,analysis_term_no_stopwords,居る,0.016341923318667503,1.0,0.016341923318667503,26,5,1591,6
sugano,sugano,菅野暁,candidate,analysis_term_no_stopwords,必要,0.01257071024512885,1.0,0.01257071024512885,20,5,1591,7
sugano,sugano,菅野暁,candidate,analysis_term_no_stopwords,職員,0.008170961659333752,1.4054651081081644,0.011484001511883177,13,3,1591,8
sugano,sugano,菅野暁,candidate,analysis_term_no_stopwords,つく,0.011313639220615965,1.0,0.011313639220615965,18,5,1591,9
sugano,sugano,菅野暁,candidate,analysis_term_no_stopwords,経営,0.011313639220615965,1.0,0.011313639220615965,18,5,1591,10
sugano,sugano,菅野暁,candidate,analysis_term_no_stopwords,成る,0.010685103708359522,1.0,0.010685103708359522,17,5,1591,11
sugano,sugano,菅野暁,candidate,analysis_term_no_stopwords,無い,0.010685103708359522,1.0,0.010685103708359522,17,5,1591,12
sugano,sugano,菅野暁,candidate,analysis_term_no_stopwords,言う,0.010685103708359522,1.0,0.010685103708359522,17,5,1591,13
sugano,sugano,菅野暁,candidate,analysis_term_no_stopwords,行く,0.008799497171590195,1.1823215567939547,0.01040383519491852,14,4,1591,14
sugano,sugano,菅野暁,candidate,analysis_term_no_stopwords,於く,0.009428032683846637,1.0,0.009428032683846637,15,5,1591,15
sugano,sugano,菅野暁,candidate,analysis_term_no_stopwords,分野,0.008799497171590195,1.0,0.008799497171590195,14,5,1591,16
sugano,sugano,菅野暁,candidate,analysis_term_no_stopwords,為,0.008799497171590195,1.0,0.008799497171590195,14,5,1591,17
sugano,sugano,菅野暁,candidate,analysis_term_no_stopwords,国際,0.008170961659333752,1.0,0.008170961659333752,13,5,1591,18
sugano,sugano,菅野暁,candidate,analysis_term_no_stopwords,役割,0.00754242614707731,1.0,0.00754242614707731,12,5,1591,19
sugano,sugano,菅野暁,candidate,analysis_term_no_stopwords,社会,0.00754242614707731,1.0,0.00754242614707731,12,5,1591,20
sugano,sugano,菅野暁,candidate,analysis_term_no_stopwords,行う,0.00754242614707731,1.0,0.00754242614707731,12,5,1591,21
sugano,sugano,菅野暁,candidate,analysis_term_no_stopwords,出来る,0.006285355122564425,1.1823215567939547,0.007431310853513229,10,4,1591,22
sugano,sugano,菅野暁,candidate,analysis_term_no_stopwords,強化,0.006285355122564425,1.1823215567939547,0.007431310853513229,10,4,1591,23
sugano,sugano,菅野暁,candidate,analysis_term_no_stopwords,中,0.00502828409805154,1.4054651081081644,0.0070670778534665715,8,3,1591,24
sugano,sugano,菅野暁,candidate,analysis_term_no_stopwords,来る,0.00502828409805154,1.4054651081081644,0.0070670778534665715,8,3,1591,25
sugano,sugano,菅野暁,candidate,analysis_term_no_stopwords,述べる,0.00502828409805154,1.4054651081081644,0.0070670778534665715,8,3,1591,26
sugano,sugano,菅野暁,candidate,analysis_term_no_stopwords,思う,0.0031426775612822125,2.09861228866811,0.0065952617494283786,5,1,1591,27
sugano,sugano,菅野暁,candidate,analysis_term_no_stopwords,程度,0.0031426775612822125,2.09861228866811,0.0065952617494283786,5,1,1591,28
sugano,sugano,菅野暁,candidate,analysis_term_no_stopwords,障害,0.0031426775612822125,2.09861228866811,0.0065952617494283786,5,1,1591,29
sugano,sugano,菅野暁,candidate,analysis_term_no_stopwords,教員,0.006285355122564425,1.0,0.006285355122564425,10,5,1591,30
sugano,sugano,菅野暁,candidate,analysis_term_no_stopwords,学長,0.0043997485857950975,1.4054651081081644,0.00618369312178325,7,3,1591,31
sugano,sugano,菅野暁,candidate,analysis_term_no_stopwords,総長,0.0056568196103079825,1.0,0.0056568196103079825,9,5,1591,32
sugano,sugano,菅野暁,candidate,analysis_term_no_stopwords,像,0.0031426775612822125,1.6931471805599454,0.005321015652293983,5,2,1591,33
sugano,sugano,菅野暁,candidate,analysis_term_no_stopwords,比率,0.0031426775612822125,1.6931471805599454,0.005321015652293983,5,2,1591,34
sugano,sugano,菅野暁,candidate,analysis_term_no_stopwords,見る,0.0031426775612822125,1.6931471805599454,0.005321015652293983,5,2,1591,35
sugano,sugano,菅野暁,candidate,analysis_term_no_stopwords,関する,0.003771213073538655,1.4054651081081644,0.005300308390099929,6,3,1591,36
sugano,sugano,菅野暁,candidate,analysis_term_no_stopwords,助成,0.00251414204902577,2.09861228866811,0.005276209399542703,4,1,1591,37
sugano,sugano,菅野暁,candidate,analysis_term_no_stopwords,受け入れる,0.00251414204902577,2.09861228866811,0.005276209399542703,4,1,1591,38
sugano,sugano,菅野暁,candidate,analysis_term_no_stopwords,状態,0.00251414204902577,2.09861228866811,0.005276209399542703,4,1,1591,39
sugano,sugano,菅野暁,candidate,analysis_term_no_stopwords,科類,0.00251414204902577,2.09861228866811,0.005276209399542703,4,1,1591,40
sugano,sugano,菅野暁,candidate,analysis_term_no_stopwords,因る,0.00502828409805154,1.0,0.00502828409805154,8,5,1591,41
sugano,sugano,菅野暁,candidate,analysis_term_no_stopwords,課題,0.00502828409805154,1.0,0.00502828409805154,8,5,1591,42
sugano,sugano,菅野暁,candidate,analysis_term_no_stopwords,良い,0.003771213073538655,1.1823215567939547,0.004458786512107937,6,4,1591,43
sugano,sugano,菅野暁,candidate,analysis_term_no_stopwords,進める,0.003771213073538655,1.1823215567939547,0.004458786512107937,6,4,1591,44
sugano,sugano,菅野暁,candidate,analysis_term_no_stopwords,人事,0.0031426775612822125,1.4054651081081644,0.004416923658416607,5,3,1591,45
sugano,sugano,菅野暁,candidate,analysis_term_no_stopwords,将来,0.0031426775612822125,1.4054651081081644,0.004416923658416607,5,3,1591,46
sugano,sugano,菅野暁,candidate,analysis_term_no_stopwords,専門,0.0043997485857950975,1.0,0.0043997485857950975,7,5,1591,47
sugano,sugano,菅野暁,candidate,analysis_term_no_stopwords,サポート-support,0.00251414204902577,1.6931471805599454,0.004256812521835187,4,2,1591,48
sugano,sugano,菅野暁,candidate,analysis_term_no_stopwords,出る,0.00251414204902577,1.6931471805599454,0.004256812521835187,4,2,1591,49
sugano,sugano,菅野暁,candidate,analysis_term_no_stopwords,外部,0.00251414204902577,1.6931471805599454,0.004256812521835187,4,2,1591,50
sugano,sugano,菅野暁,candidate,analysis_term_no_stopwords,施設,0.00251414204902577,1.6931471805599454,0.004256812521835187,4,2,1591,51
sugano,sugano,菅野暁,candidate,analysis_term_no_stopwords,還元,0.00251414204902577,1.6931471805599454,0.004256812521835187,4,2,1591,52
sugano,sugano,菅野暁,candidate,analysis_term_no_stopwords,ジェンダー-gender,0.0018856065367693275,2.09861228866811,0.003957157049657027,3,1,1591,53
sugano,sugano,菅野暁,candidate,analysis_term_no_stopwords,事項,0.0018856065367693275,2.09861228866811,0.003957157049657027,3,1,1591,54
sugano,sugano,菅野暁,candidate,analysis_term_no_stopwords,代謝,0.0018856065367693275,2.09861228866811,0.003957157049657027,3,1,1591,55
sugano,sugano,菅野暁,candidate,analysis_term_no_stopwords,名,0.0018856065367693275,2.09861228866811,0.003957157049657027,3,1,1591,56
sugano,sugano,菅野暁,candidate,analysis_term_no_stopwords,変わる,0.0018856065367693275,2.09861228866811,0.003957157049657027,3,1,1591,57
sugano,sugano,菅野暁,candidate,analysis_term_no_stopwords,所,0.0018856065367693275,2.09861228866811,0.003957157049657027,3,1,1591,58
sugano,sugano,菅野暁,candidate,analysis_term_no_stopwords,抜本,0.0018856065367693275,2.09861228866811,0.003957157049657027,3,1,1591,59
sugano,sugano,菅野暁,candidate,analysis_term_no_stopwords,新陳,0.0018856065367693275,2.09861228866811,0.003957157049657027,3,1,1591,60
sugano,sugano,菅野暁,candidate,analysis_term_no_stopwords,期待,0.0018856065367693275,2.09861228866811,0.003957157049657027,3,1,1591,61
sugano,sugano,菅野暁,candidate,analysis_term_no_stopwords,考え,0.0018856065367693275,2.09861228866811,0.003957157049657027,3,1,1591,62
sugano,sugano,菅野暁,candidate,analysis_term_no_stopwords,見直し,0.0018856065367693275,2.09861228866811,0.003957157049657027,3,1,1591,63
sugano,sugano,菅野暁,candidate,analysis_term_no_stopwords,持つ,0.003771213073538655,1.0,0.003771213073538655,6,5,1591,64
sugano,sugano,菅野暁,candidate,analysis_term_no_stopwords,体制,0.0031426775612822125,1.1823215567939547,0.0037156554267566144,5,4,1591,65
sugano,sugano,菅野暁,candidate,analysis_term_no_stopwords,全体,0.0031426775612822125,1.1823215567939547,0.0037156554267566144,5,4,1591,66
sugano,sugano,菅野暁,candidate,analysis_term_no_stopwords,点,0.0031426775612822125,1.1823215567939547,0.0037156554267566144,5,4,1591,67
sugano,sugano,菅野暁,candidate,analysis_term_no_stopwords,関係,0.0031426775612822125,1.1823215567939547,0.0037156554267566144,5,4,1591,68
sugano,sugano,菅野暁,candidate,analysis_term_no_stopwords,予算,0.00251414204902577,1.4054651081081644,0.0035335389267332857,4,3,1591,69
sugano,sugano,菅野暁,candidate,analysis_term_no_stopwords,年,0.00251414204902577,1.4054651081081644,0.0035335389267332857,4,3,1591,70
sugano,sugano,菅野暁,candidate,analysis_term_no_stopwords,改善,0.00251414204902577,1.4054651081081644,0.0035335389267332857,4,3,1591,71
sugano,sugano,菅野暁,candidate,analysis_term_no_stopwords,状況,0.00251414204902577,1.4054651081081644,0.0035335389267332857,4,3,1591,72
sugano,sugano,菅野暁,candidate,analysis_term_no_stopwords,維持,0.00251414204902577,1.4054651081081644,0.0035335389267332857,4,3,1591,73
sugano,sugano,菅野暁,candidate,analysis_term_no_stopwords,議論,0.00251414204902577,1.4054651081081644,0.0035335389267332857,4,3,1591,74
sugano,sugano,菅野暁,candidate,analysis_term_no_stopwords,中長期,0.0018856065367693275,1.6931471805599454,0.00319260939137639,3,2,1591,75
sugano,sugano,菅野暁,candidate,analysis_term_no_stopwords,増す,0.0018856065367693275,1.6931471805599454,0.00319260939137639,3,2,1591,76
sugano,sugano,菅野暁,candidate,analysis_term_no_stopwords,必須,0.0018856065367693275,1.6931471805599454,0.00319260939137639,3,2,1591,77
sugano,sugano,菅野暁,candidate,analysis_term_no_stopwords,応ずる,0.0018856065367693275,1.6931471805599454,0.00319260939137639,3,2,1591,78
sugano,sugano,菅野暁,candidate,analysis_term_no_stopwords,戦略,0.0018856065367693275,1.6931471805599454,0.00319260939137639,3,2,1591,79
sugano,sugano,菅野暁,candidate,analysis_term_no_stopwords,施策,0.0018856065367693275,1.6931471805599454,0.00319260939137639,3,2,1591,80
sugano,sugano,菅野暁,candidate,analysis_term_no_stopwords,権限,0.0018856065367693275,1.6931471805599454,0.00319260939137639,3,2,1591,81
sugano,sugano,菅野暁,candidate,analysis_term_no_stopwords,法人,0.0018856065367693275,1.6931471805599454,0.00319260939137639,3,2,1591,82
sugano,sugano,菅野暁,candidate,analysis_term_no_stopwords,策定,0.0018856065367693275,1.6931471805599454,0.00319260939137639,3,2,1591,83
sugano,sugano,菅野暁,candidate,analysis_term_no_stopwords,米国,0.0018856065367693275,1.6931471805599454,0.00319260939137639,3,2,1591,84
sugano,sugano,菅野暁,candidate,analysis_term_no_stopwords,観点,0.0018856065367693275,1.6931471805599454,0.00319260939137639,3,2,1591,85
sugano,sugano,菅野暁,candidate,analysis_term_no_stopwords,長期,0.0018856065367693275,1.6931471805599454,0.00319260939137639,3,2,1591,86
sugano,sugano,菅野暁,candidate,analysis_term_no_stopwords,卓越,0.0031426775612822125,1.0,0.0031426775612822125,5,5,1591,87
sugano,sugano,菅野暁,candidate,analysis_term_no_stopwords,本部,0.0031426775612822125,1.0,0.0031426775612822125,5,5,1591,88
sugano,sugano,菅野暁,candidate,analysis_term_no_stopwords,責任,0.0031426775612822125,1.0,0.0031426775612822125,5,5,1591,89
sugano,sugano,菅野暁,candidate,analysis_term_no_stopwords,運営,0.0031426775612822125,1.0,0.0031426775612822125,5,5,1591,90
sugano,sugano,菅野暁,candidate,analysis_term_no_stopwords,部局,0.0031426775612822125,1.0,0.0031426775612822125,5,5,1591,91
sugano,sugano,菅野暁,candidate,analysis_term_no_stopwords,感,0.00251414204902577,1.1823215567939547,0.0029725243414052915,4,4,1591,92
sugano,sugano,菅野暁,candidate,analysis_term_no_stopwords,成果,0.00251414204902577,1.1823215567939547,0.0029725243414052915,4,4,1591,93
sugano,sugano,菅野暁,candidate,analysis_term_no_stopwords,現在,0.00251414204902577,1.1823215567939547,0.0029725243414052915,4,4,1591,94
sugano,sugano,菅野暁,candidate,analysis_term_no_stopwords,環境,0.00251414204902577,1.1823215567939547,0.0029725243414052915,4,4,1591,95
sugano,sugano,菅野暁,candidate,analysis_term_no_stopwords,経験,0.00251414204902577,1.1823215567939547,0.0029725243414052915,4,4,1591,96
sugano,sugano,菅野暁,candidate,analysis_term_no_stopwords,以下,0.0018856065367693275,1.4054651081081644,0.0026501541950499645,3,3,1591,97
sugano,sugano,菅野暁,candidate,analysis_term_no_stopwords,企業,0.0018856065367693275,1.4054651081081644,0.0026501541950499645,3,3,1591,98
sugano,sugano,菅野暁,candidate,analysis_term_no_stopwords,判断,0.0018856065367693275,1.4054651081081644,0.0026501541950499645,3,3,1591,99
sugano,sugano,菅野暁,candidate,analysis_term_no_stopwords,前,0.0018856065367693275,1.4054651081081644,0.0026501541950499645,3,3,1591,100
sugano,sugano,菅野暁,candidate,analysis_term_no_stopwords,取る,0.0018856065367693275,1.4054651081081644,0.0026501541950499645,3,3,1591,101
sugano,sugano,菅野暁,candidate,analysis_term_no_stopwords,国,0.0018856065367693275,1.4054651081081644,0.0026501541950499645,3,3,1591,102
sugano,sugano,菅野暁,candidate,analysis_term_no_stopwords,変化,0.0018856065367693275,1.4054651081081644,0.0026501541950499645,3,3,1591,103
sugano,sugano,菅野暁,candidate,analysis_term_no_stopwords,形,0.0018856065367693275,1.4054651081081644,0.0026501541950499645,3,3,1591,104
sugano,sugano,菅野暁,candidate,analysis_term_no_stopwords,政府,0.0018856065367693275,1.4054651081081644,0.0026501541950499645,3,3,1591,105
sugano,sugano,菅野暁,candidate,analysis_term_no_stopwords,機関,0.0018856065367693275,1.4054651081081644,0.0026501541950499645,3,3,1591,106
sugano,sugano,菅野暁,candidate,analysis_term_no_stopwords,発展,0.0018856065367693275,1.4054651081081644,0.0026501541950499645,3,3,1591,107
sugano,sugano,菅野暁,candidate,analysis_term_no_stopwords,解決,0.0018856065367693275,1.4054651081081644,0.0026501541950499645,3,3,1591,108
sugano,sugano,菅野暁,candidate,analysis_term_no_stopwords,財源,0.0018856065367693275,1.4054651081081644,0.0026501541950499645,3,3,1591,109
sugano,sugano,菅野暁,candidate,analysis_term_no_stopwords,資金,0.0018856065367693275,1.4054651081081644,0.0026501541950499645,3,3,1591,110
sugano,sugano,菅野暁,candidate,analysis_term_no_stopwords,endowment,0.001257071024512885,2.09861228866811,0.0026381046997713516,2,1,1591,111
sugano,sugano,菅野暁,candidate,analysis_term_no_stopwords,kerr,0.001257071024512885,2.09861228866811,0.0026381046997713516,2,1,1591,112
sugano,sugano,菅野暁,candidate,analysis_term_no_stopwords,コンテンツ-contents,0.001257071024512885,2.09861228866811,0.0026381046997713516,2,1,1591,113
sugano,sugano,菅野暁,candidate,analysis_term_no_stopwords,パス-pass,0.001257071024512885,2.09861228866811,0.0026381046997713516,2,1,1591,114
sugano,sugano,菅野暁,candidate,analysis_term_no_stopwords,プロ-pro,0.001257071024512885,2.09861228866811,0.0026381046997713516,2,1,1591,115
sugano,sugano,菅野暁,candidate,analysis_term_no_stopwords,ボスト,0.001257071024512885,2.09861228866811,0.0026381046997713516,2,1,1591,116
sugano,sugano,菅野暁,candidate,analysis_term_no_stopwords,ポートフォリオ-portfolio,0.001257071024512885,2.09861228866811,0.0026381046997713516,2,1,1591,117
sugano,sugano,菅野暁,candidate,analysis_term_no_stopwords,今回,0.001257071024512885,2.09861228866811,0.0026381046997713516,2,1,1591,118
sugano,sugano,菅野暁,candidate,analysis_term_no_stopwords,低い,0.001257071024512885,2.09861228866811,0.0026381046997713516,2,1,1591,119
sugano,sugano,菅野暁,candidate,analysis_term_no_stopwords,処遇,0.001257071024512885,2.09861228866811,0.0026381046997713516,2,1,1591,120
sugano,sugano,菅野暁,candidate,analysis_term_no_stopwords,友人,0.001257071024512885,2.09861228866811,0.0026381046997713516,2,1,1591,121
sugano,sugano,菅野暁,candidate,analysis_term_no_stopwords,双方,0.001257071024512885,2.09861228866811,0.0026381046997713516,2,1,1591,122
sugano,sugano,菅野暁,candidate,analysis_term_no_stopwords,取り入れる,0.001257071024512885,2.09861228866811,0.0026381046997713516,2,1,1591,123
sugano,sugano,菅野暁,candidate,analysis_term_no_stopwords,向かう,0.001257071024512885,2.09861228866811,0.0026381046997713516,2,1,1591,124
sugano,sugano,菅野暁,candidate,analysis_term_no_stopwords,夫,0.001257071024512885,2.09861228866811,0.0026381046997713516,2,1,1591,125
sugano,sugano,菅野暁,candidate,analysis_term_no_stopwords,女性,0.001257071024512885,2.09861228866811,0.0026381046997713516,2,1,1591,126
sugano,sugano,菅野暁,candidate,analysis_term_no_stopwords,年度,0.001257071024512885,2.09861228866811,0.0026381046997713516,2,1,1591,127
sugano,sugano,菅野暁,candidate,analysis_term_no_stopwords,幾,0.001257071024512885,2.09861228866811,0.0026381046997713516,2,1,1591,128
sugano,sugano,菅野暁,candidate,analysis_term_no_stopwords,流れ,0.001257071024512885,2.09861228866811,0.0026381046997713516,2,1,1591,129
sugano,sugano,菅野暁,candidate,analysis_term_no_stopwords,父,0.001257071024512885,2.09861228866811,0.0026381046997713516,2,1,1591,130
sugano,sugano,菅野暁,candidate,analysis_term_no_stopwords,理事,0.001257071024512885,2.09861228866811,0.0026381046997713516,2,1,1591,131
sugano,sugano,菅野暁,candidate,analysis_term_no_stopwords,疑問,0.001257071024512885,2.09861228866811,0.0026381046997713516,2,1,1591,132
sugano,sugano,菅野暁,candidate,analysis_term_no_stopwords,科研,0.001257071024512885,2.09861228866811,0.0026381046997713516,2,1,1591,133
sugano,sugano,菅野暁,candidate,analysis_term_no_stopwords,職位,0.001257071024512885,2.09861228866811,0.0026381046997713516,2,1,1591,134
sugano,sugano,菅野暁,candidate,analysis_term_no_stopwords,職場,0.001257071024512885,2.09861228866811,0.0026381046997713516,2,1,1591,135
sugano,sugano,菅野暁,candidate,analysis_term_no_stopwords,補う,0.001257071024512885,2.09861228866811,0.0026381046997713516,2,1,1591,136
sugano,sugano,菅野暁,candidate,analysis_term_no_stopwords,複数,0.001257071024512885,2.09861228866811,0.0026381046997713516,2,1,1591,137
sugano,sugano,菅野暁,candidate,analysis_term_no_stopwords,規定,0.001257071024512885,2.09861228866811,0.0026381046997713516,2,1,1591,138
sugano,sugano,菅野暁,candidate,analysis_term_no_stopwords,遣る,0.001257071024512885,2.09861228866811,0.0026381046997713516,2,1,1591,139
sugano,sugano,菅野暁,candidate,analysis_term_no_stopwords,関与,0.001257071024512885,2.09861228866811,0.0026381046997713516,2,1,1591,140
sugano,sugano,菅野暁,candidate,analysis_term_no_stopwords,人材,0.00251414204902577,1.0,0.00251414204902577,4,5,1591,141
sugano,sugano,菅野暁,candidate,analysis_term_no_stopwords,基礎,0.00251414204902577,1.0,0.00251414204902577,4,5,1591,142
sugano,sugano,菅野暁,candidate,analysis_term_no_stopwords,物,0.00251414204902577,1.0,0.00251414204902577,4,5,1591,143
sugano,sugano,菅野暁,candidate,analysis_term_no_stopwords,組織,0.00251414204902577,1.0,0.00251414204902577,4,5,1591,144
sugano,sugano,菅野暁,candidate,analysis_term_no_stopwords,連携,0.00251414204902577,1.0,0.00251414204902577,4,5,1591,145
sugano,sugano,菅野暁,candidate,analysis_term_no_stopwords,ai,0.0018856065367693275,1.1823215567939547,0.0022293932560539685,3,4,1591,146
sugano,sugano,菅野暁,candidate,analysis_term_no_stopwords,gri,0.0018856065367693275,1.1823215567939547,0.0022293932560539685,3,4,1591,147
sugano,sugano,菅野暁,candidate,analysis_term_no_stopwords,一,0.0018856065367693275,1.1823215567939547,0.0022293932560539685,3,4,1591,148
sugano,sugano,菅野暁,candidate,analysis_term_no_stopwords,上,0.0018856065367693275,1.1823215567939547,0.0022293932560539685,3,4,1591,149
sugano,sugano,菅野暁,candidate,analysis_term_no_stopwords,会議,0.0018856065367693275,1.1823215567939547,0.0022293932560539685,3,4,1591,150
sugano,sugano,菅野暁,candidate,analysis_term_no_stopwords,全て,0.0018856065367693275,1.1823215567939547,0.0022293932560539685,3,4,1591,151
sugano,sugano,菅野暁,candidate,analysis_term_no_stopwords,分断,0.0018856065367693275,1.1823215567939547,0.0022293932560539685,3,4,1591,152
sugano,sugano,菅野暁,candidate,analysis_term_no_stopwords,大きい,0.0018856065367693275,1.1823215567939547,0.0022293932560539685,3,4,1591,153
sugano,sugano,菅野暁,candidate,analysis_term_no_stopwords,対応,0.0018856065367693275,1.1823215567939547,0.0022293932560539685,3,4,1591,154
sugano,sugano,菅野暁,candidate,analysis_term_no_stopwords,投資,0.0018856065367693275,1.1823215567939547,0.0022293932560539685,3,4,1591,155
sugano,sugano,菅野暁,candidate,analysis_term_no_stopwords,持続,0.0018856065367693275,1.1823215567939547,0.0022293932560539685,3,4,1591,156
sugano,sugano,菅野暁,candidate,analysis_term_no_stopwords,方向,0.0018856065367693275,1.1823215567939547,0.0022293932560539685,3,4,1591,157
sugano,sugano,菅野暁,candidate,analysis_term_no_stopwords,海外,0.0018856065367693275,1.1823215567939547,0.0022293932560539685,3,4,1591,158
sugano,sugano,菅野暁,candidate,analysis_term_no_stopwords,繋ぐ,0.0018856065367693275,1.1823215567939547,0.0022293932560539685,3,4,1591,159
sugano,sugano,菅野暁,candidate,analysis_term_no_stopwords,課程,0.0018856065367693275,1.1823215567939547,0.0022293932560539685,3,4,1591,160
sugano,sugano,菅野暁,candidate,analysis_term_no_stopwords,財務,0.0018856065367693275,1.1823215567939547,0.0022293932560539685,3,4,1591,161
sugano,sugano,菅野暁,candidate,analysis_term_no_stopwords,キャリア-career,0.001257071024512885,1.6931471805599454,0.0021284062609175933,2,2,1591,162
sugano,sugano,菅野暁,candidate,analysis_term_no_stopwords,プラットホーム-platform,0.001257071024512885,1.6931471805599454,0.0021284062609175933,2,2,1591,163
sugano,sugano,菅野暁,candidate,analysis_term_no_stopwords,中核,0.001257071024512885,1.6931471805599454,0.0021284062609175933,2,2,1591,164
sugano,sugano,菅野暁,candidate,analysis_term_no_stopwords,主義,0.001257071024512885,1.6931471805599454,0.0021284062609175933,2,2,1591,165
sugano,sugano,菅野暁,candidate,analysis_term_no_stopwords,交付,0.001257071024512885,1.6931471805599454,0.0021284062609175933,2,2,1591,166
sugano,sugano,菅野暁,candidate,analysis_term_no_stopwords,人間,0.001257071024512885,1.6931471805599454,0.0021284062609175933,2,2,1591,167
sugano,sugano,菅野暁,candidate,analysis_term_no_stopwords,余地,0.001257071024512885,1.6931471805599454,0.0021284062609175933,2,2,1591,168
sugano,sugano,菅野暁,candidate,analysis_term_no_stopwords,分担,0.001257071024512885,1.6931471805599454,0.0021284062609175933,2,2,1591,169
sugano,sugano,菅野暁,candidate,analysis_term_no_stopwords,前提,0.001257071024512885,1.6931471805599454,0.0021284062609175933,2,2,1591,170
sugano,sugano,菅野暁,candidate,analysis_term_no_stopwords,危機,0.001257071024512885,1.6931471805599454,0.0021284062609175933,2,2,1591,171
sugano,sugano,菅野暁,candidate,analysis_term_no_stopwords,国立,0.001257071024512885,1.6931471805599454,0.0021284062609175933,2,2,1591,172
sugano,sugano,菅野暁,candidate,analysis_term_no_stopwords,変える,0.001257071024512885,1.6931471805599454,0.0021284062609175933,2,2,1591,173
sugano,sugano,菅野暁,candidate,analysis_term_no_stopwords,多い,0.001257071024512885,1.6931471805599454,0.0021284062609175933,2,2,1591,174
sugano,sugano,菅野暁,candidate,analysis_term_no_stopwords,学修,0.001257071024512885,1.6931471805599454,0.0021284062609175933,2,2,1591,175
sugano,sugano,菅野暁,candidate,analysis_term_no_stopwords,対立,0.001257071024512885,1.6931471805599454,0.0021284062609175933,2,2,1591,176
sugano,sugano,菅野暁,candidate,analysis_term_no_stopwords,後期,0.001257071024512885,1.6931471805599454,0.0021284062609175933,2,2,1591,177
sugano,sugano,菅野暁,candidate,analysis_term_no_stopwords,政治,0.001257071024512885,1.6931471805599454,0.0021284062609175933,2,2,1591,178
sugano,sugano,菅野暁,candidate,analysis_term_no_stopwords,数,0.001257071024512885,1.6931471805599454,0.0021284062609175933,2,2,1591,179
sugano,sugano,菅野暁,candidate,analysis_term_no_stopwords,検討,0.001257071024512885,1.6931471805599454,0.0021284062609175933,2,2,1591,180
sugano,sugano,菅野暁,candidate,analysis_term_no_stopwords,欧米,0.001257071024512885,1.6931471805599454,0.0021284062609175933,2,2,1591,181
sugano,sugano,菅野暁,candidate,analysis_term_no_stopwords,民間,0.001257071024512885,1.6931471805599454,0.0021284062609175933,2,2,1591,182
sugano,sugano,菅野暁,candidate,analysis_term_no_stopwords,申請,0.001257071024512885,1.6931471805599454,0.0021284062609175933,2,2,1591,183
sugano,sugano,菅野暁,candidate,analysis_term_no_stopwords,目指す,0.001257071024512885,1.6931471805599454,0.0021284062609175933,2,2,1591,184
sugano,sugano,菅野暁,candidate,analysis_term_no_stopwords,自身,0.001257071024512885,1.6931471805599454,0.0021284062609175933,2,2,1591,185
sugano,sugano,菅野暁,candidate,analysis_term_no_stopwords,負担,0.001257071024512885,1.6931471805599454,0.0021284062609175933,2,2,1591,186
sugano,sugano,菅野暁,candidate,analysis_term_no_stopwords,面,0.001257071024512885,1.6931471805599454,0.0021284062609175933,2,2,1591,187
sugano,sugano,菅野暁,candidate,analysis_term_no_stopwords,顕在,0.001257071024512885,1.6931471805599454,0.0021284062609175933,2,2,1591,188
sugano,sugano,菅野暁,candidate,analysis_term_no_stopwords,世界,0.0018856065367693275,1.0,0.0018856065367693275,3,5,1591,189
sugano,sugano,菅野暁,candidate,analysis_term_no_stopwords,学生,0.0018856065367693275,1.0,0.0018856065367693275,3,5,1591,190
sugano,sugano,菅野暁,candidate,analysis_term_no_stopwords,学術,0.0018856065367693275,1.0,0.0018856065367693275,3,5,1591,191
sugano,sugano,菅野暁,candidate,analysis_term_no_stopwords,対する,0.0018856065367693275,1.0,0.0018856065367693275,3,5,1591,192
sugano,sugano,菅野暁,candidate,analysis_term_no_stopwords,支援,0.0018856065367693275,1.0,0.0018856065367693275,3,5,1591,193
sugano,sugano,菅野暁,candidate,analysis_term_no_stopwords,改革,0.0018856065367693275,1.0,0.0018856065367693275,3,5,1591,194
sugano,sugano,菅野暁,candidate,analysis_term_no_stopwords,日本,0.0018856065367693275,1.0,0.0018856065367693275,3,5,1591,195
sugano,sugano,菅野暁,candidate,analysis_term_no_stopwords,活動,0.0018856065367693275,1.0,0.0018856065367693275,3,5,1591,196
sugano,sugano,菅野暁,candidate,analysis_term_no_stopwords,一方,0.001257071024512885,1.4054651081081644,0.0017667694633666429,2,3,1591,197
sugano,sugano,菅野暁,candidate,analysis_term_no_stopwords,今後,0.001257071024512885,1.4054651081081644,0.0017667694633666429,2,3,1591,198
sugano,sugano,菅野暁,candidate,analysis_term_no_stopwords,他,0.001257071024512885,1.4054651081081644,0.0017667694633666429,2,3,1591,199
sugano,sugano,菅野暁,candidate,analysis_term_no_stopwords,会,0.001257071024512885,1.4054651081081644,0.0017667694633666429,2,3,1591,200
sugano,sugano,菅野暁,candidate,analysis_term_no_stopwords,優れる,0.001257071024512885,1.4054651081081644,0.0017667694633666429,2,3,1591,201
sugano,sugano,菅野暁,candidate,analysis_term_no_stopwords,利益,0.001257071024512885,1.4054651081081644,0.0017667694633666429,2,3,1591,202
sugano,sugano,菅野暁,candidate,analysis_term_no_stopwords,執行,0.001257071024512885,1.4054651081081644,0.0017667694633666429,2,3,1591,203
sugano,sugano,菅野暁,candidate,analysis_term_no_stopwords,増やす,0.001257071024512885,1.4054651081081644,0.0017667694633666429,2,3,1591,204
sugano,sugano,菅野暁,candidate,analysis_term_no_stopwords,成長,0.001257071024512885,1.4054651081081644,0.0017667694633666429,2,3,1591,205
sugano,sugano,菅野暁,candidate,analysis_term_no_stopwords,拡充,0.001257071024512885,1.4054651081081644,0.0017667694633666429,2,3,1591,206
sugano,sugano,菅野暁,candidate,analysis_term_no_stopwords,支える,0.001257071024512885,1.4054651081081644,0.0017667694633666429,2,3,1591,207
sugano,sugano,菅野暁,candidate,analysis_term_no_stopwords,整備,0.001257071024512885,1.4054651081081644,0.0017667694633666429,2,3,1591,208
sugano,sugano,菅野暁,candidate,analysis_term_no_stopwords,方策,0.001257071024512885,1.4054651081081644,0.0017667694633666429,2,3,1591,209
sugano,sugano,菅野暁,candidate,analysis_term_no_stopwords,時,0.001257071024512885,1.4054651081081644,0.0017667694633666429,2,3,1591,210
sugano,sugano,菅野暁,candidate,analysis_term_no_stopwords,次,0.001257071024512885,1.4054651081081644,0.0017667694633666429,2,3,1591,211
sugano,sugano,菅野暁,candidate,analysis_term_no_stopwords,水準,0.001257071024512885,1.4054651081081644,0.0017667694633666429,2,3,1591,212
sugano,sugano,菅野暁,candidate,analysis_term_no_stopwords,決める,0.001257071024512885,1.4054651081081644,0.0017667694633666429,2,3,1591,213
sugano,sugano,菅野暁,candidate,analysis_term_no_stopwords,渡る,0.001257071024512885,1.4054651081081644,0.0017667694633666429,2,3,1591,214
sugano,sugano,菅野暁,candidate,analysis_term_no_stopwords,規模,0.001257071024512885,1.4054651081081644,0.0017667694633666429,2,3,1591,215
sugano,sugano,菅野暁,candidate,analysis_term_no_stopwords,視点,0.001257071024512885,1.4054651081081644,0.0017667694633666429,2,3,1591,216
sugano,sugano,菅野暁,candidate,analysis_term_no_stopwords,越える,0.001257071024512885,1.4054651081081644,0.0017667694633666429,2,3,1591,217
sugano,sugano,菅野暁,candidate,analysis_term_no_stopwords,進む,0.001257071024512885,1.4054651081081644,0.0017667694633666429,2,3,1591,218
sugano,sugano,菅野暁,candidate,analysis_term_no_stopwords,長い,0.001257071024512885,1.4054651081081644,0.0017667694633666429,2,3,1591,219
sugano,sugano,菅野暁,candidate,analysis_term_no_stopwords,高い,0.001257071024512885,1.4054651081081644,0.0017667694633666429,2,3,1591,220
sugano,sugano,菅野暁,candidate,analysis_term_no_stopwords,高める,0.001257071024512885,1.4054651081081644,0.0017667694633666429,2,3,1591,221
sugano,sugano,菅野暁,candidate,analysis_term_no_stopwords,リベラル-liberal,0.001257071024512885,1.1823215567939547,0.0014862621707026457,2,4,1591,222
sugano,sugano,菅野暁,candidate,analysis_term_no_stopwords,場,0.001257071024512885,1.1823215567939547,0.0014862621707026457,2,4,1591,223
sugano,sugano,菅野暁,candidate,analysis_term_no_stopwords,学部,0.001257071024512885,1.1823215567939547,0.0014862621707026457,2,4,1591,224
sugano,sugano,菅野暁,candidate,analysis_term_no_stopwords,寄付,0.001257071024512885,1.1823215567939547,0.0014862621707026457,2,4,1591,225
sugano,sugano,菅野暁,candidate,analysis_term_no_stopwords,広い,0.001257071024512885,1.1823215567939547,0.0014862621707026457,2,4,1591,226
sugano,sugano,菅野暁,candidate,analysis_term_no_stopwords,得る,0.001257071024512885,1.1823215567939547,0.0014862621707026457,2,4,1591,227
sugano,sugano,菅野暁,candidate,analysis_term_no_stopwords,拡大,0.001257071024512885,1.1823215567939547,0.0014862621707026457,2,4,1591,228
sugano,sugano,菅野暁,candidate,analysis_term_no_stopwords,構築,0.001257071024512885,1.1823215567939547,0.0014862621707026457,2,4,1591,229
sugano,sugano,菅野暁,candidate,analysis_term_no_stopwords,求める,0.001257071024512885,1.1823215567939547,0.0014862621707026457,2,4,1591,230
sugano,sugano,菅野暁,candidate,analysis_term_no_stopwords,決定,0.001257071024512885,1.1823215567939547,0.0014862621707026457,2,4,1591,231
sugano,sugano,菅野暁,candidate,analysis_term_no_stopwords,現状,0.001257071024512885,1.1823215567939547,0.0014862621707026457,2,4,1591,232
sugano,sugano,菅野暁,candidate,analysis_term_no_stopwords,留学,0.001257071024512885,1.1823215567939547,0.0014862621707026457,2,4,1591,233
sugano,sugano,菅野暁,candidate,analysis_term_no_stopwords,目的,0.001257071024512885,1.1823215567939547,0.0014862621707026457,2,4,1591,234
sugano,sugano,菅野暁,candidate,analysis_term_no_stopwords,berkeley,0.0006285355122564425,2.09861228866811,0.0013190523498856758,1,1,1591,235
sugano,sugano,菅野暁,candidate,analysis_term_no_stopwords,clark,0.0006285355122564425,2.09861228866811,0.0013190523498856758,1,1,1591,236
sugano,sugano,菅野暁,candidate,analysis_term_no_stopwords,de,0.0006285355122564425,2.09861228866811,0.0013190523498856758,1,1,1591,237
sugano,sugano,菅野暁,candidate,analysis_term_no_stopwords,integrate,0.0006285355122564425,2.09861228866811,0.0013190523498856758,1,1,1591,238
sugano,sugano,菅野暁,candidate,analysis_term_no_stopwords,off,0.0006285355122564425,2.09861228866811,0.0013190523498856758,1,1,1591,239
sugano,sugano,菅野暁,candidate,analysis_term_no_stopwords,payout,0.0006285355122564425,2.09861228866811,0.0013190523498856758,1,1,1591,240
sugano,sugano,菅野暁,candidate,analysis_term_no_stopwords,qs,0.0006285355122564425,2.09861228866811,0.0013190523498856758,1,1,1591,241
sugano,sugano,菅野暁,candidate,analysis_term_no_stopwords,rfp,0.0006285355122564425,2.09861228866811,0.0013190523498856758,1,1,1591,242
sugano,sugano,菅野暁,candidate,analysis_term_no_stopwords,spin,0.0006285355122564425,2.09861228866811,0.0013190523498856758,1,1,1591,243
sugano,sugano,菅野暁,candidate,analysis_term_no_stopwords,uc,0.0006285355122564425,2.09861228866811,0.0013190523498856758,1,1,1591,244
sugano,sugano,菅野暁,candidate,analysis_term_no_stopwords,アジア-asia,0.0006285355122564425,2.09861228866811,0.0013190523498856758,1,1,1591,245
sugano,sugano,菅野暁,candidate,analysis_term_no_stopwords,アップデート-update,0.0006285355122564425,2.09861228866811,0.0013190523498856758,1,1,1591,246
sugano,sugano,菅野暁,candidate,analysis_term_no_stopwords,アファーマティブ-affirmative,0.0006285355122564425,2.09861228866811,0.0013190523498856758,1,1,1591,247
sugano,sugano,菅野暁,candidate,analysis_term_no_stopwords,アメリカ-america,0.0006285355122564425,2.09861228866811,0.0013190523498856758,1,1,1591,248
sugano,sugano,菅野暁,candidate,analysis_term_no_stopwords,インクルーシブ-inclusive,0.0006285355122564425,2.09861228866811,0.0013190523498856758,1,1,1591,249
sugano,sugano,菅野暁,candidate,analysis_term_no_stopwords,インクルージョン,0.0006285355122564425,2.09861228866811,0.0013190523498856758,1,1,1591,250
sugano,sugano,菅野暁,candidate,analysis_term_no_stopwords,インフレ-inflation,0.0006285355122564425,2.09861228866811,0.0013190523498856758,1,1,1591,251
sugano,sugano,菅野暁,candidate,analysis_term_no_stopwords,エネルギー-energy,0.0006285355122564425,2.09861228866811,0.0013190523498856758,1,1,1591,252
sugano,sugano,菅野暁,candidate,analysis_term_no_stopwords,オペラ-opera,0.0006285355122564425,2.09861228866811,0.0013190523498856758,1,1,1591,253
sugano,sugano,菅野暁,candidate,analysis_term_no_stopwords,カンノ,0.0006285355122564425,2.09861228866811,0.0013190523498856758,1,1,1591,254
sugano,sugano,菅野暁,candidate,analysis_term_no_stopwords,サイド-side,0.0006285355122564425,2.09861228866811,0.0013190523498856758,1,1,1591,255
sugano,sugano,菅野暁,candidate,analysis_term_no_stopwords,スタイル-style,0.0006285355122564425,2.09861228866811,0.0013190523498856758,1,1,1591,256
sugano,sugano,菅野暁,candidate,analysis_term_no_stopwords,スピード-speed,0.0006285355122564425,2.09861228866811,0.0013190523498856758,1,1,1591,257
sugano,sugano,菅野暁,candidate,analysis_term_no_stopwords,スペース-space,0.0006285355122564425,2.09861228866811,0.0013190523498856758,1,1,1591,258
sugano,sugano,菅野暁,candidate,analysis_term_no_stopwords,セレモニー-ceremony,0.0006285355122564425,2.09861228866811,0.0013190523498856758,1,1,1591,259
sugano,sugano,菅野暁,candidate,analysis_term_no_stopwords,タグ-tag,0.0006285355122564425,2.09861228866811,0.0013190523498856758,1,1,1591,260
sugano,sugano,菅野暁,candidate,analysis_term_no_stopwords,チャージ-charge,0.0006285355122564425,2.09861228866811,0.0013190523498856758,1,1,1591,261
sugano,sugano,菅野暁,candidate,analysis_term_no_stopwords,ディスカッション-discussion,0.0006285355122564425,2.09861228866811,0.0013190523498856758,1,1,1591,262
sugano,sugano,菅野暁,candidate,analysis_term_no_stopwords,データーベース-database,0.0006285355122564425,2.09861228866811,0.0013190523498856758,1,1,1591,263
sugano,sugano,菅野暁,candidate,analysis_term_no_stopwords,ニーズ-needs,0.0006285355122564425,2.09861228866811,0.0013190523498856758,1,1,1591,264
sugano,sugano,菅野暁,candidate,analysis_term_no_stopwords,ノーベル-nobel,0.0006285355122564425,2.09861228866811,0.0013190523498856758,1,1,1591,265
sugano,sugano,菅野暁,candidate,analysis_term_no_stopwords,バランス-balance,0.0006285355122564425,2.09861228866811,0.0013190523498856758,1,1,1591,266
sugano,sugano,菅野暁,candidate,analysis_term_no_stopwords,フカホリ,0.0006285355122564425,2.09861228866811,0.0013190523498856758,1,1,1591,267
sugano,sugano,菅野暁,candidate,analysis_term_no_stopwords,フットボール-football,0.0006285355122564425,2.09861228866811,0.0013190523498856758,1,1,1591,268
sugano,sugano,菅野暁,candidate,analysis_term_no_stopwords,プライオリティー-priority,0.0006285355122564425,2.09861228866811,0.0013190523498856758,1,1,1591,269
sugano,sugano,菅野暁,candidate,analysis_term_no_stopwords,プラス-plus,0.0006285355122564425,2.09861228866811,0.0013190523498856758,1,1,1591,270
sugano,sugano,菅野暁,candidate,analysis_term_no_stopwords,プロボスト,0.0006285355122564425,2.09861228866811,0.0013190523498856758,1,1,1591,271
sugano,sugano,菅野暁,candidate,analysis_term_no_stopwords,ベース-base,0.0006285355122564425,2.09861228866811,0.0013190523498856758,1,1,1591,272
sugano,sugano,菅野暁,candidate,analysis_term_no_stopwords,マネージ-manage,0.0006285355122564425,2.09861228866811,0.0013190523498856758,1,1,1591,273
sugano,sugano,菅野暁,candidate,analysis_term_no_stopwords,メディア-media,0.0006285355122564425,2.09861228866811,0.0013190523498856758,1,1,1591,274
sugano,sugano,菅野暁,candidate,analysis_term_no_stopwords,モニタリング-monitoring,0.0006285355122564425,2.09861228866811,0.0013190523498856758,1,1,1591,275
sugano,sugano,菅野暁,candidate,analysis_term_no_stopwords,ラーニング-learning,0.0006285355122564425,2.09861228866811,0.0013190523498856758,1,1,1591,276
sugano,sugano,菅野暁,candidate,analysis_term_no_stopwords,一目,0.0006285355122564425,2.09861228866811,0.0013190523498856758,1,1,1591,277
sugano,sugano,菅野暁,candidate,analysis_term_no_stopwords,一般,0.0006285355122564425,2.09861228866811,0.0013190523498856758,1,1,1591,278
sugano,sugano,菅野暁,candidate,analysis_term_no_stopwords,一部,0.0006285355122564425,2.09861228866811,0.0013190523498856758,1,1,1591,279
sugano,sugano,菅野暁,candidate,analysis_term_no_stopwords,上がる,0.0006285355122564425,2.09861228866811,0.0013190523498856758,1,1,1591,280
sugano,sugano,菅野暁,candidate,analysis_term_no_stopwords,下線,0.0006285355122564425,2.09861228866811,0.0013190523498856758,1,1,1591,281
sugano,sugano,菅野暁,candidate,analysis_term_no_stopwords,不幸,0.0006285355122564425,2.09861228866811,0.0013190523498856758,1,1,1591,282
sugano,sugano,菅野暁,candidate,analysis_term_no_stopwords,不断,0.0006285355122564425,2.09861228866811,0.0013190523498856758,1,1,1591,283
sugano,sugano,菅野暁,candidate,analysis_term_no_stopwords,不足,0.0006285355122564425,2.09861228866811,0.0013190523498856758,1,1,1591,284
sugano,sugano,菅野暁,candidate,analysis_term_no_stopwords,両方,0.0006285355122564425,2.09861228866811,0.0013190523498856758,1,1,1591,285
sugano,sugano,菅野暁,candidate,analysis_term_no_stopwords,主務,0.0006285355122564425,2.09861228866811,0.0013190523498856758,1,1,1591,286
sugano,sugano,菅野暁,candidate,analysis_term_no_stopwords,事態,0.0006285355122564425,2.09861228866811,0.0013190523498856758,1,1,1591,287
sugano,sugano,菅野暁,candidate,analysis_term_no_stopwords,交渉,0.0006285355122564425,2.09861228866811,0.0013190523498856758,1,1,1591,288
sugano,sugano,菅野暁,candidate,analysis_term_no_stopwords,人前,0.0006285355122564425,2.09861228866811,0.0013190523498856758,1,1,1591,289
sugano,sugano,菅野暁,candidate,analysis_term_no_stopwords,介入,0.0006285355122564425,2.09861228866811,0.0013190523498856758,1,1,1591,290
sugano,sugano,菅野暁,candidate,analysis_term_no_stopwords,付け加わる,0.0006285355122564425,2.09861228866811,0.0013190523498856758,1,1,1591,291
sugano,sugano,菅野暁,candidate,analysis_term_no_stopwords,仲間,0.0006285355122564425,2.09861228866811,0.0013190523498856758,1,1,1591,292
sugano,sugano,菅野暁,candidate,analysis_term_no_stopwords,件,0.0006285355122564425,2.09861228866811,0.0013190523498856758,1,1,1591,293
sugano,sugano,菅野暁,candidate,analysis_term_no_stopwords,位置,0.0006285355122564425,2.09861228866811,0.0013190523498856758,1,1,1591,294
sugano,sugano,菅野暁,candidate,analysis_term_no_stopwords,余り,0.0006285355122564425,2.09861228866811,0.0013190523498856758,1,1,1591,295
sugano,sugano,菅野暁,candidate,analysis_term_no_stopwords,使用,0.0006285355122564425,2.09861228866811,0.0013190523498856758,1,1,1591,296
sugano,sugano,菅野暁,candidate,analysis_term_no_stopwords,依存,0.0006285355122564425,2.09861228866811,0.0013190523498856758,1,1,1591,297
sugano,sugano,菅野暁,candidate,analysis_term_no_stopwords,侭,0.0006285355122564425,2.09861228866811,0.0013190523498856758,1,1,1591,298
sugano,sugano,菅野暁,candidate,analysis_term_no_stopwords,保守,0.0006285355122564425,2.09861228866811,0.0013190523498856758,1,1,1591,299
sugano,sugano,菅野暁,candidate,analysis_term_no_stopwords,偏る,0.0006285355122564425,2.09861228866811,0.0013190523498856758,1,1,1591,300
sugano,sugano,菅野暁,candidate,analysis_term_no_stopwords,充当,0.0006285355122564425,2.09861228866811,0.0013190523498856758,1,1,1591,301
sugano,sugano,菅野暁,candidate,analysis_term_no_stopwords,先行き,0.0006285355122564425,2.09861228866811,0.0013190523498856758,1,1,1591,302
sugano,sugano,菅野暁,candidate,analysis_term_no_stopwords,先駆,0.0006285355122564425,2.09861228866811,0.0013190523498856758,1,1,1591,303
sugano,sugano,菅野暁,candidate,analysis_term_no_stopwords,入る,0.0006285355122564425,2.09861228866811,0.0013190523498856758,1,1,1591,304
sugano,sugano,菅野暁,candidate,analysis_term_no_stopwords,全員,0.0006285355122564425,2.09861228866811,0.0013190523498856758,1,1,1591,305
sugano,sugano,菅野暁,candidate,analysis_term_no_stopwords,公僕,0.0006285355122564425,2.09861228866811,0.0013190523498856758,1,1,1591,306
sugano,sugano,菅野暁,candidate,analysis_term_no_stopwords,公衆,0.0006285355122564425,2.09861228866811,0.0013190523498856758,1,1,1591,307
sugano,sugano,菅野暁,candidate,analysis_term_no_stopwords,具,0.0006285355122564425,2.09861228866811,0.0013190523498856758,1,1,1591,308
sugano,sugano,菅野暁,candidate,analysis_term_no_stopwords,内容,0.0006285355122564425,2.09861228866811,0.0013190523498856758,1,1,1591,309
sugano,sugano,菅野暁,candidate,analysis_term_no_stopwords,出席,0.0006285355122564425,2.09861228866811,0.0013190523498856758,1,1,1591,310
sugano,sugano,菅野暁,candidate,analysis_term_no_stopwords,出身,0.0006285355122564425,2.09861228866811,0.0013190523498856758,1,1,1591,311
sugano,sugano,菅野暁,candidate,analysis_term_no_stopwords,分かれる,0.0006285355122564425,2.09861228866811,0.0013190523498856758,1,1,1591,312
sugano,sugano,菅野暁,candidate,analysis_term_no_stopwords,分解,0.0006285355122564425,2.09861228866811,0.0013190523498856758,1,1,1591,313
sugano,sugano,菅野暁,candidate,analysis_term_no_stopwords,利する,0.0006285355122564425,2.09861228866811,0.0013190523498856758,1,1,1591,314
sugano,sugano,菅野暁,candidate,analysis_term_no_stopwords,割,0.0006285355122564425,2.09861228866811,0.0013190523498856758,1,1,1591,315
sugano,sugano,菅野暁,candidate,analysis_term_no_stopwords,動き,0.0006285355122564425,2.09861228866811,0.0013190523498856758,1,1,1591,316
sugano,sugano,菅野暁,candidate,analysis_term_no_stopwords,勘案,0.0006285355122564425,2.09861228866811,0.0013190523498856758,1,1,1591,317
sugano,sugano,菅野暁,candidate,analysis_term_no_stopwords,卒業,0.0006285355122564425,2.09861228866811,0.0013190523498856758,1,1,1591,318
sugano,sugano,菅野暁,candidate,analysis_term_no_stopwords,厭う,0.0006285355122564425,2.09861228866811,0.0013190523498856758,1,1,1591,319
sugano,sugano,菅野暁,candidate,analysis_term_no_stopwords,収支,0.0006285355122564425,2.09861228866811,0.0013190523498856758,1,1,1591,320
sugano,sugano,菅野暁,candidate,analysis_term_no_stopwords,受け入れ,0.0006285355122564425,2.09861228866811,0.0013190523498856758,1,1,1591,321
sugano,sugano,菅野暁,candidate,analysis_term_no_stopwords,受け取る,0.0006285355122564425,2.09861228866811,0.0013190523498856758,1,1,1591,322
sugano,sugano,菅野暁,candidate,analysis_term_no_stopwords,受賞,0.0006285355122564425,2.09861228866811,0.0013190523498856758,1,1,1591,323
sugano,sugano,菅野暁,candidate,analysis_term_no_stopwords,向き合う,0.0006285355122564425,2.09861228866811,0.0013190523498856758,1,1,1591,324
sugano,sugano,菅野暁,candidate,analysis_term_no_stopwords,品格,0.0006285355122564425,2.09861228866811,0.0013190523498856758,1,1,1591,325
sugano,sugano,菅野暁,candidate,analysis_term_no_stopwords,団体,0.0006285355122564425,2.09861228866811,0.0013190523498856758,1,1,1591,326
sugano,sugano,菅野暁,candidate,analysis_term_no_stopwords,困る,0.0006285355122564425,2.09861228866811,0.0013190523498856758,1,1,1591,327
sugano,sugano,菅野暁,candidate,analysis_term_no_stopwords,地方,0.0006285355122564425,2.09861228866811,0.0013190523498856758,1,1,1591,328
sugano,sugano,菅野暁,candidate,analysis_term_no_stopwords,埋もれる,0.0006285355122564425,2.09861228866811,0.0013190523498856758,1,1,1591,329
sugano,sugano,菅野暁,candidate,analysis_term_no_stopwords,増加,0.0006285355122564425,2.09861228866811,0.0013190523498856758,1,1,1591,330
sugano,sugano,菅野暁,candidate,analysis_term_no_stopwords,声,0.0006285355122564425,2.09861228866811,0.0013190523498856758,1,1,1591,331
sugano,sugano,菅野暁,candidate,analysis_term_no_stopwords,外,0.0006285355122564425,2.09861228866811,0.0013190523498856758,1,1,1591,332
sugano,sugano,菅野暁,candidate,analysis_term_no_stopwords,外交,0.0006285355122564425,2.09861228866811,0.0013190523498856758,1,1,1591,333
sugano,sugano,菅野暁,candidate,analysis_term_no_stopwords,多額,0.0006285355122564425,2.09861228866811,0.0013190523498856758,1,1,1591,334
sugano,sugano,菅野暁,candidate,analysis_term_no_stopwords,奨学,0.0006285355122564425,2.09861228866811,0.0013190523498856758,1,1,1591,335
sugano,sugano,菅野暁,candidate,analysis_term_no_stopwords,学者,0.0006285355122564425,2.09861228866811,0.0013190523498856758,1,1,1591,336
sugano,sugano,菅野暁,candidate,analysis_term_no_stopwords,完結,0.0006285355122564425,2.09861228866811,0.0013190523498856758,1,1,1591,337
sugano,sugano,菅野暁,candidate,analysis_term_no_stopwords,実施,0.0006285355122564425,2.09861228866811,0.0013190523498856758,1,1,1591,338
sugano,sugano,菅野暁,candidate,analysis_term_no_stopwords,小さい,0.0006285355122564425,2.09861228866811,0.0013190523498856758,1,1,1591,339
sugano,sugano,菅野暁,candidate,analysis_term_no_stopwords,差,0.0006285355122564425,2.09861228866811,0.0013190523498856758,1,1,1591,340
sugano,sugano,菅野暁,candidate,analysis_term_no_stopwords,差別,0.0006285355122564425,2.09861228866811,0.0013190523498856758,1,1,1591,341
sugano,sugano,菅野暁,candidate,analysis_term_no_stopwords,平等,0.0006285355122564425,2.09861228866811,0.0013190523498856758,1,1,1591,342
sugano,sugano,菅野暁,candidate,analysis_term_no_stopwords,広がり,0.0006285355122564425,2.09861228866811,0.0013190523498856758,1,1,1591,343
sugano,sugano,菅野暁,candidate,analysis_term_no_stopwords,広報,0.0006285355122564425,2.09861228866811,0.0013190523498856758,1,1,1591,344
sugano,sugano,菅野暁,candidate,analysis_term_no_stopwords,引き上げる,0.0006285355122564425,2.09861228866811,0.0013190523498856758,1,1,1591,345
sugano,sugano,菅野暁,candidate,analysis_term_no_stopwords,引用,0.0006285355122564425,2.09861228866811,0.0013190523498856758,1,1,1591,346
sugano,sugano,菅野暁,candidate,analysis_term_no_stopwords,強める,0.0006285355122564425,2.09861228866811,0.0013190523498856758,1,1,1591,347
sugano,sugano,菅野暁,candidate,analysis_term_no_stopwords,役,0.0006285355122564425,2.09861228866811,0.0013190523498856758,1,1,1591,348
sugano,sugano,菅野暁,candidate,analysis_term_no_stopwords,後退,0.0006285355122564425,2.09861228866811,0.0013190523498856758,1,1,1591,349
sugano,sugano,菅野暁,candidate,analysis_term_no_stopwords,従事,0.0006285355122564425,2.09861228866811,0.0013190523498856758,1,1,1591,350
sugano,sugano,菅野暁,candidate,analysis_term_no_stopwords,従来,0.0006285355122564425,2.09861228866811,0.0013190523498856758,1,1,1591,351
sugano,sugano,菅野暁,candidate,analysis_term_no_stopwords,怠る,0.0006285355122564425,2.09861228866811,0.0013190523498856758,1,1,1591,352
sugano,sugano,菅野暁,candidate,analysis_term_no_stopwords,悪化,0.0006285355122564425,2.09861228866811,0.0013190523498856758,1,1,1591,353
sugano,sugano,菅野暁,candidate,analysis_term_no_stopwords,惜しむ,0.0006285355122564425,2.09861228866811,0.0013190523498856758,1,1,1591,354
sugano,sugano,菅野暁,candidate,analysis_term_no_stopwords,想定,0.0006285355122564425,2.09861228866811,0.0013190523498856758,1,1,1591,355
sugano,sugano,菅野暁,candidate,analysis_term_no_stopwords,愛着,0.0006285355122564425,2.09861228866811,0.0013190523498856758,1,1,1591,356
sugano,sugano,菅野暁,candidate,analysis_term_no_stopwords,感ずる,0.0006285355122564425,2.09861228866811,0.0013190523498856758,1,1,1591,357
sugano,sugano,菅野暁,candidate,analysis_term_no_stopwords,所在,0.0006285355122564425,2.09861228866811,0.0013190523498856758,1,1,1591,358
sugano,sugano,菅野暁,candidate,analysis_term_no_stopwords,打つ,0.0006285355122564425,2.09861228866811,0.0013190523498856758,1,1,1591,359
sugano,sugano,菅野暁,candidate,analysis_term_no_stopwords,承知,0.0006285355122564425,2.09861228866811,0.0013190523498856758,1,1,1591,360
sugano,sugano,菅野暁,candidate,analysis_term_no_stopwords,投下,0.0006285355122564425,2.09861228866811,0.0013190523498856758,1,1,1591,361
sugano,sugano,菅野暁,candidate,analysis_term_no_stopwords,抜きん出る,0.0006285355122564425,2.09861228866811,0.0013190523498856758,1,1,1591,362
sugano,sugano,菅野暁,candidate,analysis_term_no_stopwords,披露,0.0006285355122564425,2.09861228866811,0.0013190523498856758,1,1,1591,363
sugano,sugano,菅野暁,candidate,analysis_term_no_stopwords,採択,0.0006285355122564425,2.09861228866811,0.0013190523498856758,1,1,1591,364
sugano,sugano,菅野暁,candidate,analysis_term_no_stopwords,接触,0.0006285355122564425,2.09861228866811,0.0013190523498856758,1,1,1591,365
sugano,sugano,菅野暁,candidate,analysis_term_no_stopwords,携わる,0.0006285355122564425,2.09861228866811,0.0013190523498856758,1,1,1591,366
sugano,sugano,菅野暁,candidate,analysis_term_no_stopwords,数字,0.0006285355122564425,2.09861228866811,0.0013190523498856758,1,1,1591,367
sugano,sugano,菅野暁,candidate,analysis_term_no_stopwords,文章,0.0006285355122564425,2.09861228866811,0.0013190523498856758,1,1,1591,368
sugano,sugano,菅野暁,candidate,analysis_term_no_stopwords,方,0.0006285355122564425,2.09861228866811,0.0013190523498856758,1,1,1591,369
sugano,sugano,菅野暁,candidate,analysis_term_no_stopwords,既得,0.0006285355122564425,2.09861228866811,0.0013190523498856758,1,1,1591,370
sugano,sugano,菅野暁,candidate,analysis_term_no_stopwords,昨年,0.0006285355122564425,2.09861228866811,0.0013190523498856758,1,1,1591,371
sugano,sugano,菅野暁,candidate,analysis_term_no_stopwords,有する,0.0006285355122564425,2.09861228866811,0.0013190523498856758,1,1,1591,372
sugano,sugano,菅野暁,candidate,analysis_term_no_stopwords,有意,0.0006285355122564425,2.09861228866811,0.0013190523498856758,1,1,1591,373
sugano,sugano,菅野暁,candidate,analysis_term_no_stopwords,本末,0.0006285355122564425,2.09861228866811,0.0013190523498856758,1,1,1591,374
sugano,sugano,菅野暁,candidate,analysis_term_no_stopwords,枠組み,0.0006285355122564425,2.09861228866811,0.0013190523498856758,1,1,1591,375
sugano,sugano,菅野暁,candidate,analysis_term_no_stopwords,極論,0.0006285355122564425,2.09861228866811,0.0013190523498856758,1,1,1591,376
sugano,sugano,菅野暁,candidate,analysis_term_no_stopwords,権益,0.0006285355122564425,2.09861228866811,0.0013190523498856758,1,1,1591,377
sugano,sugano,菅野暁,candidate,analysis_term_no_stopwords,機,0.0006285355122564425,2.09861228866811,0.0013190523498856758,1,1,1591,378
sugano,sugano,菅野暁,candidate,analysis_term_no_stopwords,止める,0.0006285355122564425,2.09861228866811,0.0013190523498856758,1,1,1591,379
sugano,sugano,菅野暁,candidate,analysis_term_no_stopwords,正直,0.0006285355122564425,2.09861228866811,0.0013190523498856758,1,1,1591,380
sugano,sugano,菅野暁,candidate,analysis_term_no_stopwords,歪み,0.0006285355122564425,2.09861228866811,0.0013190523498856758,1,1,1591,381
sugano,sugano,菅野暁,candidate,analysis_term_no_stopwords,殆ど,0.0006285355122564425,2.09861228866811,0.0013190523498856758,1,1,1591,382
sugano,sugano,菅野暁,candidate,analysis_term_no_stopwords,毎年,0.0006285355122564425,2.09861228866811,0.0013190523498856758,1,1,1591,383
sugano,sugano,菅野暁,candidate,analysis_term_no_stopwords,比べる,0.0006285355122564425,2.09861228866811,0.0013190523498856758,1,1,1591,384
sugano,sugano,菅野暁,candidate,analysis_term_no_stopwords,気,0.0006285355122564425,2.09861228866811,0.0013190523498856758,1,1,1591,385
sugano,sugano,菅野暁,candidate,analysis_term_no_stopwords,決まる,0.0006285355122564425,2.09861228866811,0.0013190523498856758,1,1,1591,386
sugano,sugano,菅野暁,candidate,analysis_term_no_stopwords,法曹,0.0006285355122564425,2.09861228866811,0.0013190523498856758,1,1,1591,387
sugano,sugano,菅野暁,candidate,analysis_term_no_stopwords,深まる,0.0006285355122564425,2.09861228866811,0.0013190523498856758,1,1,1591,388
sugano,sugano,菅野暁,candidate,analysis_term_no_stopwords,満たす,0.0006285355122564425,2.09861228866811,0.0013190523498856758,1,1,1591,389
sugano,sugano,菅野暁,candidate,analysis_term_no_stopwords,演説,0.0006285355122564425,2.09861228866811,0.0013190523498856758,1,1,1591,390
sugano,sugano,菅野暁,candidate,analysis_term_no_stopwords,熟議,0.0006285355122564425,2.09861228866811,0.0013190523498856758,1,1,1591,391
sugano,sugano,菅野暁,candidate,analysis_term_no_stopwords,生物,0.0006285355122564425,2.09861228866811,0.0013190523498856758,1,1,1591,392
sugano,sugano,菅野暁,candidate,analysis_term_no_stopwords,申し上げる,0.0006285355122564425,2.09861228866811,0.0013190523498856758,1,1,1591,393
sugano,sugano,菅野暁,candidate,analysis_term_no_stopwords,疲弊,0.0006285355122564425,2.09861228866811,0.0013190523498856758,1,1,1591,394
sugano,sugano,菅野暁,candidate,analysis_term_no_stopwords,益,0.0006285355122564425,2.09861228866811,0.0013190523498856758,1,1,1591,395
sugano,sugano,菅野暁,candidate,analysis_term_no_stopwords,相応しい,0.0006285355122564425,2.09861228866811,0.0013190523498856758,1,1,1591,396
sugano,sugano,菅野暁,candidate,analysis_term_no_stopwords,知れる,0.0006285355122564425,2.09861228866811,0.0013190523498856758,1,1,1591,397
sugano,sugano,菅野暁,candidate,analysis_term_no_stopwords,移民,0.0006285355122564425,2.09861228866811,0.0013190523498856758,1,1,1591,398
sugano,sugano,菅野暁,candidate,analysis_term_no_stopwords,策,0.0006285355122564425,2.09861228866811,0.0013190523498856758,1,1,1591,399
sugano,sugano,菅野暁,candidate,analysis_term_no_stopwords,納得,0.0006285355122564425,2.09861228866811,0.0013190523498856758,1,1,1591,400
sugano,sugano,菅野暁,candidate,analysis_term_no_stopwords,組む,0.0006285355122564425,2.09861228866811,0.0013190523498856758,1,1,1591,401
sugano,sugano,菅野暁,candidate,analysis_term_no_stopwords,経常,0.0006285355122564425,2.09861228866811,0.0013190523498856758,1,1,1591,402
sugano,sugano,菅野暁,candidate,analysis_term_no_stopwords,経緯,0.0006285355122564425,2.09861228866811,0.0013190523498856758,1,1,1591,403
sugano,sugano,菅野暁,candidate,analysis_term_no_stopwords,給付,0.0006285355122564425,2.09861228866811,0.0013190523498856758,1,1,1591,404
sugano,sugano,菅野暁,candidate,analysis_term_no_stopwords,繰り,0.0006285355122564425,2.09861228866811,0.0013190523498856758,1,1,1591,405
sugano,sugano,菅野暁,candidate,analysis_term_no_stopwords,繰り入れる,0.0006285355122564425,2.09861228866811,0.0013190523498856758,1,1,1591,406
sugano,sugano,菅野暁,candidate,analysis_term_no_stopwords,職業,0.0006285355122564425,2.09861228866811,0.0013190523498856758,1,1,1591,407
sugano,sugano,菅野暁,candidate,analysis_term_no_stopwords,背負う,0.0006285355122564425,2.09861228866811,0.0013190523498856758,1,1,1591,408
sugano,sugano,菅野暁,candidate,analysis_term_no_stopwords,脆弱,0.0006285355122564425,2.09861228866811,0.0013190523498856758,1,1,1591,409
sugano,sugano,菅野暁,candidate,analysis_term_no_stopwords,自助,0.0006285355122564425,2.09861228866811,0.0013190523498856758,1,1,1591,410
sugano,sugano,菅野暁,candidate,analysis_term_no_stopwords,自治,0.0006285355122564425,2.09861228866811,0.0013190523498856758,1,1,1591,411
sugano,sugano,菅野暁,candidate,analysis_term_no_stopwords,自給,0.0006285355122564425,2.09861228866811,0.0013190523498856758,1,1,1591,412
sugano,sugano,菅野暁,candidate,analysis_term_no_stopwords,興味,0.0006285355122564425,2.09861228866811,0.0013190523498856758,1,1,1591,413
sugano,sugano,菅野暁,candidate,analysis_term_no_stopwords,若干,0.0006285355122564425,2.09861228866811,0.0013190523498856758,1,1,1591,414
sugano,sugano,菅野暁,candidate,analysis_term_no_stopwords,衝突,0.0006285355122564425,2.09861228866811,0.0013190523498856758,1,1,1591,415
sugano,sugano,菅野暁,candidate,analysis_term_no_stopwords,裾野,0.0006285355122564425,2.09861228866811,0.0013190523498856758,1,1,1591,416
sugano,sugano,菅野暁,candidate,analysis_term_no_stopwords,要求,0.0006285355122564425,2.09861228866811,0.0013190523498856758,1,1,1591,417
sugano,sugano,菅野暁,candidate,analysis_term_no_stopwords,見極め,0.0006285355122564425,2.09861228866811,0.0013190523498856758,1,1,1591,418
sugano,sugano,菅野暁,candidate,analysis_term_no_stopwords,見直す,0.0006285355122564425,2.09861228866811,0.0013190523498856758,1,1,1591,419
sugano,sugano,菅野暁,candidate,analysis_term_no_stopwords,見越す,0.0006285355122564425,2.09861228866811,0.0013190523498856758,1,1,1591,420
sugano,sugano,菅野暁,candidate,analysis_term_no_stopwords,見通す,0.0006285355122564425,2.09861228866811,0.0013190523498856758,1,1,1591,421
sugano,sugano,菅野暁,candidate,analysis_term_no_stopwords,許容,0.0006285355122564425,2.09861228866811,0.0013190523498856758,1,1,1591,422
sugano,sugano,菅野暁,candidate,analysis_term_no_stopwords,評議,0.0006285355122564425,2.09861228866811,0.0013190523498856758,1,1,1591,423
sugano,sugano,菅野暁,candidate,analysis_term_no_stopwords,諮る,0.0006285355122564425,2.09861228866811,0.0013190523498856758,1,1,1591,424
sugano,sugano,菅野暁,candidate,analysis_term_no_stopwords,財団,0.0006285355122564425,2.09861228866811,0.0013190523498856758,1,1,1591,425
sugano,sugano,菅野暁,candidate,analysis_term_no_stopwords,費消,0.0006285355122564425,2.09861228866811,0.0013190523498856758,1,1,1591,426
sugano,sugano,菅野暁,candidate,analysis_term_no_stopwords,賄う,0.0006285355122564425,2.09861228866811,0.0013190523498856758,1,1,1591,427
sugano,sugano,菅野暁,candidate,analysis_term_no_stopwords,資質,0.0006285355122564425,2.09861228866811,0.0013190523498856758,1,1,1591,428
sugano,sugano,菅野暁,candidate,analysis_term_no_stopwords,賞,0.0006285355122564425,2.09861228866811,0.0013190523498856758,1,1,1591,429
sugano,sugano,菅野暁,candidate,analysis_term_no_stopwords,足元,0.0006285355122564425,2.09861228866811,0.0013190523498856758,1,1,1591,430
sugano,sugano,菅野暁,candidate,analysis_term_no_stopwords,跨がる,0.0006285355122564425,2.09861228866811,0.0013190523498856758,1,1,1591,431
sugano,sugano,菅野暁,candidate,analysis_term_no_stopwords,軍事,0.0006285355122564425,2.09861228866811,0.0013190523498856758,1,1,1591,432
sugano,sugano,菅野暁,candidate,analysis_term_no_stopwords,転倒,0.0006285355122564425,2.09861228866811,0.0013190523498856758,1,1,1591,433
sugano,sugano,菅野暁,candidate,analysis_term_no_stopwords,近付く,0.0006285355122564425,2.09861228866811,0.0013190523498856758,1,1,1591,434
sugano,sugano,菅野暁,candidate,analysis_term_no_stopwords,近年,0.0006285355122564425,2.09861228866811,0.0013190523498856758,1,1,1591,435
sugano,sugano,菅野暁,candidate,analysis_term_no_stopwords,近辺,0.0006285355122564425,2.09861228866811,0.0013190523498856758,1,1,1591,436
sugano,sugano,菅野暁,candidate,analysis_term_no_stopwords,追う,0.0006285355122564425,2.09861228866811,0.0013190523498856758,1,1,1591,437
sugano,sugano,菅野暁,candidate,analysis_term_no_stopwords,退職,0.0006285355122564425,2.09861228866811,0.0013190523498856758,1,1,1591,438
sugano,sugano,菅野暁,candidate,analysis_term_no_stopwords,途上,0.0006285355122564425,2.09861228866811,0.0013190523498856758,1,1,1591,439
sugano,sugano,菅野暁,candidate,analysis_term_no_stopwords,造詣,0.0006285355122564425,2.09861228866811,0.0013190523498856758,1,1,1591,440
sugano,sugano,菅野暁,candidate,analysis_term_no_stopwords,進展,0.0006285355122564425,2.09861228866811,0.0013190523498856758,1,1,1591,441
sugano,sugano,菅野暁,candidate,analysis_term_no_stopwords,進歩,0.0006285355122564425,2.09861228866811,0.0013190523498856758,1,1,1591,442
sugano,sugano,菅野暁,candidate,analysis_term_no_stopwords,遂げる,0.0006285355122564425,2.09861228866811,0.0013190523498856758,1,1,1591,443
sugano,sugano,菅野暁,candidate,analysis_term_no_stopwords,遅れる,0.0006285355122564425,2.09861228866811,0.0013190523498856758,1,1,1591,444
sugano,sugano,菅野暁,candidate,analysis_term_no_stopwords,過ぎる,0.0006285355122564425,2.09861228866811,0.0013190523498856758,1,1,1591,445
sugano,sugano,菅野暁,candidate,analysis_term_no_stopwords,過去,0.0006285355122564425,2.09861228866811,0.0013190523498856758,1,1,1591,446
sugano,sugano,菅野暁,candidate,analysis_term_no_stopwords,選挙,0.0006285355122564425,2.09861228866811,0.0013190523498856758,1,1,1591,447
sugano,sugano,菅野暁,candidate,analysis_term_no_stopwords,配する,0.0006285355122564425,2.09861228866811,0.0013190523498856758,1,1,1591,448
sugano,sugano,菅野暁,candidate,analysis_term_no_stopwords,配置,0.0006285355122564425,2.09861228866811,0.0013190523498856758,1,1,1591,449
sugano,sugano,菅野暁,candidate,analysis_term_no_stopwords,長足,0.0006285355122564425,2.09861228866811,0.0013190523498856758,1,1,1591,450
sugano,sugano,菅野暁,candidate,analysis_term_no_stopwords,閉じ籠もる,0.0006285355122564425,2.09861228866811,0.0013190523498856758,1,1,1591,451
sugano,sugano,菅野暁,candidate,analysis_term_no_stopwords,防ぐ,0.0006285355122564425,2.09861228866811,0.0013190523498856758,1,1,1591,452
sugano,sugano,菅野暁,candidate,analysis_term_no_stopwords,陣,0.0006285355122564425,2.09861228866811,0.0013190523498856758,1,1,1591,453
sugano,sugano,菅野暁,candidate,analysis_term_no_stopwords,陥る,0.0006285355122564425,2.09861228866811,0.0013190523498856758,1,1,1591,454
sugano,sugano,菅野暁,candidate,analysis_term_no_stopwords,集団,0.0006285355122564425,2.09861228866811,0.0013190523498856758,1,1,1591,455
sugano,sugano,菅野暁,candidate,analysis_term_no_stopwords,飛び回る,0.0006285355122564425,2.09861228866811,0.0013190523498856758,1,1,1591,456
sugano,sugano,菅野暁,candidate,analysis_term_no_stopwords,飛行,0.0006285355122564425,2.09861228866811,0.0013190523498856758,1,1,1591,457
sugano,sugano,菅野暁,candidate,analysis_term_no_stopwords,食事,0.0006285355122564425,2.09861228866811,0.0013190523498856758,1,1,1591,458
sugano,sugano,菅野暁,candidate,analysis_term_no_stopwords,食料,0.0006285355122564425,2.09861228866811,0.0013190523498856758,1,1,1591,459
sugano,sugano,菅野暁,candidate,analysis_term_no_stopwords,制度,0.001257071024512885,1.0,0.001257071024512885,2,5,1591,460
sugano,sugano,菅野暁,candidate,analysis_term_no_stopwords,教養,0.001257071024512885,1.0,0.001257071024512885,2,5,1591,461
sugano,sugano,菅野暁,candidate,analysis_term_no_stopwords,果たす,0.001257071024512885,1.0,0.001257071024512885,2,5,1591,462
sugano,sugano,菅野暁,candidate,analysis_term_no_stopwords,構成,0.001257071024512885,1.0,0.001257071024512885,2,5,1591,463
sugano,sugano,菅野暁,candidate,analysis_term_no_stopwords,理解,0.001257071024512885,1.0,0.001257071024512885,2,5,1591,464
sugano,sugano,菅野暁,candidate,analysis_term_no_stopwords,科学,0.001257071024512885,1.0,0.001257071024512885,2,5,1591,465
sugano,sugano,菅野暁,candidate,analysis_term_no_stopwords,自由,0.001257071024512885,1.0,0.001257071024512885,2,5,1591,466
sugano,sugano,菅野暁,candidate,analysis_term_no_stopwords,間,0.001257071024512885,1.0,0.001257071024512885,2,5,1591,467
sugano,sugano,菅野暁,candidate,analysis_term_no_stopwords,global,0.0006285355122564425,1.6931471805599454,0.0010642031304587967,1,2,1591,468
sugano,sugano,菅野暁,candidate,analysis_term_no_stopwords,i,0.0006285355122564425,1.6931471805599454,0.0010642031304587967,1,2,1591,469
sugano,sugano,菅野暁,candidate,analysis_term_no_stopwords,research,0.0006285355122564425,1.6931471805599454,0.0010642031304587967,1,2,1591,470
sugano,sugano,菅野暁,candidate,analysis_term_no_stopwords,the,0.0006285355122564425,1.6931471805599454,0.0010642031304587967,1,2,1591,471
sugano,sugano,菅野暁,candidate,analysis_term_no_stopwords,ステークホルダー-stakeholder,0.0006285355122564425,1.6931471805599454,0.0010642031304587967,1,2,1591,472
sugano,sugano,菅野暁,candidate,analysis_term_no_stopwords,プロセス-process,0.0006285355122564425,1.6931471805599454,0.0010642031304587967,1,2,1591,473
sugano,sugano,菅野暁,candidate,analysis_term_no_stopwords,ランキング-ranking,0.0006285355122564425,1.6931471805599454,0.0010642031304587967,1,2,1591,474
sugano,sugano,菅野暁,candidate,analysis_term_no_stopwords,リカレント-recurrent,0.0006285355122564425,1.6931471805599454,0.0010642031304587967,1,2,1591,475
sugano,sugano,菅野暁,candidate,analysis_term_no_stopwords,中心,0.0006285355122564425,1.6931471805599454,0.0010642031304587967,1,2,1591,476
sugano,sugano,菅野暁,candidate,analysis_term_no_stopwords,事実,0.0006285355122564425,1.6931471805599454,0.0010642031304587967,1,2,1591,477
sugano,sugano,菅野暁,candidate,analysis_term_no_stopwords,人口,0.0006285355122564425,1.6931471805599454,0.0010642031304587967,1,2,1591,478
sugano,sugano,菅野暁,candidate,analysis_term_no_stopwords,仕組み,0.0006285355122564425,1.6931471805599454,0.0010642031304587967,1,2,1591,479
sugano,sugano,菅野暁,candidate,analysis_term_no_stopwords,以上,0.0006285355122564425,1.6931471805599454,0.0010642031304587967,1,2,1591,480
sugano,sugano,菅野暁,candidate,analysis_term_no_stopwords,低下,0.0006285355122564425,1.6931471805599454,0.0010642031304587967,1,2,1591,481
sugano,sugano,菅野暁,candidate,analysis_term_no_stopwords,働く,0.0006285355122564425,1.6931471805599454,0.0010642031304587967,1,2,1591,482
sugano,sugano,菅野暁,candidate,analysis_term_no_stopwords,先進,0.0006285355122564425,1.6931471805599454,0.0010642031304587967,1,2,1591,483
sugano,sugano,菅野暁,candidate,analysis_term_no_stopwords,入れる,0.0006285355122564425,1.6931471805599454,0.0010642031304587967,1,2,1591,484
sugano,sugano,菅野暁,candidate,analysis_term_no_stopwords,入試,0.0006285355122564425,1.6931471805599454,0.0010642031304587967,1,2,1591,485
sugano,sugano,菅野暁,candidate,analysis_term_no_stopwords,内,0.0006285355122564425,1.6931471805599454,0.0010642031304587967,1,2,1591,486
sugano,sugano,菅野暁,candidate,analysis_term_no_stopwords,初代,0.0006285355122564425,1.6931471805599454,0.0010642031304587967,1,2,1591,487
sugano,sugano,菅野暁,candidate,analysis_term_no_stopwords,刺激,0.0006285355122564425,1.6931471805599454,0.0010642031304587967,1,2,1591,488
sugano,sugano,菅野暁,candidate,analysis_term_no_stopwords,削減,0.0006285355122564425,1.6931471805599454,0.0010642031304587967,1,2,1591,489
sugano,sugano,菅野暁,candidate,analysis_term_no_stopwords,前期,0.0006285355122564425,1.6931471805599454,0.0010642031304587967,1,2,1591,490
sugano,sugano,菅野暁,candidate,analysis_term_no_stopwords,加わる,0.0006285355122564425,1.6931471805599454,0.0010642031304587967,1,2,1591,491
sugano,sugano,菅野暁,candidate,analysis_term_no_stopwords,努力,0.0006285355122564425,1.6931471805599454,0.0010642031304587967,1,2,1591,492
sugano,sugano,菅野暁,candidate,analysis_term_no_stopwords,労働,0.0006285355122564425,1.6931471805599454,0.0010642031304587967,1,2,1591,493
sugano,sugano,菅野暁,candidate,analysis_term_no_stopwords,効率,0.0006285355122564425,1.6931471805599454,0.0010642031304587967,1,2,1591,494
sugano,sugano,菅野暁,candidate,analysis_term_no_stopwords,医学,0.0006285355122564425,1.6931471805599454,0.0010642031304587967,1,2,1591,495
sugano,sugano,菅野暁,candidate,analysis_term_no_stopwords,取り組み,0.0006285355122564425,1.6931471805599454,0.0010642031304587967,1,2,1591,496
sugano,sugano,菅野暁,candidate,analysis_term_no_stopwords,取れる,0.0006285355122564425,1.6931471805599454,0.0010642031304587967,1,2,1591,497
sugano,sugano,菅野暁,candidate,analysis_term_no_stopwords,同僚,0.0006285355122564425,1.6931471805599454,0.0010642031304587967,1,2,1591,498
sugano,sugano,菅野暁,candidate,analysis_term_no_stopwords,国家,0.0006285355122564425,1.6931471805599454,0.0010642031304587967,1,2,1591,499
sugano,sugano,菅野暁,candidate,analysis_term_no_stopwords,学び,0.0006285355122564425,1.6931471805599454,0.0010642031304587967,1,2,1591,500
sugano,sugano,菅野暁,candidate,analysis_term_no_stopwords,定義,0.0006285355122564425,1.6931471805599454,0.0010642031304587967,1,2,1591,501
sugano,sugano,菅野暁,candidate,analysis_term_no_stopwords,実装,0.0006285355122564425,1.6931471805599454,0.0010642031304587967,1,2,1591,502
sugano,sugano,菅野暁,candidate,analysis_term_no_stopwords,対象,0.0006285355122564425,1.6931471805599454,0.0010642031304587967,1,2,1591,503
sugano,sugano,菅野暁,candidate,analysis_term_no_stopwords,幅,0.0006285355122564425,1.6931471805599454,0.0010642031304587967,1,2,1591,504
sugano,sugano,菅野暁,candidate,analysis_term_no_stopwords,強み,0.0006285355122564425,1.6931471805599454,0.0010642031304587967,1,2,1591,505
sugano,sugano,菅野暁,candidate,analysis_term_no_stopwords,当てる,0.0006285355122564425,1.6931471805599454,0.0010642031304587967,1,2,1591,506
sugano,sugano,菅野暁,candidate,analysis_term_no_stopwords,待つ,0.0006285355122564425,1.6931471805599454,0.0010642031304587967,1,2,1591,507
sugano,sugano,菅野暁,candidate,analysis_term_no_stopwords,徹底,0.0006285355122564425,1.6931471805599454,0.0010642031304587967,1,2,1591,508
sugano,sugano,菅野暁,candidate,analysis_term_no_stopwords,忘れる,0.0006285355122564425,1.6931471805599454,0.0010642031304587967,1,2,1591,509
sugano,sugano,菅野暁,candidate,analysis_term_no_stopwords,思想,0.0006285355122564425,1.6931471805599454,0.0010642031304587967,1,2,1591,510
sugano,sugano,菅野暁,candidate,analysis_term_no_stopwords,情勢,0.0006285355122564425,1.6931471805599454,0.0010642031304587967,1,2,1591,511
sugano,sugano,菅野暁,candidate,analysis_term_no_stopwords,抑,0.0006285355122564425,1.6931471805599454,0.0010642031304587967,1,2,1591,512
sugano,sugano,菅野暁,candidate,analysis_term_no_stopwords,抱える,0.0006285355122564425,1.6931471805599454,0.0010642031304587967,1,2,1591,513
sugano,sugano,菅野暁,candidate,analysis_term_no_stopwords,担当,0.0006285355122564425,1.6931471805599454,0.0010642031304587967,1,2,1591,514
sugano,sugano,菅野暁,candidate,analysis_term_no_stopwords,授業,0.0006285355122564425,1.6931471805599454,0.0010642031304587967,1,2,1591,515
sugano,sugano,菅野暁,candidate,analysis_term_no_stopwords,採用,0.0006285355122564425,1.6931471805599454,0.0010642031304587967,1,2,1591,516
sugano,sugano,菅野暁,candidate,analysis_term_no_stopwords,教授,0.0006285355122564425,1.6931471805599454,0.0010642031304587967,1,2,1591,517
sugano,sugano,菅野暁,candidate,analysis_term_no_stopwords,時代,0.0006285355122564425,1.6931471805599454,0.0010642031304587967,1,2,1591,518
sugano,sugano,菅野暁,candidate,analysis_term_no_stopwords,時間,0.0006285355122564425,1.6931471805599454,0.0010642031304587967,1,2,1591,519
sugano,sugano,菅野暁,candidate,analysis_term_no_stopwords,梶,0.0006285355122564425,1.6931471805599454,0.0010642031304587967,1,2,1591,520
sugano,sugano,菅野暁,candidate,analysis_term_no_stopwords,概念,0.0006285355122564425,1.6931471805599454,0.0010642031304587967,1,2,1591,521
sugano,sugano,菅野暁,candidate,analysis_term_no_stopwords,機会,0.0006285355122564425,1.6931471805599454,0.0010642031304587967,1,2,1591,522
sugano,sugano,菅野暁,candidate,analysis_term_no_stopwords,派遣,0.0006285355122564425,1.6931471805599454,0.0010642031304587967,1,2,1591,523
sugano,sugano,菅野暁,candidate,analysis_term_no_stopwords,減少,0.0006285355122564425,1.6931471805599454,0.0010642031304587967,1,2,1591,524
sugano,sugano,菅野暁,candidate,analysis_term_no_stopwords,獲得,0.0006285355122564425,1.6931471805599454,0.0010642031304587967,1,2,1591,525
sugano,sugano,菅野暁,candidate,analysis_term_no_stopwords,理由,0.0006285355122564425,1.6931471805599454,0.0010642031304587967,1,2,1591,526
sugano,sugano,菅野暁,candidate,analysis_term_no_stopwords,生まれる,0.0006285355122564425,1.6931471805599454,0.0010642031304587967,1,2,1591,527
sugano,sugano,菅野暁,candidate,analysis_term_no_stopwords,知財,0.0006285355122564425,1.6931471805599454,0.0010642031304587967,1,2,1591,528
sugano,sugano,菅野暁,candidate,analysis_term_no_stopwords,移行,0.0006285355122564425,1.6931471805599454,0.0010642031304587967,1,2,1591,529
sugano,sugano,菅野暁,candidate,analysis_term_no_stopwords,答える,0.0006285355122564425,1.6931471805599454,0.0010642031304587967,1,2,1591,530
sugano,sugano,菅野暁,candidate,analysis_term_no_stopwords,管理,0.0006285355122564425,1.6931471805599454,0.0010642031304587967,1,2,1591,531
sugano,sugano,菅野暁,candidate,analysis_term_no_stopwords,繰り返す,0.0006285355122564425,1.6931471805599454,0.0010642031304587967,1,2,1591,532
sugano,sugano,菅野暁,candidate,analysis_term_no_stopwords,考慮,0.0006285355122564425,1.6931471805599454,0.0010642031304587967,1,2,1591,533
sugano,sugano,菅野暁,candidate,analysis_term_no_stopwords,自分,0.0006285355122564425,1.6931471805599454,0.0010642031304587967,1,2,1591,534
sugano,sugano,菅野暁,candidate,analysis_term_no_stopwords,自立,0.0006285355122564425,1.6931471805599454,0.0010642031304587967,1,2,1591,535
sugano,sugano,菅野暁,candidate,analysis_term_no_stopwords,至る,0.0006285355122564425,1.6931471805599454,0.0010642031304587967,1,2,1591,536
sugano,sugano,菅野暁,candidate,analysis_term_no_stopwords,表面,0.0006285355122564425,1.6931471805599454,0.0010642031304587967,1,2,1591,537
sugano,sugano,菅野暁,candidate,analysis_term_no_stopwords,衰退,0.0006285355122564425,1.6931471805599454,0.0010642031304587967,1,2,1591,538
sugano,sugano,菅野暁,candidate,analysis_term_no_stopwords,裁量,0.0006285355122564425,1.6931471805599454,0.0010642031304587967,1,2,1591,539
sugano,sugano,菅野暁,candidate,analysis_term_no_stopwords,複雑,0.0006285355122564425,1.6931471805599454,0.0010642031304587967,1,2,1591,540
sugano,sugano,菅野暁,candidate,analysis_term_no_stopwords,要素,0.0006285355122564425,1.6931471805599454,0.0010642031304587967,1,2,1591,541
sugano,sugano,菅野暁,candidate,analysis_term_no_stopwords,要請,0.0006285355122564425,1.6931471805599454,0.0010642031304587967,1,2,1591,542
sugano,sugano,菅野暁,candidate,analysis_term_no_stopwords,訳,0.0006285355122564425,1.6931471805599454,0.0010642031304587967,1,2,1591,543
sugano,sugano,菅野暁,candidate,analysis_term_no_stopwords,認識,0.0006285355122564425,1.6931471805599454,0.0010642031304587967,1,2,1591,544
sugano,sugano,菅野暁,candidate,analysis_term_no_stopwords,説得,0.0006285355122564425,1.6931471805599454,0.0010642031304587967,1,2,1591,545
sugano,sugano,菅野暁,candidate,analysis_term_no_stopwords,調整,0.0006285355122564425,1.6931471805599454,0.0010642031304587967,1,2,1591,546
sugano,sugano,菅野暁,candidate,analysis_term_no_stopwords,費用,0.0006285355122564425,1.6931471805599454,0.0010642031304587967,1,2,1591,547
sugano,sugano,菅野暁,candidate,analysis_term_no_stopwords,逆,0.0006285355122564425,1.6931471805599454,0.0010642031304587967,1,2,1591,548
sugano,sugano,菅野暁,candidate,analysis_term_no_stopwords,選択,0.0006285355122564425,1.6931471805599454,0.0010642031304587967,1,2,1591,549
sugano,sugano,菅野暁,candidate,analysis_term_no_stopwords,長ける,0.0006285355122564425,1.6931471805599454,0.0010642031304587967,1,2,1591,550
sugano,sugano,菅野暁,candidate,analysis_term_no_stopwords,雇用,0.0006285355122564425,1.6931471805599454,0.0010642031304587967,1,2,1591,551
sugano,sugano,菅野暁,candidate,analysis_term_no_stopwords,養う,0.0006285355122564425,1.6931471805599454,0.0010642031304587967,1,2,1591,552
sugano,sugano,菅野暁,candidate,analysis_term_no_stopwords,高まる,0.0006285355122564425,1.6931471805599454,0.0010642031304587967,1,2,1591,553
sugano,sugano,菅野暁,candidate,analysis_term_no_stopwords,システム-system,0.0006285355122564425,1.4054651081081644,0.0008833847316833214,1,3,1591,554
sugano,sugano,菅野暁,candidate,analysis_term_no_stopwords,プログラム-program,0.0006285355122564425,1.4054651081081644,0.0008833847316833214,1,3,1591,555
sugano,sugano,菅野暁,candidate,analysis_term_no_stopwords,リスク-risk,0.0006285355122564425,1.4054651081081644,0.0008833847316833214,1,3,1591,556
sugano,sugano,菅野暁,candidate,analysis_term_no_stopwords,上げる,0.0006285355122564425,1.4054651081081644,0.0008833847316833214,1,3,1591,557
sugano,sugano,菅野暁,candidate,analysis_term_no_stopwords,中堅,0.0006285355122564425,1.4054651081081644,0.0008833847316833214,1,3,1591,558
sugano,sugano,菅野暁,candidate,analysis_term_no_stopwords,人,0.0006285355122564425,1.4054651081081644,0.0008833847316833214,1,3,1591,559
sugano,sugano,菅野暁,candidate,analysis_term_no_stopwords,仕舞う,0.0006285355122564425,1.4054651081081644,0.0008833847316833214,1,3,1591,560
sugano,sugano,菅野暁,candidate,analysis_term_no_stopwords,付く,0.0006285355122564425,1.4054651081081644,0.0008833847316833214,1,3,1591,561
sugano,sugano,菅野暁,candidate,analysis_term_no_stopwords,作り,0.0006285355122564425,1.4054651081081644,0.0008833847316833214,1,3,1591,562
sugano,sugano,菅野暁,candidate,analysis_term_no_stopwords,価値,0.0006285355122564425,1.4054651081081644,0.0008833847316833214,1,3,1591,563
sugano,sugano,菅野暁,candidate,analysis_term_no_stopwords,候補,0.0006285355122564425,1.4054651081081644,0.0008833847316833214,1,3,1591,564
sugano,sugano,菅野暁,candidate,analysis_term_no_stopwords,分析,0.0006285355122564425,1.4054651081081644,0.0008833847316833214,1,3,1591,565
sugano,sugano,菅野暁,candidate,analysis_term_no_stopwords,切る,0.0006285355122564425,1.4054651081081644,0.0008833847316833214,1,3,1591,566
sugano,sugano,菅野暁,candidate,analysis_term_no_stopwords,合わせる,0.0006285355122564425,1.4054651081081644,0.0008833847316833214,1,3,1591,567
sugano,sugano,菅野暁,candidate,analysis_term_no_stopwords,含める,0.0006285355122564425,1.4054651081081644,0.0008833847316833214,1,3,1591,568
sugano,sugano,菅野暁,candidate,analysis_term_no_stopwords,固定,0.0006285355122564425,1.4054651081081644,0.0008833847316833214,1,3,1591,569
sugano,sugano,菅野暁,candidate,analysis_term_no_stopwords,国内,0.0006285355122564425,1.4054651081081644,0.0008833847316833214,1,3,1591,570
sugano,sugano,菅野暁,candidate,analysis_term_no_stopwords,基準,0.0006285355122564425,1.4054651081081644,0.0008833847316833214,1,3,1591,571
sugano,sugano,菅野暁,candidate,analysis_term_no_stopwords,場合,0.0006285355122564425,1.4054651081081644,0.0008833847316833214,1,3,1591,572
sugano,sugano,菅野暁,candidate,analysis_term_no_stopwords,変動,0.0006285355122564425,1.4054651081081644,0.0008833847316833214,1,3,1591,573
sugano,sugano,菅野暁,candidate,analysis_term_no_stopwords,多く,0.0006285355122564425,1.4054651081081644,0.0008833847316833214,1,3,1591,574
sugano,sugano,菅野暁,candidate,analysis_term_no_stopwords,実現,0.0006285355122564425,1.4054651081081644,0.0008833847316833214,1,3,1591,575
sugano,sugano,菅野暁,candidate,analysis_term_no_stopwords,常,0.0006285355122564425,1.4054651081081644,0.0008833847316833214,1,3,1591,576
sugano,sugano,菅野暁,candidate,analysis_term_no_stopwords,政策,0.0006285355122564425,1.4054651081081644,0.0008833847316833214,1,3,1591,577
sugano,sugano,菅野暁,candidate,analysis_term_no_stopwords,最大,0.0006285355122564425,1.4054651081081644,0.0008833847316833214,1,3,1591,578
sugano,sugano,菅野暁,candidate,analysis_term_no_stopwords,最高,0.0006285355122564425,1.4054651081081644,0.0008833847316833214,1,3,1591,579
sugano,sugano,菅野暁,candidate,analysis_term_no_stopwords,業務,0.0006285355122564425,1.4054651081081644,0.0008833847316833214,1,3,1591,580
sugano,sugano,菅野暁,candidate,analysis_term_no_stopwords,機能,0.0006285355122564425,1.4054651081081644,0.0008833847316833214,1,3,1591,581
sugano,sugano,菅野暁,candidate,analysis_term_no_stopwords,歴史,0.0006285355122564425,1.4054651081081644,0.0008833847316833214,1,3,1591,582
sugano,sugano,菅野暁,candidate,analysis_term_no_stopwords,民主,0.0006285355122564425,1.4054651081081644,0.0008833847316833214,1,3,1591,583
sugano,sugano,菅野暁,candidate,analysis_term_no_stopwords,気候,0.0006285355122564425,1.4054651081081644,0.0008833847316833214,1,3,1591,584
sugano,sugano,菅野暁,candidate,analysis_term_no_stopwords,特性,0.0006285355122564425,1.4054651081081644,0.0008833847316833214,1,3,1591,585
sugano,sugano,菅野暁,candidate,analysis_term_no_stopwords,生成,0.0006285355122564425,1.4054651081081644,0.0008833847316833214,1,3,1591,586
sugano,sugano,菅野暁,candidate,analysis_term_no_stopwords,留める,0.0006285355122564425,1.4054651081081644,0.0008833847316833214,1,3,1591,587
sugano,sugano,菅野暁,candidate,analysis_term_no_stopwords,確保,0.0006285355122564425,1.4054651081081644,0.0008833847316833214,1,3,1591,588
sugano,sugano,菅野暁,candidate,analysis_term_no_stopwords,経済,0.0006285355122564425,1.4054651081081644,0.0008833847316833214,1,3,1591,589
sugano,sugano,菅野暁,candidate,analysis_term_no_stopwords,総合,0.0006285355122564425,1.4054651081081644,0.0008833847316833214,1,3,1591,590
sugano,sugano,菅野暁,candidate,analysis_term_no_stopwords,自律,0.0006285355122564425,1.4054651081081644,0.0008833847316833214,1,3,1591,591
sugano,sugano,菅野暁,candidate,analysis_term_no_stopwords,行政,0.0006285355122564425,1.4054651081081644,0.0008833847316833214,1,3,1591,592
sugano,sugano,菅野暁,candidate,analysis_term_no_stopwords,負う,0.0006285355122564425,1.4054651081081644,0.0008833847316833214,1,3,1591,593
sugano,sugano,菅野暁,candidate,analysis_term_no_stopwords,軸,0.0006285355122564425,1.4054651081081644,0.0008833847316833214,1,3,1591,594
sugano,sugano,菅野暁,candidate,analysis_term_no_stopwords,運用,0.0006285355122564425,1.4054651081081644,0.0008833847316833214,1,3,1591,595
sugano,sugano,菅野暁,candidate,analysis_term_no_stopwords,関わる,0.0006285355122564425,1.4054651081081644,0.0008833847316833214,1,3,1591,596
sugano,sugano,菅野暁,candidate,analysis_term_no_stopwords,際,0.0006285355122564425,1.4054651081081644,0.0008833847316833214,1,3,1591,597
sugano,sugano,菅野暁,candidate,analysis_term_no_stopwords,集中,0.0006285355122564425,1.4054651081081644,0.0008833847316833214,1,3,1591,598
sugano,sugano,菅野暁,candidate,analysis_term_no_stopwords,高齢,0.0006285355122564425,1.4054651081081644,0.0008833847316833214,1,3,1591,599
sugano,sugano,菅野暁,candidate,analysis_term_no_stopwords,アート-art,0.0006285355122564425,1.1823215567939547,0.0007431310853513229,1,4,1591,600
sugano,sugano,菅野暁,candidate,analysis_term_no_stopwords,一体,0.0006285355122564425,1.1823215567939547,0.0007431310853513229,1,4,1591,601
sugano,sugano,菅野暁,candidate,analysis_term_no_stopwords,人文,0.0006285355122564425,1.1823215567939547,0.0007431310853513229,1,4,1591,602
sugano,sugano,菅野暁,candidate,analysis_term_no_stopwords,伸ばす,0.0006285355122564425,1.1823215567939547,0.0007431310853513229,1,4,1591,603
sugano,sugano,菅野暁,candidate,analysis_term_no_stopwords,作る,0.0006285355122564425,1.1823215567939547,0.0007431310853513229,1,4,1591,604
sugano,sugano,菅野暁,candidate,analysis_term_no_stopwords,充実,0.0006285355122564425,1.1823215567939547,0.0007431310853513229,1,4,1591,605
sugano,sugano,菅野暁,candidate,analysis_term_no_stopwords,全学,0.0006285355122564425,1.1823215567939547,0.0007431310853513229,1,4,1591,606
sugano,sugano,菅野暁,candidate,analysis_term_no_stopwords,其々,0.0006285355122564425,1.1823215567939547,0.0007431310853513229,1,4,1591,607
sugano,sugano,菅野暁,candidate,analysis_term_no_stopwords,加速,0.0006285355122564425,1.1823215567939547,0.0007431310853513229,1,4,1591,608
sugano,sugano,菅野暁,candidate,analysis_term_no_stopwords,図る,0.0006285355122564425,1.1823215567939547,0.0007431310853513229,1,4,1591,609
sugano,sugano,菅野暁,candidate,analysis_term_no_stopwords,地球,0.0006285355122564425,1.1823215567939547,0.0007431310853513229,1,4,1591,610
sugano,sugano,菅野暁,candidate,analysis_term_no_stopwords,深い,0.0006285355122564425,1.1823215567939547,0.0007431310853513229,1,4,1591,611
sugano,sugano,菅野暁,candidate,analysis_term_no_stopwords,産業,0.0006285355122564425,1.1823215567939547,0.0007431310853513229,1,4,1591,612
sugano,sugano,菅野暁,candidate,analysis_term_no_stopwords,築く,0.0006285355122564425,1.1823215567939547,0.0007431310853513229,1,4,1591,613
sugano,sugano,菅野暁,candidate,analysis_term_no_stopwords,続ける,0.0006285355122564425,1.1823215567939547,0.0007431310853513229,1,4,1591,614
sugano,sugano,菅野暁,candidate,analysis_term_no_stopwords,繋がる,0.0006285355122564425,1.1823215567939547,0.0007431310853513229,1,4,1591,615
sugano,sugano,菅野暁,candidate,analysis_term_no_stopwords,育成,0.0006285355122564425,1.1823215567939547,0.0007431310853513229,1,4,1591,616
sugano,sugano,菅野暁,candidate,analysis_term_no_stopwords,設計,0.0006285355122564425,1.1823215567939547,0.0007431310853513229,1,4,1591,617
sugano,sugano,菅野暁,candidate,analysis_term_no_stopwords,財政,0.0006285355122564425,1.1823215567939547,0.0007431310853513229,1,4,1591,618
sugano,sugano,菅野暁,candidate,analysis_term_no_stopwords,資源,0.0006285355122564425,1.1823215567939547,0.0007431310853513229,1,4,1591,619
sugano,sugano,菅野暁,candidate,analysis_term_no_stopwords,通ずる,0.0006285355122564425,1.1823215567939547,0.0007431310853513229,1,4,1591,620
sugano,sugano,菅野暁,candidate,analysis_term_no_stopwords,部,0.0006285355122564425,1.1823215567939547,0.0007431310853513229,1,4,1591,621
sugano,sugano,菅野暁,candidate,analysis_term_no_stopwords,重点,0.0006285355122564425,1.1823215567939547,0.0007431310853513229,1,4,1591,622
sugano,sugano,菅野暁,candidate,analysis_term_no_stopwords,創造,0.0006285355122564425,1.0,0.0006285355122564425,1,5,1591,623
sugano,sugano,菅野暁,candidate,analysis_term_no_stopwords,加える,0.0006285355122564425,1.0,0.0006285355122564425,1,5,1591,624
sugano,sugano,菅野暁,candidate,analysis_term_no_stopwords,向ける,0.0006285355122564425,1.0,0.0006285355122564425,1,5,1591,625
sugano,sugano,菅野暁,candidate,analysis_term_no_stopwords,基づく,0.0006285355122564425,1.0,0.0006285355122564425,1,5,1591,626
sugano,sugano,菅野暁,candidate,analysis_term_no_stopwords,学内,0.0006285355122564425,1.0,0.0006285355122564425,1,5,1591,627
sugano,sugano,菅野暁,candidate,analysis_term_no_stopwords,担う,0.0006285355122564425,1.0,0.0006285355122564425,1,5,1591,628
sugano,sugano,菅野暁,candidate,analysis_term_no_stopwords,新しい,0.0006285355122564425,1.0,0.0006285355122564425,1,5,1591,629
sugano,sugano,菅野暁,candidate,analysis_term_no_stopwords,生み出す,0.0006285355122564425,1.0,0.0006285355122564425,1,5,1591,630
sugano,sugano,菅野暁,candidate,analysis_term_no_stopwords,示す,0.0006285355122564425,1.0,0.0006285355122564425,1,5,1591,631
yamamoto,yamamoto,山本隆司,candidate,analysis_term_no_stopwords,為る,0.08742107819329771,1.0,0.08742107819329771,180,5,2059,1
yamamoto,yamamoto,山本隆司,candidate,analysis_term_no_stopwords,有る,0.034968431277319086,1.0,0.034968431277319086,72,5,2059,2
yamamoto,yamamoto,山本隆司,candidate,analysis_term_no_stopwords,事,0.023312287518212724,1.0,0.023312287518212724,48,5,2059,3
yamamoto,yamamoto,山本隆司,candidate,analysis_term_no_stopwords,トウキョウ,0.022340942204953862,1.0,0.022340942204953862,46,5,2059,4
yamamoto,yamamoto,山本隆司,candidate,analysis_term_no_stopwords,成る,0.020883924235065566,1.0,0.020883924235065566,43,5,2059,5
yamamoto,yamamoto,山本隆司,candidate,analysis_term_no_stopwords,居る,0.01942690626517727,1.0,0.01942690626517727,40,5,2059,6
yamamoto,yamamoto,山本隆司,candidate,analysis_term_no_stopwords,プロセス-process,0.009227780475959204,1.6931471805599454,0.015623990495696438,19,2,2059,7
yamamoto,yamamoto,山本隆司,candidate,analysis_term_no_stopwords,ガバナンス-governance,0.008742107819329771,1.6931471805599454,0.014801675206449256,18,2,2059,8
yamamoto,yamamoto,山本隆司,candidate,analysis_term_no_stopwords,為,0.013113161728994658,1.0,0.013113161728994658,27,5,2059,9
yamamoto,yamamoto,山本隆司,candidate,analysis_term_no_stopwords,国際,0.012141816415735794,1.0,0.012141816415735794,25,5,2059,10
yamamoto,yamamoto,山本隆司,candidate,analysis_term_no_stopwords,部局,0.012141816415735794,1.0,0.012141816415735794,25,5,2059,11
yamamoto,yamamoto,山本隆司,candidate,analysis_term_no_stopwords,言う,0.011656143759106362,1.0,0.011656143759106362,24,5,2059,12
yamamoto,yamamoto,山本隆司,candidate,analysis_term_no_stopwords,問題,0.006799417192812044,1.6931471805599454,0.011512414049460531,14,2,2059,13
yamamoto,yamamoto,山本隆司,candidate,analysis_term_no_stopwords,必要,0.011170471102476931,1.0,0.011170471102476931,23,5,2059,14
yamamoto,yamamoto,山本隆司,candidate,analysis_term_no_stopwords,課題,0.011170471102476931,1.0,0.011170471102476931,23,5,2059,15
yamamoto,yamamoto,山本隆司,candidate,analysis_term_no_stopwords,社会,0.010199125789218067,1.0,0.010199125789218067,21,5,2059,16
yamamoto,yamamoto,山本隆司,candidate,analysis_term_no_stopwords,組織,0.009227780475959204,1.0,0.009227780475959204,19,5,2059,17
yamamoto,yamamoto,山本隆司,candidate,analysis_term_no_stopwords,出来る,0.006799417192812044,1.1823215567939547,0.008039097520697118,14,4,2059,18
yamamoto,yamamoto,山本隆司,candidate,analysis_term_no_stopwords,知,0.006799417192812044,1.1823215567939547,0.008039097520697118,14,4,2059,19
yamamoto,yamamoto,山本隆司,candidate,analysis_term_no_stopwords,utd,0.004371053909664886,1.6931471805599454,0.007400837603224628,9,2,2059,20
yamamoto,yamamoto,山本隆司,candidate,analysis_term_no_stopwords,ユニット-unit,0.004371053909664886,1.6931471805599454,0.007400837603224628,9,2,2059,21
yamamoto,yamamoto,山本隆司,candidate,analysis_term_no_stopwords,シナジー-synergy,0.003399708596406022,2.09861228866811,0.00713467023830829,7,1,2059,22
yamamoto,yamamoto,山本隆司,candidate,analysis_term_no_stopwords,つく,0.006799417192812044,1.0,0.006799417192812044,14,5,2059,23
yamamoto,yamamoto,山本隆司,candidate,analysis_term_no_stopwords,無い,0.006799417192812044,1.0,0.006799417192812044,14,5,2059,24
yamamoto,yamamoto,山本隆司,candidate,analysis_term_no_stopwords,意思,0.003885381253035454,1.6931471805599454,0.006578522313977446,8,2,2059,25
yamamoto,yamamoto,山本隆司,candidate,analysis_term_no_stopwords,法,0.003885381253035454,1.6931471805599454,0.006578522313977446,8,2,2059,26
yamamoto,yamamoto,山本隆司,candidate,analysis_term_no_stopwords,法人,0.003885381253035454,1.6931471805599454,0.006578522313977446,8,2,2059,27
yamamoto,yamamoto,山本隆司,candidate,analysis_term_no_stopwords,関係,0.005342399222923749,1.1823215567939547,0.006316433766262021,11,4,2059,28
yamamoto,yamamoto,山本隆司,candidate,analysis_term_no_stopwords,因る,0.006313744536182613,1.0,0.006313744536182613,13,5,2059,29
yamamoto,yamamoto,山本隆司,candidate,analysis_term_no_stopwords,学生,0.006313744536182613,1.0,0.006313744536182613,13,5,2059,30
yamamoto,yamamoto,山本隆司,candidate,analysis_term_no_stopwords,状況,0.004371053909664886,1.4054651081081644,0.006143363755693773,9,3,2059,31
yamamoto,yamamoto,山本隆司,candidate,analysis_term_no_stopwords,生む,0.0029140359397765905,2.09861228866811,0.006115431632835677,6,1,2059,32
yamamoto,yamamoto,山本隆司,candidate,analysis_term_no_stopwords,計画,0.0029140359397765905,2.09861228866811,0.006115431632835677,6,1,2059,33
yamamoto,yamamoto,山本隆司,candidate,analysis_term_no_stopwords,専門,0.005828071879553181,1.0,0.005828071879553181,12,5,2059,34
yamamoto,yamamoto,山本隆司,candidate,analysis_term_no_stopwords,効率,0.003399708596406022,1.6931471805599454,0.005756207024730266,7,2,2059,35
yamamoto,yamamoto,山本隆司,candidate,analysis_term_no_stopwords,目標,0.003399708596406022,1.6931471805599454,0.005756207024730266,7,2,2059,36
yamamoto,yamamoto,山本隆司,candidate,analysis_term_no_stopwords,管理,0.003399708596406022,1.6931471805599454,0.005756207024730266,7,2,2059,37
yamamoto,yamamoto,山本隆司,candidate,analysis_term_no_stopwords,全体,0.0048567265662943174,1.1823215567939547,0.005742212514783655,10,4,2059,38
yamamoto,yamamoto,山本隆司,candidate,analysis_term_no_stopwords,対応,0.0048567265662943174,1.1823215567939547,0.005742212514783655,10,4,2059,39
yamamoto,yamamoto,山本隆司,candidate,analysis_term_no_stopwords,場合,0.003885381253035454,1.4054651081081644,0.005460767782838909,8,3,2059,40
yamamoto,yamamoto,山本隆司,candidate,analysis_term_no_stopwords,物,0.005342399222923749,1.0,0.005342399222923749,11,5,2059,41
yamamoto,yamamoto,山本隆司,candidate,analysis_term_no_stopwords,総長,0.005342399222923749,1.0,0.005342399222923749,11,5,2059,42
yamamoto,yamamoto,山本隆司,candidate,analysis_term_no_stopwords,上,0.004371053909664886,1.1823215567939547,0.00516799126330529,9,4,2059,43
yamamoto,yamamoto,山本隆司,candidate,analysis_term_no_stopwords,例,0.0024283632831471587,2.09861228866811,0.005096193027363065,5,1,2059,44
yamamoto,yamamoto,山本隆司,candidate,analysis_term_no_stopwords,認定,0.0024283632831471587,2.09861228866811,0.005096193027363065,5,1,2059,45
yamamoto,yamamoto,山本隆司,candidate,analysis_term_no_stopwords,選考,0.0024283632831471587,2.09861228866811,0.005096193027363065,5,1,2059,46
yamamoto,yamamoto,山本隆司,candidate,analysis_term_no_stopwords,体,0.0029140359397765905,1.6931471805599454,0.004933891735483085,6,2,2059,47
yamamoto,yamamoto,山本隆司,candidate,analysis_term_no_stopwords,分野,0.0048567265662943174,1.0,0.0048567265662943174,10,5,2059,48
yamamoto,yamamoto,山本隆司,candidate,analysis_term_no_stopwords,行う,0.0048567265662943174,1.0,0.0048567265662943174,10,5,2059,49
yamamoto,yamamoto,山本隆司,candidate,analysis_term_no_stopwords,人,0.003399708596406022,1.4054651081081644,0.0047781718099840454,7,3,2059,50
yamamoto,yamamoto,山本隆司,candidate,analysis_term_no_stopwords,決定,0.003885381253035454,1.1823215567939547,0.0045937700118269245,8,4,2059,51
yamamoto,yamamoto,山本隆司,candidate,analysis_term_no_stopwords,制度,0.004371053909664886,1.0,0.004371053909664886,9,5,2059,52
yamamoto,yamamoto,山本隆司,candidate,analysis_term_no_stopwords,学術,0.004371053909664886,1.0,0.004371053909664886,9,5,2059,53
yamamoto,yamamoto,山本隆司,candidate,analysis_term_no_stopwords,役割,0.004371053909664886,1.0,0.004371053909664886,9,5,2059,54
yamamoto,yamamoto,山本隆司,candidate,analysis_term_no_stopwords,本部,0.004371053909664886,1.0,0.004371053909664886,9,5,2059,55
yamamoto,yamamoto,山本隆司,candidate,analysis_term_no_stopwords,活動,0.004371053909664886,1.0,0.004371053909664886,9,5,2059,56
yamamoto,yamamoto,山本隆司,candidate,analysis_term_no_stopwords,連携,0.004371053909664886,1.0,0.004371053909664886,9,5,2059,57
yamamoto,yamamoto,山本隆司,candidate,analysis_term_no_stopwords,観点,0.0024283632831471587,1.6931471805599454,0.004111576446235904,5,2,2059,58
yamamoto,yamamoto,山本隆司,candidate,analysis_term_no_stopwords,認識,0.0024283632831471587,1.6931471805599454,0.004111576446235904,5,2,2059,59
yamamoto,yamamoto,山本隆司,candidate,analysis_term_no_stopwords,業務,0.0029140359397765905,1.4054651081081644,0.0040955758371291826,6,3,2059,60
yamamoto,yamamoto,山本隆司,candidate,analysis_term_no_stopwords,高める,0.0029140359397765905,1.4054651081081644,0.0040955758371291826,6,3,2059,61
yamamoto,yamamoto,山本隆司,candidate,analysis_term_no_stopwords,個々,0.001942690626517727,2.09861228866811,0.004076954421890451,4,1,2059,62
yamamoto,yamamoto,山本隆司,candidate,analysis_term_no_stopwords,増える,0.001942690626517727,2.09861228866811,0.004076954421890451,4,1,2059,63
yamamoto,yamamoto,山本隆司,candidate,analysis_term_no_stopwords,学際,0.001942690626517727,2.09861228866811,0.004076954421890451,4,1,2059,64
yamamoto,yamamoto,山本隆司,candidate,analysis_term_no_stopwords,牽制,0.001942690626517727,2.09861228866811,0.004076954421890451,4,1,2059,65
yamamoto,yamamoto,山本隆司,candidate,analysis_term_no_stopwords,社,0.001942690626517727,2.09861228866811,0.004076954421890451,4,1,2059,66
yamamoto,yamamoto,山本隆司,candidate,analysis_term_no_stopwords,gri,0.003399708596406022,1.1823215567939547,0.004019548760348559,7,4,2059,67
yamamoto,yamamoto,山本隆司,candidate,analysis_term_no_stopwords,会議,0.003399708596406022,1.1823215567939547,0.004019548760348559,7,4,2059,68
yamamoto,yamamoto,山本隆司,candidate,analysis_term_no_stopwords,持続,0.003399708596406022,1.1823215567939547,0.004019548760348559,7,4,2059,69
yamamoto,yamamoto,山本隆司,candidate,analysis_term_no_stopwords,点,0.003399708596406022,1.1823215567939547,0.004019548760348559,7,4,2059,70
yamamoto,yamamoto,山本隆司,candidate,analysis_term_no_stopwords,考える,0.003399708596406022,1.1823215567939547,0.004019548760348559,7,4,2059,71
yamamoto,yamamoto,山本隆司,candidate,analysis_term_no_stopwords,評価,0.003399708596406022,1.1823215567939547,0.004019548760348559,7,4,2059,72
yamamoto,yamamoto,山本隆司,candidate,analysis_term_no_stopwords,資源,0.003399708596406022,1.1823215567939547,0.004019548760348559,7,4,2059,73
yamamoto,yamamoto,山本隆司,candidate,analysis_term_no_stopwords,卓越,0.003885381253035454,1.0,0.003885381253035454,8,5,2059,74
yamamoto,yamamoto,山本隆司,candidate,analysis_term_no_stopwords,改革,0.003885381253035454,1.0,0.003885381253035454,8,5,2059,75
yamamoto,yamamoto,山本隆司,candidate,analysis_term_no_stopwords,日本,0.003885381253035454,1.0,0.003885381253035454,8,5,2059,76
yamamoto,yamamoto,山本隆司,candidate,analysis_term_no_stopwords,強化,0.0029140359397765905,1.1823215567939547,0.003445327508870193,6,4,2059,77
yamamoto,yamamoto,山本隆司,candidate,analysis_term_no_stopwords,財政,0.0029140359397765905,1.1823215567939547,0.003445327508870193,6,4,2059,78
yamamoto,yamamoto,山本隆司,candidate,analysis_term_no_stopwords,教員,0.003399708596406022,1.0,0.003399708596406022,7,5,2059,79
yamamoto,yamamoto,山本隆司,candidate,analysis_term_no_stopwords,運営,0.003399708596406022,1.0,0.003399708596406022,7,5,2059,80
yamamoto,yamamoto,山本隆司,candidate,analysis_term_no_stopwords,以上,0.001942690626517727,1.6931471805599454,0.003289261156988723,4,2,2059,81
yamamoto,yamamoto,山本隆司,candidate,analysis_term_no_stopwords,方針,0.001942690626517727,1.6931471805599454,0.003289261156988723,4,2,2059,82
yamamoto,yamamoto,山本隆司,candidate,analysis_term_no_stopwords,施設,0.001942690626517727,1.6931471805599454,0.003289261156988723,4,2,2059,83
yamamoto,yamamoto,山本隆司,candidate,analysis_term_no_stopwords,現場,0.001942690626517727,1.6931471805599454,0.003289261156988723,4,2,2059,84
yamamoto,yamamoto,山本隆司,candidate,analysis_term_no_stopwords,開発,0.001942690626517727,1.6931471805599454,0.003289261156988723,4,2,2059,85
yamamoto,yamamoto,山本隆司,candidate,analysis_term_no_stopwords,領域,0.001942690626517727,1.6931471805599454,0.003289261156988723,4,2,2059,86
yamamoto,yamamoto,山本隆司,candidate,analysis_term_no_stopwords,テーマ-theme,0.0014570179698882952,2.09861228866811,0.0030577158164178386,3,1,2059,87
yamamoto,yamamoto,山本隆司,candidate,analysis_term_no_stopwords,協力,0.0014570179698882952,2.09861228866811,0.0030577158164178386,3,1,2059,88
yamamoto,yamamoto,山本隆司,candidate,analysis_term_no_stopwords,合議,0.0014570179698882952,2.09861228866811,0.0030577158164178386,3,1,2059,89
yamamoto,yamamoto,山本隆司,candidate,analysis_term_no_stopwords,整合,0.0014570179698882952,2.09861228866811,0.0030577158164178386,3,1,2059,90
yamamoto,yamamoto,山本隆司,candidate,analysis_term_no_stopwords,根本,0.0014570179698882952,2.09861228866811,0.0030577158164178386,3,1,2059,91
yamamoto,yamamoto,山本隆司,candidate,analysis_term_no_stopwords,標語,0.0014570179698882952,2.09861228866811,0.0030577158164178386,3,1,2059,92
yamamoto,yamamoto,山本隆司,candidate,analysis_term_no_stopwords,残す,0.0014570179698882952,2.09861228866811,0.0030577158164178386,3,1,2059,93
yamamoto,yamamoto,山本隆司,candidate,analysis_term_no_stopwords,無し,0.0014570179698882952,2.09861228866811,0.0030577158164178386,3,1,2059,94
yamamoto,yamamoto,山本隆司,candidate,analysis_term_no_stopwords,特定,0.0014570179698882952,2.09861228866811,0.0030577158164178386,3,1,2059,95
yamamoto,yamamoto,山本隆司,candidate,analysis_term_no_stopwords,留意,0.0014570179698882952,2.09861228866811,0.0030577158164178386,3,1,2059,96
yamamoto,yamamoto,山本隆司,candidate,analysis_term_no_stopwords,究極,0.0014570179698882952,2.09861228866811,0.0030577158164178386,3,1,2059,97
yamamoto,yamamoto,山本隆司,candidate,analysis_term_no_stopwords,育む,0.0014570179698882952,2.09861228866811,0.0030577158164178386,3,1,2059,98
yamamoto,yamamoto,山本隆司,candidate,analysis_term_no_stopwords,英語,0.0014570179698882952,2.09861228866811,0.0030577158164178386,3,1,2059,99
yamamoto,yamamoto,山本隆司,candidate,analysis_term_no_stopwords,質問,0.0014570179698882952,2.09861228866811,0.0030577158164178386,3,1,2059,100
yamamoto,yamamoto,山本隆司,candidate,analysis_term_no_stopwords,部署,0.0014570179698882952,2.09861228866811,0.0030577158164178386,3,1,2059,101
yamamoto,yamamoto,山本隆司,candidate,analysis_term_no_stopwords,鑑みる,0.0014570179698882952,2.09861228866811,0.0030577158164178386,3,1,2059,102
yamamoto,yamamoto,山本隆司,candidate,analysis_term_no_stopwords,難しい,0.0014570179698882952,2.09861228866811,0.0030577158164178386,3,1,2059,103
yamamoto,yamamoto,山本隆司,candidate,analysis_term_no_stopwords,項,0.0014570179698882952,2.09861228866811,0.0030577158164178386,3,1,2059,104
yamamoto,yamamoto,山本隆司,candidate,analysis_term_no_stopwords,世界,0.0029140359397765905,1.0,0.0029140359397765905,6,5,2059,105
yamamoto,yamamoto,山本隆司,candidate,analysis_term_no_stopwords,於く,0.0029140359397765905,1.0,0.0029140359397765905,6,5,2059,106
yamamoto,yamamoto,山本隆司,candidate,analysis_term_no_stopwords,一,0.0024283632831471587,1.1823215567939547,0.0028711062573918275,5,4,2059,107
yamamoto,yamamoto,山本隆司,candidate,analysis_term_no_stopwords,問う,0.0024283632831471587,1.1823215567939547,0.0028711062573918275,5,4,2059,108
yamamoto,yamamoto,山本隆司,candidate,analysis_term_no_stopwords,基盤,0.0024283632831471587,1.1823215567939547,0.0028711062573918275,5,4,2059,109
yamamoto,yamamoto,山本隆司,candidate,analysis_term_no_stopwords,場,0.0024283632831471587,1.1823215567939547,0.0028711062573918275,5,4,2059,110
yamamoto,yamamoto,山本隆司,candidate,analysis_term_no_stopwords,学問,0.0024283632831471587,1.1823215567939547,0.0028711062573918275,5,4,2059,111
yamamoto,yamamoto,山本隆司,candidate,analysis_term_no_stopwords,推進,0.0024283632831471587,1.1823215567939547,0.0028711062573918275,5,4,2059,112
yamamoto,yamamoto,山本隆司,candidate,analysis_term_no_stopwords,活用,0.0024283632831471587,1.1823215567939547,0.0028711062573918275,5,4,2059,113
yamamoto,yamamoto,山本隆司,candidate,analysis_term_no_stopwords,現在,0.0024283632831471587,1.1823215567939547,0.0028711062573918275,5,4,2059,114
yamamoto,yamamoto,山本隆司,candidate,analysis_term_no_stopwords,人事,0.001942690626517727,1.4054651081081644,0.0027303838914194546,4,3,2059,115
yamamoto,yamamoto,山本隆司,candidate,analysis_term_no_stopwords,今後,0.001942690626517727,1.4054651081081644,0.0027303838914194546,4,3,2059,116
yamamoto,yamamoto,山本隆司,candidate,analysis_term_no_stopwords,他,0.001942690626517727,1.4054651081081644,0.0027303838914194546,4,3,2059,117
yamamoto,yamamoto,山本隆司,candidate,analysis_term_no_stopwords,効果,0.001942690626517727,1.4054651081081644,0.0027303838914194546,4,3,2059,118
yamamoto,yamamoto,山本隆司,candidate,analysis_term_no_stopwords,含む,0.001942690626517727,1.4054651081081644,0.0027303838914194546,4,3,2059,119
yamamoto,yamamoto,山本隆司,candidate,analysis_term_no_stopwords,機能,0.001942690626517727,1.4054651081081644,0.0027303838914194546,4,3,2059,120
yamamoto,yamamoto,山本隆司,candidate,analysis_term_no_stopwords,生かす,0.001942690626517727,1.4054651081081644,0.0027303838914194546,4,3,2059,121
yamamoto,yamamoto,山本隆司,candidate,analysis_term_no_stopwords,関わる,0.001942690626517727,1.4054651081081644,0.0027303838914194546,4,3,2059,122
yamamoto,yamamoto,山本隆司,candidate,analysis_term_no_stopwords,分担,0.0014570179698882952,1.6931471805599454,0.0024669458677415426,3,2,2059,123
yamamoto,yamamoto,山本隆司,candidate,analysis_term_no_stopwords,危機,0.0014570179698882952,1.6931471805599454,0.0024669458677415426,3,2,2059,124
yamamoto,yamamoto,山本隆司,candidate,analysis_term_no_stopwords,取り組む,0.0014570179698882952,1.6931471805599454,0.0024669458677415426,3,2,2059,125
yamamoto,yamamoto,山本隆司,candidate,analysis_term_no_stopwords,喫緊,0.0014570179698882952,1.6931471805599454,0.0024669458677415426,3,2,2059,126
yamamoto,yamamoto,山本隆司,candidate,analysis_term_no_stopwords,国立,0.0014570179698882952,1.6931471805599454,0.0024669458677415426,3,2,2059,127
yamamoto,yamamoto,山本隆司,candidate,analysis_term_no_stopwords,変更,0.0014570179698882952,1.6931471805599454,0.0024669458677415426,3,2,2059,128
yamamoto,yamamoto,山本隆司,candidate,analysis_term_no_stopwords,学知,0.0014570179698882952,1.6931471805599454,0.0024669458677415426,3,2,2059,129
yamamoto,yamamoto,山本隆司,candidate,analysis_term_no_stopwords,対立,0.0014570179698882952,1.6931471805599454,0.0024669458677415426,3,2,2059,130
yamamoto,yamamoto,山本隆司,candidate,analysis_term_no_stopwords,広げる,0.0014570179698882952,1.6931471805599454,0.0024669458677415426,3,2,2059,131
yamamoto,yamamoto,山本隆司,candidate,analysis_term_no_stopwords,担当,0.0014570179698882952,1.6931471805599454,0.0024669458677415426,3,2,2059,132
yamamoto,yamamoto,山本隆司,candidate,analysis_term_no_stopwords,指摘,0.0014570179698882952,1.6931471805599454,0.0024669458677415426,3,2,2059,133
yamamoto,yamamoto,山本隆司,candidate,analysis_term_no_stopwords,授業,0.0014570179698882952,1.6931471805599454,0.0024669458677415426,3,2,2059,134
yamamoto,yamamoto,山本隆司,candidate,analysis_term_no_stopwords,本来,0.0014570179698882952,1.6931471805599454,0.0024669458677415426,3,2,2059,135
yamamoto,yamamoto,山本隆司,candidate,analysis_term_no_stopwords,牽引,0.0014570179698882952,1.6931471805599454,0.0024669458677415426,3,2,2059,136
yamamoto,yamamoto,山本隆司,candidate,analysis_term_no_stopwords,発生,0.0014570179698882952,1.6931471805599454,0.0024669458677415426,3,2,2059,137
yamamoto,yamamoto,山本隆司,candidate,analysis_term_no_stopwords,自然,0.0014570179698882952,1.6931471805599454,0.0024669458677415426,3,2,2059,138
yamamoto,yamamoto,山本隆司,candidate,analysis_term_no_stopwords,見る,0.0014570179698882952,1.6931471805599454,0.0024669458677415426,3,2,2059,139
yamamoto,yamamoto,山本隆司,candidate,analysis_term_no_stopwords,質,0.0014570179698882952,1.6931471805599454,0.0024669458677415426,3,2,2059,140
yamamoto,yamamoto,山本隆司,candidate,analysis_term_no_stopwords,基礎,0.0024283632831471587,1.0,0.0024283632831471587,5,5,2059,141
yamamoto,yamamoto,山本隆司,candidate,analysis_term_no_stopwords,対する,0.0024283632831471587,1.0,0.0024283632831471587,5,5,2059,142
yamamoto,yamamoto,山本隆司,candidate,analysis_term_no_stopwords,示す,0.0024283632831471587,1.0,0.0024283632831471587,5,5,2059,143
yamamoto,yamamoto,山本隆司,candidate,analysis_term_no_stopwords,科学,0.0024283632831471587,1.0,0.0024283632831471587,5,5,2059,144
yamamoto,yamamoto,山本隆司,candidate,analysis_term_no_stopwords,自由,0.0024283632831471587,1.0,0.0024283632831471587,5,5,2059,145
yamamoto,yamamoto,山本隆司,candidate,analysis_term_no_stopwords,作る,0.001942690626517727,1.1823215567939547,0.0022968850059134622,4,4,2059,146
yamamoto,yamamoto,山本隆司,candidate,analysis_term_no_stopwords,大きい,0.001942690626517727,1.1823215567939547,0.0022968850059134622,4,4,2059,147
yamamoto,yamamoto,山本隆司,candidate,analysis_term_no_stopwords,環境,0.001942690626517727,1.1823215567939547,0.0022968850059134622,4,4,2059,148
yamamoto,yamamoto,山本隆司,candidate,analysis_term_no_stopwords,二,0.0014570179698882952,1.4054651081081644,0.0020477879185645913,3,3,2059,149
yamamoto,yamamoto,山本隆司,candidate,analysis_term_no_stopwords,信頼,0.0014570179698882952,1.4054651081081644,0.0020477879185645913,3,3,2059,150
yamamoto,yamamoto,山本隆司,candidate,analysis_term_no_stopwords,創出,0.0014570179698882952,1.4054651081081644,0.0020477879185645913,3,3,2059,151
yamamoto,yamamoto,山本隆司,candidate,analysis_term_no_stopwords,実現,0.0014570179698882952,1.4054651081081644,0.0020477879185645913,3,3,2059,152
yamamoto,yamamoto,山本隆司,candidate,analysis_term_no_stopwords,将来,0.0014570179698882952,1.4054651081081644,0.0020477879185645913,3,3,2059,153
yamamoto,yamamoto,山本隆司,candidate,analysis_term_no_stopwords,展開,0.0014570179698882952,1.4054651081081644,0.0020477879185645913,3,3,2059,154
yamamoto,yamamoto,山本隆司,candidate,analysis_term_no_stopwords,循環,0.0014570179698882952,1.4054651081081644,0.0020477879185645913,3,3,2059,155
yamamoto,yamamoto,山本隆司,candidate,analysis_term_no_stopwords,意見,0.0014570179698882952,1.4054651081081644,0.0020477879185645913,3,3,2059,156
yamamoto,yamamoto,山本隆司,candidate,analysis_term_no_stopwords,文化,0.0014570179698882952,1.4054651081081644,0.0020477879185645913,3,3,2059,157
yamamoto,yamamoto,山本隆司,candidate,analysis_term_no_stopwords,方策,0.0014570179698882952,1.4054651081081644,0.0020477879185645913,3,3,2059,158
yamamoto,yamamoto,山本隆司,candidate,analysis_term_no_stopwords,次,0.0014570179698882952,1.4054651081081644,0.0020477879185645913,3,3,2059,159
yamamoto,yamamoto,山本隆司,candidate,analysis_term_no_stopwords,深化,0.0014570179698882952,1.4054651081081644,0.0020477879185645913,3,3,2059,160
yamamoto,yamamoto,山本隆司,candidate,analysis_term_no_stopwords,発展,0.0014570179698882952,1.4054651081081644,0.0020477879185645913,3,3,2059,161
yamamoto,yamamoto,山本隆司,candidate,analysis_term_no_stopwords,解決,0.0014570179698882952,1.4054651081081644,0.0020477879185645913,3,3,2059,162
yamamoto,yamamoto,山本隆司,candidate,analysis_term_no_stopwords,述べる,0.0014570179698882952,1.4054651081081644,0.0020477879185645913,3,3,2059,163
yamamoto,yamamoto,山本隆司,candidate,analysis_term_no_stopwords,開く,0.0014570179698882952,1.4054651081081644,0.0020477879185645913,3,3,2059,164
yamamoto,yamamoto,山本隆司,candidate,analysis_term_no_stopwords,インフラ-infrastructure,0.0009713453132588635,2.09861228866811,0.0020384772109452256,2,1,2059,165
yamamoto,yamamoto,山本隆司,candidate,analysis_term_no_stopwords,グループ-group,0.0009713453132588635,2.09861228866811,0.0020384772109452256,2,1,2059,166
yamamoto,yamamoto,山本隆司,candidate,analysis_term_no_stopwords,チャレンジング-challenging,0.0009713453132588635,2.09861228866811,0.0020384772109452256,2,1,2059,167
yamamoto,yamamoto,山本隆司,candidate,analysis_term_no_stopwords,交換,0.0009713453132588635,2.09861228866811,0.0020384772109452256,2,1,2059,168
yamamoto,yamamoto,山本隆司,candidate,analysis_term_no_stopwords,人員,0.0009713453132588635,2.09861228866811,0.0020384772109452256,2,1,2059,169
yamamoto,yamamoto,山本隆司,candidate,analysis_term_no_stopwords,任務,0.0009713453132588635,2.09861228866811,0.0020384772109452256,2,1,2059,170
yamamoto,yamamoto,山本隆司,candidate,analysis_term_no_stopwords,優先,0.0009713453132588635,2.09861228866811,0.0020384772109452256,2,1,2059,171
yamamoto,yamamoto,山本隆司,candidate,analysis_term_no_stopwords,共通,0.0009713453132588635,2.09861228866811,0.0020384772109452256,2,1,2059,172
yamamoto,yamamoto,山本隆司,candidate,analysis_term_no_stopwords,初期,0.0009713453132588635,2.09861228866811,0.0020384772109452256,2,1,2059,173
yamamoto,yamamoto,山本隆司,candidate,analysis_term_no_stopwords,利用,0.0009713453132588635,2.09861228866811,0.0020384772109452256,2,1,2059,174
yamamoto,yamamoto,山本隆司,candidate,analysis_term_no_stopwords,単位,0.0009713453132588635,2.09861228866811,0.0020384772109452256,2,1,2059,175
yamamoto,yamamoto,山本隆司,candidate,analysis_term_no_stopwords,取り合い,0.0009713453132588635,2.09861228866811,0.0020384772109452256,2,1,2059,176
yamamoto,yamamoto,山本隆司,candidate,analysis_term_no_stopwords,受ける,0.0009713453132588635,2.09861228866811,0.0020384772109452256,2,1,2059,177
yamamoto,yamamoto,山本隆司,candidate,analysis_term_no_stopwords,困難,0.0009713453132588635,2.09861228866811,0.0020384772109452256,2,1,2059,178
yamamoto,yamamoto,山本隆司,candidate,analysis_term_no_stopwords,増大,0.0009713453132588635,2.09861228866811,0.0020384772109452256,2,1,2059,179
yamamoto,yamamoto,山本隆司,candidate,analysis_term_no_stopwords,増強,0.0009713453132588635,2.09861228866811,0.0020384772109452256,2,1,2059,180
yamamoto,yamamoto,山本隆司,candidate,analysis_term_no_stopwords,多面,0.0009713453132588635,2.09861228866811,0.0020384772109452256,2,1,2059,181
yamamoto,yamamoto,山本隆司,candidate,analysis_term_no_stopwords,尖る,0.0009713453132588635,2.09861228866811,0.0020384772109452256,2,1,2059,182
yamamoto,yamamoto,山本隆司,candidate,analysis_term_no_stopwords,引き付ける,0.0009713453132588635,2.09861228866811,0.0020384772109452256,2,1,2059,183
yamamoto,yamamoto,山本隆司,candidate,analysis_term_no_stopwords,当たる,0.0009713453132588635,2.09861228866811,0.0020384772109452256,2,1,2059,184
yamamoto,yamamoto,山本隆司,candidate,analysis_term_no_stopwords,後,0.0009713453132588635,2.09861228866811,0.0020384772109452256,2,1,2059,185
yamamoto,yamamoto,山本隆司,candidate,analysis_term_no_stopwords,数値,0.0009713453132588635,2.09861228866811,0.0020384772109452256,2,1,2059,186
yamamoto,yamamoto,山本隆司,candidate,analysis_term_no_stopwords,案件,0.0009713453132588635,2.09861228866811,0.0020384772109452256,2,1,2059,187
yamamoto,yamamoto,山本隆司,candidate,analysis_term_no_stopwords,横断,0.0009713453132588635,2.09861228866811,0.0020384772109452256,2,1,2059,188
yamamoto,yamamoto,山本隆司,candidate,analysis_term_no_stopwords,活力,0.0009713453132588635,2.09861228866811,0.0020384772109452256,2,1,2059,189
yamamoto,yamamoto,山本隆司,candidate,analysis_term_no_stopwords,特徴,0.0009713453132588635,2.09861228866811,0.0020384772109452256,2,1,2059,190
yamamoto,yamamoto,山本隆司,candidate,analysis_term_no_stopwords,監察,0.0009713453132588635,2.09861228866811,0.0020384772109452256,2,1,2059,191
yamamoto,yamamoto,山本隆司,candidate,analysis_term_no_stopwords,相反,0.0009713453132588635,2.09861228866811,0.0020384772109452256,2,1,2059,192
yamamoto,yamamoto,山本隆司,candidate,analysis_term_no_stopwords,統合,0.0009713453132588635,2.09861228866811,0.0020384772109452256,2,1,2059,193
yamamoto,yamamoto,山本隆司,candidate,analysis_term_no_stopwords,設定,0.0009713453132588635,2.09861228866811,0.0020384772109452256,2,1,2059,194
yamamoto,yamamoto,山本隆司,candidate,analysis_term_no_stopwords,諸種,0.0009713453132588635,2.09861228866811,0.0020384772109452256,2,1,2059,195
yamamoto,yamamoto,山本隆司,candidate,analysis_term_no_stopwords,質量,0.0009713453132588635,2.09861228866811,0.0020384772109452256,2,1,2059,196
yamamoto,yamamoto,山本隆司,candidate,analysis_term_no_stopwords,醸成,0.0009713453132588635,2.09861228866811,0.0020384772109452256,2,1,2059,197
yamamoto,yamamoto,山本隆司,candidate,analysis_term_no_stopwords,頂く,0.0009713453132588635,2.09861228866811,0.0020384772109452256,2,1,2059,198
yamamoto,yamamoto,山本隆司,candidate,analysis_term_no_stopwords,魅力,0.0009713453132588635,2.09861228866811,0.0020384772109452256,2,1,2059,199
yamamoto,yamamoto,山本隆司,candidate,analysis_term_no_stopwords,構成,0.001942690626517727,1.0,0.001942690626517727,4,5,2059,200
yamamoto,yamamoto,山本隆司,candidate,analysis_term_no_stopwords,責任,0.001942690626517727,1.0,0.001942690626517727,4,5,2059,201
yamamoto,yamamoto,山本隆司,candidate,analysis_term_no_stopwords,ai,0.0014570179698882952,1.1823215567939547,0.0017226637544350966,3,4,2059,202
yamamoto,yamamoto,山本隆司,candidate,analysis_term_no_stopwords,体制,0.0014570179698882952,1.1823215567939547,0.0017226637544350966,3,4,2059,203
yamamoto,yamamoto,山本隆司,candidate,analysis_term_no_stopwords,全学,0.0014570179698882952,1.1823215567939547,0.0017226637544350966,3,4,2059,204
yamamoto,yamamoto,山本隆司,candidate,analysis_term_no_stopwords,共,0.0014570179698882952,1.1823215567939547,0.0017226637544350966,3,4,2059,205
yamamoto,yamamoto,山本隆司,candidate,analysis_term_no_stopwords,変革,0.0014570179698882952,1.1823215567939547,0.0017226637544350966,3,4,2059,206
yamamoto,yamamoto,山本隆司,candidate,analysis_term_no_stopwords,得る,0.0014570179698882952,1.1823215567939547,0.0017226637544350966,3,4,2059,207
yamamoto,yamamoto,山本隆司,candidate,analysis_term_no_stopwords,拡大,0.0014570179698882952,1.1823215567939547,0.0017226637544350966,3,4,2059,208
yamamoto,yamamoto,山本隆司,candidate,analysis_term_no_stopwords,求める,0.0014570179698882952,1.1823215567939547,0.0017226637544350966,3,4,2059,209
yamamoto,yamamoto,山本隆司,candidate,analysis_term_no_stopwords,活躍,0.0014570179698882952,1.1823215567939547,0.0017226637544350966,3,4,2059,210
yamamoto,yamamoto,山本隆司,candidate,analysis_term_no_stopwords,進める,0.0014570179698882952,1.1823215567939547,0.0017226637544350966,3,4,2059,211
yamamoto,yamamoto,山本隆司,candidate,analysis_term_no_stopwords,キャリア-career,0.0009713453132588635,1.6931471805599454,0.0016446305784943616,2,2,2059,212
yamamoto,yamamoto,山本隆司,candidate,analysis_term_no_stopwords,ステークホルダー-stakeholder,0.0009713453132588635,1.6931471805599454,0.0016446305784943616,2,2,2059,213
yamamoto,yamamoto,山本隆司,candidate,analysis_term_no_stopwords,一貫,0.0009713453132588635,1.6931471805599454,0.0016446305784943616,2,2,2059,214
yamamoto,yamamoto,山本隆司,candidate,analysis_term_no_stopwords,中心,0.0009713453132588635,1.6931471805599454,0.0016446305784943616,2,2,2059,215
yamamoto,yamamoto,山本隆司,candidate,analysis_term_no_stopwords,事業,0.0009713453132588635,1.6931471805599454,0.0016446305784943616,2,2,2059,216
yamamoto,yamamoto,山本隆司,candidate,analysis_term_no_stopwords,伴う,0.0009713453132588635,1.6931471805599454,0.0016446305784943616,2,2,2059,217
yamamoto,yamamoto,山本隆司,candidate,analysis_term_no_stopwords,先導,0.0009713453132588635,1.6931471805599454,0.0016446305784943616,2,2,2059,218
yamamoto,yamamoto,山本隆司,candidate,analysis_term_no_stopwords,具体,0.0009713453132588635,1.6931471805599454,0.0016446305784943616,2,2,2059,219
yamamoto,yamamoto,山本隆司,candidate,analysis_term_no_stopwords,削ぐ,0.0009713453132588635,1.6931471805599454,0.0016446305784943616,2,2,2059,220
yamamoto,yamamoto,山本隆司,candidate,analysis_term_no_stopwords,反映,0.0009713453132588635,1.6931471805599454,0.0016446305784943616,2,2,2059,221
yamamoto,yamamoto,山本隆司,candidate,analysis_term_no_stopwords,基本,0.0009713453132588635,1.6931471805599454,0.0016446305784943616,2,2,2059,222
yamamoto,yamamoto,山本隆司,candidate,analysis_term_no_stopwords,安全,0.0009713453132588635,1.6931471805599454,0.0016446305784943616,2,2,2059,223
yamamoto,yamamoto,山本隆司,candidate,analysis_term_no_stopwords,意味,0.0009713453132588635,1.6931471805599454,0.0016446305784943616,2,2,2059,224
yamamoto,yamamoto,山本隆司,candidate,analysis_term_no_stopwords,指標,0.0009713453132588635,1.6931471805599454,0.0016446305784943616,2,2,2059,225
yamamoto,yamamoto,山本隆司,candidate,analysis_term_no_stopwords,教職員,0.0009713453132588635,1.6931471805599454,0.0016446305784943616,2,2,2059,226
yamamoto,yamamoto,山本隆司,candidate,analysis_term_no_stopwords,整理,0.0009713453132588635,1.6931471805599454,0.0016446305784943616,2,2,2059,227
yamamoto,yamamoto,山本隆司,candidate,analysis_term_no_stopwords,権限,0.0009713453132588635,1.6931471805599454,0.0016446305784943616,2,2,2059,228
yamamoto,yamamoto,山本隆司,candidate,analysis_term_no_stopwords,確立,0.0009713453132588635,1.6931471805599454,0.0016446305784943616,2,2,2059,229
yamamoto,yamamoto,山本隆司,candidate,analysis_term_no_stopwords,継続,0.0009713453132588635,1.6931471805599454,0.0016446305784943616,2,2,2059,230
yamamoto,yamamoto,山本隆司,candidate,analysis_term_no_stopwords,育てる,0.0009713453132588635,1.6931471805599454,0.0016446305784943616,2,2,2059,231
yamamoto,yamamoto,山本隆司,candidate,analysis_term_no_stopwords,要する,0.0009713453132588635,1.6931471805599454,0.0016446305784943616,2,2,2059,232
yamamoto,yamamoto,山本隆司,candidate,analysis_term_no_stopwords,要請,0.0009713453132588635,1.6931471805599454,0.0016446305784943616,2,2,2059,233
yamamoto,yamamoto,山本隆司,candidate,analysis_term_no_stopwords,設置,0.0009713453132588635,1.6931471805599454,0.0016446305784943616,2,2,2059,234
yamamoto,yamamoto,山本隆司,candidate,analysis_term_no_stopwords,説く,0.0009713453132588635,1.6931471805599454,0.0016446305784943616,2,2,2059,235
yamamoto,yamamoto,山本隆司,candidate,analysis_term_no_stopwords,選択,0.0009713453132588635,1.6931471805599454,0.0016446305784943616,2,2,2059,236
yamamoto,yamamoto,山本隆司,candidate,analysis_term_no_stopwords,避ける,0.0009713453132588635,1.6931471805599454,0.0016446305784943616,2,2,2059,237
yamamoto,yamamoto,山本隆司,candidate,analysis_term_no_stopwords,重ねる,0.0009713453132588635,1.6931471805599454,0.0016446305784943616,2,2,2059,238
yamamoto,yamamoto,山本隆司,candidate,analysis_term_no_stopwords,面,0.0009713453132588635,1.6931471805599454,0.0016446305784943616,2,2,2059,239
yamamoto,yamamoto,山本隆司,candidate,analysis_term_no_stopwords,持つ,0.0014570179698882952,1.0,0.0014570179698882952,3,5,2059,240
yamamoto,yamamoto,山本隆司,candidate,analysis_term_no_stopwords,リスク-risk,0.0009713453132588635,1.4054651081081644,0.0013651919457097273,2,3,2059,241
yamamoto,yamamoto,山本隆司,candidate,analysis_term_no_stopwords,リーダーシップ-leadership,0.0009713453132588635,1.4054651081081644,0.0013651919457097273,2,3,2059,242
yamamoto,yamamoto,山本隆司,candidate,analysis_term_no_stopwords,一方,0.0009713453132588635,1.4054651081081644,0.0013651919457097273,2,3,2059,243
yamamoto,yamamoto,山本隆司,candidate,analysis_term_no_stopwords,上げる,0.0009713453132588635,1.4054651081081644,0.0013651919457097273,2,3,2059,244
yamamoto,yamamoto,山本隆司,candidate,analysis_term_no_stopwords,中,0.0009713453132588635,1.4054651081081644,0.0013651919457097273,2,3,2059,245
yamamoto,yamamoto,山本隆司,candidate,analysis_term_no_stopwords,以下,0.0009713453132588635,1.4054651081081644,0.0013651919457097273,2,3,2059,246
yamamoto,yamamoto,山本隆司,candidate,analysis_term_no_stopwords,利益,0.0009713453132588635,1.4054651081081644,0.0013651919457097273,2,3,2059,247
yamamoto,yamamoto,山本隆司,candidate,analysis_term_no_stopwords,向上,0.0009713453132588635,1.4054651081081644,0.0013651919457097273,2,3,2059,248
yamamoto,yamamoto,山本隆司,candidate,analysis_term_no_stopwords,基準,0.0009713453132588635,1.4054651081081644,0.0013651919457097273,2,3,2059,249
yamamoto,yamamoto,山本隆司,candidate,analysis_term_no_stopwords,学長,0.0009713453132588635,1.4054651081081644,0.0013651919457097273,2,3,2059,250
yamamoto,yamamoto,山本隆司,candidate,analysis_term_no_stopwords,強い,0.0009713453132588635,1.4054651081081644,0.0013651919457097273,2,3,2059,251
yamamoto,yamamoto,山本隆司,candidate,analysis_term_no_stopwords,形成,0.0009713453132588635,1.4054651081081644,0.0013651919457097273,2,3,2059,252
yamamoto,yamamoto,山本隆司,candidate,analysis_term_no_stopwords,情報,0.0009713453132588635,1.4054651081081644,0.0013651919457097273,2,3,2059,253
yamamoto,yamamoto,山本隆司,candidate,analysis_term_no_stopwords,構造,0.0009713453132588635,1.4054651081081644,0.0013651919457097273,2,3,2059,254
yamamoto,yamamoto,山本隆司,candidate,analysis_term_no_stopwords,異なる,0.0009713453132588635,1.4054651081081644,0.0013651919457097273,2,3,2059,255
yamamoto,yamamoto,山本隆司,candidate,analysis_term_no_stopwords,発信,0.0009713453132588635,1.4054651081081644,0.0013651919457097273,2,3,2059,256
yamamoto,yamamoto,山本隆司,candidate,analysis_term_no_stopwords,相互,0.0009713453132588635,1.4054651081081644,0.0013651919457097273,2,3,2059,257
yamamoto,yamamoto,山本隆司,candidate,analysis_term_no_stopwords,知見,0.0009713453132588635,1.4054651081081644,0.0013651919457097273,2,3,2059,258
yamamoto,yamamoto,山本隆司,candidate,analysis_term_no_stopwords,維持,0.0009713453132588635,1.4054651081081644,0.0013651919457097273,2,3,2059,259
yamamoto,yamamoto,山本隆司,candidate,analysis_term_no_stopwords,総合,0.0009713453132588635,1.4054651081081644,0.0013651919457097273,2,3,2059,260
yamamoto,yamamoto,山本隆司,candidate,analysis_term_no_stopwords,職員,0.0009713453132588635,1.4054651081081644,0.0013651919457097273,2,3,2059,261
yamamoto,yamamoto,山本隆司,candidate,analysis_term_no_stopwords,越える,0.0009713453132588635,1.4054651081081644,0.0013651919457097273,2,3,2059,262
yamamoto,yamamoto,山本隆司,candidate,analysis_term_no_stopwords,コミュニケーション-communication,0.0009713453132588635,1.1823215567939547,0.0011484425029567311,2,4,2059,263
yamamoto,yamamoto,山本隆司,candidate,analysis_term_no_stopwords,一体,0.0009713453132588635,1.1823215567939547,0.0011484425029567311,2,4,2059,264
yamamoto,yamamoto,山本隆司,candidate,analysis_term_no_stopwords,伸ばす,0.0009713453132588635,1.1823215567939547,0.0011484425029567311,2,4,2059,265
yamamoto,yamamoto,山本隆司,candidate,analysis_term_no_stopwords,先端,0.0009713453132588635,1.1823215567939547,0.0011484425029567311,2,4,2059,266
yamamoto,yamamoto,山本隆司,candidate,analysis_term_no_stopwords,公共,0.0009713453132588635,1.1823215567939547,0.0011484425029567311,2,4,2059,267
yamamoto,yamamoto,山本隆司,candidate,analysis_term_no_stopwords,其々,0.0009713453132588635,1.1823215567939547,0.0011484425029567311,2,4,2059,268
yamamoto,yamamoto,山本隆司,candidate,analysis_term_no_stopwords,力,0.0009713453132588635,1.1823215567939547,0.0011484425029567311,2,4,2059,269
yamamoto,yamamoto,山本隆司,candidate,analysis_term_no_stopwords,図る,0.0009713453132588635,1.1823215567939547,0.0011484425029567311,2,4,2059,270
yamamoto,yamamoto,山本隆司,candidate,analysis_term_no_stopwords,広い,0.0009713453132588635,1.1823215567939547,0.0011484425029567311,2,4,2059,271
yamamoto,yamamoto,山本隆司,candidate,analysis_term_no_stopwords,技術,0.0009713453132588635,1.1823215567939547,0.0011484425029567311,2,4,2059,272
yamamoto,yamamoto,山本隆司,candidate,analysis_term_no_stopwords,構想,0.0009713453132588635,1.1823215567939547,0.0011484425029567311,2,4,2059,273
yamamoto,yamamoto,山本隆司,candidate,analysis_term_no_stopwords,現状,0.0009713453132588635,1.1823215567939547,0.0011484425029567311,2,4,2059,274
yamamoto,yamamoto,山本隆司,candidate,analysis_term_no_stopwords,留学,0.0009713453132588635,1.1823215567939547,0.0011484425029567311,2,4,2059,275
yamamoto,yamamoto,山本隆司,candidate,analysis_term_no_stopwords,目的,0.0009713453132588635,1.1823215567939547,0.0011484425029567311,2,4,2059,276
yamamoto,yamamoto,山本隆司,candidate,analysis_term_no_stopwords,築く,0.0009713453132588635,1.1823215567939547,0.0011484425029567311,2,4,2059,277
yamamoto,yamamoto,山本隆司,candidate,analysis_term_no_stopwords,続ける,0.0009713453132588635,1.1823215567939547,0.0011484425029567311,2,4,2059,278
yamamoto,yamamoto,山本隆司,candidate,analysis_term_no_stopwords,繋ぐ,0.0009713453132588635,1.1823215567939547,0.0011484425029567311,2,4,2059,279
yamamoto,yamamoto,山本隆司,candidate,analysis_term_no_stopwords,能力,0.0009713453132588635,1.1823215567939547,0.0011484425029567311,2,4,2059,280
yamamoto,yamamoto,山本隆司,candidate,analysis_term_no_stopwords,設計,0.0009713453132588635,1.1823215567939547,0.0011484425029567311,2,4,2059,281
yamamoto,yamamoto,山本隆司,candidate,analysis_term_no_stopwords,配分,0.0009713453132588635,1.1823215567939547,0.0011484425029567311,2,4,2059,282
yamamoto,yamamoto,山本隆司,candidate,analysis_term_no_stopwords,重点,0.0009713453132588635,1.1823215567939547,0.0011484425029567311,2,4,2059,283
yamamoto,yamamoto,山本隆司,candidate,analysis_term_no_stopwords,ebpm,0.00048567265662943174,2.09861228866811,0.0010192386054726128,1,1,2059,284
yamamoto,yamamoto,山本隆司,candidate,analysis_term_no_stopwords,アップ-up,0.00048567265662943174,2.09861228866811,0.0010192386054726128,1,1,2059,285
yamamoto,yamamoto,山本隆司,candidate,analysis_term_no_stopwords,カリキュラム-curriculum,0.00048567265662943174,2.09861228866811,0.0010192386054726128,1,1,2059,286
yamamoto,yamamoto,山本隆司,candidate,analysis_term_no_stopwords,コスト-cost,0.00048567265662943174,2.09861228866811,0.0010192386054726128,1,1,2059,287
yamamoto,yamamoto,山本隆司,candidate,analysis_term_no_stopwords,サイクル-cycle,0.00048567265662943174,2.09861228866811,0.0010192386054726128,1,1,2059,288
yamamoto,yamamoto,山本隆司,candidate,analysis_term_no_stopwords,サブ-sub,0.00048567265662943174,2.09861228866811,0.0010192386054726128,1,1,2059,289
yamamoto,yamamoto,山本隆司,candidate,analysis_term_no_stopwords,シミュレーション-simulation,0.00048567265662943174,2.09861228866811,0.0010192386054726128,1,1,2059,290
yamamoto,yamamoto,山本隆司,candidate,analysis_term_no_stopwords,ジャーナル-journal,0.00048567265662943174,2.09861228866811,0.0010192386054726128,1,1,2059,291
yamamoto,yamamoto,山本隆司,candidate,analysis_term_no_stopwords,スタンス-stance,0.00048567265662943174,2.09861228866811,0.0010192386054726128,1,1,2059,292
yamamoto,yamamoto,山本隆司,candidate,analysis_term_no_stopwords,センター-center,0.00048567265662943174,2.09861228866811,0.0010192386054726128,1,1,2059,293
yamamoto,yamamoto,山本隆司,candidate,analysis_term_no_stopwords,ダウン-down,0.00048567265662943174,2.09861228866811,0.0010192386054726128,1,1,2059,294
yamamoto,yamamoto,山本隆司,candidate,analysis_term_no_stopwords,チェック-check,0.00048567265662943174,2.09861228866811,0.0010192386054726128,1,1,2059,295
yamamoto,yamamoto,山本隆司,candidate,analysis_term_no_stopwords,ハラスメント-harassment,0.00048567265662943174,2.09861228866811,0.0010192386054726128,1,1,2059,296
yamamoto,yamamoto,山本隆司,candidate,analysis_term_no_stopwords,バックグラウンド-background,0.00048567265662943174,2.09861228866811,0.0010192386054726128,1,1,2059,297
yamamoto,yamamoto,山本隆司,candidate,analysis_term_no_stopwords,パンデミック-pandemic,0.00048567265662943174,2.09861228866811,0.0010192386054726128,1,1,2059,298
yamamoto,yamamoto,山本隆司,candidate,analysis_term_no_stopwords,ピーク-peak,0.00048567265662943174,2.09861228866811,0.0010192386054726128,1,1,2059,299
yamamoto,yamamoto,山本隆司,candidate,analysis_term_no_stopwords,ボトム-bottom,0.00048567265662943174,2.09861228866811,0.0010192386054726128,1,1,2059,300
yamamoto,yamamoto,山本隆司,candidate,analysis_term_no_stopwords,ポスト-post(郵便),0.00048567265662943174,2.09861228866811,0.0010192386054726128,1,1,2059,301
yamamoto,yamamoto,山本隆司,candidate,analysis_term_no_stopwords,メジャー-major,0.00048567265662943174,2.09861228866811,0.0010192386054726128,1,1,2059,302
yamamoto,yamamoto,山本隆司,candidate,analysis_term_no_stopwords,一定,0.00048567265662943174,2.09861228866811,0.0010192386054726128,1,1,2059,303
yamamoto,yamamoto,山本隆司,candidate,analysis_term_no_stopwords,上記,0.00048567265662943174,2.09861228866811,0.0010192386054726128,1,1,2059,304
yamamoto,yamamoto,山本隆司,candidate,analysis_term_no_stopwords,下,0.00048567265662943174,2.09861228866811,0.0010192386054726128,1,1,2059,305
yamamoto,yamamoto,山本隆司,candidate,analysis_term_no_stopwords,乱用,0.00048567265662943174,2.09861228866811,0.0010192386054726128,1,1,2059,306
yamamoto,yamamoto,山本隆司,candidate,analysis_term_no_stopwords,争い,0.00048567265662943174,2.09861228866811,0.0010192386054726128,1,1,2059,307
yamamoto,yamamoto,山本隆司,candidate,analysis_term_no_stopwords,交差,0.00048567265662943174,2.09861228866811,0.0010192386054726128,1,1,2059,308
yamamoto,yamamoto,山本隆司,candidate,analysis_term_no_stopwords,他方,0.00048567265662943174,2.09861228866811,0.0010192386054726128,1,1,2059,309
yamamoto,yamamoto,山本隆司,candidate,analysis_term_no_stopwords,以前,0.00048567265662943174,2.09861228866811,0.0010192386054726128,1,1,2059,310
yamamoto,yamamoto,山本隆司,candidate,analysis_term_no_stopwords,以後,0.00048567265662943174,2.09861228866811,0.0010192386054726128,1,1,2059,311
yamamoto,yamamoto,山本隆司,candidate,analysis_term_no_stopwords,任せる,0.00048567265662943174,2.09861228866811,0.0010192386054726128,1,1,2059,312
yamamoto,yamamoto,山本隆司,candidate,analysis_term_no_stopwords,任用,0.00048567265662943174,2.09861228866811,0.0010192386054726128,1,1,2059,313
yamamoto,yamamoto,山本隆司,candidate,analysis_term_no_stopwords,企画,0.00048567265662943174,2.09861228866811,0.0010192386054726128,1,1,2059,314
yamamoto,yamamoto,山本隆司,candidate,analysis_term_no_stopwords,会社,0.00048567265662943174,2.09861228866811,0.0010192386054726128,1,1,2059,315
yamamoto,yamamoto,山本隆司,candidate,analysis_term_no_stopwords,伝説,0.00048567265662943174,2.09861228866811,0.0010192386054726128,1,1,2059,316
yamamoto,yamamoto,山本隆司,candidate,analysis_term_no_stopwords,使い分け,0.00048567265662943174,2.09861228866811,0.0010192386054726128,1,1,2059,317
yamamoto,yamamoto,山本隆司,candidate,analysis_term_no_stopwords,保障,0.00048567265662943174,2.09861228866811,0.0010192386054726128,1,1,2059,318
yamamoto,yamamoto,山本隆司,candidate,analysis_term_no_stopwords,個,0.00048567265662943174,2.09861228866811,0.0010192386054726128,1,1,2059,319
yamamoto,yamamoto,山本隆司,candidate,analysis_term_no_stopwords,先,0.00048567265662943174,2.09861228866811,0.0010192386054726128,1,1,2059,320
yamamoto,yamamoto,山本隆司,candidate,analysis_term_no_stopwords,共著,0.00048567265662943174,2.09861228866811,0.0010192386054726128,1,1,2059,321
yamamoto,yamamoto,山本隆司,candidate,analysis_term_no_stopwords,分かる,0.00048567265662943174,2.09861228866811,0.0010192386054726128,1,1,2059,322
yamamoto,yamamoto,山本隆司,candidate,analysis_term_no_stopwords,分割,0.00048567265662943174,2.09861228866811,0.0010192386054726128,1,1,2059,323
yamamoto,yamamoto,山本隆司,candidate,analysis_term_no_stopwords,分立,0.00048567265662943174,2.09861228866811,0.0010192386054726128,1,1,2059,324
yamamoto,yamamoto,山本隆司,candidate,analysis_term_no_stopwords,前回,0.00048567265662943174,2.09861228866811,0.0010192386054726128,1,1,2059,325
yamamoto,yamamoto,山本隆司,candidate,analysis_term_no_stopwords,前項,0.00048567265662943174,2.09861228866811,0.0010192386054726128,1,1,2059,326
yamamoto,yamamoto,山本隆司,candidate,analysis_term_no_stopwords,割合,0.00048567265662943174,2.09861228866811,0.0010192386054726128,1,1,2059,327
yamamoto,yamamoto,山本隆司,candidate,analysis_term_no_stopwords,力強い,0.00048567265662943174,2.09861228866811,0.0010192386054726128,1,1,2059,328
yamamoto,yamamoto,山本隆司,candidate,analysis_term_no_stopwords,動向,0.00048567265662943174,2.09861228866811,0.0010192386054726128,1,1,2059,329
yamamoto,yamamoto,山本隆司,candidate,analysis_term_no_stopwords,動員,0.00048567265662943174,2.09861228866811,0.0010192386054726128,1,1,2059,330
yamamoto,yamamoto,山本隆司,candidate,analysis_term_no_stopwords,区別,0.00048567265662943174,2.09861228866811,0.0010192386054726128,1,1,2059,331
yamamoto,yamamoto,山本隆司,candidate,analysis_term_no_stopwords,半数,0.00048567265662943174,2.09861228866811,0.0010192386054726128,1,1,2059,332
yamamoto,yamamoto,山本隆司,candidate,analysis_term_no_stopwords,協議,0.00048567265662943174,2.09861228866811,0.0010192386054726128,1,1,2059,333
yamamoto,yamamoto,山本隆司,candidate,analysis_term_no_stopwords,即する,0.00048567265662943174,2.09861228866811,0.0010192386054726128,1,1,2059,334
yamamoto,yamamoto,山本隆司,candidate,analysis_term_no_stopwords,反対,0.00048567265662943174,2.09861228866811,0.0010192386054726128,1,1,2059,335
yamamoto,yamamoto,山本隆司,candidate,analysis_term_no_stopwords,収束,0.00048567265662943174,2.09861228866811,0.0010192386054726128,1,1,2059,336
yamamoto,yamamoto,山本隆司,candidate,analysis_term_no_stopwords,収益,0.00048567265662943174,2.09861228866811,0.0010192386054726128,1,1,2059,337
yamamoto,yamamoto,山本隆司,candidate,analysis_term_no_stopwords,収集,0.00048567265662943174,2.09861228866811,0.0010192386054726128,1,1,2059,338
yamamoto,yamamoto,山本隆司,candidate,analysis_term_no_stopwords,受益,0.00048567265662943174,2.09861228866811,0.0010192386054726128,1,1,2059,339
yamamoto,yamamoto,山本隆司,candidate,analysis_term_no_stopwords,各国,0.00048567265662943174,2.09861228866811,0.0010192386054726128,1,1,2059,340
yamamoto,yamamoto,山本隆司,candidate,analysis_term_no_stopwords,合致,0.00048567265662943174,2.09861228866811,0.0010192386054726128,1,1,2059,341
yamamoto,yamamoto,山本隆司,candidate,analysis_term_no_stopwords,唱える,0.00048567265662943174,2.09861228866811,0.0010192386054726128,1,1,2059,342
yamamoto,yamamoto,山本隆司,candidate,analysis_term_no_stopwords,図式,0.00048567265662943174,2.09861228866811,0.0010192386054726128,1,1,2059,343
yamamoto,yamamoto,山本隆司,candidate,analysis_term_no_stopwords,国籍,0.00048567265662943174,2.09861228866811,0.0010192386054726128,1,1,2059,344
yamamoto,yamamoto,山本隆司,candidate,analysis_term_no_stopwords,外国,0.00048567265662943174,2.09861228866811,0.0010192386054726128,1,1,2059,345
yamamoto,yamamoto,山本隆司,candidate,analysis_term_no_stopwords,契機,0.00048567265662943174,2.09861228866811,0.0010192386054726128,1,1,2059,346
yamamoto,yamamoto,山本隆司,candidate,analysis_term_no_stopwords,好機,0.00048567265662943174,2.09861228866811,0.0010192386054726128,1,1,2059,347
yamamoto,yamamoto,山本隆司,candidate,analysis_term_no_stopwords,如何,0.00048567265662943174,2.09861228866811,0.0010192386054726128,1,1,2059,348
yamamoto,yamamoto,山本隆司,candidate,analysis_term_no_stopwords,妨害,0.00048567265662943174,2.09861228866811,0.0010192386054726128,1,1,2059,349
yamamoto,yamamoto,山本隆司,candidate,analysis_term_no_stopwords,姿勢,0.00048567265662943174,2.09861228866811,0.0010192386054726128,1,1,2059,350
yamamoto,yamamoto,山本隆司,candidate,analysis_term_no_stopwords,定員,0.00048567265662943174,2.09861228866811,0.0010192386054726128,1,1,2059,351
yamamoto,yamamoto,山本隆司,candidate,analysis_term_no_stopwords,定着,0.00048567265662943174,2.09861228866811,0.0010192386054726128,1,1,2059,352
yamamoto,yamamoto,山本隆司,candidate,analysis_term_no_stopwords,実態,0.00048567265662943174,2.09861228866811,0.0010192386054726128,1,1,2059,353
yamamoto,yamamoto,山本隆司,candidate,analysis_term_no_stopwords,実質,0.00048567265662943174,2.09861228866811,0.0010192386054726128,1,1,2059,354
yamamoto,yamamoto,山本隆司,candidate,analysis_term_no_stopwords,宿題,0.00048567265662943174,2.09861228866811,0.0010192386054726128,1,1,2059,355
yamamoto,yamamoto,山本隆司,candidate,analysis_term_no_stopwords,寄せ集める,0.00048567265662943174,2.09861228866811,0.0010192386054726128,1,1,2059,356
yamamoto,yamamoto,山本隆司,candidate,analysis_term_no_stopwords,導入,0.00048567265662943174,2.09861228866811,0.0010192386054726128,1,1,2059,357
yamamoto,yamamoto,山本隆司,candidate,analysis_term_no_stopwords,小手,0.00048567265662943174,2.09861228866811,0.0010192386054726128,1,1,2059,358
yamamoto,yamamoto,山本隆司,candidate,analysis_term_no_stopwords,少ない,0.00048567265662943174,2.09861228866811,0.0010192386054726128,1,1,2059,359
yamamoto,yamamoto,山本隆司,candidate,analysis_term_no_stopwords,局所,0.00048567265662943174,2.09861228866811,0.0010192386054726128,1,1,2059,360
yamamoto,yamamoto,山本隆司,candidate,analysis_term_no_stopwords,差分,0.00048567265662943174,2.09861228866811,0.0010192386054726128,1,1,2059,361
yamamoto,yamamoto,山本隆司,candidate,analysis_term_no_stopwords,広がる,0.00048567265662943174,2.09861228866811,0.0010192386054726128,1,1,2059,362
yamamoto,yamamoto,山本隆司,candidate,analysis_term_no_stopwords,廃止,0.00048567265662943174,2.09861228866811,0.0010192386054726128,1,1,2059,363
yamamoto,yamamoto,山本隆司,candidate,analysis_term_no_stopwords,建設,0.00048567265662943174,2.09861228866811,0.0010192386054726128,1,1,2059,364
yamamoto,yamamoto,山本隆司,candidate,analysis_term_no_stopwords,弱点,0.00048567265662943174,2.09861228866811,0.0010192386054726128,1,1,2059,365
yamamoto,yamamoto,山本隆司,candidate,analysis_term_no_stopwords,強靭,0.00048567265662943174,2.09861228866811,0.0010192386054726128,1,1,2059,366
yamamoto,yamamoto,山本隆司,candidate,analysis_term_no_stopwords,当,0.00048567265662943174,2.09861228866811,0.0010192386054726128,1,1,2059,367
yamamoto,yamamoto,山本隆司,candidate,analysis_term_no_stopwords,当該,0.00048567265662943174,2.09861228866811,0.0010192386054726128,1,1,2059,368
yamamoto,yamamoto,山本隆司,candidate,analysis_term_no_stopwords,役員,0.00048567265662943174,2.09861228866811,0.0010192386054726128,1,1,2059,369
yamamoto,yamamoto,山本隆司,candidate,analysis_term_no_stopwords,性格,0.00048567265662943174,2.09861228866811,0.0010192386054726128,1,1,2059,370
yamamoto,yamamoto,山本隆司,candidate,analysis_term_no_stopwords,性質,0.00048567265662943174,2.09861228866811,0.0010192386054726128,1,1,2059,371
yamamoto,yamamoto,山本隆司,candidate,analysis_term_no_stopwords,恒常,0.00048567265662943174,2.09861228866811,0.0010192386054726128,1,1,2059,372
yamamoto,yamamoto,山本隆司,candidate,analysis_term_no_stopwords,所掌,0.00048567265662943174,2.09861228866811,0.0010192386054726128,1,1,2059,373
yamamoto,yamamoto,山本隆司,candidate,analysis_term_no_stopwords,把握,0.00048567265662943174,2.09861228866811,0.0010192386054726128,1,1,2059,374
yamamoto,yamamoto,山本隆司,candidate,analysis_term_no_stopwords,抑制,0.00048567265662943174,2.09861228866811,0.0010192386054726128,1,1,2059,375
yamamoto,yamamoto,山本隆司,candidate,analysis_term_no_stopwords,投入,0.00048567265662943174,2.09861228866811,0.0010192386054726128,1,1,2059,376
yamamoto,yamamoto,山本隆司,candidate,analysis_term_no_stopwords,押さえる,0.00048567265662943174,2.09861228866811,0.0010192386054726128,1,1,2059,377
yamamoto,yamamoto,山本隆司,candidate,analysis_term_no_stopwords,掛ける,0.00048567265662943174,2.09861228866811,0.0010192386054726128,1,1,2059,378
yamamoto,yamamoto,山本隆司,candidate,analysis_term_no_stopwords,接ぎ木,0.00048567265662943174,2.09861228866811,0.0010192386054726128,1,1,2059,379
yamamoto,yamamoto,山本隆司,candidate,analysis_term_no_stopwords,支配,0.00048567265662943174,2.09861228866811,0.0010192386054726128,1,1,2059,380
yamamoto,yamamoto,山本隆司,candidate,analysis_term_no_stopwords,支障,0.00048567265662943174,2.09861228866811,0.0010192386054726128,1,1,2059,381
yamamoto,yamamoto,山本隆司,candidate,analysis_term_no_stopwords,改修,0.00048567265662943174,2.09861228866811,0.0010192386054726128,1,1,2059,382
yamamoto,yamamoto,山本隆司,candidate,analysis_term_no_stopwords,政,0.00048567265662943174,2.09861228866811,0.0010192386054726128,1,1,2059,383
yamamoto,yamamoto,山本隆司,candidate,analysis_term_no_stopwords,日程,0.00048567265662943174,2.09861228866811,0.0010192386054726128,1,1,2059,384
yamamoto,yamamoto,山本隆司,candidate,analysis_term_no_stopwords,普及,0.00048567265662943174,2.09861228866811,0.0010192386054726128,1,1,2059,385
yamamoto,yamamoto,山本隆司,candidate,analysis_term_no_stopwords,有識,0.00048567265662943174,2.09861228866811,0.0010192386054726128,1,1,2059,386
yamamoto,yamamoto,山本隆司,candidate,analysis_term_no_stopwords,核心,0.00048567265662943174,2.09861228866811,0.0010192386054726128,1,1,2059,387
yamamoto,yamamoto,山本隆司,candidate,analysis_term_no_stopwords,標準,0.00048567265662943174,2.09861228866811,0.0010192386054726128,1,1,2059,388
yamamoto,yamamoto,山本隆司,candidate,analysis_term_no_stopwords,横,0.00048567265662943174,2.09861228866811,0.0010192386054726128,1,1,2059,389
yamamoto,yamamoto,山本隆司,candidate,analysis_term_no_stopwords,次第,0.00048567265662943174,2.09861228866811,0.0010192386054726128,1,1,2059,390
yamamoto,yamamoto,山本隆司,candidate,analysis_term_no_stopwords,注意,0.00048567265662943174,2.09861228866811,0.0010192386054726128,1,1,2059,391
yamamoto,yamamoto,山本隆司,candidate,analysis_term_no_stopwords,活性,0.00048567265662943174,2.09861228866811,0.0010192386054726128,1,1,2059,392
yamamoto,yamamoto,山本隆司,candidate,analysis_term_no_stopwords,深める,0.00048567265662943174,2.09861228866811,0.0010192386054726128,1,1,2059,393
yamamoto,yamamoto,山本隆司,candidate,analysis_term_no_stopwords,減らす,0.00048567265662943174,2.09861228866811,0.0010192386054726128,1,1,2059,394
yamamoto,yamamoto,山本隆司,candidate,analysis_term_no_stopwords,減る,0.00048567265662943174,2.09861228866811,0.0010192386054726128,1,1,2059,395
yamamoto,yamamoto,山本隆司,candidate,analysis_term_no_stopwords,測る,0.00048567265662943174,2.09861228866811,0.0010192386054726128,1,1,2059,396
yamamoto,yamamoto,山本隆司,candidate,analysis_term_no_stopwords,漸進,0.00048567265662943174,2.09861228866811,0.0010192386054726128,1,1,2059,397
yamamoto,yamamoto,山本隆司,candidate,analysis_term_no_stopwords,激しい,0.00048567265662943174,2.09861228866811,0.0010192386054726128,1,1,2059,398
yamamoto,yamamoto,山本隆司,candidate,analysis_term_no_stopwords,無くす,0.00048567265662943174,2.09861228866811,0.0010192386054726128,1,1,2059,399
yamamoto,yamamoto,山本隆司,candidate,analysis_term_no_stopwords,照らす,0.00048567265662943174,2.09861228866811,0.0010192386054726128,1,1,2059,400
yamamoto,yamamoto,山本隆司,candidate,analysis_term_no_stopwords,特化,0.00048567265662943174,2.09861228866811,0.0010192386054726128,1,1,2059,401
yamamoto,yamamoto,山本隆司,candidate,analysis_term_no_stopwords,独任,0.00048567265662943174,2.09861228866811,0.0010192386054726128,1,1,2059,402
yamamoto,yamamoto,山本隆司,candidate,analysis_term_no_stopwords,現われる,0.00048567265662943174,2.09861228866811,0.0010192386054726128,1,1,2059,403
yamamoto,yamamoto,山本隆司,candidate,analysis_term_no_stopwords,生活,0.00048567265662943174,2.09861228866811,0.0010192386054726128,1,1,2059,404
yamamoto,yamamoto,山本隆司,candidate,analysis_term_no_stopwords,用語,0.00048567265662943174,2.09861228866811,0.0010192386054726128,1,1,2059,405
yamamoto,yamamoto,山本隆司,candidate,analysis_term_no_stopwords,由来,0.00048567265662943174,2.09861228866811,0.0010192386054726128,1,1,2059,406
yamamoto,yamamoto,山本隆司,candidate,analysis_term_no_stopwords,発見,0.00048567265662943174,2.09861228866811,0.0010192386054726128,1,1,2059,407
yamamoto,yamamoto,山本隆司,candidate,analysis_term_no_stopwords,目前,0.00048567265662943174,2.09861228866811,0.0010192386054726128,1,1,2059,408
yamamoto,yamamoto,山本隆司,candidate,analysis_term_no_stopwords,直接,0.00048567265662943174,2.09861228866811,0.0010192386054726128,1,1,2059,409
yamamoto,yamamoto,山本隆司,candidate,analysis_term_no_stopwords,相応,0.00048567265662943174,2.09861228866811,0.0010192386054726128,1,1,2059,410
yamamoto,yamamoto,山本隆司,candidate,analysis_term_no_stopwords,研修,0.00048567265662943174,2.09861228866811,0.0010192386054726128,1,1,2059,411
yamamoto,yamamoto,山本隆司,candidate,analysis_term_no_stopwords,称する,0.00048567265662943174,2.09861228866811,0.0010192386054726128,1,1,2059,412
yamamoto,yamamoto,山本隆司,candidate,analysis_term_no_stopwords,移す,0.00048567265662943174,2.09861228866811,0.0010192386054726128,1,1,2059,413
yamamoto,yamamoto,山本隆司,candidate,analysis_term_no_stopwords,積み重ねる,0.00048567265662943174,2.09861228866811,0.0010192386054726128,1,1,2059,414
yamamoto,yamamoto,山本隆司,candidate,analysis_term_no_stopwords,組み合わせ,0.00048567265662943174,2.09861228866811,0.0010192386054726128,1,1,2059,415
yamamoto,yamamoto,山本隆司,candidate,analysis_term_no_stopwords,組み替え,0.00048567265662943174,2.09861228866811,0.0010192386054726128,1,1,2059,416
yamamoto,yamamoto,山本隆司,candidate,analysis_term_no_stopwords,統一,0.00048567265662943174,2.09861228866811,0.0010192386054726128,1,1,2059,417
yamamoto,yamamoto,山本隆司,candidate,analysis_term_no_stopwords,継ぎ足す,0.00048567265662943174,2.09861228866811,0.0010192386054726128,1,1,2059,418
yamamoto,yamamoto,山本隆司,candidate,analysis_term_no_stopwords,編成,0.00048567265662943174,2.09861228866811,0.0010192386054726128,1,1,2059,419
yamamoto,yamamoto,山本隆司,candidate,analysis_term_no_stopwords,縦割り,0.00048567265662943174,2.09861228866811,0.0010192386054726128,1,1,2059,420
yamamoto,yamamoto,山本隆司,candidate,analysis_term_no_stopwords,縦横,0.00048567265662943174,2.09861228866811,0.0010192386054726128,1,1,2059,421
yamamoto,yamamoto,山本隆司,candidate,analysis_term_no_stopwords,縮小,0.00048567265662943174,2.09861228866811,0.0010192386054726128,1,1,2059,422
yamamoto,yamamoto,山本隆司,candidate,analysis_term_no_stopwords,老朽,0.00048567265662943174,2.09861228866811,0.0010192386054726128,1,1,2059,423
yamamoto,yamamoto,山本隆司,candidate,analysis_term_no_stopwords,自己,0.00048567265662943174,2.09861228866811,0.0010192386054726128,1,1,2059,424
yamamoto,yamamoto,山本隆司,candidate,analysis_term_no_stopwords,見定める,0.00048567265662943174,2.09861228866811,0.0010192386054726128,1,1,2059,425
yamamoto,yamamoto,山本隆司,candidate,analysis_term_no_stopwords,規制,0.00048567265662943174,2.09861228866811,0.0010192386054726128,1,1,2059,426
yamamoto,yamamoto,山本隆司,candidate,analysis_term_no_stopwords,言い合う,0.00048567265662943174,2.09861228866811,0.0010192386054726128,1,1,2059,427
yamamoto,yamamoto,山本隆司,candidate,analysis_term_no_stopwords,記述,0.00048567265662943174,2.09861228866811,0.0010192386054726128,1,1,2059,428
yamamoto,yamamoto,山本隆司,candidate,analysis_term_no_stopwords,設ける,0.00048567265662943174,2.09861228866811,0.0010192386054726128,1,1,2059,429
yamamoto,yamamoto,山本隆司,candidate,analysis_term_no_stopwords,詰める,0.00048567265662943174,2.09861228866811,0.0010192386054726128,1,1,2059,430
yamamoto,yamamoto,山本隆司,candidate,analysis_term_no_stopwords,論文,0.00048567265662943174,2.09861228866811,0.0010192386054726128,1,1,2059,431
yamamoto,yamamoto,山本隆司,candidate,analysis_term_no_stopwords,資する,0.00048567265662943174,2.09861228866811,0.0010192386054726128,1,1,2059,432
yamamoto,yamamoto,山本隆司,candidate,analysis_term_no_stopwords,走る,0.00048567265662943174,2.09861228866811,0.0010192386054726128,1,1,2059,433
yamamoto,yamamoto,山本隆司,candidate,analysis_term_no_stopwords,転換,0.00048567265662943174,2.09861228866811,0.0010192386054726128,1,1,2059,434
yamamoto,yamamoto,山本隆司,candidate,analysis_term_no_stopwords,軽減,0.00048567265662943174,2.09861228866811,0.0010192386054726128,1,1,2059,435
yamamoto,yamamoto,山本隆司,candidate,analysis_term_no_stopwords,輸出,0.00048567265662943174,2.09861228866811,0.0010192386054726128,1,1,2059,436
yamamoto,yamamoto,山本隆司,candidate,analysis_term_no_stopwords,輻湊,0.00048567265662943174,2.09861228866811,0.0010192386054726128,1,1,2059,437
yamamoto,yamamoto,山本隆司,candidate,analysis_term_no_stopwords,近代,0.00048567265662943174,2.09861228866811,0.0010192386054726128,1,1,2059,438
yamamoto,yamamoto,山本隆司,candidate,analysis_term_no_stopwords,追い付く,0.00048567265662943174,2.09861228866811,0.0010192386054726128,1,1,2059,439
yamamoto,yamamoto,山本隆司,candidate,analysis_term_no_stopwords,追加,0.00048567265662943174,2.09861228866811,0.0010192386054726128,1,1,2059,440
yamamoto,yamamoto,山本隆司,candidate,analysis_term_no_stopwords,連れる,0.00048567265662943174,2.09861228866811,0.0010192386054726128,1,1,2059,441
yamamoto,yamamoto,山本隆司,candidate,analysis_term_no_stopwords,進度,0.00048567265662943174,2.09861228866811,0.0010192386054726128,1,1,2059,442
yamamoto,yamamoto,山本隆司,candidate,analysis_term_no_stopwords,進捗,0.00048567265662943174,2.09861228866811,0.0010192386054726128,1,1,2059,443
yamamoto,yamamoto,山本隆司,candidate,analysis_term_no_stopwords,道標,0.00048567265662943174,2.09861228866811,0.0010192386054726128,1,1,2059,444
yamamoto,yamamoto,山本隆司,candidate,analysis_term_no_stopwords,部分,0.00048567265662943174,2.09861228866811,0.0010192386054726128,1,1,2059,445
yamamoto,yamamoto,山本隆司,candidate,analysis_term_no_stopwords,阻害,0.00048567265662943174,2.09861228866811,0.0010192386054726128,1,1,2059,446
yamamoto,yamamoto,山本隆司,candidate,analysis_term_no_stopwords,限界,0.00048567265662943174,2.09861228866811,0.0010192386054726128,1,1,2059,447
yamamoto,yamamoto,山本隆司,candidate,analysis_term_no_stopwords,頃,0.00048567265662943174,2.09861228866811,0.0010192386054726128,1,1,2059,448
yamamoto,yamamoto,山本隆司,candidate,analysis_term_no_stopwords,順位,0.00048567265662943174,2.09861228866811,0.0010192386054726128,1,1,2059,449
yamamoto,yamamoto,山本隆司,candidate,analysis_term_no_stopwords,風通し,0.00048567265662943174,2.09861228866811,0.0010192386054726128,1,1,2059,450
yamamoto,yamamoto,山本隆司,candidate,analysis_term_no_stopwords,人材,0.0009713453132588635,1.0,0.0009713453132588635,2,5,2059,451
yamamoto,yamamoto,山本隆司,candidate,analysis_term_no_stopwords,基づく,0.0009713453132588635,1.0,0.0009713453132588635,2,5,2059,452
yamamoto,yamamoto,山本隆司,candidate,analysis_term_no_stopwords,生み出す,0.0009713453132588635,1.0,0.0009713453132588635,2,5,2059,453
yamamoto,yamamoto,山本隆司,candidate,analysis_term_no_stopwords,経営,0.0009713453132588635,1.0,0.0009713453132588635,2,5,2059,454
yamamoto,yamamoto,山本隆司,candidate,analysis_term_no_stopwords,wings,0.00048567265662943174,1.6931471805599454,0.0008223152892471808,1,2,2059,455
yamamoto,yamamoto,山本隆司,candidate,analysis_term_no_stopwords,ダブル-double,0.00048567265662943174,1.6931471805599454,0.0008223152892471808,1,2,2059,456
yamamoto,yamamoto,山本隆司,candidate,analysis_term_no_stopwords,ディグリー-degree,0.00048567265662943174,1.6931471805599454,0.0008223152892471808,1,2,2059,457
yamamoto,yamamoto,山本隆司,candidate,analysis_term_no_stopwords,トップ-top,0.00048567265662943174,1.6931471805599454,0.0008223152892471808,1,2,2059,458
yamamoto,yamamoto,山本隆司,candidate,analysis_term_no_stopwords,ネットワーク-network,0.00048567265662943174,1.6931471805599454,0.0008223152892471808,1,2,2059,459
yamamoto,yamamoto,山本隆司,candidate,analysis_term_no_stopwords,プレゼンス-presence,0.00048567265662943174,1.6931471805599454,0.0008223152892471808,1,2,2059,460
yamamoto,yamamoto,山本隆司,candidate,analysis_term_no_stopwords,ランキング-ranking,0.00048567265662943174,1.6931471805599454,0.0008223152892471808,1,2,2059,461
yamamoto,yamamoto,山本隆司,candidate,analysis_term_no_stopwords,人口,0.00048567265662943174,1.6931471805599454,0.0008223152892471808,1,2,2059,462
yamamoto,yamamoto,山本隆司,candidate,analysis_term_no_stopwords,低下,0.00048567265662943174,1.6931471805599454,0.0008223152892471808,1,2,2059,463
yamamoto,yamamoto,山本隆司,candidate,analysis_term_no_stopwords,余地,0.00048567265662943174,1.6931471805599454,0.0008223152892471808,1,2,2059,464
yamamoto,yamamoto,山本隆司,candidate,analysis_term_no_stopwords,作り込む,0.00048567265662943174,1.6931471805599454,0.0008223152892471808,1,2,2059,465
yamamoto,yamamoto,山本隆司,candidate,analysis_term_no_stopwords,保つ,0.00048567265662943174,1.6931471805599454,0.0008223152892471808,1,2,2059,466
yamamoto,yamamoto,山本隆司,candidate,analysis_term_no_stopwords,修士,0.00048567265662943174,1.6931471805599454,0.0008223152892471808,1,2,2059,467
yamamoto,yamamoto,山本隆司,candidate,analysis_term_no_stopwords,個人,0.00048567265662943174,1.6931471805599454,0.0008223152892471808,1,2,2059,468
yamamoto,yamamoto,山本隆司,candidate,analysis_term_no_stopwords,個性,0.00048567265662943174,1.6931471805599454,0.0008223152892471808,1,2,2059,469
yamamoto,yamamoto,山本隆司,candidate,analysis_term_no_stopwords,別,0.00048567265662943174,1.6931471805599454,0.0008223152892471808,1,2,2059,470
yamamoto,yamamoto,山本隆司,candidate,analysis_term_no_stopwords,削減,0.00048567265662943174,1.6931471805599454,0.0008223152892471808,1,2,2059,471
yamamoto,yamamoto,山本隆司,candidate,analysis_term_no_stopwords,加わる,0.00048567265662943174,1.6931471805599454,0.0008223152892471808,1,2,2059,472
yamamoto,yamamoto,山本隆司,candidate,analysis_term_no_stopwords,厳しい,0.00048567265662943174,1.6931471805599454,0.0008223152892471808,1,2,2059,473
yamamoto,yamamoto,山本隆司,candidate,analysis_term_no_stopwords,参画,0.00048567265662943174,1.6931471805599454,0.0008223152892471808,1,2,2059,474
yamamoto,yamamoto,山本隆司,candidate,analysis_term_no_stopwords,取り組み,0.00048567265662943174,1.6931471805599454,0.0008223152892471808,1,2,2059,475
yamamoto,yamamoto,山本隆司,candidate,analysis_term_no_stopwords,合う,0.00048567265662943174,1.6931471805599454,0.0008223152892471808,1,2,2059,476
yamamoto,yamamoto,山本隆司,candidate,analysis_term_no_stopwords,問い直す,0.00048567265662943174,1.6931471805599454,0.0008223152892471808,1,2,2059,477
yamamoto,yamamoto,山本隆司,candidate,analysis_term_no_stopwords,国内外,0.00048567265662943174,1.6931471805599454,0.0008223152892471808,1,2,2059,478
yamamoto,yamamoto,山本隆司,candidate,analysis_term_no_stopwords,国家,0.00048567265662943174,1.6931471805599454,0.0008223152892471808,1,2,2059,479
yamamoto,yamamoto,山本隆司,candidate,analysis_term_no_stopwords,地域,0.00048567265662943174,1.6931471805599454,0.0008223152892471808,1,2,2059,480
yamamoto,yamamoto,山本隆司,candidate,analysis_term_no_stopwords,失う,0.00048567265662943174,1.6931471805599454,0.0008223152892471808,1,2,2059,481
yamamoto,yamamoto,山本隆司,candidate,analysis_term_no_stopwords,委員,0.00048567265662943174,1.6931471805599454,0.0008223152892471808,1,2,2059,482
yamamoto,yamamoto,山本隆司,candidate,analysis_term_no_stopwords,学修,0.00048567265662943174,1.6931471805599454,0.0008223152892471808,1,2,2059,483
yamamoto,yamamoto,山本隆司,candidate,analysis_term_no_stopwords,学外,0.00048567265662943174,1.6931471805599454,0.0008223152892471808,1,2,2059,484
yamamoto,yamamoto,山本隆司,candidate,analysis_term_no_stopwords,実装,0.00048567265662943174,1.6931471805599454,0.0008223152892471808,1,2,2059,485
yamamoto,yamamoto,山本隆司,candidate,analysis_term_no_stopwords,対象,0.00048567265662943174,1.6931471805599454,0.0008223152892471808,1,2,2059,486
yamamoto,yamamoto,山本隆司,candidate,analysis_term_no_stopwords,幅,0.00048567265662943174,1.6931471805599454,0.0008223152892471808,1,2,2059,487
yamamoto,yamamoto,山本隆司,candidate,analysis_term_no_stopwords,強み,0.00048567265662943174,1.6931471805599454,0.0008223152892471808,1,2,2059,488
yamamoto,yamamoto,山本隆司,candidate,analysis_term_no_stopwords,所与,0.00048567265662943174,1.6931471805599454,0.0008223152892471808,1,2,2059,489
yamamoto,yamamoto,山本隆司,candidate,analysis_term_no_stopwords,所属,0.00048567265662943174,1.6931471805599454,0.0008223152892471808,1,2,2059,490
yamamoto,yamamoto,山本隆司,candidate,analysis_term_no_stopwords,手段,0.00048567265662943174,1.6931471805599454,0.0008223152892471808,1,2,2059,491
yamamoto,yamamoto,山本隆司,candidate,analysis_term_no_stopwords,手続き,0.00048567265662943174,1.6931471805599454,0.0008223152892471808,1,2,2059,492
yamamoto,yamamoto,山本隆司,candidate,analysis_term_no_stopwords,抑,0.00048567265662943174,1.6931471805599454,0.0008223152892471808,1,2,2059,493
yamamoto,yamamoto,山本隆司,candidate,analysis_term_no_stopwords,指導,0.00048567265662943174,1.6931471805599454,0.0008223152892471808,1,2,2059,494
yamamoto,yamamoto,山本隆司,candidate,analysis_term_no_stopwords,捕らえる,0.00048567265662943174,1.6931471805599454,0.0008223152892471808,1,2,2059,495
yamamoto,yamamoto,山本隆司,candidate,analysis_term_no_stopwords,採用,0.00048567265662943174,1.6931471805599454,0.0008223152892471808,1,2,2059,496
yamamoto,yamamoto,山本隆司,candidate,analysis_term_no_stopwords,提案,0.00048567265662943174,1.6931471805599454,0.0008223152892471808,1,2,2059,497
yamamoto,yamamoto,山本隆司,candidate,analysis_term_no_stopwords,損なう,0.00048567265662943174,1.6931471805599454,0.0008223152892471808,1,2,2059,498
yamamoto,yamamoto,山本隆司,candidate,analysis_term_no_stopwords,政治,0.00048567265662943174,1.6931471805599454,0.0008223152892471808,1,2,2059,499
yamamoto,yamamoto,山本隆司,candidate,analysis_term_no_stopwords,方法,0.00048567265662943174,1.6931471805599454,0.0008223152892471808,1,2,2059,500
yamamoto,yamamoto,山本隆司,candidate,analysis_term_no_stopwords,最終,0.00048567265662943174,1.6931471805599454,0.0008223152892471808,1,2,2059,501
yamamoto,yamamoto,山本隆司,candidate,analysis_term_no_stopwords,検討,0.00048567265662943174,1.6931471805599454,0.0008223152892471808,1,2,2059,502
yamamoto,yamamoto,山本隆司,candidate,analysis_term_no_stopwords,機構,0.00048567265662943174,1.6931471805599454,0.0008223152892471808,1,2,2059,503
yamamoto,yamamoto,山本隆司,candidate,analysis_term_no_stopwords,比率,0.00048567265662943174,1.6931471805599454,0.0008223152892471808,1,2,2059,504
yamamoto,yamamoto,山本隆司,candidate,analysis_term_no_stopwords,決断,0.00048567265662943174,1.6931471805599454,0.0008223152892471808,1,2,2059,505
yamamoto,yamamoto,山本隆司,candidate,analysis_term_no_stopwords,減少,0.00048567265662943174,1.6931471805599454,0.0008223152892471808,1,2,2059,506
yamamoto,yamamoto,山本隆司,candidate,analysis_term_no_stopwords,準備,0.00048567265662943174,1.6931471805599454,0.0008223152892471808,1,2,2059,507
yamamoto,yamamoto,山本隆司,candidate,analysis_term_no_stopwords,生ずる,0.00048567265662943174,1.6931471805599454,0.0008223152892471808,1,2,2059,508
yamamoto,yamamoto,山本隆司,candidate,analysis_term_no_stopwords,生まれる,0.00048567265662943174,1.6931471805599454,0.0008223152892471808,1,2,2059,509
yamamoto,yamamoto,山本隆司,candidate,analysis_term_no_stopwords,用いる,0.00048567265662943174,1.6931471805599454,0.0008223152892471808,1,2,2059,510
yamamoto,yamamoto,山本隆司,candidate,analysis_term_no_stopwords,発表,0.00048567265662943174,1.6931471805599454,0.0008223152892471808,1,2,2059,511
yamamoto,yamamoto,山本隆司,candidate,analysis_term_no_stopwords,監視,0.00048567265662943174,1.6931471805599454,0.0008223152892471808,1,2,2059,512
yamamoto,yamamoto,山本隆司,candidate,analysis_term_no_stopwords,真価,0.00048567265662943174,1.6931471805599454,0.0008223152892471808,1,2,2059,513
yamamoto,yamamoto,山本隆司,candidate,analysis_term_no_stopwords,科長,0.00048567265662943174,1.6931471805599454,0.0008223152892471808,1,2,2059,514
yamamoto,yamamoto,山本隆司,candidate,analysis_term_no_stopwords,立てる,0.00048567265662943174,1.6931471805599454,0.0008223152892471808,1,2,2059,515
yamamoto,yamamoto,山本隆司,candidate,analysis_term_no_stopwords,答える,0.00048567265662943174,1.6931471805599454,0.0008223152892471808,1,2,2059,516
yamamoto,yamamoto,山本隆司,candidate,analysis_term_no_stopwords,策定,0.00048567265662943174,1.6931471805599454,0.0008223152892471808,1,2,2059,517
yamamoto,yamamoto,山本隆司,candidate,analysis_term_no_stopwords,置く,0.00048567265662943174,1.6931471805599454,0.0008223152892471808,1,2,2059,518
yamamoto,yamamoto,山本隆司,candidate,analysis_term_no_stopwords,至る,0.00048567265662943174,1.6931471805599454,0.0008223152892471808,1,2,2059,519
yamamoto,yamamoto,山本隆司,candidate,analysis_term_no_stopwords,表面,0.00048567265662943174,1.6931471805599454,0.0008223152892471808,1,2,2059,520
yamamoto,yamamoto,山本隆司,candidate,analysis_term_no_stopwords,要素,0.00048567265662943174,1.6931471805599454,0.0008223152892471808,1,2,2059,521
yamamoto,yamamoto,山本隆司,candidate,analysis_term_no_stopwords,解,0.00048567265662943174,1.6931471805599454,0.0008223152892471808,1,2,2059,522
yamamoto,yamamoto,山本隆司,candidate,analysis_term_no_stopwords,言語,0.00048567265662943174,1.6931471805599454,0.0008223152892471808,1,2,2059,523
yamamoto,yamamoto,山本隆司,candidate,analysis_term_no_stopwords,説明,0.00048567265662943174,1.6931471805599454,0.0008223152892471808,1,2,2059,524
yamamoto,yamamoto,山本隆司,candidate,analysis_term_no_stopwords,調整,0.00048567265662943174,1.6931471805599454,0.0008223152892471808,1,2,2059,525
yamamoto,yamamoto,山本隆司,candidate,analysis_term_no_stopwords,負担,0.00048567265662943174,1.6931471805599454,0.0008223152892471808,1,2,2059,526
yamamoto,yamamoto,山本隆司,candidate,analysis_term_no_stopwords,費用,0.00048567265662943174,1.6931471805599454,0.0008223152892471808,1,2,2059,527
yamamoto,yamamoto,山本隆司,candidate,analysis_term_no_stopwords,距離,0.00048567265662943174,1.6931471805599454,0.0008223152892471808,1,2,2059,528
yamamoto,yamamoto,山本隆司,candidate,analysis_term_no_stopwords,迎える,0.00048567265662943174,1.6931471805599454,0.0008223152892471808,1,2,2059,529
yamamoto,yamamoto,山本隆司,candidate,analysis_term_no_stopwords,逆,0.00048567265662943174,1.6931471805599454,0.0008223152892471808,1,2,2059,530
yamamoto,yamamoto,山本隆司,candidate,analysis_term_no_stopwords,過程,0.00048567265662943174,1.6931471805599454,0.0008223152892471808,1,2,2059,531
yamamoto,yamamoto,山本隆司,candidate,analysis_term_no_stopwords,道筋,0.00048567265662943174,1.6931471805599454,0.0008223152892471808,1,2,2059,532
yamamoto,yamamoto,山本隆司,candidate,analysis_term_no_stopwords,違い,0.00048567265662943174,1.6931471805599454,0.0008223152892471808,1,2,2059,533
yamamoto,yamamoto,山本隆司,candidate,analysis_term_no_stopwords,部門,0.00048567265662943174,1.6931471805599454,0.0008223152892471808,1,2,2059,534
yamamoto,yamamoto,山本隆司,candidate,analysis_term_no_stopwords,重視,0.00048567265662943174,1.6931471805599454,0.0008223152892471808,1,2,2059,535
yamamoto,yamamoto,山本隆司,candidate,analysis_term_no_stopwords,間接,0.00048567265662943174,1.6931471805599454,0.0008223152892471808,1,2,2059,536
yamamoto,yamamoto,山本隆司,candidate,analysis_term_no_stopwords,雇用,0.00048567265662943174,1.6931471805599454,0.0008223152892471808,1,2,2059,537
yamamoto,yamamoto,山本隆司,candidate,analysis_term_no_stopwords,高まる,0.00048567265662943174,1.6931471805599454,0.0008223152892471808,1,2,2059,538
yamamoto,yamamoto,山本隆司,candidate,analysis_term_no_stopwords,イノベーション-innovation,0.00048567265662943174,1.4054651081081644,0.0006825959728548636,1,3,2059,539
yamamoto,yamamoto,山本隆司,candidate,analysis_term_no_stopwords,プログラム-program,0.00048567265662943174,1.4054651081081644,0.0006825959728548636,1,3,2059,540
yamamoto,yamamoto,山本隆司,candidate,analysis_term_no_stopwords,モデル-model,0.00048567265662943174,1.4054651081081644,0.0006825959728548636,1,3,2059,541
yamamoto,yamamoto,山本隆司,candidate,analysis_term_no_stopwords,世代,0.00048567265662943174,1.4054651081081644,0.0006825959728548636,1,3,2059,542
yamamoto,yamamoto,山本隆司,candidate,analysis_term_no_stopwords,予算,0.00048567265662943174,1.4054651081081644,0.0006825959728548636,1,3,2059,543
yamamoto,yamamoto,山本隆司,candidate,analysis_term_no_stopwords,仕舞う,0.00048567265662943174,1.4054651081081644,0.0006825959728548636,1,3,2059,544
yamamoto,yamamoto,山本隆司,candidate,analysis_term_no_stopwords,付く,0.00048567265662943174,1.4054651081081644,0.0006825959728548636,1,3,2059,545
yamamoto,yamamoto,山本隆司,candidate,analysis_term_no_stopwords,会,0.00048567265662943174,1.4054651081081644,0.0006825959728548636,1,3,2059,546
yamamoto,yamamoto,山本隆司,candidate,analysis_term_no_stopwords,候補,0.00048567265662943174,1.4054651081081644,0.0006825959728548636,1,3,2059,547
yamamoto,yamamoto,山本隆司,candidate,analysis_term_no_stopwords,共有,0.00048567265662943174,1.4054651081081644,0.0006825959728548636,1,3,2059,548
yamamoto,yamamoto,山本隆司,candidate,analysis_term_no_stopwords,分析,0.00048567265662943174,1.4054651081081644,0.0006825959728548636,1,3,2059,549
yamamoto,yamamoto,山本隆司,candidate,analysis_term_no_stopwords,合わせる,0.00048567265662943174,1.4054651081081644,0.0006825959728548636,1,3,2059,550
yamamoto,yamamoto,山本隆司,candidate,analysis_term_no_stopwords,含める,0.00048567265662943174,1.4054651081081644,0.0006825959728548636,1,3,2059,551
yamamoto,yamamoto,山本隆司,candidate,analysis_term_no_stopwords,国内,0.00048567265662943174,1.4054651081081644,0.0006825959728548636,1,3,2059,552
yamamoto,yamamoto,山本隆司,candidate,analysis_term_no_stopwords,変動,0.00048567265662943174,1.4054651081081644,0.0006825959728548636,1,3,2059,553
yamamoto,yamamoto,山本隆司,candidate,analysis_term_no_stopwords,変化,0.00048567265662943174,1.4054651081081644,0.0006825959728548636,1,3,2059,554
yamamoto,yamamoto,山本隆司,candidate,analysis_term_no_stopwords,奉仕,0.00048567265662943174,1.4054651081081644,0.0006825959728548636,1,3,2059,555
yamamoto,yamamoto,山本隆司,candidate,analysis_term_no_stopwords,学ぶ,0.00048567265662943174,1.4054651081081644,0.0006825959728548636,1,3,2059,556
yamamoto,yamamoto,山本隆司,candidate,analysis_term_no_stopwords,実務,0.00048567265662943174,1.4054651081081644,0.0006825959728548636,1,3,2059,557
yamamoto,yamamoto,山本隆司,candidate,analysis_term_no_stopwords,年,0.00048567265662943174,1.4054651081081644,0.0006825959728548636,1,3,2059,558
yamamoto,yamamoto,山本隆司,candidate,analysis_term_no_stopwords,形,0.00048567265662943174,1.4054651081081644,0.0006825959728548636,1,3,2059,559
yamamoto,yamamoto,山本隆司,candidate,analysis_term_no_stopwords,成長,0.00048567265662943174,1.4054651081081644,0.0006825959728548636,1,3,2059,560
yamamoto,yamamoto,山本隆司,candidate,analysis_term_no_stopwords,拡充,0.00048567265662943174,1.4054651081081644,0.0006825959728548636,1,3,2059,561
yamamoto,yamamoto,山本隆司,candidate,analysis_term_no_stopwords,整備,0.00048567265662943174,1.4054651081081644,0.0006825959728548636,1,3,2059,562
yamamoto,yamamoto,山本隆司,candidate,analysis_term_no_stopwords,既存,0.00048567265662943174,1.4054651081081644,0.0006825959728548636,1,3,2059,563
yamamoto,yamamoto,山本隆司,candidate,analysis_term_no_stopwords,時,0.00048567265662943174,1.4054651081081644,0.0006825959728548636,1,3,2059,564
yamamoto,yamamoto,山本隆司,candidate,analysis_term_no_stopwords,来る,0.00048567265662943174,1.4054651081081644,0.0006825959728548636,1,3,2059,565
yamamoto,yamamoto,山本隆司,candidate,analysis_term_no_stopwords,機関,0.00048567265662943174,1.4054651081081644,0.0006825959728548636,1,3,2059,566
yamamoto,yamamoto,山本隆司,candidate,analysis_term_no_stopwords,歴史,0.00048567265662943174,1.4054651081081644,0.0006825959728548636,1,3,2059,567
yamamoto,yamamoto,山本隆司,candidate,analysis_term_no_stopwords,民主,0.00048567265662943174,1.4054651081081644,0.0006825959728548636,1,3,2059,568
yamamoto,yamamoto,山本隆司,candidate,analysis_term_no_stopwords,気候,0.00048567265662943174,1.4054651081081644,0.0006825959728548636,1,3,2059,569
yamamoto,yamamoto,山本隆司,candidate,analysis_term_no_stopwords,決める,0.00048567265662943174,1.4054651081081644,0.0006825959728548636,1,3,2059,570
yamamoto,yamamoto,山本隆司,candidate,analysis_term_no_stopwords,渡る,0.00048567265662943174,1.4054651081081644,0.0006825959728548636,1,3,2059,571
yamamoto,yamamoto,山本隆司,candidate,analysis_term_no_stopwords,特性,0.00048567265662943174,1.4054651081081644,0.0006825959728548636,1,3,2059,572
yamamoto,yamamoto,山本隆司,candidate,analysis_term_no_stopwords,理念,0.00048567265662943174,1.4054651081081644,0.0006825959728548636,1,3,2059,573
yamamoto,yamamoto,山本隆司,candidate,analysis_term_no_stopwords,留める,0.00048567265662943174,1.4054651081081644,0.0006825959728548636,1,3,2059,574
yamamoto,yamamoto,山本隆司,candidate,analysis_term_no_stopwords,立つ,0.00048567265662943174,1.4054651081081644,0.0006825959728548636,1,3,2059,575
yamamoto,yamamoto,山本隆司,candidate,analysis_term_no_stopwords,自律,0.00048567265662943174,1.4054651081081644,0.0006825959728548636,1,3,2059,576
yamamoto,yamamoto,山本隆司,candidate,analysis_term_no_stopwords,規模,0.00048567265662943174,1.4054651081081644,0.0006825959728548636,1,3,2059,577
yamamoto,yamamoto,山本隆司,candidate,analysis_term_no_stopwords,設備,0.00048567265662943174,1.4054651081081644,0.0006825959728548636,1,3,2059,578
yamamoto,yamamoto,山本隆司,candidate,analysis_term_no_stopwords,議論,0.00048567265662943174,1.4054651081081644,0.0006825959728548636,1,3,2059,579
yamamoto,yamamoto,山本隆司,candidate,analysis_term_no_stopwords,負う,0.00048567265662943174,1.4054651081081644,0.0006825959728548636,1,3,2059,580
yamamoto,yamamoto,山本隆司,candidate,analysis_term_no_stopwords,通り,0.00048567265662943174,1.4054651081081644,0.0006825959728548636,1,3,2059,581
yamamoto,yamamoto,山本隆司,candidate,analysis_term_no_stopwords,際,0.00048567265662943174,1.4054651081081644,0.0006825959728548636,1,3,2059,582
yamamoto,yamamoto,山本隆司,candidate,analysis_term_no_stopwords,集中,0.00048567265662943174,1.4054651081081644,0.0006825959728548636,1,3,2059,583
yamamoto,yamamoto,山本隆司,candidate,analysis_term_no_stopwords,高い,0.00048567265662943174,1.4054651081081644,0.0006825959728548636,1,3,2059,584
yamamoto,yamamoto,山本隆司,candidate,analysis_term_no_stopwords,高齢,0.00048567265662943174,1.4054651081081644,0.0006825959728548636,1,3,2059,585
yamamoto,yamamoto,山本隆司,candidate,analysis_term_no_stopwords,アート-art,0.00048567265662943174,1.1823215567939547,0.0005742212514783656,1,4,2059,586
yamamoto,yamamoto,山本隆司,candidate,analysis_term_no_stopwords,リベラル-liberal,0.00048567265662943174,1.1823215567939547,0.0005742212514783656,1,4,2059,587
yamamoto,yamamoto,山本隆司,candidate,analysis_term_no_stopwords,人文,0.00048567265662943174,1.1823215567939547,0.0005742212514783656,1,4,2059,588
yamamoto,yamamoto,山本隆司,candidate,analysis_term_no_stopwords,全て,0.00048567265662943174,1.1823215567939547,0.0005742212514783656,1,4,2059,589
yamamoto,yamamoto,山本隆司,candidate,analysis_term_no_stopwords,分断,0.00048567265662943174,1.1823215567939547,0.0005742212514783656,1,4,2059,590
yamamoto,yamamoto,山本隆司,candidate,analysis_term_no_stopwords,加速,0.00048567265662943174,1.1823215567939547,0.0005742212514783656,1,4,2059,591
yamamoto,yamamoto,山本隆司,candidate,analysis_term_no_stopwords,学部,0.00048567265662943174,1.1823215567939547,0.0005742212514783656,1,4,2059,592
yamamoto,yamamoto,山本隆司,candidate,analysis_term_no_stopwords,成果,0.00048567265662943174,1.1823215567939547,0.0005742212514783656,1,4,2059,593
yamamoto,yamamoto,山本隆司,candidate,analysis_term_no_stopwords,方向,0.00048567265662943174,1.1823215567939547,0.0005742212514783656,1,4,2059,594
yamamoto,yamamoto,山本隆司,candidate,analysis_term_no_stopwords,留まる,0.00048567265662943174,1.1823215567939547,0.0005742212514783656,1,4,2059,595
yamamoto,yamamoto,山本隆司,candidate,analysis_term_no_stopwords,繋がる,0.00048567265662943174,1.1823215567939547,0.0005742212514783656,1,4,2059,596
yamamoto,yamamoto,山本隆司,candidate,analysis_term_no_stopwords,育成,0.00048567265662943174,1.1823215567939547,0.0005742212514783656,1,4,2059,597
yamamoto,yamamoto,山本隆司,candidate,analysis_term_no_stopwords,良い,0.00048567265662943174,1.1823215567939547,0.0005742212514783656,1,4,2059,598
yamamoto,yamamoto,山本隆司,candidate,analysis_term_no_stopwords,行く,0.00048567265662943174,1.1823215567939547,0.0005742212514783656,1,4,2059,599
yamamoto,yamamoto,山本隆司,candidate,analysis_term_no_stopwords,課程,0.00048567265662943174,1.1823215567939547,0.0005742212514783656,1,4,2059,600
yamamoto,yamamoto,山本隆司,candidate,analysis_term_no_stopwords,創造,0.00048567265662943174,1.0,0.00048567265662943174,1,5,2059,601
yamamoto,yamamoto,山本隆司,candidate,analysis_term_no_stopwords,加える,0.00048567265662943174,1.0,0.00048567265662943174,1,5,2059,602
yamamoto,yamamoto,山本隆司,candidate,analysis_term_no_stopwords,向ける,0.00048567265662943174,1.0,0.00048567265662943174,1,5,2059,603
yamamoto,yamamoto,山本隆司,candidate,analysis_term_no_stopwords,学内,0.00048567265662943174,1.0,0.00048567265662943174,1,5,2059,604
yamamoto,yamamoto,山本隆司,candidate,analysis_term_no_stopwords,担う,0.00048567265662943174,1.0,0.00048567265662943174,1,5,2059,605
yamamoto,yamamoto,山本隆司,candidate,analysis_term_no_stopwords,支援,0.00048567265662943174,1.0,0.00048567265662943174,1,5,2059,606
yamamoto,yamamoto,山本隆司,candidate,analysis_term_no_stopwords,教養,0.00048567265662943174,1.0,0.00048567265662943174,1,5,2059,607
yamamoto,yamamoto,山本隆司,candidate,analysis_term_no_stopwords,新しい,0.00048567265662943174,1.0,0.00048567265662943174,1,5,2059,608
yamamoto,yamamoto,山本隆司,candidate,analysis_term_no_stopwords,果たす,0.00048567265662943174,1.0,0.00048567265662943174,1,5,2059,609
yamamoto,yamamoto,山本隆司,candidate,analysis_term_no_stopwords,理解,0.00048567265662943174,1.0,0.00048567265662943174,1,5,2059,610
yamamoto,yamamoto,山本隆司,candidate,analysis_term_no_stopwords,間,0.00048567265662943174,1.0,0.00048567265662943174,1,5,2059,611
