candidate_name,term,tfidf_rank,log_odds_rank,tfidf,z_score,raw_frequency,candidate_count
大越慎一,為る,1,1028,0.07152682255845942,-0.29199563111442123,52,5
大越慎一,有る,2,1564,0.026134800550206328,-1.4355078291769305,19,5
大越慎一,世界,3,8,0.016506189821182942,3.267496731791023,12,5
大越慎一,トウキョウ,4,1542,0.012379642365887207,-0.8918280101402734,9,5
大越慎一,因る,5,17,0.012379642365887207,2.4142014105989587,9,5
大越慎一,社会,6,284,0.012379642365887207,0.5028474598418902,9,5
大越慎一,学知,7,3,0.011644753648967988,3.510382615801889,5,2
大越慎一,産,8,4,0.011644753648967988,3.510382615801889,5,2
大越慎一,価値,9,5,0.011599436930741383,3.424075657837783,6,3
大越慎一,共同,10,54,0.011546697599274333,1.5024235889967112,4,1
大越慎一,新設,11,55,0.011546697599274333,1.5024235889967112,4,1
大越慎一,創造,12,1,0.011004126547455296,4.117919192670461,8,5
大越慎一,国際,13,262,0.011004126547455296,0.7049539338626054,8,5
大越慎一,為,14,306,0.011004126547455296,0.25920724487528,8,5
大越慎一,技術,15,6,0.009757812023058773,3.424075657837783,6,4
大越慎一,構築,16,7,0.009757812023058773,3.424075657837783,6,4
大越慎一,部,17,2,0.009757812023058773,3.694465536452246,6,4
大越慎一,事,18,1571,0.009628610729023384,-2.246619536953369,7,5
大越慎一,学生,19,37,0.009628610729023384,2.0020906864768255,7,5
大越慎一,gx,20,107,0.008660023199455748,1.3008817832709219,3,1
大越慎一,博士,21,108,0.008660023199455748,1.3008817832709219,3,1
大越慎一,資産,22,109,0.008660023199455748,1.3008817832709219,3,1
大越慎一,人材,23,23,0.008253094910591471,2.2995716415140395,6,5
大越慎一,居る,24,1568,0.008253094910591471,-1.6689878513438696,6,5
大越慎一,於く,25,134,0.008253094910591471,1.115073962181803,6,5
大越慎一,科学,26,38,0.008253094910591471,1.997721116515715,6,5
大越慎一,連携,27,50,0.008253094910591471,1.6412606099243725,6,5
大越慎一,基盤,28,20,0.008131510019215644,2.3837060470175593,5,4
大越慎一,考える,29,1413,0.008131510019215644,-0.575654734547476,5,4
大越慎一,wings,30,11,0.006986852189380792,2.7360192634220692,3,2
大越慎一,教職員,31,13,0.006986852189380792,2.690212994668612,3,2
大越慎一,繋げる,32,12,0.006986852189380792,2.7360192634220692,3,2
大越慎一,設置,33,14,0.006986852189380792,2.690212994668612,3,2
大越慎一,分野,34,299,0.0068775790921595595,0.42971422277957905,5,5
大越慎一,専門,35,165,0.0068775790921595595,0.8039260931236221,5,5
大越慎一,成る,36,1566,0.0068775790921595595,-1.4575662914621588,5,5
大越慎一,支援,37,15,0.0068775790921595595,2.653851101901822,5,5
大越慎一,無い,38,328,0.0068775790921595595,-0.21632767274687573,5,5
大越慎一,充実,39,18,0.006505208015372515,2.403766835767411,4,4
大越慎一,寄付,40,9,0.006505208015372515,2.905561020332838,4,4
大越慎一,海外,41,33,0.006505208015372515,2.1017896055702305,4,4
大越慎一,育成,42,10,0.006505208015372515,2.905561020332838,4,4
大越慎一,イノベーション-innovation,43,21,0.005799718465370691,2.318587071284949,3,3
大越慎一,システム-system,44,22,0.005799718465370691,2.318587071284949,3,3
大越慎一,国,45,49,0.005799718465370691,1.778050480482333,3,3
大越慎一,運用,46,16,0.005799718465370691,2.514941804130354,3,3
大越慎一,サイエンス-science,47,136,0.005773348799637167,1.0619574053817546,2,1
大越慎一,ドア-door,48,137,0.005773348799637167,1.0619574053817546,2,1
大越慎一,両面,49,138,0.005773348799637167,1.0619574053817546,2,1
大越慎一,医療,50,139,0.005773348799637167,1.0619574053817546,2,1
大越慎一,回転,51,140,0.005773348799637167,1.0619574053817546,2,1
大越慎一,実践,52,141,0.005773348799637167,1.0619574053817546,2,1
大越慎一,屈指,53,142,0.005773348799637167,1.0619574053817546,2,1
大越慎一,息,54,143,0.005773348799637167,1.0619574053817546,2,1
大越慎一,組み合わせる,55,144,0.005773348799637167,1.0619574053817546,2,1
大越慎一,開拓,56,145,0.005773348799637167,1.0619574053817546,2,1
大越慎一,加える,57,19,0.005502063273727648,2.403766835767411,4,5
大越慎一,卓越,58,135,0.005502063273727648,1.0817528436397947,4,5
大越慎一,基礎,59,56,0.005502063273727648,1.4781171975568284,4,5
大越慎一,学術,60,307,0.005502063273727648,0.21160344253086733,4,5
大越慎一,必要,61,1563,0.005502063273727648,-1.3009441504549115,4,5
大越慎一,物,62,280,0.005502063273727648,0.5303363804953813,4,5
大越慎一,課題,63,327,0.005502063273727648,-0.21242243855353998,4,5
大越慎一,運営,64,115,0.005502063273727648,1.1740881412725708,4,5
大越慎一,体制,65,110,0.0048789060115293865,1.217148638516737,3,4
大越慎一,力,66,1485,0.0048789060115293865,-0.6841043624772661,3,4
大越慎一,強化,67,283,0.0048789060115293865,0.5195140365711207,3,4
大越慎一,進める,68,150,0.0048789060115293865,0.9887731422856999,3,4
大越慎一,dx,69,24,0.0046579014595871954,2.240237935196051,2,2
大越慎一,utd,70,166,0.0046579014595871954,0.7633928472546561,2,2
大越慎一,サポート-support,71,51,0.0046579014595871954,1.587837391525161,2,2
大越慎一,ダブル-double,72,25,0.0046579014595871954,2.240237935196051,2,2
大越慎一,ディグリー-degree,73,26,0.0046579014595871954,2.240237935196051,2,2
大越慎一,ユニット-unit,74,167,0.0046579014595871954,0.7633928472546561,2,2
大越慎一,修士,75,27,0.0046579014595871954,2.240237935196051,2,2
大越慎一,参画,76,28,0.0046579014595871954,2.240237935196051,2,2
大越慎一,問い,77,29,0.0046579014595871954,2.240237935196051,2,2
大越慎一,所属,78,30,0.0046579014595871954,2.240237935196051,2,2
大越慎一,抱える,79,31,0.0046579014595871954,2.240237935196051,2,2
大越慎一,知る,80,32,0.0046579014595871954,2.240237935196051,2,2
大越慎一,自ら,81,46,0.0046579014595871954,1.8126733088950162,2,2
大越慎一,学内,82,106,0.0041265474552957355,1.3428702531875667,3,5
大越慎一,担う,83,57,0.0041265474552957355,1.477535497192545,3,5
大越慎一,教員,84,298,0.0041265474552957355,0.438947918676775,3,5
大越慎一,新しい,85,39,0.0041265474552957355,1.9460464264347197,3,5
大越慎一,本部,86,322,0.0041265474552957355,0.020761371935062844,3,5
大越慎一,組織,87,1351,0.0041265474552957355,-0.4633589256431937,3,5
大越慎一,行う,88,311,0.0041265474552957355,0.08386368629220725,3,5
大越慎一,部局,89,1454,0.0041265474552957355,-0.642091472411985,3,5
大越慎一,間,90,40,0.0041265474552957355,1.9460464264347197,3,5
大越慎一,エンダウメント,91,34,0.0038664789769137947,2.0523424230949066,2,3
大越慎一,プログラム-program,92,35,0.0038664789769137947,2.0523424230949066,2,3
大越慎一,二,93,52,0.0038664789769137947,1.587837391525161,2,3
大越慎一,執行,94,42,0.0038664789769137947,1.8126733088950162,2,3
大越慎一,循環,95,114,0.0038664789769137947,1.205408263489966,2,3
大越慎一,最高,96,36,0.0038664789769137947,2.0523424230949066,2,3
大越慎一,水準,97,104,0.0038664789769137947,1.3859039916809572,2,3
大越慎一,相互,98,44,0.0038664789769137947,1.8126733088950162,2,3
大越慎一,知識,99,45,0.0038664789769137947,1.8126733088950162,2,3
大越慎一,規模,100,47,0.0038664789769137947,1.8126733088950162,2,3
大越慎一,長い,101,48,0.0038664789769137947,1.8126733088950162,2,3
大越慎一,関する,102,149,0.0038664789769137947,1.043339491398626,2,3
大越慎一,ai,103,300,0.0032526040076862575,0.4236941685931778,2,4
大越慎一,公共,104,111,0.0032526040076862575,1.205408263489966,2,4
大越慎一,共,105,112,0.0032526040076862575,1.205408263489966,2,4
大越慎一,図る,106,102,0.0032526040076862575,1.3859039916809572,2,4
大越慎一,地球,107,41,0.0032526040076862575,1.8126733088950162,2,4
大越慎一,場,108,301,0.0032526040076862575,0.4236941685931778,2,4
大越慎一,変革,109,146,0.0032526040076862575,1.043339491398626,2,4
大越慎一,学部,110,53,0.0032526040076862575,1.587837391525161,2,4
大越慎一,広い,111,103,0.0032526040076862575,1.3859039916809572,2,4
大越慎一,推進,112,147,0.0032526040076862575,1.043339491398626,2,4
大越慎一,活用,113,148,0.0032526040076862575,1.043339491398626,2,4
大越慎一,深い,114,43,0.0032526040076862575,1.8126733088950162,2,4
大越慎一,現在,115,282,0.0032526040076862575,0.5282944034529751,2,4
大越慎一,知,116,1412,0.0032526040076862575,-0.5575792210099471,2,4
大越慎一,課程,117,105,0.0032526040076862575,1.3859039916809572,2,4
大越慎一,asean,118,168,0.0028866743998185833,0.7507702988158896,1,1
大越慎一,dean,119,169,0.0028866743998185833,0.7507702988158896,1,1
大越慎一,dei,120,170,0.0028866743998185833,0.7507702988158896,1,1
大越慎一,dialogue,121,171,0.0028866743998185833,0.7507702988158896,1,1
大越慎一,graduate,122,172,0.0028866743998185833,0.7507702988158896,1,1
大越慎一,ii,123,173,0.0028866743998185833,0.7507702988158896,1,1
大越慎一,iii,124,174,0.0028866743998185833,0.7507702988158896,1,1
大越慎一,innovative,125,175,0.0028866743998185833,0.7507702988158896,1,1
大越慎一,iv,126,176,0.0028866743998185833,0.7507702988158896,1,1
大越慎一,leading,127,177,0.0028866743998185833,0.7507702988158896,1,1
大越慎一,open,128,178,0.0028866743998185833,0.7507702988158896,1,1
大越慎一,plus,129,179,0.0028866743998185833,0.7507702988158896,1,1
大越慎一,president,130,180,0.0028866743998185833,0.7507702988158896,1,1
大越慎一,program,131,181,0.0028866743998185833,0.7507702988158896,1,1
大越慎一,sdgs,132,182,0.0028866743998185833,0.7507702988158896,1,1
大越慎一,spring,133,183,0.0028866743998185833,0.7507702988158896,1,1
大越慎一,study,134,184,0.0028866743998185833,0.7507702988158896,1,1
大越慎一,v,135,185,0.0028866743998185833,0.7507702988158896,1,1
大越慎一,vi,136,186,0.0028866743998185833,0.7507702988158896,1,1
大越慎一,vice,137,187,0.0028866743998185833,0.7507702988158896,1,1
大越慎一,vii,138,188,0.0028866743998185833,0.7507702988158896,1,1
大越慎一,viii,139,189,0.0028866743998185833,0.7507702988158896,1,1
大越慎一,アドミッション-admission,140,190,0.0028866743998185833,0.7507702988158896,1,1
大越慎一,アポイントメント-appointment,141,191,0.0028866743998185833,0.7507702988158896,1,1
大越慎一,アントレプレナー-entrepreneur,142,192,0.0028866743998185833,0.7507702988158896,1,1
大越慎一,インターンシップ-internship,143,193,0.0028866743998185833,0.7507702988158896,1,1
大越慎一,インド-india,144,194,0.0028866743998185833,0.7507702988158896,1,1
大越慎一,エンジニア-engineer,145,195,0.0028866743998185833,0.7507702988158896,1,1
大越慎一,クロース-cloth,146,196,0.0028866743998185833,0.7507702988158896,1,1
大越慎一,コンピューティング-computing,147,197,0.0028866743998185833,0.7507702988158896,1,1
大越慎一,サウス-south,148,198,0.0028866743998185833,0.7507702988158896,1,1
大越慎一,シップ-ship,149,199,0.0028866743998185833,0.7507702988158896,1,1
大越慎一,セキュリティー-security,150,200,0.0028866743998185833,0.7507702988158896,1,1
大越慎一,タイワン,151,201,0.0028866743998185833,0.7507702988158896,1,1
大越慎一,テック-technical,152,202,0.0028866743998185833,0.7507702988158896,1,1
大越慎一,ディープ-deep,153,203,0.0028866743998185833,0.7507702988158896,1,1
大越慎一,バリア-barrier,154,204,0.0028866743998185833,0.7507702988158896,1,1
大越慎一,フリー-free,155,205,0.0028866743998185833,0.7507702988158896,1,1
大越慎一,マテリアル-material,156,206,0.0028866743998185833,0.7507702988158896,1,1
大越慎一,ミッション-mission,157,207,0.0028866743998185833,0.7507702988158896,1,1
大越慎一,ライフ-life,158,208,0.0028866743998185833,0.7507702988158896,1,1
大越慎一,リクルート-recruit,159,209,0.0028866743998185833,0.7507702988158896,1,1
大越慎一,リサーチ-research,160,210,0.0028866743998185833,0.7507702988158896,1,1
大越慎一,一員,161,211,0.0028866743998185833,0.7507702988158896,1,1
大越慎一,万,162,212,0.0028866743998185833,0.7507702988158896,1,1
大越慎一,乗せる,163,213,0.0028866743998185833,0.7507702988158896,1,1
大越慎一,伸び悩み,164,214,0.0028866743998185833,0.7507702988158896,1,1
大越慎一,修繕,165,215,0.0028866743998185833,0.7507702988158896,1,1
大越慎一,共創,166,216,0.0028866743998185833,0.7507702988158896,1,1
大越慎一,半,167,217,0.0028866743998185833,0.7507702988158896,1,1
大越慎一,取り去る,168,218,0.0028866743998185833,0.7507702988158896,1,1
大越慎一,土地,169,219,0.0028866743998185833,0.7507702988158896,1,1
大越慎一,地位,170,220,0.0028866743998185833,0.7507702988158896,1,1
大越慎一,堅持,171,221,0.0028866743998185833,0.7507702988158896,1,1
大越慎一,多岐,172,222,0.0028866743998185833,0.7507702988158896,1,1
大越慎一,学士,173,223,0.0028866743998185833,0.7507702988158896,1,1
大越慎一,学業,174,224,0.0028866743998185833,0.7507702988158896,1,1
大越慎一,学識,175,225,0.0028866743998185833,0.7507702988158896,1,1
大越慎一,宇宙,176,226,0.0028866743998185833,0.7507702988158896,1,1
大越慎一,対,177,227,0.0028866743998185833,0.7507702988158896,1,1
大越慎一,導体,178,228,0.0028866743998185833,0.7507702988158896,1,1
大越慎一,少子,179,229,0.0028866743998185833,0.7507702988158896,1,1
大越慎一,干渉,180,230,0.0028866743998185833,0.7507702988158896,1,1
大越慎一,建物,181,231,0.0028866743998185833,0.7507702988158896,1,1
大越慎一,弱体,182,232,0.0028866743998185833,0.7507702988158896,1,1
大越慎一,後押し,183,233,0.0028866743998185833,0.7507702988158896,1,1
大越慎一,意義,184,234,0.0028866743998185833,0.7507702988158896,1,1
大越慎一,接続,185,235,0.0028866743998185833,0.7507702988158896,1,1
大越慎一,搭載,186,236,0.0028866743998185833,0.7507702988158896,1,1
大越慎一,改築,187,237,0.0028866743998185833,0.7507702988158896,1,1
大越慎一,有機,188,238,0.0028866743998185833,0.7507702988158896,1,1
大越慎一,法学,189,239,0.0028866743998185833,0.7507702988158896,1,1
大越慎一,海洋,190,240,0.0028866743998185833,0.7507702988158896,1,1
大越慎一,涵養,191,241,0.0028866743998185833,0.7507702988158896,1,1
大越慎一,男女,192,242,0.0028866743998185833,0.7507702988158896,1,1
大越慎一,病院,193,243,0.0028866743998185833,0.7507702988158896,1,1
大越慎一,発想,194,244,0.0028866743998185833,0.7507702988158896,1,1
大越慎一,発掘,195,245,0.0028866743998185833,0.7507702988158896,1,1
大越慎一,真理,196,246,0.0028866743998185833,0.7507702988158896,1,1
大越慎一,精神,197,247,0.0028866743998185833,0.7507702988158896,1,1
大越慎一,紛争,198,248,0.0028866743998185833,0.7507702988158896,1,1
大越慎一,統計,199,249,0.0028866743998185833,0.7507702988158896,1,1
大越慎一,薬学,200,250,0.0028866743998185833,0.7507702988158896,1,1
大越慎一,誇る,201,251,0.0028866743998185833,0.7507702988158896,1,1
大越慎一,諸国,202,252,0.0028866743998185833,0.7507702988158896,1,1
大越慎一,起点,203,253,0.0028866743998185833,0.7507702988158896,1,1
大越慎一,軌道,204,254,0.0028866743998185833,0.7507702988158896,1,1
大越慎一,農学,205,255,0.0028866743998185833,0.7507702988158896,1,1
大越慎一,連結,206,256,0.0028866743998185833,0.7507702988158896,1,1
大越慎一,達成,207,257,0.0028866743998185833,0.7507702988158896,1,1
大越慎一,量子,208,258,0.0028866743998185833,0.7507702988158896,1,1
大越慎一,関連,209,259,0.0028866743998185833,0.7507702988158896,1,1
大越慎一,韓国,210,260,0.0028866743998185833,0.7507702988158896,1,1
大越慎一,風土,211,261,0.0028866743998185833,0.7507702988158896,1,1
大越慎一,制度,212,1411,0.002751031636863824,-0.5575792210099471,2,5
大越慎一,基づく,213,113,0.002751031636863824,1.205408263489966,2,5
大越慎一,対する,214,281,0.002751031636863824,0.5282944034529751,2,5
大越慎一,役割,215,1546,0.002751031636863824,-0.9553640095492224,2,5
大越慎一,日本,216,1543,0.002751031636863824,-0.9160526630054819,2,5
大越慎一,果たす,217,263,0.002751031636863824,0.6410905240129637,2,5
大越慎一,活動,218,312,0.002751031636863824,0.0683827479871076,2,5
大越慎一,経営,219,1453,0.002751031636863824,-0.6074570709777759,2,5
大越慎一,自由,220,302,0.002751031636863824,0.4236941685931778,2,5
大越慎一,college,221,58,0.0023289507297935977,1.4504492586112725,1,2
大越慎一,design,222,59,0.0023289507297935977,1.4504492586112725,1,2
大越慎一,i,223,60,0.0023289507297935977,1.4504492586112725,1,2
大越慎一,of,224,285,0.0023289507297935977,0.4528451041809778,1,2
大越慎一,world,225,61,0.0023289507297935977,1.4504492586112725,1,2
大越慎一,インテリジェンス-intelligence,226,62,0.0023289507297935977,1.4504492586112725,1,2
大越慎一,インパクト-impact,227,63,0.0023289507297935977,1.4504492586112725,1,2
大越慎一,データ-data,228,64,0.0023289507297935977,1.4504492586112725,1,2
大越慎一,プラットホーム-platform,229,117,0.0023289507297935977,1.121991987030663,1,2
大越慎一,マネージメント-management,230,65,0.0023289507297935977,1.4504492586112725,1,2
大越慎一,一人一人,231,265,0.0023289507297935977,0.6335469160188933,1,2
大越慎一,一貫,232,119,0.0023289507297935977,1.121991987030663,1,2
大越慎一,与える,233,66,0.0023289507297935977,1.4504492586112725,1,2
大越慎一,交付,234,120,0.0023289507297935977,1.121991987030663,1,2
大越慎一,付ける,235,121,0.0023289507297935977,1.121991987030663,1,2
大越慎一,付属,236,67,0.0023289507297935977,1.4504492586112725,1,2
大越慎一,伝達,237,268,0.0023289507297935977,0.6335469160188933,1,2
大越慎一,体系,238,68,0.0023289507297935977,1.4504492586112725,1,2
大越慎一,入試,239,69,0.0023289507297935977,1.4504492586112725,1,2
大越慎一,切り開く,240,70,0.0023289507297935977,1.4504492586112725,1,2
大越慎一,医学,241,71,0.0023289507297935977,1.4504492586112725,1,2
大越慎一,可視,242,72,0.0023289507297935977,1.4504492586112725,1,2
大越慎一,国民,243,73,0.0023289507297935977,1.4504492586112725,1,2
大越慎一,地政,244,74,0.0023289507297935977,1.4504492586112725,1,2
大越慎一,基金,245,75,0.0023289507297935977,1.4504492586112725,1,2
大越慎一,大型,246,76,0.0023289507297935977,1.4504492586112725,1,2
大越慎一,好奇,247,77,0.0023289507297935977,1.4504492586112725,1,2
大越慎一,安定,248,123,0.0023289507297935977,1.121991987030663,1,2
大越慎一,対話,249,154,0.0023289507297935977,0.8516504433270453,1,2
大越慎一,尊重,250,303,0.0023289507297935977,0.2992532676453665,1,2
大越慎一,工学,251,125,0.0023289507297935977,1.121991987030663,1,2
大越慎一,応用,252,78,0.0023289507297935977,1.4504492586112725,1,2
大越慎一,患者,253,79,0.0023289507297935977,1.4504492586112725,1,2
大越慎一,手段,254,80,0.0023289507297935977,1.4504492586112725,1,2
大越慎一,拠点,255,81,0.0023289507297935977,1.4504492586112725,1,2
大越慎一,挑戦,256,82,0.0023289507297935977,1.4504492586112725,1,2
大越慎一,探究,257,156,0.0023289507297935977,0.8516504433270453,1,2
大越慎一,提供,258,126,0.0023289507297935977,1.121991987030663,1,2
大越慎一,提案,259,83,0.0023289507297935977,1.4504492586112725,1,2
大越慎一,教授,260,84,0.0023289507297935977,1.4504492586112725,1,2
大越慎一,文理,261,85,0.0023289507297935977,1.4504492586112725,1,2
大越慎一,方法,262,86,0.0023289507297935977,1.4504492586112725,1,2
大越慎一,未来,263,87,0.0023289507297935977,1.4504492586112725,1,2
大越慎一,未知,264,88,0.0023289507297935977,1.4504492586112725,1,2
大越慎一,格差,265,89,0.0023289507297935977,1.4504492586112725,1,2
大越慎一,民間,266,128,0.0023289507297935977,1.121991987030663,1,2
大越慎一,洞察,267,90,0.0023289507297935977,1.4504492586112725,1,2
大越慎一,派遣,268,91,0.0023289507297935977,1.4504492586112725,1,2
大越慎一,源泉,269,92,0.0023289507297935977,1.4504492586112725,1,2
大越慎一,発揮,270,277,0.0023289507297935977,0.6335469160188933,1,2
大越慎一,積極,271,93,0.0023289507297935977,1.4504492586112725,1,2
大越慎一,立てる,272,94,0.0023289507297935977,1.4504492586112725,1,2
大越慎一,緊張,273,95,0.0023289507297935977,1.4504492586112725,1,2
大越慎一,自然,274,162,0.0023289507297935977,0.8516504433270453,1,2
大越慎一,若手,275,163,0.0023289507297935977,0.8516504433270453,1,2
大越慎一,複雑,276,96,0.0023289507297935977,1.4504492586112725,1,2
大越慎一,見出だす,277,97,0.0023289507297935977,1.4504492586112725,1,2
大越慎一,負託,278,98,0.0023289507297935977,1.4504492586112725,1,2
大越慎一,踏まえる,279,99,0.0023289507297935977,1.4504492586112725,1,2
大越慎一,身,280,131,0.0023289507297935977,1.121991987030663,1,2
大越慎一,輩出,281,100,0.0023289507297935977,1.4504492586112725,1,2
大越慎一,鍛える,282,132,0.0023289507297935977,1.121991987030663,1,2
大越慎一,養う,283,101,0.0023289507297935977,1.4504492586112725,1,2
大越慎一,utokyo,284,116,0.0019332394884568973,1.121991987030663,1,3
大越慎一,モデル-model,285,118,0.0019332394884568973,1.121991987030663,1,3
大越慎一,リーダーシップ-leadership,286,264,0.0019332394884568973,0.6335469160188933,1,3
大越慎一,人事,287,323,0.0019332394884568973,-0.05698437845662286,1,3
大越慎一,企業,288,267,0.0019332394884568973,0.6335469160188933,1,3
大越慎一,使命,289,269,0.0019332394884568973,0.6335469160188933,1,3
大越慎一,創出,290,271,0.0019332394884568973,0.6335469160188933,1,3
大越慎一,効果,291,287,0.0019332394884568973,0.4528451041809778,1,3
大越慎一,合わせる,292,122,0.0019332394884568973,1.121991987030663,1,3
大越慎一,含む,293,288,0.0019332394884568973,0.4528451041809778,1,3
大越慎一,壁,294,314,0.0019332394884568973,0.04828926111976455,1,3
大越慎一,多く,295,153,0.0019332394884568973,0.8516504433270453,1,3
大越慎一,実務,296,124,0.0019332394884568973,1.121991987030663,1,3
大越慎一,将来,297,316,0.0019332394884568973,0.04828926111976455,1,3
大越慎一,展開,298,273,0.0019332394884568973,0.6335469160188933,1,3
大越慎一,情報,299,308,0.0019332394884568973,0.16594784273892665,1,3
大越慎一,意見,300,274,0.0019332394884568973,0.6335469160188933,1,3
大越慎一,拡充,301,155,0.0019332394884568973,0.8516504433270453,1,3
大越慎一,改善,302,289,0.0019332394884568973,0.4528451041809778,1,3
大越慎一,政策,303,127,0.0019332394884568973,1.121991987030663,1,3
大越慎一,整える,304,1350,0.0019332394884568973,-0.4627829660589748,1,3
大越慎一,最大,305,291,0.0019332394884568973,0.4528451041809778,1,3
大越慎一,構造,306,157,0.0019332394884568973,0.8516504433270453,1,3
大越慎一,深化,307,276,0.0019332394884568973,0.6335469160188933,1,3
大越慎一,渡る,308,158,0.0019332394884568973,0.8516504433270453,1,3
大越慎一,状況,309,1242,0.0019332394884568973,-0.3935707628492787,1,3
大越慎一,理念,310,159,0.0019332394884568973,0.8516504433270453,1,3
大越慎一,経済,311,161,0.0019332394884568973,0.8516504433270453,1,3
大越慎一,結集,312,129,0.0019332394884568973,1.121991987030663,1,3
大越慎一,維持,313,305,0.0019332394884568973,0.2992532676453665,1,3
大越慎一,視野,314,278,0.0019332394884568973,0.6335469160188933,1,3
大越慎一,設備,315,130,0.0019332394884568973,1.121991987030663,1,3
大越慎一,財源,316,295,0.0019332394884568973,0.4528451041809778,1,3
大越慎一,資金,317,296,0.0019332394884568973,0.4528451041809778,1,3
大越慎一,進む,318,164,0.0019332394884568973,0.8516504433270453,1,3
大越慎一,高齢,319,133,0.0019332394884568973,1.121991987030663,1,3
大越慎一,gri,320,1241,0.0016263020038431288,-0.3935707628492787,1,4
大越慎一,コミュニケーション-communication,321,313,0.0016263020038431288,0.04828926111976455,1,4
大越慎一,一体,322,266,0.0016263020038431288,0.6335469160188933,1,4
大越慎一,人文,323,151,0.0016263020038431288,0.8516504433270453,1,4
大越慎一,先端,324,270,0.0016263020038431288,0.6335469160188933,1,4
大越慎一,全学,325,324,0.0016263020038431288,-0.05698437845662286,1,4
大越慎一,分断,326,286,0.0016263020038431288,0.4528451041809778,1,4
大越慎一,加速,327,152,0.0016263020038431288,0.8516504433270453,1,4
大越慎一,問う,328,326,0.0016263020038431288,-0.15223940508084294,1,4
大越慎一,学問,329,315,0.0016263020038431288,0.04828926111976455,1,4
大越慎一,感,330,309,0.0016263020038431288,0.16594784273892665,1,4
大越慎一,投資,331,329,0.0016263020038431288,-0.2392402526726109,1,4
大越慎一,拡大,332,304,0.0016263020038431288,0.2992532676453665,1,4
大越慎一,持続,333,1029,0.0016263020038431288,-0.3193340973442101,1,4
大越慎一,方向,334,290,0.0016263020038431288,0.4528451041809778,1,4
大越慎一,構想,335,275,0.0016263020038431288,0.6335469160188933,1,4
大越慎一,活躍,336,292,0.0016263020038431288,0.4528451041809778,1,4
大越慎一,点,337,1352,0.0016263020038431288,-0.5276414941636086,1,4
大越慎一,産業,338,294,0.0016263020038431288,0.4528451041809778,1,4
大越慎一,留まる,339,160,0.0016263020038431288,0.8516504433270453,1,4
大越慎一,経験,340,325,0.0016263020038431288,-0.05698437845662286,1,4
大越慎一,能力,341,318,0.0016263020038431288,0.04828926111976455,1,4
大越慎一,評価,342,1353,0.0016263020038431288,-0.5276414941636086,1,4
大越慎一,財務,343,319,0.0016263020038431288,0.04828926111976455,1,4
大越慎一,財政,344,320,0.0016263020038431288,0.04828926111976455,1,4
大越慎一,資源,345,1030,0.0016263020038431288,-0.3193340973442101,1,4
大越慎一,通ずる,346,321,0.0016263020038431288,0.04828926111976455,1,4
大越慎一,配分,347,297,0.0016263020038431288,0.4528451041809778,1,4
大越慎一,重点,348,279,0.0016263020038431288,0.6335469160188933,1,4
大越慎一,つく,349,1565,0.001375515818431912,-1.4558205870287042,1,5
大越慎一,向ける,350,272,0.001375515818431912,0.6335469160188933,1,5
大越慎一,持つ,351,1486,0.001375515818431912,-0.7011173431867609,1,5
大越慎一,改革,352,1349,0.001375515818431912,-0.4627829660589748,1,5
大越慎一,教養,353,310,0.001375515818431912,0.16594784273892665,1,5
大越慎一,構成,354,1556,0.001375515818431912,-1.0999803496968827,1,5
大越慎一,理解,355,293,0.001375515818431912,0.4528451041809778,1,5
大越慎一,生み出す,356,317,0.001375515818431912,0.04828926111976455,1,5
大越慎一,示す,357,330,0.001375515818431912,-0.2392402526726109,1,5
大越慎一,総長,358,1558,0.001375515818431912,-1.1368465357300115,1,5
大越慎一,言う,359,1569,0.001375515818431912,-1.7607020673884612,1,5
大越慎一,責任,360,1535,0.001375515818431912,-0.8503966902565951,1,5
山本隆司,為る,1,11,0.08742107819329771,2.7755162810160794,180,5
山本隆司,有る,2,534,0.034968431277319086,-0.2909327678069783,72,5
山本隆司,事,3,448,0.023312287518212724,0.4303861202814824,48,5
山本隆司,トウキョウ,4,26,0.022340942204953862,2.392331625370306,46,5
山本隆司,成る,5,4,0.020883924235065566,3.584667148934357,43,5
山本隆司,居る,6,65,0.01942690626517727,1.3840147897839368,40,5
山本隆司,プロセス-process,7,3,0.015623990495696438,3.887761098235549,19,2
山本隆司,ガバナンス-governance,8,1,0.014801675206449256,4.250930016569167,18,2
山本隆司,為,9,55,0.013113161728994658,1.633067669143881,27,5
山本隆司,国際,10,31,0.012141816415735794,2.032460590699339,25,5
山本隆司,部局,11,2,0.012141816415735794,4.00767403591688,25,5
山本隆司,言う,12,19,0.011656143759106362,2.577192212804999,24,5
山本隆司,問題,13,5,0.011512414049460531,3.479555361927618,14,2
山本隆司,必要,14,449,0.011170471102476931,0.3597172379192918,23,5
山本隆司,課題,15,6,0.011170471102476931,3.3183827380855653,23,5
山本隆司,社会,16,514,0.010199125789218067,-0.14996704817819798,21,5
山本隆司,組織,17,12,0.009227780475959204,2.7112889038026684,19,5
山本隆司,出来る,18,465,0.008039097520697118,0.16286914878025108,14,4
山本隆司,知,19,29,0.008039097520697118,2.2142415186229716,14,4
山本隆司,utd,20,7,0.007400837603224628,3.000798362051818,9,2
山本隆司,ユニット-unit,21,8,0.007400837603224628,3.000798362051818,9,2
山本隆司,シナジー-synergy,22,56,0.00713467023830829,1.6066829886118004,7,1
山本隆司,つく,23,183,0.006799417192812044,0.792821529181453,14,5
山本隆司,無い,24,1175,0.006799417192812044,-0.47544705552393607,14,5
山本隆司,意思,25,10,0.006578522313977446,2.787406844518038,8,2
山本隆司,法,26,9,0.006578522313977446,2.8130669358999993,8,2
山本隆司,法人,27,14,0.006578522313977446,2.675991775727168,8,2
山本隆司,関係,28,15,0.006316433766262021,2.655404139155547,11,4
山本隆司,因る,29,423,0.006313744536182613,0.5599641800507356,13,5
山本隆司,学生,30,64,0.006313744536182613,1.415948571253805,13,5
山本隆司,状況,31,20,0.006143363755693773,2.5428285450697765,9,3
山本隆司,生む,32,61,0.006115431632835677,1.4873619342498172,6,1
山本隆司,計画,33,62,0.006115431632835677,1.4873619342498172,6,1
山本隆司,専門,34,184,0.005828071879553181,0.7857306766833083,12,5
山本隆司,効率,35,16,0.005756207024730266,2.629376695642685,7,2
山本隆司,目標,36,23,0.005756207024730266,2.430202809863354,7,2
山本隆司,管理,37,17,0.005756207024730266,2.629376695642685,7,2
山本隆司,全体,38,24,0.005742212514783655,2.412451743268444,10,4
山本隆司,対応,39,25,0.005742212514783655,2.412451743268444,10,4
山本隆司,場合,40,13,0.005460767782838909,2.675991775727168,8,3
山本隆司,物,41,134,0.005342399222923749,0.9154765362839842,11,5
山本隆司,総長,42,135,0.005342399222923749,0.9154765362839842,11,5
山本隆司,上,43,27,0.00516799126330529,2.34697314875243,9,4
山本隆司,例,44,66,0.005096193027363065,1.3576440375488497,5,1
山本隆司,認定,45,67,0.005096193027363065,1.3576440375488497,5,1
山本隆司,選考,46,68,0.005096193027363065,1.3576440375488497,5,1
山本隆司,体,47,22,0.004933891735483085,2.4494550290516863,6,2
山本隆司,分野,48,1348,0.0048567265662943174,-0.5825448152982622,10,5
山本隆司,行う,49,185,0.0048567265662943174,0.7844945783169042,10,5
山本隆司,人,50,18,0.0047781718099840454,2.6027335161948315,7,3
山本隆司,決定,51,21,0.0045937700118269245,2.4871713511477314,8,4
山本隆司,制度,52,451,0.004371053909664886,0.2453950650500686,9,5
山本隆司,学術,53,1165,0.004371053909664886,-0.44001797839910095,9,5
山本隆司,役割,54,1427,0.004371053909664886,-0.7381811419045333,9,5
山本隆司,本部,55,452,0.004371053909664886,0.2453950650500686,9,5
山本隆司,活動,56,40,0.004371053909664886,1.7724472587895463,9,5
山本隆司,連携,57,501,0.004371053909664886,0.12157151082257772,9,5
山本隆司,観点,58,36,0.004111576446235904,1.8352414433202229,5,2
山本隆司,認識,59,28,0.004111576446235904,2.23978648213548,5,2
山本隆司,業務,60,45,0.0040955758371291826,1.675981502181448,6,3
山本隆司,高める,61,34,0.0040955758371291826,1.9147133862564847,6,3
山本隆司,個々,62,98,0.004076954421890451,1.2142016050137077,4,1
山本隆司,増える,63,99,0.004076954421890451,1.2142016050137077,4,1
山本隆司,学際,64,100,0.004076954421890451,1.2142016050137077,4,1
山本隆司,牽制,65,101,0.004076954421890451,1.2142016050137077,4,1
山本隆司,社,66,102,0.004076954421890451,1.2142016050137077,4,1
山本隆司,gri,67,60,0.004019548760348559,1.5621325578379683,7,4
山本隆司,会議,68,37,0.004019548760348559,1.7746047969616996,7,4
山本隆司,持続,69,38,0.004019548760348559,1.7746047969616996,7,4
山本隆司,点,70,105,0.004019548760348559,1.1651664007412248,7,4
山本隆司,考える,71,1570,0.004019548760348559,-2.9578803709944643,7,4
山本隆司,評価,72,106,0.004019548760348559,1.1651664007412248,7,4
山本隆司,資源,73,39,0.004019548760348559,1.7746047969616996,7,4
山本隆司,卓越,74,194,0.003885381253035454,0.640463593451485,8,5
山本隆司,改革,75,35,0.003885381253035454,1.8688238597047158,8,5
山本隆司,日本,76,1495,0.003885381253035454,-0.9952472009042751,8,5
山本隆司,強化,77,513,0.003445327508870193,-0.13892231161209365,6,4
山本隆司,財政,78,30,0.003445327508870193,2.1528926521122798,6,4
山本隆司,教員,79,456,0.003399708596406022,0.1846598392275067,7,5
山本隆司,運営,80,450,0.003399708596406022,0.3291981538410272,7,5
山本隆司,以上,81,32,0.003289261156988723,1.9875969341619233,4,2
山本隆司,方針,82,33,0.003289261156988723,1.9875969341619233,4,2
山本隆司,施設,83,103,0.003289261156988723,1.1797077721724756,4,2
山本隆司,現場,84,191,0.003289261156988723,0.6737427510107806,4,2
山本隆司,開発,85,44,0.003289261156988723,1.7569642567856436,4,2
山本隆司,領域,86,104,0.003289261156988723,1.1797077721724756,4,2
山本隆司,テーマ-theme,87,108,0.0030577158164178386,1.0514323670138734,3,1
山本隆司,協力,88,109,0.0030577158164178386,1.0514323670138734,3,1
山本隆司,合議,89,110,0.0030577158164178386,1.0514323670138734,3,1
山本隆司,整合,90,111,0.0030577158164178386,1.0514323670138734,3,1
山本隆司,根本,91,112,0.0030577158164178386,1.0514323670138734,3,1
山本隆司,標語,92,113,0.0030577158164178386,1.0514323670138734,3,1
山本隆司,残す,93,114,0.0030577158164178386,1.0514323670138734,3,1
山本隆司,無し,94,115,0.0030577158164178386,1.0514323670138734,3,1
山本隆司,特定,95,116,0.0030577158164178386,1.0514323670138734,3,1
山本隆司,留意,96,117,0.0030577158164178386,1.0514323670138734,3,1
山本隆司,究極,97,118,0.0030577158164178386,1.0514323670138734,3,1
山本隆司,育む,98,119,0.0030577158164178386,1.0514323670138734,3,1
山本隆司,英語,99,120,0.0030577158164178386,1.0514323670138734,3,1
山本隆司,質問,100,121,0.0030577158164178386,1.0514323670138734,3,1
山本隆司,部署,101,122,0.0030577158164178386,1.0514323670138734,3,1
山本隆司,鑑みる,102,123,0.0030577158164178386,1.0514323670138734,3,1
山本隆司,難しい,103,124,0.0030577158164178386,1.0514323670138734,3,1
山本隆司,項,104,125,0.0030577158164178386,1.0514323670138734,3,1
山本隆司,世界,105,1568,0.0029140359397765905,-2.2488368722223475,6,5
山本隆司,於く,106,1560,0.0029140359397765905,-1.680863512432155,6,5
山本隆司,一,107,136,0.0028711062573918275,0.8589400815340305,5,4
山本隆司,問う,108,107,0.0028711062573918275,1.0812094010466253,5,4
山本隆司,基盤,109,502,0.0028711062573918275,0.10861436927520655,5,4
山本隆司,場,110,439,0.0028711062573918275,0.4586184075304837,5,4
山本隆司,学問,111,57,0.0028711062573918275,1.572602937256986,5,4
山本隆司,推進,112,58,0.0028711062573918275,1.572602937256986,5,4
山本隆司,活用,113,59,0.0028711062573918275,1.572602937256986,5,4
山本隆司,現在,114,193,0.0028711062573918275,0.6518269610670416,5,4
山本隆司,人事,115,189,0.0027303838914194546,0.6737427510107806,4,3
山本隆司,今後,116,131,0.0027303838914194546,0.9157117642156429,4,3
山本隆司,他,117,447,0.0027303838914194546,0.4521130793227456,4,3
山本隆司,効果,118,41,0.0027303838914194546,1.7569642567856436,4,3
山本隆司,含む,119,42,0.0027303838914194546,1.7569642567856436,4,3
山本隆司,機能,120,43,0.0027303838914194546,1.7569642567856436,4,3
山本隆司,生かす,121,133,0.0027303838914194546,0.9157117642156429,4,3
山本隆司,関わる,122,63,0.0027303838914194546,1.4644661548982367,4,3
山本隆司,分担,123,69,0.0024669458677415426,1.3527901274929128,3,2
山本隆司,危機,124,71,0.0024669458677415426,1.3527901274929128,3,2
山本隆司,取り組む,125,127,0.0024669458677415426,1.0213243862694117,3,2
山本隆司,喫緊,126,46,0.0024669458677415426,1.6701929878328357,3,2
山本隆司,国立,127,72,0.0024669458677415426,1.3527901274929128,3,2
山本隆司,変更,128,47,0.0024669458677415426,1.6701929878328357,3,2
山本隆司,学知,129,442,0.0024669458677415426,0.45349830486274917,3,2
山本隆司,対立,130,73,0.0024669458677415426,1.3527901274929128,3,2
山本隆司,広げる,131,48,0.0024669458677415426,1.6701929878328357,3,2
山本隆司,担当,132,49,0.0024669458677415426,1.6701929878328357,3,2
山本隆司,指摘,133,50,0.0024669458677415426,1.6701929878328357,3,2
山本隆司,授業,134,51,0.0024669458677415426,1.6701929878328357,3,2
山本隆司,本来,135,76,0.0024669458677415426,1.3527901274929128,3,2
山本隆司,牽引,136,52,0.0024669458677415426,1.6701929878328357,3,2
山本隆司,発生,137,78,0.0024669458677415426,1.3527901274929128,3,2
山本隆司,自然,138,53,0.0024669458677415426,1.6701929878328357,3,2
山本隆司,見る,139,446,0.0024669458677415426,0.45349830486274917,3,2
山本隆司,質,140,54,0.0024669458677415426,1.6701929878328357,3,2
山本隆司,基礎,141,515,0.0024283632831471587,-0.20073737039140183,5,5
山本隆司,対する,142,192,0.0024283632831471587,0.6518269610670416,5,5
山本隆司,示す,143,137,0.0024283632831471587,0.8589400815340305,5,5
山本隆司,科学,144,1520,0.0024283632831471587,-1.0601314293080426,5,5
山本隆司,自由,145,440,0.0024283632831471587,0.4586184075304837,5,5
山本隆司,作る,146,190,0.0022968850059134622,0.6737427510107806,4,4
山本隆司,大きい,147,132,0.0022968850059134622,0.9157117642156429,4,4
山本隆司,環境,148,1566,0.0022968850059134622,-2.103725035776596,4,4
山本隆司,二,149,126,0.0020477879185645913,1.0213243862694117,3,3
山本隆司,信頼,150,503,0.0020477879185645913,0.0010856281288559079,3,3
山本隆司,創出,151,70,0.0020477879185645913,1.3527901274929128,3,3
山本隆司,実現,152,454,0.0020477879185645913,0.21512313427130406,3,3
山本隆司,将来,153,455,0.0020477879185645913,0.21512313427130406,3,3
山本隆司,展開,154,74,0.0020477879185645913,1.3527901274929128,3,3
山本隆司,循環,155,443,0.0020477879185645913,0.45349830486274917,3,3
山本隆司,意見,156,75,0.0020477879185645913,1.3527901274929128,3,3
山本隆司,文化,157,187,0.0020477879185645913,0.720841812518013,3,3
山本隆司,方策,158,128,0.0020477879185645913,1.0213243862694117,3,3
山本隆司,次,159,129,0.0020477879185645913,1.0213243862694117,3,3
山本隆司,深化,160,77,0.0020477879185645913,1.3527901274929128,3,3
山本隆司,発展,161,445,0.0020477879185645913,0.45349830486274917,3,3
山本隆司,解決,162,188,0.0020477879185645913,0.720841812518013,3,3
山本隆司,述べる,163,1351,0.0020477879185645913,-0.6810552580436748,3,3
山本隆司,開く,164,79,0.0020477879185645913,1.3527901274929128,3,3
山本隆司,インフラ-infrastructure,165,138,0.0020384772109452256,0.8584117143773369,2,1
山本隆司,グループ-group,166,139,0.0020384772109452256,0.8584117143773369,2,1
山本隆司,チャレンジング-challenging,167,140,0.0020384772109452256,0.8584117143773369,2,1
山本隆司,交換,168,141,0.0020384772109452256,0.8584117143773369,2,1
山本隆司,人員,169,142,0.0020384772109452256,0.8584117143773369,2,1
山本隆司,任務,170,143,0.0020384772109452256,0.8584117143773369,2,1
山本隆司,優先,171,144,0.0020384772109452256,0.8584117143773369,2,1
山本隆司,共通,172,145,0.0020384772109452256,0.8584117143773369,2,1
山本隆司,初期,173,146,0.0020384772109452256,0.8584117143773369,2,1
山本隆司,利用,174,147,0.0020384772109452256,0.8584117143773369,2,1
山本隆司,単位,175,148,0.0020384772109452256,0.8584117143773369,2,1
山本隆司,取り合い,176,149,0.0020384772109452256,0.8584117143773369,2,1
山本隆司,受ける,177,150,0.0020384772109452256,0.8584117143773369,2,1
山本隆司,困難,178,151,0.0020384772109452256,0.8584117143773369,2,1
山本隆司,増大,179,152,0.0020384772109452256,0.8584117143773369,2,1
山本隆司,増強,180,153,0.0020384772109452256,0.8584117143773369,2,1
山本隆司,多面,181,154,0.0020384772109452256,0.8584117143773369,2,1
山本隆司,尖る,182,155,0.0020384772109452256,0.8584117143773369,2,1
山本隆司,引き付ける,183,156,0.0020384772109452256,0.8584117143773369,2,1
山本隆司,当たる,184,157,0.0020384772109452256,0.8584117143773369,2,1
山本隆司,後,185,158,0.0020384772109452256,0.8584117143773369,2,1
山本隆司,数値,186,159,0.0020384772109452256,0.8584117143773369,2,1
山本隆司,案件,187,160,0.0020384772109452256,0.8584117143773369,2,1
山本隆司,横断,188,161,0.0020384772109452256,0.8584117143773369,2,1
山本隆司,活力,189,162,0.0020384772109452256,0.8584117143773369,2,1
山本隆司,特徴,190,163,0.0020384772109452256,0.8584117143773369,2,1
山本隆司,監察,191,164,0.0020384772109452256,0.8584117143773369,2,1
山本隆司,相反,192,165,0.0020384772109452256,0.8584117143773369,2,1
山本隆司,統合,193,166,0.0020384772109452256,0.8584117143773369,2,1
山本隆司,設定,194,167,0.0020384772109452256,0.8584117143773369,2,1
山本隆司,諸種,195,168,0.0020384772109452256,0.8584117143773369,2,1
山本隆司,質量,196,169,0.0020384772109452256,0.8584117143773369,2,1
山本隆司,醸成,197,170,0.0020384772109452256,0.8584117143773369,2,1
山本隆司,頂く,198,171,0.0020384772109452256,0.8584117143773369,2,1
山本隆司,魅力,199,172,0.0020384772109452256,0.8584117143773369,2,1
山本隆司,構成,200,1562,0.001942690626517727,-1.7259798598651506,4,5
山本隆司,責任,201,1534,0.001942690626517727,-1.1689408428985533,4,5
山本隆司,ai,202,1349,0.0017226637544350966,-0.6810552580436748,3,4
山本隆司,体制,203,1350,0.0017226637544350966,-0.6810552580436748,3,4
山本隆司,全学,204,504,0.0017226637544350966,0.0010856281288559079,3,4
山本隆司,共,205,441,0.0017226637544350966,0.45349830486274917,3,4
山本隆司,変革,206,453,0.0017226637544350966,0.21512313427130406,3,4
山本隆司,得る,207,505,0.0017226637544350966,0.0010856281288559079,3,4
山本隆司,拡大,208,186,0.0017226637544350966,0.720841812518013,3,4
山本隆司,求める,209,444,0.0017226637544350966,0.45349830486274917,3,4
山本隆司,活躍,210,130,0.0017226637544350966,1.0213243862694117,3,4
山本隆司,進める,211,1494,0.0017226637544350966,-0.9498655416629808,3,4
山本隆司,キャリア-career,212,173,0.0016446305784943616,0.8336365597911046,2,2
山本隆司,ステークホルダー-stakeholder,213,80,0.0016446305784943616,1.2417502382961954,2,2
山本隆司,一貫,214,81,0.0016446305784943616,1.2417502382961954,2,2
山本隆司,中心,215,82,0.0016446305784943616,1.2417502382961954,2,2
山本隆司,事業,216,83,0.0016446305784943616,1.2417502382961954,2,2
山本隆司,伴う,217,84,0.0016446305784943616,1.2417502382961954,2,2
山本隆司,先導,218,176,0.0016446305784943616,0.8336365597911046,2,2
山本隆司,具体,219,85,0.0016446305784943616,1.2417502382961954,2,2
山本隆司,削ぐ,220,86,0.0016446305784943616,1.2417502382961954,2,2
山本隆司,反映,221,87,0.0016446305784943616,1.2417502382961954,2,2
山本隆司,基本,222,88,0.0016446305784943616,1.2417502382961954,2,2
山本隆司,安全,223,178,0.0016446305784943616,0.8336365597911046,2,2
山本隆司,意味,224,89,0.0016446305784943616,1.2417502382961954,2,2
山本隆司,指標,225,90,0.0016446305784943616,1.2417502382961954,2,2
山本隆司,教職員,226,430,0.0016446305784943616,0.4760355854448475,2,2
山本隆司,整理,227,91,0.0016446305784943616,1.2417502382961954,2,2
山本隆司,権限,228,432,0.0016446305784943616,0.4760355854448475,2,2
山本隆司,確立,229,462,0.0016446305784943616,0.17556835396068982,2,2
山本隆司,継続,230,92,0.0016446305784943616,1.2417502382961954,2,2
山本隆司,育てる,231,181,0.0016446305784943616,0.8336365597911046,2,2
山本隆司,要する,232,436,0.0016446305784943616,0.4760355854448475,2,2
山本隆司,要請,233,93,0.0016446305784943616,1.2417502382961954,2,2
山本隆司,設置,234,437,0.0016446305784943616,0.4760355854448475,2,2
山本隆司,説く,235,94,0.0016446305784943616,1.2417502382961954,2,2
山本隆司,選択,236,95,0.0016446305784943616,1.2417502382961954,2,2
山本隆司,避ける,237,96,0.0016446305784943616,1.2417502382961954,2,2
山本隆司,重ねる,238,97,0.0016446305784943616,1.2417502382961954,2,2
山本隆司,面,239,182,0.0016446305784943616,0.8336365597911046,2,2
山本隆司,持つ,240,1542,0.0014570179698882952,-1.2939548410985364,3,5
山本隆司,リスク-risk,241,174,0.0013651919457097273,0.8336365597911046,2,3
山本隆司,リーダーシップ-leadership,242,424,0.0013651919457097273,0.4760355854448475,2,3
山本隆司,一方,243,426,0.0013651919457097273,0.4760355854448475,2,3
山本隆司,上げる,244,175,0.0013651919457097273,0.8336365597911046,2,3
山本隆司,中,245,1561,0.0013651919457097273,-1.713157418864959,2,3
山本隆司,以下,246,457,0.0013651919457097273,0.17556835396068982,2,3
山本隆司,利益,247,459,0.0013651919457097273,0.17556835396068982,2,3
山本隆司,向上,248,428,0.0013651919457097273,0.4760355854448475,2,3
山本隆司,基準,249,177,0.0013651919457097273,0.8336365597911046,2,3
山本隆司,学長,250,1464,0.0013651919457097273,-0.8254163361821563,2,3
山本隆司,強い,251,179,0.0013651919457097273,0.8336365597911046,2,3
山本隆司,形成,252,429,0.0013651919457097273,0.4760355854448475,2,3
山本隆司,情報,253,538,0.0013651919457097273,-0.3012891363818146,2,3
山本隆司,構造,254,180,0.0013651919457097273,0.8336365597911046,2,3
山本隆司,異なる,255,461,0.0013651919457097273,0.17556835396068982,2,3
山本隆司,発信,256,433,0.0013651919457097273,0.4760355854448475,2,3
山本隆司,相互,257,434,0.0013651919457097273,0.4760355854448475,2,3
山本隆司,知見,258,510,0.0013651919457097273,-0.08004526587947698,2,3
山本隆司,維持,259,511,0.0013651919457097273,-0.08004526587947698,2,3
山本隆司,総合,260,435,0.0013651919457097273,0.4760355854448475,2,3
山本隆司,職員,261,1550,0.0013651919457097273,-1.4349682869256595,2,3
山本隆司,越える,262,463,0.0013651919457097273,0.17556835396068982,2,3
山本隆司,コミュニケーション-communication,263,1176,0.0011484425029567311,-0.4958223399720252,2,4
山本隆司,一体,264,425,0.0011484425029567311,0.4760355854448475,2,4
山本隆司,伸ばす,265,458,0.0011484425029567311,0.17556835396068982,2,4
山本隆司,先端,266,427,0.0011484425029567311,0.4760355854448475,2,4
山本隆司,公共,267,535,0.0011484425029567311,-0.3012891363818146,2,4
山本隆司,其々,268,536,0.0011484425029567311,-0.3012891363818146,2,4
山本隆司,力,269,1571,0.0011484425029567311,-3.0232215090242867,2,4
山本隆司,図る,270,506,0.0011484425029567311,-0.08004526587947698,2,4
山本隆司,広い,271,507,0.0011484425029567311,-0.08004526587947698,2,4
山本隆司,技術,272,1525,0.0011484425029567311,-1.0979804820825902,2,4
山本隆司,構想,273,431,0.0011484425029567311,0.4760355854448475,2,4
山本隆司,現状,274,460,0.0011484425029567311,0.17556835396068982,2,4
山本隆司,留学,275,508,0.0011484425029567311,-0.08004526587947698,2,4
山本隆司,目的,276,509,0.0011484425029567311,-0.08004526587947698,2,4
山本隆司,築く,277,1178,0.0011484425029567311,-0.4958223399720252,2,4
山本隆司,続ける,278,539,0.0011484425029567311,-0.3012891363818146,2,4
山本隆司,繋ぐ,279,512,0.0011484425029567311,-0.08004526587947698,2,4
山本隆司,能力,280,1179,0.0011484425029567311,-0.4958223399720252,2,4
山本隆司,設計,281,540,0.0011484425029567311,-0.3012891363818146,2,4
山本隆司,配分,282,464,0.0011484425029567311,0.17556835396068982,2,4
山本隆司,重点,283,438,0.0011484425029567311,0.4760355854448475,2,4
山本隆司,ebpm,284,195,0.0010192386054726128,0.6069327549500166,1,1
山本隆司,アップ-up,285,196,0.0010192386054726128,0.6069327549500166,1,1
山本隆司,カリキュラム-curriculum,286,197,0.0010192386054726128,0.6069327549500166,1,1
山本隆司,コスト-cost,287,198,0.0010192386054726128,0.6069327549500166,1,1
山本隆司,サイクル-cycle,288,199,0.0010192386054726128,0.6069327549500166,1,1
山本隆司,サブ-sub,289,200,0.0010192386054726128,0.6069327549500166,1,1
山本隆司,シミュレーション-simulation,290,201,0.0010192386054726128,0.6069327549500166,1,1
山本隆司,ジャーナル-journal,291,202,0.0010192386054726128,0.6069327549500166,1,1
山本隆司,スタンス-stance,292,203,0.0010192386054726128,0.6069327549500166,1,1
山本隆司,センター-center,293,204,0.0010192386054726128,0.6069327549500166,1,1
山本隆司,ダウン-down,294,205,0.0010192386054726128,0.6069327549500166,1,1
山本隆司,チェック-check,295,206,0.0010192386054726128,0.6069327549500166,1,1
山本隆司,ハラスメント-harassment,296,207,0.0010192386054726128,0.6069327549500166,1,1
山本隆司,バックグラウンド-background,297,208,0.0010192386054726128,0.6069327549500166,1,1
山本隆司,パンデミック-pandemic,298,209,0.0010192386054726128,0.6069327549500166,1,1
山本隆司,ピーク-peak,299,210,0.0010192386054726128,0.6069327549500166,1,1
山本隆司,ボトム-bottom,300,211,0.0010192386054726128,0.6069327549500166,1,1
山本隆司,ポスト-post(郵便),301,212,0.0010192386054726128,0.6069327549500166,1,1
山本隆司,メジャー-major,302,213,0.0010192386054726128,0.6069327549500166,1,1
山本隆司,一定,303,214,0.0010192386054726128,0.6069327549500166,1,1
山本隆司,上記,304,215,0.0010192386054726128,0.6069327549500166,1,1
山本隆司,下,305,216,0.0010192386054726128,0.6069327549500166,1,1
山本隆司,乱用,306,217,0.0010192386054726128,0.6069327549500166,1,1
山本隆司,争い,307,218,0.0010192386054726128,0.6069327549500166,1,1
山本隆司,交差,308,219,0.0010192386054726128,0.6069327549500166,1,1
山本隆司,他方,309,220,0.0010192386054726128,0.6069327549500166,1,1
山本隆司,以前,310,221,0.0010192386054726128,0.6069327549500166,1,1
山本隆司,以後,311,222,0.0010192386054726128,0.6069327549500166,1,1
山本隆司,任せる,312,223,0.0010192386054726128,0.6069327549500166,1,1
山本隆司,任用,313,224,0.0010192386054726128,0.6069327549500166,1,1
山本隆司,企画,314,225,0.0010192386054726128,0.6069327549500166,1,1
山本隆司,会社,315,226,0.0010192386054726128,0.6069327549500166,1,1
山本隆司,伝説,316,227,0.0010192386054726128,0.6069327549500166,1,1
山本隆司,使い分け,317,228,0.0010192386054726128,0.6069327549500166,1,1
山本隆司,保障,318,229,0.0010192386054726128,0.6069327549500166,1,1
山本隆司,個,319,230,0.0010192386054726128,0.6069327549500166,1,1
山本隆司,先,320,231,0.0010192386054726128,0.6069327549500166,1,1
山本隆司,共著,321,232,0.0010192386054726128,0.6069327549500166,1,1
山本隆司,分かる,322,233,0.0010192386054726128,0.6069327549500166,1,1
山本隆司,分割,323,234,0.0010192386054726128,0.6069327549500166,1,1
山本隆司,分立,324,235,0.0010192386054726128,0.6069327549500166,1,1
山本隆司,前回,325,236,0.0010192386054726128,0.6069327549500166,1,1
山本隆司,前項,326,237,0.0010192386054726128,0.6069327549500166,1,1
山本隆司,割合,327,238,0.0010192386054726128,0.6069327549500166,1,1
山本隆司,力強い,328,239,0.0010192386054726128,0.6069327549500166,1,1
山本隆司,動向,329,240,0.0010192386054726128,0.6069327549500166,1,1
山本隆司,動員,330,241,0.0010192386054726128,0.6069327549500166,1,1
山本隆司,区別,331,242,0.0010192386054726128,0.6069327549500166,1,1
山本隆司,半数,332,243,0.0010192386054726128,0.6069327549500166,1,1
山本隆司,協議,333,244,0.0010192386054726128,0.6069327549500166,1,1
山本隆司,即する,334,245,0.0010192386054726128,0.6069327549500166,1,1
山本隆司,反対,335,246,0.0010192386054726128,0.6069327549500166,1,1
山本隆司,収束,336,247,0.0010192386054726128,0.6069327549500166,1,1
山本隆司,収益,337,248,0.0010192386054726128,0.6069327549500166,1,1
山本隆司,収集,338,249,0.0010192386054726128,0.6069327549500166,1,1
山本隆司,受益,339,250,0.0010192386054726128,0.6069327549500166,1,1
山本隆司,各国,340,251,0.0010192386054726128,0.6069327549500166,1,1
山本隆司,合致,341,252,0.0010192386054726128,0.6069327549500166,1,1
山本隆司,唱える,342,253,0.0010192386054726128,0.6069327549500166,1,1
山本隆司,図式,343,254,0.0010192386054726128,0.6069327549500166,1,1
山本隆司,国籍,344,255,0.0010192386054726128,0.6069327549500166,1,1
山本隆司,外国,345,256,0.0010192386054726128,0.6069327549500166,1,1
山本隆司,契機,346,257,0.0010192386054726128,0.6069327549500166,1,1
山本隆司,好機,347,258,0.0010192386054726128,0.6069327549500166,1,1
山本隆司,如何,348,259,0.0010192386054726128,0.6069327549500166,1,1
山本隆司,妨害,349,260,0.0010192386054726128,0.6069327549500166,1,1
山本隆司,姿勢,350,261,0.0010192386054726128,0.6069327549500166,1,1
山本隆司,定員,351,262,0.0010192386054726128,0.6069327549500166,1,1
山本隆司,定着,352,263,0.0010192386054726128,0.6069327549500166,1,1
山本隆司,実態,353,264,0.0010192386054726128,0.6069327549500166,1,1
山本隆司,実質,354,265,0.0010192386054726128,0.6069327549500166,1,1
山本隆司,宿題,355,266,0.0010192386054726128,0.6069327549500166,1,1
山本隆司,寄せ集める,356,267,0.0010192386054726128,0.6069327549500166,1,1
山本隆司,導入,357,268,0.0010192386054726128,0.6069327549500166,1,1
山本隆司,小手,358,269,0.0010192386054726128,0.6069327549500166,1,1
山本隆司,少ない,359,270,0.0010192386054726128,0.6069327549500166,1,1
山本隆司,局所,360,271,0.0010192386054726128,0.6069327549500166,1,1
山本隆司,差分,361,272,0.0010192386054726128,0.6069327549500166,1,1
山本隆司,広がる,362,273,0.0010192386054726128,0.6069327549500166,1,1
山本隆司,廃止,363,274,0.0010192386054726128,0.6069327549500166,1,1
山本隆司,建設,364,275,0.0010192386054726128,0.6069327549500166,1,1
山本隆司,弱点,365,276,0.0010192386054726128,0.6069327549500166,1,1
山本隆司,強靭,366,277,0.0010192386054726128,0.6069327549500166,1,1
山本隆司,当,367,278,0.0010192386054726128,0.6069327549500166,1,1
山本隆司,当該,368,279,0.0010192386054726128,0.6069327549500166,1,1
山本隆司,役員,369,280,0.0010192386054726128,0.6069327549500166,1,1
山本隆司,性格,370,281,0.0010192386054726128,0.6069327549500166,1,1
山本隆司,性質,371,282,0.0010192386054726128,0.6069327549500166,1,1
山本隆司,恒常,372,283,0.0010192386054726128,0.6069327549500166,1,1
山本隆司,所掌,373,284,0.0010192386054726128,0.6069327549500166,1,1
山本隆司,把握,374,285,0.0010192386054726128,0.6069327549500166,1,1
山本隆司,抑制,375,286,0.0010192386054726128,0.6069327549500166,1,1
山本隆司,投入,376,287,0.0010192386054726128,0.6069327549500166,1,1
山本隆司,押さえる,377,288,0.0010192386054726128,0.6069327549500166,1,1
山本隆司,掛ける,378,289,0.0010192386054726128,0.6069327549500166,1,1
山本隆司,接ぎ木,379,290,0.0010192386054726128,0.6069327549500166,1,1
山本隆司,支配,380,291,0.0010192386054726128,0.6069327549500166,1,1
山本隆司,支障,381,292,0.0010192386054726128,0.6069327549500166,1,1
山本隆司,改修,382,293,0.0010192386054726128,0.6069327549500166,1,1
山本隆司,政,383,294,0.0010192386054726128,0.6069327549500166,1,1
山本隆司,日程,384,295,0.0010192386054726128,0.6069327549500166,1,1
山本隆司,普及,385,296,0.0010192386054726128,0.6069327549500166,1,1
山本隆司,有識,386,297,0.0010192386054726128,0.6069327549500166,1,1
山本隆司,核心,387,298,0.0010192386054726128,0.6069327549500166,1,1
山本隆司,標準,388,299,0.0010192386054726128,0.6069327549500166,1,1
山本隆司,横,389,300,0.0010192386054726128,0.6069327549500166,1,1
山本隆司,次第,390,301,0.0010192386054726128,0.6069327549500166,1,1
山本隆司,注意,391,302,0.0010192386054726128,0.6069327549500166,1,1
山本隆司,活性,392,303,0.0010192386054726128,0.6069327549500166,1,1
山本隆司,深める,393,304,0.0010192386054726128,0.6069327549500166,1,1
山本隆司,減らす,394,305,0.0010192386054726128,0.6069327549500166,1,1
山本隆司,減る,395,306,0.0010192386054726128,0.6069327549500166,1,1
山本隆司,測る,396,307,0.0010192386054726128,0.6069327549500166,1,1
山本隆司,漸進,397,308,0.0010192386054726128,0.6069327549500166,1,1
山本隆司,激しい,398,309,0.0010192386054726128,0.6069327549500166,1,1
山本隆司,無くす,399,310,0.0010192386054726128,0.6069327549500166,1,1
山本隆司,照らす,400,311,0.0010192386054726128,0.6069327549500166,1,1
山本隆司,特化,401,312,0.0010192386054726128,0.6069327549500166,1,1
山本隆司,独任,402,313,0.0010192386054726128,0.6069327549500166,1,1
山本隆司,現われる,403,314,0.0010192386054726128,0.6069327549500166,1,1
山本隆司,生活,404,315,0.0010192386054726128,0.6069327549500166,1,1
山本隆司,用語,405,316,0.0010192386054726128,0.6069327549500166,1,1
山本隆司,由来,406,317,0.0010192386054726128,0.6069327549500166,1,1
山本隆司,発見,407,318,0.0010192386054726128,0.6069327549500166,1,1
山本隆司,目前,408,319,0.0010192386054726128,0.6069327549500166,1,1
山本隆司,直接,409,320,0.0010192386054726128,0.6069327549500166,1,1
山本隆司,相応,410,321,0.0010192386054726128,0.6069327549500166,1,1
山本隆司,研修,411,322,0.0010192386054726128,0.6069327549500166,1,1
山本隆司,称する,412,323,0.0010192386054726128,0.6069327549500166,1,1
山本隆司,移す,413,324,0.0010192386054726128,0.6069327549500166,1,1
山本隆司,積み重ねる,414,325,0.0010192386054726128,0.6069327549500166,1,1
山本隆司,組み合わせ,415,326,0.0010192386054726128,0.6069327549500166,1,1
山本隆司,組み替え,416,327,0.0010192386054726128,0.6069327549500166,1,1
山本隆司,統一,417,328,0.0010192386054726128,0.6069327549500166,1,1
山本隆司,継ぎ足す,418,329,0.0010192386054726128,0.6069327549500166,1,1
山本隆司,編成,419,330,0.0010192386054726128,0.6069327549500166,1,1
山本隆司,縦割り,420,331,0.0010192386054726128,0.6069327549500166,1,1
山本隆司,縦横,421,332,0.0010192386054726128,0.6069327549500166,1,1
山本隆司,縮小,422,333,0.0010192386054726128,0.6069327549500166,1,1
山本隆司,老朽,423,334,0.0010192386054726128,0.6069327549500166,1,1
山本隆司,自己,424,335,0.0010192386054726128,0.6069327549500166,1,1
山本隆司,見定める,425,336,0.0010192386054726128,0.6069327549500166,1,1
山本隆司,規制,426,337,0.0010192386054726128,0.6069327549500166,1,1
山本隆司,言い合う,427,338,0.0010192386054726128,0.6069327549500166,1,1
山本隆司,記述,428,339,0.0010192386054726128,0.6069327549500166,1,1
山本隆司,設ける,429,340,0.0010192386054726128,0.6069327549500166,1,1
山本隆司,詰める,430,341,0.0010192386054726128,0.6069327549500166,1,1
山本隆司,論文,431,342,0.0010192386054726128,0.6069327549500166,1,1
山本隆司,資する,432,343,0.0010192386054726128,0.6069327549500166,1,1
山本隆司,走る,433,344,0.0010192386054726128,0.6069327549500166,1,1
山本隆司,転換,434,345,0.0010192386054726128,0.6069327549500166,1,1
山本隆司,軽減,435,346,0.0010192386054726128,0.6069327549500166,1,1
山本隆司,輸出,436,347,0.0010192386054726128,0.6069327549500166,1,1
山本隆司,輻湊,437,348,0.0010192386054726128,0.6069327549500166,1,1
山本隆司,近代,438,349,0.0010192386054726128,0.6069327549500166,1,1
山本隆司,追い付く,439,350,0.0010192386054726128,0.6069327549500166,1,1
山本隆司,追加,440,351,0.0010192386054726128,0.6069327549500166,1,1
山本隆司,連れる,441,352,0.0010192386054726128,0.6069327549500166,1,1
山本隆司,進度,442,353,0.0010192386054726128,0.6069327549500166,1,1
山本隆司,進捗,443,354,0.0010192386054726128,0.6069327549500166,1,1
山本隆司,道標,444,355,0.0010192386054726128,0.6069327549500166,1,1
山本隆司,部分,445,356,0.0010192386054726128,0.6069327549500166,1,1
山本隆司,阻害,446,357,0.0010192386054726128,0.6069327549500166,1,1
山本隆司,限界,447,358,0.0010192386054726128,0.6069327549500166,1,1
山本隆司,頃,448,359,0.0010192386054726128,0.6069327549500166,1,1
山本隆司,順位,449,360,0.0010192386054726128,0.6069327549500166,1,1
山本隆司,風通し,450,361,0.0010192386054726128,0.6069327549500166,1,1
山本隆司,人材,451,1565,0.0009713453132588635,-1.9507210712738845,2,5
山本隆司,基づく,452,537,0.0009713453132588635,-0.3012891363818146,2,5
山本隆司,生み出す,453,1177,0.0009713453132588635,-0.4958223399720252,2,5
山本隆司,経営,454,1569,0.0009713453132588635,-2.4017688649089806,2,5
山本隆司,wings,455,516,0.0008223152892471808,-0.21292550326911117,1,2
山本隆司,ダブル-double,456,466,0.0008223152892471808,0.12408979806986215,1,2
山本隆司,ディグリー-degree,457,467,0.0008223152892471808,0.12408979806986215,1,2
山本隆司,トップ-top,458,1166,0.0008223152892471808,-0.4728731254881407,1,2
山本隆司,ネットワーク-network,459,362,0.0008223152892471808,0.5892783513357699,1,2
山本隆司,プレゼンス-presence,460,363,0.0008223152892471808,0.5892783513357699,1,2
山本隆司,ランキング-ranking,461,364,0.0008223152892471808,0.5892783513357699,1,2
山本隆司,人口,462,365,0.0008223152892471808,0.5892783513357699,1,2
山本隆司,低下,463,366,0.0008223152892471808,0.5892783513357699,1,2
山本隆司,余地,464,469,0.0008223152892471808,0.12408979806986215,1,2
山本隆司,作り込む,465,367,0.0008223152892471808,0.5892783513357699,1,2
山本隆司,保つ,466,368,0.0008223152892471808,0.5892783513357699,1,2
山本隆司,修士,467,470,0.0008223152892471808,0.12408979806986215,1,2
山本隆司,個人,468,369,0.0008223152892471808,0.5892783513357699,1,2
山本隆司,個性,469,370,0.0008223152892471808,0.5892783513357699,1,2
山本隆司,別,470,474,0.0008223152892471808,0.12408979806986215,1,2
山本隆司,削減,471,371,0.0008223152892471808,0.5892783513357699,1,2
山本隆司,加わる,472,372,0.0008223152892471808,0.5892783513357699,1,2
山本隆司,厳しい,473,373,0.0008223152892471808,0.5892783513357699,1,2
山本隆司,参画,474,475,0.0008223152892471808,0.12408979806986215,1,2
山本隆司,取り組み,475,374,0.0008223152892471808,0.5892783513357699,1,2
山本隆司,合う,476,375,0.0008223152892471808,0.5892783513357699,1,2
山本隆司,問い直す,477,376,0.0008223152892471808,0.5892783513357699,1,2
山本隆司,国内外,478,377,0.0008223152892471808,0.5892783513357699,1,2
山本隆司,国家,479,378,0.0008223152892471808,0.5892783513357699,1,2
山本隆司,地域,480,379,0.0008223152892471808,0.5892783513357699,1,2
山本隆司,失う,481,380,0.0008223152892471808,0.5892783513357699,1,2
山本隆司,委員,482,381,0.0008223152892471808,0.5892783513357699,1,2
山本隆司,学修,483,481,0.0008223152892471808,0.12408979806986215,1,2
山本隆司,学外,484,521,0.0008223152892471808,-0.21292550326911117,1,2
山本隆司,実装,485,382,0.0008223152892471808,0.5892783513357699,1,2
山本隆司,対象,486,383,0.0008223152892471808,0.5892783513357699,1,2
山本隆司,幅,487,384,0.0008223152892471808,0.5892783513357699,1,2
山本隆司,強み,488,385,0.0008223152892471808,0.5892783513357699,1,2
山本隆司,所与,489,1355,0.0008223152892471808,-0.6836740076252916,1,2
山本隆司,所属,490,483,0.0008223152892471808,0.12408979806986215,1,2
山本隆司,手段,491,386,0.0008223152892471808,0.5892783513357699,1,2
山本隆司,手続き,492,387,0.0008223152892471808,0.5892783513357699,1,2
山本隆司,抑,493,388,0.0008223152892471808,0.5892783513357699,1,2
山本隆司,指導,494,389,0.0008223152892471808,0.5892783513357699,1,2
山本隆司,捕らえる,495,390,0.0008223152892471808,0.5892783513357699,1,2
山本隆司,採用,496,391,0.0008223152892471808,0.5892783513357699,1,2
山本隆司,提案,497,392,0.0008223152892471808,0.5892783513357699,1,2
山本隆司,損なう,498,393,0.0008223152892471808,0.5892783513357699,1,2
山本隆司,政治,499,484,0.0008223152892471808,0.12408979806986215,1,2
山本隆司,方法,500,394,0.0008223152892471808,0.5892783513357699,1,2
山本隆司,最終,501,395,0.0008223152892471808,0.5892783513357699,1,2
山本隆司,検討,502,485,0.0008223152892471808,0.12408979806986215,1,2
山本隆司,機構,503,486,0.0008223152892471808,0.12408979806986215,1,2
山本隆司,比率,504,1359,0.0008223152892471808,-0.6836740076252916,1,2
山本隆司,決断,505,396,0.0008223152892471808,0.5892783513357699,1,2
山本隆司,減少,506,397,0.0008223152892471808,0.5892783513357699,1,2
山本隆司,準備,507,398,0.0008223152892471808,0.5892783513357699,1,2
山本隆司,生ずる,508,399,0.0008223152892471808,0.5892783513357699,1,2
山本隆司,生まれる,509,400,0.0008223152892471808,0.5892783513357699,1,2
山本隆司,用いる,510,491,0.0008223152892471808,0.12408979806986215,1,2
山本隆司,発表,511,401,0.0008223152892471808,0.5892783513357699,1,2
山本隆司,監視,512,402,0.0008223152892471808,0.5892783513357699,1,2
山本隆司,真価,513,493,0.0008223152892471808,0.12408979806986215,1,2
山本隆司,科長,514,403,0.0008223152892471808,0.5892783513357699,1,2
山本隆司,立てる,515,404,0.0008223152892471808,0.5892783513357699,1,2
山本隆司,答える,516,405,0.0008223152892471808,0.5892783513357699,1,2
山本隆司,策定,517,527,0.0008223152892471808,-0.21292550326911117,1,2
山本隆司,置く,518,406,0.0008223152892471808,0.5892783513357699,1,2
山本隆司,至る,519,407,0.0008223152892471808,0.5892783513357699,1,2
山本隆司,表面,520,408,0.0008223152892471808,0.5892783513357699,1,2
山本隆司,要素,521,409,0.0008223152892471808,0.5892783513357699,1,2
山本隆司,解,522,410,0.0008223152892471808,0.5892783513357699,1,2
山本隆司,言語,523,494,0.0008223152892471808,0.12408979806986215,1,2
山本隆司,説明,524,496,0.0008223152892471808,0.12408979806986215,1,2
山本隆司,調整,525,411,0.0008223152892471808,0.5892783513357699,1,2
山本隆司,負担,526,497,0.0008223152892471808,0.12408979806986215,1,2
山本隆司,費用,527,412,0.0008223152892471808,0.5892783513357699,1,2
山本隆司,距離,528,413,0.0008223152892471808,0.5892783513357699,1,2
山本隆司,迎える,529,414,0.0008223152892471808,0.5892783513357699,1,2
山本隆司,逆,530,415,0.0008223152892471808,0.5892783513357699,1,2
山本隆司,過程,531,416,0.0008223152892471808,0.5892783513357699,1,2
山本隆司,道筋,532,417,0.0008223152892471808,0.5892783513357699,1,2
山本隆司,違い,533,418,0.0008223152892471808,0.5892783513357699,1,2
山本隆司,部門,534,419,0.0008223152892471808,0.5892783513357699,1,2
山本隆司,重視,535,498,0.0008223152892471808,0.12408979806986215,1,2
山本隆司,間接,536,420,0.0008223152892471808,0.5892783513357699,1,2
山本隆司,雇用,537,421,0.0008223152892471808,0.5892783513357699,1,2
山本隆司,高まる,538,422,0.0008223152892471808,0.5892783513357699,1,2
山本隆司,イノベーション-innovation,539,1466,0.0006825959728548636,-0.8608564659292616,1,3
山本隆司,プログラム-program,540,517,0.0006825959728548636,-0.21292550326911117,1,3
山本隆司,モデル-model,541,468,0.0006825959728548636,0.12408979806986215,1,3
山本隆司,世代,542,1467,0.0006825959728548636,-0.8608564659292616,1,3
山本隆司,予算,543,1514,0.0006825959728548636,-1.013756681965337,1,3
山本隆司,仕舞う,544,1167,0.0006825959728548636,-0.4728731254881407,1,3
山本隆司,付く,545,519,0.0006825959728548636,-0.21292550326911117,1,3
山本隆司,会,546,1352,0.0006825959728548636,-0.6836740076252916,1,3
山本隆司,候補,547,471,0.0006825959728548636,0.12408979806986215,1,3
山本隆司,共有,548,472,0.0006825959728548636,0.12408979806986215,1,3
山本隆司,分析,549,473,0.0006825959728548636,0.12408979806986215,1,3
山本隆司,合わせる,550,476,0.0006825959728548636,0.12408979806986215,1,3
山本隆司,含める,551,477,0.0006825959728548636,0.12408979806986215,1,3
山本隆司,国内,552,478,0.0006825959728548636,0.12408979806986215,1,3
山本隆司,変動,553,479,0.0006825959728548636,0.12408979806986215,1,3
山本隆司,変化,554,1169,0.0006825959728548636,-0.4728731254881407,1,3
山本隆司,奉仕,555,480,0.0006825959728548636,0.12408979806986215,1,3
山本隆司,学ぶ,556,1170,0.0006825959728548636,-0.4728731254881407,1,3
山本隆司,実務,557,482,0.0006825959728548636,0.12408979806986215,1,3
山本隆司,年,558,1563,0.0006825959728548636,-1.7353396919005293,1,3
山本隆司,形,559,1171,0.0006825959728548636,-0.4728731254881407,1,3
山本隆司,成長,560,1516,0.0006825959728548636,-1.013756681965337,1,3
山本隆司,拡充,561,522,0.0006825959728548636,-0.21292550326911117,1,3
山本隆司,整備,562,1172,0.0006825959728548636,-0.4728731254881407,1,3
山本隆司,既存,563,1357,0.0006825959728548636,-0.6836740076252916,1,3
山本隆司,時,564,1358,0.0006825959728548636,-0.6836740076252916,1,3
山本隆司,来る,565,1557,0.0006825959728548636,-1.5696542544197056,1,3
山本隆司,機関,566,1173,0.0006825959728548636,-0.4728731254881407,1,3
山本隆司,歴史,567,487,0.0006825959728548636,0.12408979806986215,1,3
山本隆司,民主,568,488,0.0006825959728548636,0.12408979806986215,1,3
山本隆司,気候,569,489,0.0006825959728548636,0.12408979806986215,1,3
山本隆司,決める,570,1360,0.0006825959728548636,-0.6836740076252916,1,3
山本隆司,渡る,571,523,0.0006825959728548636,-0.21292550326911117,1,3
山本隆司,特性,572,490,0.0006825959728548636,0.12408979806986215,1,3
山本隆司,理念,573,524,0.0006825959728548636,-0.21292550326911117,1,3
山本隆司,留める,574,492,0.0006825959728548636,0.12408979806986215,1,3
山本隆司,立つ,575,526,0.0006825959728548636,-0.21292550326911117,1,3
山本隆司,自律,576,529,0.0006825959728548636,-0.21292550326911117,1,3
山本隆司,規模,577,1174,0.0006825959728548636,-0.4728731254881407,1,3
山本隆司,設備,578,495,0.0006825959728548636,0.12408979806986215,1,3
山本隆司,議論,579,1519,0.0006825959728548636,-1.013756681965337,1,3
山本隆司,負う,580,530,0.0006825959728548636,-0.21292550326911117,1,3
山本隆司,通り,581,531,0.0006825959728548636,-0.21292550326911117,1,3
山本隆司,際,582,499,0.0006825959728548636,0.12408979806986215,1,3
山本隆司,集中,583,532,0.0006825959728548636,-0.21292550326911117,1,3
山本隆司,高い,584,533,0.0006825959728548636,-0.21292550326911117,1,3
山本隆司,高齢,585,500,0.0006825959728548636,0.12408979806986215,1,3
山本隆司,アート-art,586,1465,0.0005742212514783656,-0.8608564659292616,1,4
山本隆司,リベラル-liberal,587,1513,0.0005742212514783656,-1.013756681965337,1,4
山本隆司,人文,588,518,0.0005742212514783656,-0.21292550326911117,1,4
山本隆司,全て,589,1515,0.0005742212514783656,-1.013756681965337,1,4
山本隆司,分断,590,1353,0.0005742212514783656,-0.6836740076252916,1,4
山本隆司,加速,591,520,0.0005742212514783656,-0.21292550326911117,1,4
山本隆司,学部,592,1354,0.0005742212514783656,-0.6836740076252916,1,4
山本隆司,成果,593,1540,0.0005742212514783656,-1.268763409804489,1,4
山本隆司,方向,594,1356,0.0005742212514783656,-0.6836740076252916,1,4
山本隆司,留まる,595,525,0.0005742212514783656,-0.21292550326911117,1,4
山本隆司,繋がる,596,528,0.0005742212514783656,-0.21292550326911117,1,4
山本隆司,育成,597,1518,0.0005742212514783656,-1.013756681965337,1,4
山本隆司,良い,598,1541,0.0005742212514783656,-1.268763409804489,1,4
山本隆司,行く,599,1567,0.0005742212514783656,-2.190288630145632,1,4
山本隆司,課程,600,1468,0.0005742212514783656,-0.8608564659292616,1,4
山本隆司,創造,601,1564,0.00048567265662943174,-1.81064972681545,1,5
山本隆司,加える,602,1548,0.00048567265662943174,-1.377797885581787,1,5
山本隆司,向ける,603,1168,0.00048567265662943174,-0.4728731254881407,1,5
山本隆司,学内,604,1556,0.00048567265662943174,-1.5696542544197056,1,5
山本隆司,担う,605,1551,0.00048567265662943174,-1.477570210857736,1,5
山本隆司,支援,606,1559,0.00048567265662943174,-1.6552607102446653,1,5
山本隆司,教養,607,1517,0.00048567265662943174,-1.013756681965337,1,5
山本隆司,新しい,608,1526,0.00048567265662943174,-1.1483720952762184,1,5
山本隆司,果たす,609,1552,0.00048567265662943174,-1.477570210857736,1,5
山本隆司,理解,610,1361,0.00048567265662943174,-0.6836740076252916,1,5
山本隆司,間,611,1527,0.00048567265662943174,-1.1483720952762184,1,5
染谷隆夫,為る,1,336,0.07851985559566788,0.5909163032759456,87,5
染谷隆夫,有る,2,1571,0.021660649819494584,-2.6921885258314107,24,5
染谷隆夫,社会,3,11,0.01895306859205776,2.871213102233638,21,5
染谷隆夫,事,4,1533,0.018050541516245487,-0.9793640376367181,20,5
染谷隆夫,トウキョウ,5,1409,0.01444043321299639,-0.5959820763301548,16,5
染谷隆夫,力,6,25,0.01387200382519983,2.4675016089271558,13,4
染谷隆夫,出来る,7,66,0.012804926607876764,1.836846782026879,12,4
染谷隆夫,環境,8,7,0.012804926607876764,2.929736926430432,12,4
染谷隆夫,構成,9,1,0.011732851985559567,3.8784112080660083,13,5
染谷隆夫,居る,10,1560,0.010830324909747292,-1.4788040638598328,12,5
染谷隆夫,整える,11,2,0.01014776251341635,3.3607448613820616,8,3
染谷隆夫,知,12,42,0.009603694955907573,2.1632154127079186,9,4
染谷隆夫,尊重,13,5,0.009168667042743385,3.1837626021904692,6,2
染谷隆夫,現場,14,6,0.009168667042743385,3.110791438287217,6,2
染谷隆夫,制度,15,21,0.009025270758122744,2.6153583241420213,10,5
染谷隆夫,世界,16,215,0.008122743682310469,0.7532152059780394,9,5
染谷隆夫,人材,17,10,0.008122743682310469,2.8741678021518164,9,5
染谷隆夫,本部,18,41,0.008122743682310469,2.1632154127079186,9,5
染谷隆夫,無い,19,391,0.008122743682310469,0.22308281243777905,9,5
染谷隆夫,人類,20,27,0.007640555868952822,2.3545546252123435,5,2
染谷隆夫,長期,21,9,0.007640555868952822,2.892597011218278,5,2
染谷隆夫,価値,22,22,0.007610821885062262,2.613670431671318,6,3
染谷隆夫,投資,23,3,0.007469540521261446,3.3132404269418987,7,4
染谷隆夫,専門,24,100,0.007220216606498195,1.2147201214255623,8,5
染谷隆夫,ai,25,26,0.006402463303938382,2.449608195292839,6,4
染谷隆夫,通ずる,26,4,0.006402463303938382,3.247231233670699,6,4
染谷隆夫,信頼,27,23,0.006342351570885218,2.538172331202641,5,3
染谷隆夫,実現,28,13,0.006342351570885218,2.72203032319799,5,3
染谷隆夫,成長,29,8,0.006342351570885218,2.892597011218278,5,3
染谷隆夫,成る,30,1568,0.00631768953068592,-2.050598122049912,7,5
染谷隆夫,部局,31,392,0.00631768953068592,0.1582153251969511,7,5
染谷隆夫,ガバナンス-governance,32,370,0.006112444695162258,0.2520265489120883,4,2
染谷隆夫,一人一人,33,15,0.006112444695162258,2.687297943756634,4,2
染谷隆夫,時代,34,16,0.006112444695162258,2.687297943756634,4,2
染谷隆夫,発揮,35,17,0.006112444695162258,2.687297943756634,4,2
染谷隆夫,確立,36,20,0.006112444695162258,2.649565579035668,4,2
染谷隆夫,還元,37,35,0.006112444695162258,2.269235617981419,4,2
染谷隆夫,領域,38,36,0.006112444695162258,2.269235617981419,4,2
染谷隆夫,協創,39,101,0.005682163236466002,1.2089284805437517,3,1
染谷隆夫,安心,40,102,0.005682163236466002,1.2089284805437517,3,1
染谷隆夫,本質,41,103,0.005682163236466002,1.2089284805437517,3,1
染谷隆夫,因る,42,413,0.005415162454873646,-0.056102755545147716,6,5
染谷隆夫,役割,43,411,0.005415162454873646,0.012983902587744348,6,5
染谷隆夫,必要,44,1563,0.005415162454873646,-1.7154190605121566,6,5
染谷隆夫,担う,45,12,0.005415162454873646,2.7816235093218866,6,5
染谷隆夫,組織,46,412,0.005415162454873646,0.012983902587744348,6,5
染谷隆夫,課題,47,434,0.005415162454873646,-0.31546310789473747,6,5
染谷隆夫,責任,48,88,0.005415162454873646,1.3507666294344496,6,5
染谷隆夫,全学,49,24,0.005335386086615319,2.538172331202641,5,4
染谷隆夫,築く,50,14,0.005335386086615319,2.72203032319799,5,4
染谷隆夫,最大,51,18,0.005073881256708175,2.649565579035668,4,3
染谷隆夫,業務,52,70,0.005073881256708175,1.6842085124170711,4,3
染谷隆夫,確保,53,19,0.005073881256708175,2.649565579035668,4,3
染谷隆夫,キャンパス-campus,54,28,0.004584333521371693,2.343132665691831,3,2
染谷隆夫,リーダー-leader,55,43,0.004584333521371693,1.964372420510481,3,2
染谷隆夫,取り組む,56,45,0.004584333521371693,1.964372420510481,3,2
染谷隆夫,学び,57,29,0.004584333521371693,2.343132665691831,3,2
染谷隆夫,対話,58,30,0.004584333521371693,2.343132665691831,3,2
染谷隆夫,探究,59,31,0.004584333521371693,2.343132665691831,3,2
染谷隆夫,時間,60,32,0.004584333521371693,2.343132665691831,3,2
染谷隆夫,産,61,86,0.004584333521371693,1.5099257283019543,3,2
染谷隆夫,目標,62,161,0.004584333521371693,1.1230595395301612,3,2
染谷隆夫,知財,63,33,0.004584333521371693,2.343132665691831,3,2
染谷隆夫,自ら,64,38,0.004584333521371693,2.1972146226278326,3,2
染谷隆夫,若手,65,34,0.004584333521371693,2.343132665691831,3,2
染谷隆夫,要する,66,39,0.004584333521371693,2.1972146226278326,3,2
染谷隆夫,創造,67,81,0.004512635379061372,1.5447236876930275,5,5
染谷隆夫,為,68,1565,0.004512635379061372,-1.8969041353378857,5,5
染谷隆夫,総長,69,393,0.004512635379061372,0.1566347735496956,5,5
染谷隆夫,問う,70,69,0.0042683088692922555,1.6842085124170711,4,4
染谷隆夫,基盤,71,183,0.0042683088692922555,0.9207392533188075,4,4
染谷隆夫,成果,72,64,0.0042683088692922555,1.868769959009585,4,4
染谷隆夫,経験,73,65,0.0042683088692922555,1.868769959009585,4,4
染谷隆夫,資源,74,89,0.0042683088692922555,1.3492720686589745,4,4
染谷隆夫,進める,75,184,0.0042683088692922555,0.9207392533188075,4,4
染谷隆夫,使命,76,37,0.003805410942531131,2.1972146226278326,3,3
染谷隆夫,優れる,77,44,0.003805410942531131,1.964372420510481,3,3
染谷隆夫,循環,78,85,0.003805410942531131,1.5099257283019543,3,3
染谷隆夫,支える,79,46,0.003805410942531131,1.964372420510481,3,3
染谷隆夫,既存,80,47,0.003805410942531131,1.964372420510481,3,3
染谷隆夫,水準,81,67,0.003805410942531131,1.7296401305369309,3,3
染谷隆夫,決める,82,48,0.003805410942531131,1.964372420510481,3,3
染谷隆夫,生かす,83,97,0.003805410942531131,1.3080204824468609,3,3
染谷隆夫,異なる,84,49,0.003805410942531131,1.964372420510481,3,3
染谷隆夫,視野,85,40,0.003805410942531131,2.1972146226278326,3,3
染谷隆夫,リソース-resource,86,167,0.003788108824310668,0.9869437783212367,2,1
染谷隆夫,一律,87,168,0.003788108824310668,0.9869437783212367,2,1
染谷隆夫,備える,88,169,0.003788108824310668,0.9869437783212367,2,1
染谷隆夫,協働,89,170,0.003788108824310668,0.9869437783212367,2,1
染谷隆夫,呼び込む,90,171,0.003788108824310668,0.9869437783212367,2,1
染谷隆夫,学力,91,172,0.003788108824310668,0.9869437783212367,2,1
染谷隆夫,実行,92,173,0.003788108824310668,0.9869437783212367,2,1
染谷隆夫,次代,93,174,0.003788108824310668,0.9869437783212367,2,1
染谷隆夫,熟す,94,175,0.003788108824310668,0.9869437783212367,2,1
染谷隆夫,結果,95,176,0.003788108824310668,0.9869437783212367,2,1
染谷隆夫,自信,96,177,0.003788108824310668,0.9869437783212367,2,1
染谷隆夫,貢献,97,178,0.003788108824310668,0.9869437783212367,2,1
染谷隆夫,責務,98,179,0.003788108824310668,0.9869437783212367,2,1
染谷隆夫,送り出す,99,180,0.003788108824310668,0.9869437783212367,2,1
染谷隆夫,集う,100,181,0.003788108824310668,0.9869437783212367,2,1
染谷隆夫,響き合う,101,182,0.003788108824310668,0.9869437783212367,2,1
染谷隆夫,分野,102,1526,0.0036101083032490976,-0.9570394203575444,4,5
染谷隆夫,加える,103,68,0.0036101083032490976,1.6842085124170711,4,5
染谷隆夫,国際,104,1564,0.0036101083032490976,-1.836279062662178,4,5
染谷隆夫,学術,105,1447,0.0036101083032490976,-0.6671273080708672,4,5
染谷隆夫,持つ,106,337,0.0036101083032490976,0.5608045015363224,4,5
染谷隆夫,支援,107,104,0.0036101083032490976,1.1974725007404592,4,5
染谷隆夫,於く,108,1502,0.0036101083032490976,-0.7878766337402975,4,5
染谷隆夫,自由,109,105,0.0036101083032490976,1.1974725007404592,4,5
染谷隆夫,体制,110,338,0.003201231651969191,0.5174950726324254,3,4
染谷隆夫,全て,111,82,0.003201231651969191,1.5099257283019543,3,4
染谷隆夫,公共,112,83,0.003201231651969191,1.5099257283019543,3,4
染谷隆夫,其々,113,84,0.003201231651969191,1.5099257283019543,3,4
染谷隆夫,構築,114,331,0.003201231651969191,0.6520602851882977,3,4
染谷隆夫,海外,115,332,0.003201231651969191,0.6520602851882977,3,4
染谷隆夫,続ける,116,87,0.003201231651969191,1.5099257283019543,3,4
染谷隆夫,財務,117,99,0.003201231651969191,1.3080204824468609,3,4
染谷隆夫,スタートアップ-start-up,118,50,0.003056222347581129,1.8722641181698434,2,2
染谷隆夫,今,119,51,0.003056222347581129,1.8722641181698434,2,2
染谷隆夫,仕組み,120,52,0.003056222347581129,1.8722641181698434,2,2
染谷隆夫,使う,121,53,0.003056222347581129,1.8722641181698434,2,2
染谷隆夫,先導,122,71,0.003056222347581129,1.6032155451616235,2,2
染谷隆夫,同時,123,90,0.003056222347581129,1.3200898735900628,2,2
染谷隆夫,境界,124,72,0.003056222347581129,1.6032155451616235,2,2
染谷隆夫,外部,125,163,0.003056222347581129,1.067386845114952,2,2
染谷隆夫,安全,126,73,0.003056222347581129,1.6032155451616235,2,2
染谷隆夫,安定,127,54,0.003056222347581129,1.8722641181698434,2,2
染谷隆夫,工学,128,55,0.003056222347581129,1.8722641181698434,2,2
染谷隆夫,本来,129,93,0.003056222347581129,1.3200898735900628,2,2
染谷隆夫,根拠,130,56,0.003056222347581129,1.8722641181698434,2,2
染谷隆夫,法,131,368,0.003056222347581129,0.31973422416202985,2,2
染谷隆夫,獲得,132,57,0.003056222347581129,1.8722641181698434,2,2
染谷隆夫,真価,133,58,0.003056222347581129,1.8722641181698434,2,2
染谷隆夫,育てる,134,75,0.003056222347581129,1.6032155451616235,2,2
染谷隆夫,自身,135,77,0.003056222347581129,1.6032155451616235,2,2
染谷隆夫,裁量,136,59,0.003056222347581129,1.8722641181698434,2,2
染谷隆夫,言語,137,60,0.003056222347581129,1.8722641181698434,2,2
染谷隆夫,説明,138,61,0.003056222347581129,1.8722641181698434,2,2
染谷隆夫,重視,139,62,0.003056222347581129,1.8722641181698434,2,2
染谷隆夫,鍛える,140,63,0.003056222347581129,1.8722641181698434,2,2
染谷隆夫,基礎,141,394,0.002707581227436823,0.059203569804286725,3,5
染谷隆夫,学生,142,1525,0.002707581227436823,-0.9340649199385274,3,5
染谷隆夫,生み出す,143,98,0.002707581227436823,1.3080204824468609,3,5
染谷隆夫,経営,144,1503,0.002707581227436823,-0.8121240493521051,3,5
染谷隆夫,運営,145,425,0.002707581227436823,-0.2224114396544497,3,5
染谷隆夫,世代,146,186,0.0025369406283540876,0.8456762171740747,2,3
染谷隆夫,向上,147,91,0.0025369406283540876,1.3200898735900628,2,3
染谷隆夫,整備,148,92,0.0025369406283540876,1.3200898735900628,2,3
染谷隆夫,理念,149,74,0.0025369406283540876,1.6032155451616235,2,3
染谷隆夫,発信,150,94,0.0025369406283540876,1.3200898735900628,2,3
染谷隆夫,知識,151,95,0.0025369406283540876,1.3200898735900628,2,3
染谷隆夫,総合,152,96,0.0025369406283540876,1.3200898735900628,2,3
染谷隆夫,自律,153,76,0.0025369406283540876,1.6032155451616235,2,3
染谷隆夫,負う,154,78,0.0025369406283540876,1.6032155451616235,2,3
染谷隆夫,財源,155,164,0.0025369406283540876,1.067386845114952,2,3
染谷隆夫,資金,156,165,0.0025369406283540876,1.067386845114952,2,3
染谷隆夫,越える,157,166,0.0025369406283540876,1.067386845114952,2,3
染谷隆夫,軸,158,79,0.0025369406283540876,1.6032155451616235,2,3
染谷隆夫,集中,159,80,0.0025369406283540876,1.6032155451616235,2,3
染谷隆夫,高める,160,369,0.0025369406283540876,0.31973422416202985,2,3
染谷隆夫,アート-art,161,185,0.0021341544346461278,0.8456762171740747,2,4
染谷隆夫,リベラル-liberal,162,333,0.0021341544346461278,0.650169284093202,2,4
染谷隆夫,上,163,432,0.0021341544346461278,-0.2842234136388919,2,4
染谷隆夫,伸ばす,164,162,0.0021341544346461278,1.067386845114952,2,4
染谷隆夫,変革,165,339,0.0021341544346461278,0.4761422248829522,2,4
染谷隆夫,学問,166,340,0.0021341544346461278,0.4761422248829522,2,4
染谷隆夫,対応,167,1314,0.0021341544346461278,-0.47068497359225514,2,4
染谷隆夫,強化,168,1501,0.0021341544346461278,-0.7855576079651566,2,4
染谷隆夫,得る,169,367,0.0021341544346461278,0.31973422416202985,2,4
染谷隆夫,技術,170,415,0.0021341544346461278,-0.07098247509650597,2,4
染谷隆夫,持続,171,416,0.0021341544346461278,-0.07098247509650597,2,4
染谷隆夫,設計,172,335,0.0021341544346461278,0.650169284093202,2,4
染谷隆夫,評価,173,1111,0.0021341544346461278,-0.3803743338402449,2,4
染谷隆夫,enterprise,174,216,0.001894054412155334,0.6977741777299151,1,1
染谷隆夫,インテグリティー,175,217,0.001894054412155334,0.6977741777299151,1,1
染谷隆夫,シニア-senior,176,218,0.001894054412155334,0.6977741777299151,1,1
染谷隆夫,ソメヤ,177,219,0.001894054412155334,0.6977741777299151,1,1
染谷隆夫,チーム-team,178,220,0.001894054412155334,0.6977741777299151,1,1
染谷隆夫,一丸,179,221,0.001894054412155334,0.6977741777299151,1,1
染谷隆夫,上位,180,222,0.001894054412155334,0.6977741777299151,1,1
染谷隆夫,下す,181,223,0.001894054412155334,0.6977741777299151,1,1
染谷隆夫,世,182,224,0.001894054412155334,0.6977741777299151,1,1
染谷隆夫,主導,183,225,0.001894054412155334,0.6977741777299151,1,1
染谷隆夫,互い,184,226,0.001894054412155334,0.6977741777299151,1,1
染谷隆夫,享受,185,227,0.001894054412155334,0.6977741777299151,1,1
染谷隆夫,人々,186,228,0.001894054412155334,0.6977741777299151,1,1
染谷隆夫,介護,187,229,0.001894054412155334,0.6977741777299151,1,1
染谷隆夫,代替,188,230,0.001894054412155334,0.6977741777299151,1,1
染谷隆夫,低減,189,231,0.001894054412155334,0.6977741777299151,1,1
染谷隆夫,体験,190,232,0.001894054412155334,0.6977741777299151,1,1
染谷隆夫,作り出す,191,233,0.001894054412155334,0.6977741777299151,1,1
染谷隆夫,促す,192,234,0.001894054412155334,0.6977741777299151,1,1
染谷隆夫,保有,193,235,0.001894054412155334,0.6977741777299151,1,1
染谷隆夫,信ずる,194,236,0.001894054412155334,0.6977741777299151,1,1
染谷隆夫,傾ける,195,237,0.001894054412155334,0.6977741777299151,1,1
染谷隆夫,元気,196,238,0.001894054412155334,0.6977741777299151,1,1
染谷隆夫,先頭,197,239,0.001894054412155334,0.6977741777299151,1,1
染谷隆夫,公明,198,240,0.001894054412155334,0.6977741777299151,1,1
染谷隆夫,公正,199,241,0.001894054412155334,0.6977741777299151,1,1
染谷隆夫,利く,200,242,0.001894054412155334,0.6977741777299151,1,1
染谷隆夫,制約,201,243,0.001894054412155334,0.6977741777299151,1,1
染谷隆夫,努める,202,244,0.001894054412155334,0.6977741777299151,1,1
染谷隆夫,包摂,203,245,0.001894054412155334,0.6977741777299151,1,1
染谷隆夫,区分,204,246,0.001894054412155334,0.6977741777299151,1,1
染谷隆夫,取り戻す,205,247,0.001894054412155334,0.6977741777299151,1,1
染谷隆夫,受容,206,248,0.001894054412155334,0.6977741777299151,1,1
染谷隆夫,合意,207,249,0.001894054412155334,0.6977741777299151,1,1
染谷隆夫,回復,208,250,0.001894054412155334,0.6977741777299151,1,1
染谷隆夫,埋める,209,251,0.001894054412155334,0.6977741777299151,1,1
染谷隆夫,培う,210,252,0.001894054412155334,0.6977741777299151,1,1
染谷隆夫,多元,211,253,0.001894054412155334,0.6977741777299151,1,1
染谷隆夫,夢,212,254,0.001894054412155334,0.6977741777299151,1,1
染谷隆夫,太字,213,255,0.001894054412155334,0.6977741777299151,1,1
染谷隆夫,子育て,214,256,0.001894054412155334,0.6977741777299151,1,1
染谷隆夫,守る,215,257,0.001894054412155334,0.6977741777299151,1,1
染谷隆夫,定まる,216,258,0.001894054412155334,0.6977741777299151,1,1
染谷隆夫,実感,217,259,0.001894054412155334,0.6977741777299151,1,1
染谷隆夫,導き出す,218,260,0.001894054412155334,0.6977741777299151,1,1
染谷隆夫,常識,219,261,0.001894054412155334,0.6977741777299151,1,1
染谷隆夫,弁護,220,262,0.001894054412155334,0.6977741777299151,1,1
染谷隆夫,引き出す,221,263,0.001894054412155334,0.6977741777299151,1,1
染谷隆夫,引き受ける,222,264,0.001894054412155334,0.6977741777299151,1,1
染谷隆夫,当て嵌める,223,265,0.001894054412155334,0.6977741777299151,1,1
染谷隆夫,形式,224,266,0.001894054412155334,0.6977741777299151,1,1
染谷隆夫,往還,225,267,0.001894054412155334,0.6977741777299151,1,1
染谷隆夫,待遇,226,268,0.001894054412155334,0.6977741777299151,1,1
染谷隆夫,得意,227,269,0.001894054412155334,0.6977741777299151,1,1
染谷隆夫,悔しい,228,270,0.001894054412155334,0.6977741777299151,1,1
染谷隆夫,成否,229,271,0.001894054412155334,0.6977741777299151,1,1
染谷隆夫,手法,230,272,0.001894054412155334,0.6977741777299151,1,1
染谷隆夫,才能,231,273,0.001894054412155334,0.6977741777299151,1,1
染谷隆夫,抜く,232,274,0.001894054412155334,0.6977741777299151,1,1
染谷隆夫,抱え込む,233,275,0.001894054412155334,0.6977741777299151,1,1
染谷隆夫,抱く,234,276,0.001894054412155334,0.6977741777299151,1,1
染谷隆夫,振り回す,235,277,0.001894054412155334,0.6977741777299151,1,1
染谷隆夫,捕らわれる,236,278,0.001894054412155334,0.6977741777299151,1,1
染谷隆夫,据える,237,279,0.001894054412155334,0.6977741777299151,1,1
染谷隆夫,掛かる,238,280,0.001894054412155334,0.6977741777299151,1,1
染谷隆夫,探る,239,281,0.001894054412155334,0.6977741777299151,1,1
染谷隆夫,措置,240,282,0.001894054412155334,0.6977741777299151,1,1
染谷隆夫,揺るぎない,241,283,0.001894054412155334,0.6977741777299151,1,1
染谷隆夫,攻撃,242,284,0.001894054412155334,0.6977741777299151,1,1
染谷隆夫,文系,243,285,0.001894054412155334,0.6977741777299151,1,1
染谷隆夫,日々,244,286,0.001894054412155334,0.6977741777299151,1,1
染谷隆夫,早い,245,287,0.001894054412155334,0.6977741777299151,1,1
染谷隆夫,早期,246,288,0.001894054412155334,0.6977741777299151,1,1
染谷隆夫,明るい,247,289,0.001894054412155334,0.6977741777299151,1,1
染谷隆夫,晒す,248,290,0.001894054412155334,0.6977741777299151,1,1
染谷隆夫,正しい,249,291,0.001894054412155334,0.6977741777299151,1,1
染谷隆夫,正解,250,292,0.001894054412155334,0.6977741777299151,1,1
染谷隆夫,段階,251,293,0.001894054412155334,0.6977741777299151,1,1
染谷隆夫,流行,252,294,0.001894054412155334,0.6977741777299151,1,1
染谷隆夫,溝,253,295,0.001894054412155334,0.6977741777299151,1,1
染谷隆夫,独立,254,296,0.001894054412155334,0.6977741777299151,1,1
染谷隆夫,理想,255,297,0.001894054412155334,0.6977741777299151,1,1
染谷隆夫,理知,256,298,0.001894054412155334,0.6977741777299151,1,1
染谷隆夫,理系,257,299,0.001894054412155334,0.6977741777299151,1,1
染谷隆夫,登用,258,300,0.001894054412155334,0.6977741777299151,1,1
染谷隆夫,目,259,301,0.001894054412155334,0.6977741777299151,1,1
染谷隆夫,直視,260,302,0.001894054412155334,0.6977741777299151,1,1
染谷隆夫,直面,261,303,0.001894054412155334,0.6977741777299151,1,1
染谷隆夫,粘り強い,262,304,0.001894054412155334,0.6977741777299151,1,1
染谷隆夫,終了,263,305,0.001894054412155334,0.6977741777299151,1,1
染谷隆夫,結び付ける,264,306,0.001894054412155334,0.6977741777299151,1,1
染谷隆夫,統制,265,307,0.001894054412155334,0.6977741777299151,1,1
染谷隆夫,絶える,266,308,0.001894054412155334,0.6977741777299151,1,1
染谷隆夫,耳,267,309,0.001894054412155334,0.6977741777299151,1,1
染谷隆夫,腰,268,310,0.001894054412155334,0.6977741777299151,1,1
染谷隆夫,英知,269,311,0.001894054412155334,0.6977741777299151,1,1
染谷隆夫,融合,270,312,0.001894054412155334,0.6977741777299151,1,1
染谷隆夫,複合,271,313,0.001894054412155334,0.6977741777299151,1,1
染谷隆夫,見抜く,272,314,0.001894054412155334,0.6977741777299151,1,1
染谷隆夫,見据える,273,315,0.001894054412155334,0.6977741777299151,1,1
染谷隆夫,見通し,274,316,0.001894054412155334,0.6977741777299151,1,1
染谷隆夫,覚える,275,317,0.001894054412155334,0.6977741777299151,1,1
染谷隆夫,設立,276,318,0.001894054412155334,0.6977741777299151,1,1
染谷隆夫,試み,277,319,0.001894054412155334,0.6977741777299151,1,1
染谷隆夫,誇り,278,320,0.001894054412155334,0.6977741777299151,1,1
染谷隆夫,誠実,279,321,0.001894054412155334,0.6977741777299151,1,1
染谷隆夫,論理,280,322,0.001894054412155334,0.6977741777299151,1,1
染谷隆夫,転ずる,281,323,0.001894054412155334,0.6977741777299151,1,1
染谷隆夫,迎え入れる,282,324,0.001894054412155334,0.6977741777299151,1,1
染谷隆夫,選び取る,283,325,0.001894054412155334,0.6977741777299151,1,1
染谷隆夫,配慮,284,326,0.001894054412155334,0.6977741777299151,1,1
染谷隆夫,阿る,285,327,0.001894054412155334,0.6977741777299151,1,1
染谷隆夫,革新,286,328,0.001894054412155334,0.6977741777299151,1,1
染谷隆夫,項目,287,329,0.001894054412155334,0.6977741777299151,1,1
染谷隆夫,齎す,288,330,0.001894054412155334,0.6977741777299151,1,1
染谷隆夫,基づく,289,334,0.0018050541516245488,0.650169284093202,2,5
染谷隆夫,学内,290,414,0.0018050541516245488,-0.07098247509650597,2,5
染谷隆夫,改革,291,433,0.0018050541516245488,-0.2842234136388919,2,5
染谷隆夫,果たす,292,395,0.0018050541516245488,0.04829669832877276,2,5
染谷隆夫,活動,293,1408,0.0018050541516245488,-0.5558315249509063,2,5
染谷隆夫,物,294,1552,0.0018050541516245488,-1.2685553770960143,2,5
染谷隆夫,示す,295,396,0.0018050541516245488,0.04829669832877276,2,5
染谷隆夫,連携,296,1553,0.0018050541516245488,-1.2685553770960143,2,5
染谷隆夫,dx,297,187,0.0015281111737905646,0.7543274963396681,1,2
染谷隆夫,アイディア-idea,298,106,0.0015281111737905646,1.1331587218569485,1,2
染谷隆夫,アカデミア-academia,299,107,0.0015281111737905646,1.1331587218569485,1,2
染谷隆夫,インテリジェンス-intelligence,300,108,0.0015281111737905646,1.1331587218569485,1,2
染谷隆夫,インパクト-impact,301,109,0.0015281111737905646,1.1331587218569485,1,2
染谷隆夫,データ-data,302,110,0.0015281111737905646,1.1331587218569485,1,2
染谷隆夫,不安,303,111,0.0015281111737905646,1.1331587218569485,1,2
染谷隆夫,中核,304,191,0.0015281111737905646,0.7543274963396681,1,2
染谷隆夫,事実,305,112,0.0015281111737905646,1.1331587218569485,1,2
染谷隆夫,事業,306,192,0.0015281111737905646,0.7543274963396681,1,2
染谷隆夫,人間,307,193,0.0015281111737905646,0.7543274963396681,1,2
染谷隆夫,代表,308,113,0.0015281111737905646,1.1331587218569485,1,2
染谷隆夫,伴う,309,194,0.0015281111737905646,0.7543274963396681,1,2
染谷隆夫,個人,310,114,0.0015281111737905646,1.1331587218569485,1,2
染谷隆夫,個性,311,115,0.0015281111737905646,1.1331587218569485,1,2
染谷隆夫,倫理,312,116,0.0015281111737905646,1.1331587218569485,1,2
染谷隆夫,働く,313,117,0.0015281111737905646,1.1331587218569485,1,2
染谷隆夫,切り開く,314,118,0.0015281111737905646,1.1331587218569485,1,2
染谷隆夫,刺激,315,119,0.0015281111737905646,1.1331587218569485,1,2
染谷隆夫,前提,316,198,0.0015281111737905646,0.7543274963396681,1,2
染谷隆夫,厳しい,317,120,0.0015281111737905646,1.1331587218569485,1,2
染谷隆夫,取り除く,318,121,0.0015281111737905646,1.1331587218569485,1,2
染谷隆夫,合う,319,122,0.0015281111737905646,1.1331587218569485,1,2
染谷隆夫,問い直す,320,123,0.0015281111737905646,1.1331587218569485,1,2
染谷隆夫,問題,321,1524,0.0015281111737905646,-0.931587728973948,1,2
染谷隆夫,喫緊,322,346,0.0015281111737905646,0.459424512855734,1,2
染谷隆夫,地域,323,124,0.0015281111737905646,1.1331587218569485,1,2
染谷隆夫,地政,324,125,0.0015281111737905646,1.1331587218569485,1,2
染谷隆夫,基本,325,200,0.0015281111737905646,0.7543274963396681,1,2
染谷隆夫,増す,326,348,0.0015281111737905646,0.459424512855734,1,2
染谷隆夫,変更,327,350,0.0015281111737905646,0.459424512855734,1,2
染谷隆夫,大型,328,126,0.0015281111737905646,1.1331587218569485,1,2
染谷隆夫,失う,329,127,0.0015281111737905646,1.1331587218569485,1,2
染谷隆夫,好奇,330,128,0.0015281111737905646,1.1331587218569485,1,2
染谷隆夫,学習,331,129,0.0015281111737905646,1.1331587218569485,1,2
染谷隆夫,広げる,332,351,0.0015281111737905646,0.459424512855734,1,2
染谷隆夫,徹底,333,130,0.0015281111737905646,1.1331587218569485,1,2
染谷隆夫,応ずる,334,353,0.0015281111737905646,0.459424512855734,1,2
染谷隆夫,思想,335,131,0.0015281111737905646,1.1331587218569485,1,2
染谷隆夫,意思,336,1115,0.0015281111737905646,-0.39258078365855925,1,2
染谷隆夫,戦略,337,354,0.0015281111737905646,0.459424512855734,1,2
染谷隆夫,手続き,338,132,0.0015281111737905646,1.1331587218569485,1,2
染谷隆夫,挑戦,339,133,0.0015281111737905646,1.1331587218569485,1,2
染谷隆夫,捕らえる,340,134,0.0015281111737905646,1.1331587218569485,1,2
染谷隆夫,損なう,341,135,0.0015281111737905646,1.1331587218569485,1,2
染谷隆夫,整理,342,205,0.0015281111737905646,0.7543274963396681,1,2
染谷隆夫,文理,343,136,0.0015281111737905646,1.1331587218569485,1,2
染谷隆夫,最終,344,137,0.0015281111737905646,1.1331587218569485,1,2
染谷隆夫,未来,345,138,0.0015281111737905646,1.1331587218569485,1,2
染谷隆夫,未知,346,139,0.0015281111737905646,1.1331587218569485,1,2
染谷隆夫,格差,347,140,0.0015281111737905646,1.1331587218569485,1,2
染谷隆夫,機会,348,141,0.0015281111737905646,1.1331587218569485,1,2
染谷隆夫,決断,349,142,0.0015281111737905646,1.1331587218569485,1,2
染谷隆夫,源泉,350,143,0.0015281111737905646,1.1331587218569485,1,2
染谷隆夫,潜在,351,405,0.0015281111737905646,0.03412070241633864,1,2
染谷隆夫,生ずる,352,144,0.0015281111737905646,1.1331587218569485,1,2
染谷隆夫,監視,353,145,0.0015281111737905646,1.1331587218569485,1,2
染谷隆夫,目指す,354,211,0.0015281111737905646,0.7543274963396681,1,2
染谷隆夫,科長,355,146,0.0015281111737905646,1.1331587218569485,1,2
染谷隆夫,移行,356,147,0.0015281111737905646,1.1331587218569485,1,2
染谷隆夫,立場,357,148,0.0015281111737905646,1.1331587218569485,1,2
染谷隆夫,継承,358,359,0.0015281111737905646,0.459424512855734,1,2
染谷隆夫,継続,359,213,0.0015281111737905646,0.7543274963396681,1,2
染谷隆夫,緊張,360,149,0.0015281111737905646,1.1331587218569485,1,2
染谷隆夫,繋げる,361,361,0.0015281111737905646,0.459424512855734,1,2
染谷隆夫,自立,362,150,0.0015281111737905646,1.1331587218569485,1,2
染谷隆夫,見出だす,363,151,0.0015281111737905646,1.1331587218569485,1,2
染谷隆夫,解,364,152,0.0015281111737905646,1.1331587218569485,1,2
染谷隆夫,講ずる,365,153,0.0015281111737905646,1.1331587218569485,1,2
染谷隆夫,質,366,362,0.0015281111737905646,0.459424512855734,1,2
染谷隆夫,踏まえる,367,154,0.0015281111737905646,1.1331587218569485,1,2
染谷隆夫,輩出,368,155,0.0015281111737905646,1.1331587218569485,1,2
染谷隆夫,迎える,369,156,0.0015281111737905646,1.1331587218569485,1,2
染谷隆夫,過程,370,157,0.0015281111737905646,1.1331587218569485,1,2
染谷隆夫,道筋,371,158,0.0015281111737905646,1.1331587218569485,1,2
染谷隆夫,遺産,372,364,0.0015281111737905646,0.459424512855734,1,2
染谷隆夫,邁進,373,159,0.0015281111737905646,1.1331587218569485,1,2
染谷隆夫,重ねる,374,214,0.0015281111737905646,0.7543274963396681,1,2
染谷隆夫,長ける,375,160,0.0015281111737905646,1.1331587218569485,1,2
染谷隆夫,限る,376,365,0.0015281111737905646,0.459424512855734,1,2
染谷隆夫,utokyo,377,188,0.0012684703141770438,0.7543274963396681,1,3
染谷隆夫,エンダウメント,378,341,0.0012684703141770438,0.459424512855734,1,3
染谷隆夫,モデル-model,379,189,0.0012684703141770438,0.7543274963396681,1,3
染谷隆夫,リスク-risk,380,342,0.0012684703141770438,0.459424512855734,1,3
染谷隆夫,中堅,381,190,0.0012684703141770438,0.7543274963396681,1,3
染谷隆夫,作り,382,195,0.0012684703141770438,0.7543274963396681,1,3
染谷隆夫,候補,383,196,0.0012684703141770438,0.7543274963396681,1,3
染谷隆夫,共有,384,197,0.0012684703141770438,0.7543274963396681,1,3
染谷隆夫,切る,385,344,0.0012684703141770438,0.459424512855734,1,3
染谷隆夫,判断,386,398,0.0012684703141770438,0.03412070241633864,1,3
染谷隆夫,前,387,373,0.0012684703141770438,0.22590801228186932,1,3
染谷隆夫,創出,388,374,0.0012684703141770438,0.22590801228186932,1,3
染谷隆夫,効果,389,399,0.0012684703141770438,0.03412070241633864,1,3
染谷隆夫,取る,390,427,0.0012684703141770438,-0.26867909452910005,1,3
染谷隆夫,含む,391,400,0.0012684703141770438,0.03412070241633864,1,3
染谷隆夫,固定,392,199,0.0012684703141770438,0.7543274963396681,1,3
染谷隆夫,執行,393,377,0.0012684703141770438,0.22590801228186932,1,3
染谷隆夫,基準,394,347,0.0012684703141770438,0.459424512855734,1,3
染谷隆夫,増やす,395,349,0.0012684703141770438,0.459424512855734,1,3
染谷隆夫,壁,396,1113,0.0012684703141770438,-0.39258078365855925,1,3
染谷隆夫,変動,397,201,0.0012684703141770438,0.7543274963396681,1,3
染谷隆夫,変化,398,378,0.0012684703141770438,0.22590801228186932,1,3
染谷隆夫,奉仕,399,202,0.0012684703141770438,0.7543274963396681,1,3
染谷隆夫,学ぶ,400,379,0.0012684703141770438,0.22590801228186932,1,3
染谷隆夫,実務,401,203,0.0012684703141770438,0.7543274963396681,1,3
染谷隆夫,常,402,204,0.0012684703141770438,0.7543274963396681,1,3
染谷隆夫,強い,403,352,0.0012684703141770438,0.459424512855734,1,3
染谷隆夫,形,404,380,0.0012684703141770438,0.22590801228186932,1,3
染谷隆夫,形成,405,381,0.0012684703141770438,0.22590801228186932,1,3
染谷隆夫,意見,406,382,0.0012684703141770438,0.22590801228186932,1,3
染谷隆夫,改善,407,402,0.0012684703141770438,0.03412070241633864,1,3
染谷隆夫,政府,408,383,0.0012684703141770438,0.22590801228186932,1,3
染谷隆夫,文化,409,419,0.0012684703141770438,-0.1281585565216101,1,3
染谷隆夫,最高,410,355,0.0012684703141770438,0.459424512855734,1,3
染谷隆夫,構造,411,356,0.0012684703141770438,0.459424512855734,1,3
染谷隆夫,機能,412,403,0.0012684703141770438,0.03412070241633864,1,3
染谷隆夫,歴史,413,206,0.0012684703141770438,0.7543274963396681,1,3
染谷隆夫,気候,414,207,0.0012684703141770438,0.7543274963396681,1,3
染谷隆夫,深化,415,386,0.0012684703141770438,0.22590801228186932,1,3
染谷隆夫,特性,416,208,0.0012684703141770438,0.7543274963396681,1,3
染谷隆夫,生成,417,209,0.0012684703141770438,0.7543274963396681,1,3
染谷隆夫,留める,418,210,0.0012684703141770438,0.7543274963396681,1,3
染谷隆夫,知見,419,422,0.0012684703141770438,-0.1281585565216101,1,3
染谷隆夫,立つ,420,358,0.0012684703141770438,0.459424512855734,1,3
染谷隆夫,結集,421,212,0.0012684703141770438,0.7543274963396681,1,3
染谷隆夫,職員,422,1534,0.0012684703141770438,-1.000292105559803,1,3
染谷隆夫,行政,423,409,0.0012684703141770438,0.03412070241633864,1,3
染谷隆夫,視点,424,387,0.0012684703141770438,0.22590801228186932,1,3
染谷隆夫,解決,425,424,0.0012684703141770438,-0.1281585565216101,1,3
染谷隆夫,通り,426,363,0.0012684703141770438,0.459424512855734,1,3
染谷隆夫,長い,427,389,0.0012684703141770438,0.22590801228186932,1,3
染谷隆夫,開く,428,390,0.0012684703141770438,0.22590801228186932,1,3
染谷隆夫,高い,429,366,0.0012684703141770438,0.459424512855734,1,3
染谷隆夫,コミュニケーション-communication,430,1112,0.0010670772173230639,-0.39258078365855925,1,4
染谷隆夫,一,431,1448,0.0010670772173230639,-0.6954488690256854,1,4
染谷隆夫,一体,432,371,0.0010670772173230639,0.22590801228186932,1,4
染谷隆夫,人文,433,343,0.0010670772173230639,0.459424512855734,1,4
染谷隆夫,会議,434,1481,0.0010670772173230639,-0.7799556541707945,1,4
染谷隆夫,作る,435,1315,0.0010670772173230639,-0.5034198418952434,1,4
染谷隆夫,充実,436,1410,0.0010670772173230639,-0.6037471651797015,1,4
染谷隆夫,先端,437,372,0.0010670772173230639,0.22590801228186932,1,4
染谷隆夫,全体,438,1543,0.0010670772173230639,-1.0650621363363513,1,4
染谷隆夫,共,439,426,0.0010670772173230639,-0.26867909452910005,1,4
染谷隆夫,分断,440,397,0.0010670772173230639,0.03412070241633864,1,4
染谷隆夫,加速,441,345,0.0010670772173230639,0.459424512855734,1,4
染谷隆夫,地球,442,376,0.0010670772173230639,0.22590801228186932,1,4
染谷隆夫,大きい,443,1114,0.0010670772173230639,-0.39258078365855925,1,4
染谷隆夫,学部,444,401,0.0010670772173230639,0.03412070241633864,1,4
染谷隆夫,寄付,445,428,0.0010670772173230639,-0.26867909452910005,1,4
染谷隆夫,広い,446,417,0.0010670772173230639,-0.1281585565216101,1,4
染谷隆夫,感,447,429,0.0010670772173230639,-0.26867909452910005,1,4
染谷隆夫,拡大,448,418,0.0010670772173230639,-0.1281585565216101,1,4
染谷隆夫,推進,449,1116,0.0010670772173230639,-0.39258078365855925,1,4
染谷隆夫,構想,450,384,0.0010670772173230639,0.22590801228186932,1,4
染谷隆夫,求める,451,431,0.0010670772173230639,-0.26867909452910005,1,4
染谷隆夫,決定,452,1449,0.0010670772173230639,-0.6954488690256854,1,4
染谷隆夫,活用,453,1118,0.0010670772173230639,-0.39258078365855925,1,4
染谷隆夫,活躍,454,404,0.0010670772173230639,0.03412070241633864,1,4
染谷隆夫,深い,455,385,0.0010670772173230639,0.22590801228186932,1,4
染谷隆夫,現状,456,406,0.0010670772173230639,0.03412070241633864,1,4
染谷隆夫,産業,457,408,0.0010670772173230639,0.03412070241633864,1,4
染谷隆夫,留まる,458,357,0.0010670772173230639,0.459424512855734,1,4
染谷隆夫,留学,459,420,0.0010670772173230639,-0.1281585565216101,1,4
染谷隆夫,目的,460,421,0.0010670772173230639,-0.1281585565216101,1,4
染谷隆夫,繋がる,461,360,0.0010670772173230639,0.459424512855734,1,4
染谷隆夫,繋ぐ,462,423,0.0010670772173230639,-0.1281585565216101,1,4
染谷隆夫,能力,463,1119,0.0010670772173230639,-0.39258078365855925,1,4
染谷隆夫,良い,464,1316,0.0010670772173230639,-0.5034198418952434,1,4
染谷隆夫,行く,465,1557,0.0010670772173230639,-1.3439749362800955,1,4
染谷隆夫,部,466,1411,0.0010670772173230639,-0.6037471651797015,1,4
染谷隆夫,配分,467,410,0.0010670772173230639,0.03412070241633864,1,4
染谷隆夫,重点,468,388,0.0010670772173230639,0.22590801228186932,1,4
染谷隆夫,関係,469,1544,0.0010670772173230639,-1.1263696170477364,1,4
染谷隆夫,つく,470,1567,0.0009025270758122744,-1.9994930232963135,1,5
染谷隆夫,卓越,471,1555,0.0009025270758122744,-1.3439749362800955,1,5
染谷隆夫,向ける,472,375,0.0009025270758122744,0.22590801228186932,1,5
染谷隆夫,対する,473,1482,0.0009025270758122744,-0.7799556541707945,1,5
染谷隆夫,教員,474,1556,0.0009025270758122744,-1.3439749362800955,1,5
染谷隆夫,教養,475,430,0.0009025270758122744,-0.26867909452910005,1,5
染谷隆夫,新しい,476,1117,0.0009025270758122744,-0.39258078365855925,1,5
染谷隆夫,日本,477,1566,0.0009025270758122744,-1.90350211525429,1,5
染谷隆夫,理解,478,407,0.0009025270758122744,0.03412070241633864,1,5
染谷隆夫,科学,479,1561,0.0009025270758122744,-1.4850900210345033,1,5
染谷隆夫,行う,480,1562,0.0009025270758122744,-1.5712346427842392,1,5
染谷隆夫,言う,481,1569,0.0009025270758122744,-2.3358706208875493,1,5
染谷隆夫,間,482,1120,0.0009025270758122744,-0.39258078365855925,1,5
菅野暁,為る,1,1564,0.06411062225015714,-1.7770834873533286,102,5
菅野暁,有る,2,504,0.03708359522313011,0.27047790135969985,59,5
菅野暁,事,3,23,0.028912633563796353,2.0603075517245597,46,5
菅野暁,トウキョウ,4,460,0.018227529855436832,0.5693592240840857,29,5
菅野暁,考える,5,9,0.017092014963080424,2.6015645692255283,23,4
菅野暁,居る,6,535,0.016341923318667503,0.06300803010156751,26,5
菅野暁,必要,7,144,0.01257071024512885,0.9116920208032363,20,5
菅野暁,職員,8,2,0.011484001511883177,4.1477112633699385,13,3
菅野暁,つく,9,4,0.011313639220615965,3.2026080834417745,18,5
菅野暁,経営,10,1,0.011313639220615965,4.363865276235234,18,5
菅野暁,成る,11,1505,0.010685103708359522,-0.947403599288516,17,5
菅野暁,無い,12,48,0.010685103708359522,1.58638755238415,17,5
菅野暁,言う,13,42,0.010685103708359522,1.6747823509007866,17,5
菅野暁,行く,14,3,0.01040383519491852,3.914928585707087,14,4
菅野暁,於く,15,11,0.009428032683846637,2.5078466025756994,15,5
菅野暁,分野,16,33,0.008799497171590195,1.8216998849139634,14,5
菅野暁,為,17,1322,0.008799497171590195,-0.5572997827540637,14,5
菅野暁,国際,18,558,0.008170961659333752,-0.20309247859164606,13,5
菅野暁,役割,19,78,0.00754242614707731,1.2989973250733795,12,5
菅野暁,社会,20,1550,0.00754242614707731,-1.2788890616609163,12,5
菅野暁,行う,21,14,0.00754242614707731,2.474376701744435,12,5
菅野暁,出来る,22,545,0.007431310853513229,-0.14764601098028993,10,4
菅野暁,強化,23,13,0.007431310853513229,2.4798708933870883,10,4
菅野暁,中,24,32,0.0070670778534665715,1.8573631238995516,8,3
菅野暁,来る,25,5,0.0070670778534665715,2.881466915396553,8,3
菅野暁,述べる,26,7,0.0070670778534665715,2.706043314078718,8,3
菅野暁,思う,27,67,0.0065952617494283786,1.4476806402886062,5,1
菅野暁,程度,28,68,0.0065952617494283786,1.4476806402886062,5,1
菅野暁,障害,29,69,0.0065952617494283786,1.4476806402886062,5,1
菅野暁,教員,30,16,0.006285355122564425,2.330279905439929,10,5
菅野暁,学長,31,6,0.00618369312178325,2.762616767111411,7,3
菅野暁,総長,32,108,0.0056568196103079825,0.9772352379487872,9,5
菅野暁,像,33,12,0.005321015652293983,2.496337978934886,5,2
菅野暁,比率,34,10,0.005321015652293983,2.5578872390206,5,2
菅野暁,見る,35,17,0.005321015652293983,2.3030092101007895,5,2
菅野暁,関する,36,8,0.005300308390099929,2.6369725603435294,6,3
菅野暁,助成,37,79,0.005276209399542703,1.2947014122550387,4,1
菅野暁,受け入れる,38,80,0.005276209399542703,1.2947014122550387,4,1
菅野暁,状態,39,81,0.005276209399542703,1.2947014122550387,4,1
菅野暁,科類,40,82,0.005276209399542703,1.2947014122550387,4,1
菅野暁,因る,41,564,0.00502828409805154,-0.30285004761249673,8,5
菅野暁,課題,42,1323,0.00502828409805154,-0.619225974875467,8,5
菅野暁,良い,43,15,0.004458786512107937,2.4438018790164597,6,4
菅野暁,進める,44,77,0.004458786512107937,1.3041916258622785,6,4
菅野暁,人事,45,31,0.004416923658416607,1.858576635737884,5,3
菅野暁,将来,46,22,0.004416923658416607,2.081106762441135,5,3
菅野暁,専門,47,561,0.0043997485857950975,-0.26079262595166103,7,5
菅野暁,サポート-support,48,19,0.004256812521835187,2.1518824506912915,4,2
菅野暁,出る,49,18,0.004256812521835187,2.2971667941951406,4,2
菅野暁,外部,50,20,0.004256812521835187,2.1518824506912915,4,2
菅野暁,施設,51,45,0.004256812521835187,1.6617608357628026,4,2
菅野暁,還元,52,47,0.004256812521835187,1.6617608357628026,4,2
菅野暁,ジェンダー-gender,53,96,0.003957157049657027,1.1211200996278665,3,1
菅野暁,事項,54,97,0.003957157049657027,1.1211200996278665,3,1
菅野暁,代謝,55,98,0.003957157049657027,1.1211200996278665,3,1
菅野暁,名,56,99,0.003957157049657027,1.1211200996278665,3,1
菅野暁,変わる,57,100,0.003957157049657027,1.1211200996278665,3,1
菅野暁,所,58,101,0.003957157049657027,1.1211200996278665,3,1
菅野暁,抜本,59,102,0.003957157049657027,1.1211200996278665,3,1
菅野暁,新陳,60,103,0.003957157049657027,1.1211200996278665,3,1
菅野暁,期待,61,104,0.003957157049657027,1.1211200996278665,3,1
菅野暁,考え,62,105,0.003957157049657027,1.1211200996278665,3,1
菅野暁,見直し,63,106,0.003957157049657027,1.1211200996278665,3,1
菅野暁,持つ,64,157,0.003771213073538655,0.8437371101380562,6,5
菅野暁,体制,65,107,0.0037156554267566144,1.0716662447812064,5,4
菅野暁,全体,66,447,0.0037156554267566144,0.5939505894926078,5,4
菅野暁,点,67,218,0.0037156554267566144,0.7439809483330755,5,4
菅野暁,関係,68,463,0.0037156554267566144,0.45203767038296216,5,4
菅野暁,予算,69,43,0.0035335389267332857,1.6617608357628026,4,3
菅野暁,年,70,503,0.0035335389267332857,0.3133054549262798,4,3
菅野暁,改善,71,21,0.0035335389267332857,2.1518824506912915,4,3
菅野暁,状況,72,462,0.0035335389267332857,0.4666602144785627,4,3
菅野暁,維持,73,30,0.0035335389267332857,1.9109934630757506,4,3
菅野暁,議論,74,46,0.0035335389267332857,1.6617608357628026,4,3
菅野暁,中長期,75,34,0.00319260939137639,1.7264308536930217,3,2
菅野暁,増す,76,24,0.00319260939137639,1.9679527946351794,3,2
菅野暁,必須,77,25,0.00319260939137639,1.9679527946351794,3,2
菅野暁,応ずる,78,26,0.00319260939137639,1.9679527946351794,3,2
菅野暁,戦略,79,27,0.00319260939137639,1.9679527946351794,3,2
菅野暁,施策,80,28,0.00319260939137639,1.9679527946351794,3,2
菅野暁,権限,81,40,0.00319260939137639,1.7264308536930217,3,2
菅野暁,法人,82,502,0.00319260939137639,0.3144479876935215,3,2
菅野暁,策定,83,29,0.00319260939137639,1.9679527946351794,3,2
菅野暁,米国,84,74,0.00319260939137639,1.4386073428265398,3,2
菅野暁,観点,85,112,0.00319260939137639,0.9209571692818075,3,2
菅野暁,長期,86,113,0.00319260939137639,0.9209571692818075,3,2
菅野暁,卓越,87,540,0.0031426775612822125,-0.04799785808744841,5,5
菅野暁,本部,88,1400,0.0031426775612822125,-0.6492544986976415,5,5
菅野暁,責任,89,541,0.0031426775612822125,-0.04799785808744841,5,5
菅野暁,運営,90,534,0.0031426775612822125,0.0680481016865173,5,5
菅野暁,部局,91,1558,0.0031426775612822125,-1.5965623769049768,5,5
菅野暁,感,92,44,0.0029725243414052915,1.6617608357628026,4,4
菅野暁,成果,93,83,0.0029725243414052915,1.2024815850197268,4,4
菅野暁,現在,94,446,0.0029725243414052915,0.6308427408176596,4,4
菅野暁,環境,95,1554,0.0029725243414052915,-1.4400824695374677,4,4
菅野暁,経験,96,84,0.0029725243414052915,1.2024815850197268,4,4
菅野暁,以下,97,70,0.0026501541950499645,1.4386073428265398,3,3
菅野暁,企業,98,35,0.0026501541950499645,1.7264308536930217,3,3
菅野暁,判断,99,72,0.0026501541950499645,1.4386073428265398,3,3
菅野暁,前,100,36,0.0026501541950499645,1.7264308536930217,3,3
菅野暁,取る,101,110,0.0026501541950499645,0.9209571692818075,3,3
菅野暁,国,102,461,0.0026501541950499645,0.497556071678202,3,3
菅野暁,変化,103,37,0.0026501541950499645,1.7264308536930217,3,3
菅野暁,形,104,38,0.0026501541950499645,1.7264308536930217,3,3
菅野暁,政府,105,39,0.0026501541950499645,1.7264308536930217,3,3
菅野暁,機関,106,41,0.0026501541950499645,1.7264308536930217,3,3
菅野暁,発展,107,111,0.0026501541950499645,0.9209571692818075,3,3
菅野暁,解決,108,94,0.0026501541950499645,1.1672217137013499,3,3
菅野暁,財源,109,75,0.0026501541950499645,1.4386073428265398,3,3
菅野暁,資金,110,76,0.0026501541950499645,1.4386073428265398,3,3
菅野暁,endowment,111,114,0.0026381046997713516,0.9152893693094266,2,1
菅野暁,kerr,112,115,0.0026381046997713516,0.9152893693094266,2,1
菅野暁,コンテンツ-contents,113,116,0.0026381046997713516,0.9152893693094266,2,1
菅野暁,パス-pass,114,117,0.0026381046997713516,0.9152893693094266,2,1
菅野暁,プロ-pro,115,118,0.0026381046997713516,0.9152893693094266,2,1
菅野暁,ボスト,116,119,0.0026381046997713516,0.9152893693094266,2,1
菅野暁,ポートフォリオ-portfolio,117,120,0.0026381046997713516,0.9152893693094266,2,1
菅野暁,今回,118,121,0.0026381046997713516,0.9152893693094266,2,1
菅野暁,低い,119,122,0.0026381046997713516,0.9152893693094266,2,1
菅野暁,処遇,120,123,0.0026381046997713516,0.9152893693094266,2,1
菅野暁,友人,121,124,0.0026381046997713516,0.9152893693094266,2,1
菅野暁,双方,122,125,0.0026381046997713516,0.9152893693094266,2,1
菅野暁,取り入れる,123,126,0.0026381046997713516,0.9152893693094266,2,1
菅野暁,向かう,124,127,0.0026381046997713516,0.9152893693094266,2,1
菅野暁,夫,125,128,0.0026381046997713516,0.9152893693094266,2,1
菅野暁,女性,126,129,0.0026381046997713516,0.9152893693094266,2,1
菅野暁,年度,127,130,0.0026381046997713516,0.9152893693094266,2,1
菅野暁,幾,128,131,0.0026381046997713516,0.9152893693094266,2,1
菅野暁,流れ,129,132,0.0026381046997713516,0.9152893693094266,2,1
菅野暁,父,130,133,0.0026381046997713516,0.9152893693094266,2,1
菅野暁,理事,131,134,0.0026381046997713516,0.9152893693094266,2,1
菅野暁,疑問,132,135,0.0026381046997713516,0.9152893693094266,2,1
菅野暁,科研,133,136,0.0026381046997713516,0.9152893693094266,2,1
菅野暁,職位,134,137,0.0026381046997713516,0.9152893693094266,2,1
菅野暁,職場,135,138,0.0026381046997713516,0.9152893693094266,2,1
菅野暁,補う,136,139,0.0026381046997713516,0.9152893693094266,2,1
菅野暁,複数,137,140,0.0026381046997713516,0.9152893693094266,2,1
菅野暁,規定,138,141,0.0026381046997713516,0.9152893693094266,2,1
菅野暁,遣る,139,142,0.0026381046997713516,0.9152893693094266,2,1
菅野暁,関与,140,143,0.0026381046997713516,0.9152893693094266,2,1
菅野暁,人材,141,1321,0.00251414204902577,-0.5401748113946363,4,5
菅野暁,基礎,142,544,0.00251414204902577,-0.09301635840526282,4,5
菅野暁,物,143,1537,0.00251414204902577,-1.1537802516232698,4,5
菅野暁,組織,144,1561,0.00251414204902577,-1.6935006634894765,4,5
菅野暁,連携,145,1538,0.00251414204902577,-1.1537802516232698,4,5
菅野暁,ai,146,546,0.0022293932560539685,-0.1506830633110345,3,4
菅野暁,gri,147,547,0.0022293932560539685,-0.1506830633110345,3,4
菅野暁,一,148,505,0.0022293932560539685,0.1467725732666346,3,4
菅野暁,上,149,562,0.0022293932560539685,-0.2837742623223239,3,4
菅野暁,会議,150,536,0.0022293932560539685,-0.0076664837723729486,3,4
菅野暁,全て,151,109,0.0022293932560539685,0.9209571692818075,3,4
菅野暁,分断,152,71,0.0022293932560539685,1.4386073428265398,3,4
菅野暁,大きい,153,219,0.0022293932560539685,0.6987234303855451,3,4
菅野暁,対応,154,1316,0.0022293932560539685,-0.5249383747700747,3,4
菅野暁,投資,155,506,0.0022293932560539685,0.1467725732666346,3,4
菅野暁,持続,156,538,0.0022293932560539685,-0.0076664837723729486,3,4
菅野暁,方向,157,73,0.0022293932560539685,1.4386073428265398,3,4
菅野暁,海外,158,539,0.0022293932560539685,-0.0076664837723729486,3,4
菅野暁,繋ぐ,159,93,0.0022293932560539685,1.1672217137013499,3,4
菅野暁,課程,160,95,0.0022293932560539685,1.1672217137013499,3,4
菅野暁,財務,161,220,0.0022293932560539685,0.6987234303855451,3,4
菅野暁,キャリア-career,162,85,0.0021284062609175933,1.174193937646818,2,2
菅野暁,プラットホーム-platform,163,49,0.0021284062609175933,1.5207657174380196,2,2
菅野暁,中核,164,50,0.0021284062609175933,1.5207657174380196,2,2
菅野暁,主義,165,51,0.0021284062609175933,1.5207657174380196,2,2
菅野暁,交付,166,52,0.0021284062609175933,1.5207657174380196,2,2
菅野暁,人間,167,53,0.0021284062609175933,1.5207657174380196,2,2
菅野暁,余地,168,54,0.0021284062609175933,1.5207657174380196,2,2
菅野暁,分担,169,146,0.0021284062609175933,0.8495530581347903,2,2
菅野暁,前提,170,55,0.0021284062609175933,1.5207657174380196,2,2
菅野暁,危機,171,147,0.0021284062609175933,0.8495530581347903,2,2
菅野暁,国立,172,148,0.0021284062609175933,0.8495530581347903,2,2
菅野暁,変える,173,150,0.0021284062609175933,0.8495530581347903,2,2
菅野暁,多い,174,151,0.0021284062609175933,0.8495530581347903,2,2
菅野暁,学修,175,56,0.0021284062609175933,1.5207657174380196,2,2
菅野暁,対立,176,152,0.0021284062609175933,0.8495530581347903,2,2
菅野暁,後期,177,57,0.0021284062609175933,1.5207657174380196,2,2
菅野暁,政治,178,58,0.0021284062609175933,1.5207657174380196,2,2
菅野暁,数,179,59,0.0021284062609175933,1.5207657174380196,2,2
菅野暁,検討,180,60,0.0021284062609175933,1.5207657174380196,2,2
菅野暁,欧米,181,61,0.0021284062609175933,1.5207657174380196,2,2
菅野暁,民間,182,62,0.0021284062609175933,1.5207657174380196,2,2
菅野暁,申請,183,63,0.0021284062609175933,1.5207657174380196,2,2
菅野暁,目指す,184,64,0.0021284062609175933,1.5207657174380196,2,2
菅野暁,自身,185,89,0.0021284062609175933,1.174193937646818,2,2
菅野暁,負担,186,65,0.0021284062609175933,1.5207657174380196,2,2
菅野暁,面,187,91,0.0021284062609175933,1.174193937646818,2,2
菅野暁,顕在,188,66,0.0021284062609175933,1.5207657174380196,2,2
菅野暁,世界,189,1570,0.0018856065367693275,-2.35286348857001,3,5
菅野暁,学生,190,1560,0.0018856065367693275,-1.6773219313970626,3,5
菅野暁,学術,191,1567,0.0018856065367693275,-1.854659757932649,3,5
菅野暁,対する,192,537,0.0018856065367693275,-0.0076664837723729486,3,5
菅野暁,支援,193,548,0.0018856065367693275,-0.1506830633110345,3,5
菅野暁,改革,194,563,0.0018856065367693275,-0.2837742623223239,3,5
菅野暁,日本,195,1569,0.0018856065367693275,-1.964617748717259,3,5
菅野暁,活動,196,1324,0.0018856065367693275,-0.6349159057175255,3,5
菅野暁,一方,197,145,0.0017667694633666429,0.8495530581347903,2,3
菅野暁,今後,198,542,0.0017667694633666429,-0.06568733933620073,2,3
菅野暁,他,199,1139,0.0017667694633666429,-0.3813949378837869,2,3
菅野暁,会,200,448,0.0017667694633666429,0.5702259486653513,2,3
菅野暁,優れる,201,449,0.0017667694633666429,0.5702259486653513,2,3
菅野暁,利益,202,450,0.0017667694633666429,0.5702259486653513,2,3
菅野暁,執行,203,149,0.0017667694633666429,0.8495530581347903,2,3
菅野暁,増やす,204,86,0.0017667694633666429,1.174193937646818,2,3
菅野暁,成長,205,509,0.0017667694633666429,0.11976768779711673,2,3
菅野暁,拡充,206,87,0.0017667694633666429,1.174193937646818,2,3
菅野暁,支える,207,452,0.0017667694633666429,0.5702259486653513,2,3
菅野暁,整備,208,153,0.0017667694633666429,0.8495530581347903,2,3
菅野暁,方策,209,453,0.0017667694633666429,0.5702259486653513,2,3
菅野暁,時,210,454,0.0017667694633666429,0.5702259486653513,2,3
菅野暁,次,211,455,0.0017667694633666429,0.5702259486653513,2,3
菅野暁,水準,212,499,0.0017667694633666429,0.3296187196427013,2,3
菅野暁,決める,213,456,0.0017667694633666429,0.5702259486653513,2,3
菅野暁,渡る,214,88,0.0017667694633666429,1.174193937646818,2,3
菅野暁,規模,215,154,0.0017667694633666429,0.8495530581347903,2,3
菅野暁,視点,216,155,0.0017667694633666429,0.8495530581347903,2,3
菅野暁,越える,217,459,0.0017667694633666429,0.5702259486653513,2,3
菅野暁,進む,218,90,0.0017667694633666429,1.174193937646818,2,3
菅野暁,長い,219,156,0.0017667694633666429,0.8495530581347903,2,3
菅野暁,高い,220,92,0.0017667694633666429,1.174193937646818,2,3
菅野暁,高める,221,560,0.0017667694633666429,-0.23153964600897856,2,3
菅野暁,リベラル-liberal,222,507,0.0014862621707026457,0.11976768779711673,2,4
菅野暁,場,223,1446,0.0014862621707026457,-0.759496636718806,2,4
菅野暁,学部,224,451,0.0014862621707026457,0.5702259486653513,2,4
菅野暁,寄付,225,508,0.0014862621707026457,0.11976768779711673,2,4
菅野暁,広い,226,497,0.0014862621707026457,0.3296187196427013,2,4
菅野暁,得る,227,559,0.0014862621707026457,-0.23153964600897856,2,4
菅野暁,拡大,228,498,0.0014862621707026457,0.3296187196427013,2,4
菅野暁,構築,229,1399,0.0014862621707026457,-0.6434764029190166,2,4
菅野暁,求める,230,511,0.0014862621707026457,0.11976768779711673,2,4
菅野暁,決定,231,1141,0.0014862621707026457,-0.5179990916009944,2,4
菅野暁,現状,232,457,0.0014862621707026457,0.5702259486653513,2,4
菅野暁,留学,233,500,0.0014862621707026457,0.3296187196427013,2,4
菅野暁,目的,234,501,0.0014862621707026457,0.3296187196427013,2,4
菅野暁,berkeley,235,221,0.0013190523498856758,0.6471356914933456,1,1
菅野暁,clark,236,222,0.0013190523498856758,0.6471356914933456,1,1
菅野暁,de,237,223,0.0013190523498856758,0.6471356914933456,1,1
菅野暁,integrate,238,224,0.0013190523498856758,0.6471356914933456,1,1
菅野暁,off,239,225,0.0013190523498856758,0.6471356914933456,1,1
菅野暁,payout,240,226,0.0013190523498856758,0.6471356914933456,1,1
菅野暁,qs,241,227,0.0013190523498856758,0.6471356914933456,1,1
菅野暁,rfp,242,228,0.0013190523498856758,0.6471356914933456,1,1
菅野暁,spin,243,229,0.0013190523498856758,0.6471356914933456,1,1
菅野暁,uc,244,230,0.0013190523498856758,0.6471356914933456,1,1
菅野暁,アジア-asia,245,231,0.0013190523498856758,0.6471356914933456,1,1
菅野暁,アップデート-update,246,232,0.0013190523498856758,0.6471356914933456,1,1
菅野暁,アファーマティブ-affirmative,247,233,0.0013190523498856758,0.6471356914933456,1,1
菅野暁,アメリカ-america,248,234,0.0013190523498856758,0.6471356914933456,1,1
菅野暁,インクルーシブ-inclusive,249,235,0.0013190523498856758,0.6471356914933456,1,1
菅野暁,インクルージョン,250,236,0.0013190523498856758,0.6471356914933456,1,1
菅野暁,インフレ-inflation,251,237,0.0013190523498856758,0.6471356914933456,1,1
菅野暁,エネルギー-energy,252,238,0.0013190523498856758,0.6471356914933456,1,1
菅野暁,オペラ-opera,253,239,0.0013190523498856758,0.6471356914933456,1,1
菅野暁,カンノ,254,240,0.0013190523498856758,0.6471356914933456,1,1
菅野暁,サイド-side,255,241,0.0013190523498856758,0.6471356914933456,1,1
菅野暁,スタイル-style,256,242,0.0013190523498856758,0.6471356914933456,1,1
菅野暁,スピード-speed,257,243,0.0013190523498856758,0.6471356914933456,1,1
菅野暁,スペース-space,258,244,0.0013190523498856758,0.6471356914933456,1,1
菅野暁,セレモニー-ceremony,259,245,0.0013190523498856758,0.6471356914933456,1,1
菅野暁,タグ-tag,260,246,0.0013190523498856758,0.6471356914933456,1,1
菅野暁,チャージ-charge,261,247,0.0013190523498856758,0.6471356914933456,1,1
菅野暁,ディスカッション-discussion,262,248,0.0013190523498856758,0.6471356914933456,1,1
菅野暁,データーベース-database,263,249,0.0013190523498856758,0.6471356914933456,1,1
菅野暁,ニーズ-needs,264,250,0.0013190523498856758,0.6471356914933456,1,1
菅野暁,ノーベル-nobel,265,251,0.0013190523498856758,0.6471356914933456,1,1
菅野暁,バランス-balance,266,252,0.0013190523498856758,0.6471356914933456,1,1
菅野暁,フカホリ,267,253,0.0013190523498856758,0.6471356914933456,1,1
菅野暁,フットボール-football,268,254,0.0013190523498856758,0.6471356914933456,1,1
菅野暁,プライオリティー-priority,269,255,0.0013190523498856758,0.6471356914933456,1,1
菅野暁,プラス-plus,270,256,0.0013190523498856758,0.6471356914933456,1,1
菅野暁,プロボスト,271,257,0.0013190523498856758,0.6471356914933456,1,1
菅野暁,ベース-base,272,258,0.0013190523498856758,0.6471356914933456,1,1
菅野暁,マネージ-manage,273,259,0.0013190523498856758,0.6471356914933456,1,1
菅野暁,メディア-media,274,260,0.0013190523498856758,0.6471356914933456,1,1
菅野暁,モニタリング-monitoring,275,261,0.0013190523498856758,0.6471356914933456,1,1
菅野暁,ラーニング-learning,276,262,0.0013190523498856758,0.6471356914933456,1,1
菅野暁,一目,277,263,0.0013190523498856758,0.6471356914933456,1,1
菅野暁,一般,278,264,0.0013190523498856758,0.6471356914933456,1,1
菅野暁,一部,279,265,0.0013190523498856758,0.6471356914933456,1,1
菅野暁,上がる,280,266,0.0013190523498856758,0.6471356914933456,1,1
菅野暁,下線,281,267,0.0013190523498856758,0.6471356914933456,1,1
菅野暁,不幸,282,268,0.0013190523498856758,0.6471356914933456,1,1
菅野暁,不断,283,269,0.0013190523498856758,0.6471356914933456,1,1
菅野暁,不足,284,270,0.0013190523498856758,0.6471356914933456,1,1
菅野暁,両方,285,271,0.0013190523498856758,0.6471356914933456,1,1
菅野暁,主務,286,272,0.0013190523498856758,0.6471356914933456,1,1
菅野暁,事態,287,273,0.0013190523498856758,0.6471356914933456,1,1
菅野暁,交渉,288,274,0.0013190523498856758,0.6471356914933456,1,1
菅野暁,人前,289,275,0.0013190523498856758,0.6471356914933456,1,1
菅野暁,介入,290,276,0.0013190523498856758,0.6471356914933456,1,1
菅野暁,付け加わる,291,277,0.0013190523498856758,0.6471356914933456,1,1
菅野暁,仲間,292,278,0.0013190523498856758,0.6471356914933456,1,1
菅野暁,件,293,279,0.0013190523498856758,0.6471356914933456,1,1
菅野暁,位置,294,280,0.0013190523498856758,0.6471356914933456,1,1
菅野暁,余り,295,281,0.0013190523498856758,0.6471356914933456,1,1
菅野暁,使用,296,282,0.0013190523498856758,0.6471356914933456,1,1
菅野暁,依存,297,283,0.0013190523498856758,0.6471356914933456,1,1
菅野暁,侭,298,284,0.0013190523498856758,0.6471356914933456,1,1
菅野暁,保守,299,285,0.0013190523498856758,0.6471356914933456,1,1
菅野暁,偏る,300,286,0.0013190523498856758,0.6471356914933456,1,1
菅野暁,充当,301,287,0.0013190523498856758,0.6471356914933456,1,1
菅野暁,先行き,302,288,0.0013190523498856758,0.6471356914933456,1,1
菅野暁,先駆,303,289,0.0013190523498856758,0.6471356914933456,1,1
菅野暁,入る,304,290,0.0013190523498856758,0.6471356914933456,1,1
菅野暁,全員,305,291,0.0013190523498856758,0.6471356914933456,1,1
菅野暁,公僕,306,292,0.0013190523498856758,0.6471356914933456,1,1
菅野暁,公衆,307,293,0.0013190523498856758,0.6471356914933456,1,1
菅野暁,具,308,294,0.0013190523498856758,0.6471356914933456,1,1
菅野暁,内容,309,295,0.0013190523498856758,0.6471356914933456,1,1
菅野暁,出席,310,296,0.0013190523498856758,0.6471356914933456,1,1
菅野暁,出身,311,297,0.0013190523498856758,0.6471356914933456,1,1
菅野暁,分かれる,312,298,0.0013190523498856758,0.6471356914933456,1,1
菅野暁,分解,313,299,0.0013190523498856758,0.6471356914933456,1,1
菅野暁,利する,314,300,0.0013190523498856758,0.6471356914933456,1,1
菅野暁,割,315,301,0.0013190523498856758,0.6471356914933456,1,1
菅野暁,動き,316,302,0.0013190523498856758,0.6471356914933456,1,1
菅野暁,勘案,317,303,0.0013190523498856758,0.6471356914933456,1,1
菅野暁,卒業,318,304,0.0013190523498856758,0.6471356914933456,1,1
菅野暁,厭う,319,305,0.0013190523498856758,0.6471356914933456,1,1
菅野暁,収支,320,306,0.0013190523498856758,0.6471356914933456,1,1
菅野暁,受け入れ,321,307,0.0013190523498856758,0.6471356914933456,1,1
菅野暁,受け取る,322,308,0.0013190523498856758,0.6471356914933456,1,1
菅野暁,受賞,323,309,0.0013190523498856758,0.6471356914933456,1,1
菅野暁,向き合う,324,310,0.0013190523498856758,0.6471356914933456,1,1
菅野暁,品格,325,311,0.0013190523498856758,0.6471356914933456,1,1
菅野暁,団体,326,312,0.0013190523498856758,0.6471356914933456,1,1
菅野暁,困る,327,313,0.0013190523498856758,0.6471356914933456,1,1
菅野暁,地方,328,314,0.0013190523498856758,0.6471356914933456,1,1
菅野暁,埋もれる,329,315,0.0013190523498856758,0.6471356914933456,1,1
菅野暁,増加,330,316,0.0013190523498856758,0.6471356914933456,1,1
菅野暁,声,331,317,0.0013190523498856758,0.6471356914933456,1,1
菅野暁,外,332,318,0.0013190523498856758,0.6471356914933456,1,1
菅野暁,外交,333,319,0.0013190523498856758,0.6471356914933456,1,1
菅野暁,多額,334,320,0.0013190523498856758,0.6471356914933456,1,1
菅野暁,奨学,335,321,0.0013190523498856758,0.6471356914933456,1,1
菅野暁,学者,336,322,0.0013190523498856758,0.6471356914933456,1,1
菅野暁,完結,337,323,0.0013190523498856758,0.6471356914933456,1,1
菅野暁,実施,338,324,0.0013190523498856758,0.6471356914933456,1,1
菅野暁,小さい,339,325,0.0013190523498856758,0.6471356914933456,1,1
菅野暁,差,340,326,0.0013190523498856758,0.6471356914933456,1,1
菅野暁,差別,341,327,0.0013190523498856758,0.6471356914933456,1,1
菅野暁,平等,342,328,0.0013190523498856758,0.6471356914933456,1,1
菅野暁,広がり,343,329,0.0013190523498856758,0.6471356914933456,1,1
菅野暁,広報,344,330,0.0013190523498856758,0.6471356914933456,1,1
菅野暁,引き上げる,345,331,0.0013190523498856758,0.6471356914933456,1,1
菅野暁,引用,346,332,0.0013190523498856758,0.6471356914933456,1,1
菅野暁,強める,347,333,0.0013190523498856758,0.6471356914933456,1,1
菅野暁,役,348,334,0.0013190523498856758,0.6471356914933456,1,1
菅野暁,後退,349,335,0.0013190523498856758,0.6471356914933456,1,1
菅野暁,従事,350,336,0.0013190523498856758,0.6471356914933456,1,1
菅野暁,従来,351,337,0.0013190523498856758,0.6471356914933456,1,1
菅野暁,怠る,352,338,0.0013190523498856758,0.6471356914933456,1,1
菅野暁,悪化,353,339,0.0013190523498856758,0.6471356914933456,1,1
菅野暁,惜しむ,354,340,0.0013190523498856758,0.6471356914933456,1,1
菅野暁,想定,355,341,0.0013190523498856758,0.6471356914933456,1,1
菅野暁,愛着,356,342,0.0013190523498856758,0.6471356914933456,1,1
菅野暁,感ずる,357,343,0.0013190523498856758,0.6471356914933456,1,1
菅野暁,所在,358,344,0.0013190523498856758,0.6471356914933456,1,1
菅野暁,打つ,359,345,0.0013190523498856758,0.6471356914933456,1,1
菅野暁,承知,360,346,0.0013190523498856758,0.6471356914933456,1,1
菅野暁,投下,361,347,0.0013190523498856758,0.6471356914933456,1,1
菅野暁,抜きん出る,362,348,0.0013190523498856758,0.6471356914933456,1,1
菅野暁,披露,363,349,0.0013190523498856758,0.6471356914933456,1,1
菅野暁,採択,364,350,0.0013190523498856758,0.6471356914933456,1,1
菅野暁,接触,365,351,0.0013190523498856758,0.6471356914933456,1,1
菅野暁,携わる,366,352,0.0013190523498856758,0.6471356914933456,1,1
菅野暁,数字,367,353,0.0013190523498856758,0.6471356914933456,1,1
菅野暁,文章,368,354,0.0013190523498856758,0.6471356914933456,1,1
菅野暁,方,369,355,0.0013190523498856758,0.6471356914933456,1,1
菅野暁,既得,370,356,0.0013190523498856758,0.6471356914933456,1,1
菅野暁,昨年,371,357,0.0013190523498856758,0.6471356914933456,1,1
菅野暁,有する,372,358,0.0013190523498856758,0.6471356914933456,1,1
菅野暁,有意,373,359,0.0013190523498856758,0.6471356914933456,1,1
菅野暁,本末,374,360,0.0013190523498856758,0.6471356914933456,1,1
菅野暁,枠組み,375,361,0.0013190523498856758,0.6471356914933456,1,1
菅野暁,極論,376,362,0.0013190523498856758,0.6471356914933456,1,1
菅野暁,権益,377,363,0.0013190523498856758,0.6471356914933456,1,1
菅野暁,機,378,364,0.0013190523498856758,0.6471356914933456,1,1
菅野暁,止める,379,365,0.0013190523498856758,0.6471356914933456,1,1
菅野暁,正直,380,366,0.0013190523498856758,0.6471356914933456,1,1
菅野暁,歪み,381,367,0.0013190523498856758,0.6471356914933456,1,1
菅野暁,殆ど,382,368,0.0013190523498856758,0.6471356914933456,1,1
菅野暁,毎年,383,369,0.0013190523498856758,0.6471356914933456,1,1
菅野暁,比べる,384,370,0.0013190523498856758,0.6471356914933456,1,1
菅野暁,気,385,371,0.0013190523498856758,0.6471356914933456,1,1
菅野暁,決まる,386,372,0.0013190523498856758,0.6471356914933456,1,1
菅野暁,法曹,387,373,0.0013190523498856758,0.6471356914933456,1,1
菅野暁,深まる,388,374,0.0013190523498856758,0.6471356914933456,1,1
菅野暁,満たす,389,375,0.0013190523498856758,0.6471356914933456,1,1
菅野暁,演説,390,376,0.0013190523498856758,0.6471356914933456,1,1
菅野暁,熟議,391,377,0.0013190523498856758,0.6471356914933456,1,1
菅野暁,生物,392,378,0.0013190523498856758,0.6471356914933456,1,1
菅野暁,申し上げる,393,379,0.0013190523498856758,0.6471356914933456,1,1
菅野暁,疲弊,394,380,0.0013190523498856758,0.6471356914933456,1,1
菅野暁,益,395,381,0.0013190523498856758,0.6471356914933456,1,1
菅野暁,相応しい,396,382,0.0013190523498856758,0.6471356914933456,1,1
菅野暁,知れる,397,383,0.0013190523498856758,0.6471356914933456,1,1
菅野暁,移民,398,384,0.0013190523498856758,0.6471356914933456,1,1
菅野暁,策,399,385,0.0013190523498856758,0.6471356914933456,1,1
菅野暁,納得,400,386,0.0013190523498856758,0.6471356914933456,1,1
菅野暁,組む,401,387,0.0013190523498856758,0.6471356914933456,1,1
菅野暁,経常,402,388,0.0013190523498856758,0.6471356914933456,1,1
菅野暁,経緯,403,389,0.0013190523498856758,0.6471356914933456,1,1
菅野暁,給付,404,390,0.0013190523498856758,0.6471356914933456,1,1
菅野暁,繰り,405,391,0.0013190523498856758,0.6471356914933456,1,1
菅野暁,繰り入れる,406,392,0.0013190523498856758,0.6471356914933456,1,1
菅野暁,職業,407,393,0.0013190523498856758,0.6471356914933456,1,1
菅野暁,背負う,408,394,0.0013190523498856758,0.6471356914933456,1,1
菅野暁,脆弱,409,395,0.0013190523498856758,0.6471356914933456,1,1
菅野暁,自助,410,396,0.0013190523498856758,0.6471356914933456,1,1
菅野暁,自治,411,397,0.0013190523498856758,0.6471356914933456,1,1
菅野暁,自給,412,398,0.0013190523498856758,0.6471356914933456,1,1
菅野暁,興味,413,399,0.0013190523498856758,0.6471356914933456,1,1
菅野暁,若干,414,400,0.0013190523498856758,0.6471356914933456,1,1
菅野暁,衝突,415,401,0.0013190523498856758,0.6471356914933456,1,1
菅野暁,裾野,416,402,0.0013190523498856758,0.6471356914933456,1,1
菅野暁,要求,417,403,0.0013190523498856758,0.6471356914933456,1,1
菅野暁,見極め,418,404,0.0013190523498856758,0.6471356914933456,1,1
菅野暁,見直す,419,405,0.0013190523498856758,0.6471356914933456,1,1
菅野暁,見越す,420,406,0.0013190523498856758,0.6471356914933456,1,1
菅野暁,見通す,421,407,0.0013190523498856758,0.6471356914933456,1,1
菅野暁,許容,422,408,0.0013190523498856758,0.6471356914933456,1,1
菅野暁,評議,423,409,0.0013190523498856758,0.6471356914933456,1,1
菅野暁,諮る,424,410,0.0013190523498856758,0.6471356914933456,1,1
菅野暁,財団,425,411,0.0013190523498856758,0.6471356914933456,1,1
菅野暁,費消,426,412,0.0013190523498856758,0.6471356914933456,1,1
菅野暁,賄う,427,413,0.0013190523498856758,0.6471356914933456,1,1
菅野暁,資質,428,414,0.0013190523498856758,0.6471356914933456,1,1
菅野暁,賞,429,415,0.0013190523498856758,0.6471356914933456,1,1
菅野暁,足元,430,416,0.0013190523498856758,0.6471356914933456,1,1
菅野暁,跨がる,431,417,0.0013190523498856758,0.6471356914933456,1,1
菅野暁,軍事,432,418,0.0013190523498856758,0.6471356914933456,1,1
菅野暁,転倒,433,419,0.0013190523498856758,0.6471356914933456,1,1
菅野暁,近付く,434,420,0.0013190523498856758,0.6471356914933456,1,1
菅野暁,近年,435,421,0.0013190523498856758,0.6471356914933456,1,1
菅野暁,近辺,436,422,0.0013190523498856758,0.6471356914933456,1,1
菅野暁,追う,437,423,0.0013190523498856758,0.6471356914933456,1,1
菅野暁,退職,438,424,0.0013190523498856758,0.6471356914933456,1,1
菅野暁,途上,439,425,0.0013190523498856758,0.6471356914933456,1,1
菅野暁,造詣,440,426,0.0013190523498856758,0.6471356914933456,1,1
菅野暁,進展,441,427,0.0013190523498856758,0.6471356914933456,1,1
菅野暁,進歩,442,428,0.0013190523498856758,0.6471356914933456,1,1
菅野暁,遂げる,443,429,0.0013190523498856758,0.6471356914933456,1,1
菅野暁,遅れる,444,430,0.0013190523498856758,0.6471356914933456,1,1
菅野暁,過ぎる,445,431,0.0013190523498856758,0.6471356914933456,1,1
菅野暁,過去,446,432,0.0013190523498856758,0.6471356914933456,1,1
菅野暁,選挙,447,433,0.0013190523498856758,0.6471356914933456,1,1
菅野暁,配する,448,434,0.0013190523498856758,0.6471356914933456,1,1
菅野暁,配置,449,435,0.0013190523498856758,0.6471356914933456,1,1
菅野暁,長足,450,436,0.0013190523498856758,0.6471356914933456,1,1
菅野暁,閉じ籠もる,451,437,0.0013190523498856758,0.6471356914933456,1,1
菅野暁,防ぐ,452,438,0.0013190523498856758,0.6471356914933456,1,1
菅野暁,陣,453,439,0.0013190523498856758,0.6471356914933456,1,1
菅野暁,陥る,454,440,0.0013190523498856758,0.6471356914933456,1,1
菅野暁,集団,455,441,0.0013190523498856758,0.6471356914933456,1,1
菅野暁,飛び回る,456,442,0.0013190523498856758,0.6471356914933456,1,1
菅野暁,飛行,457,443,0.0013190523498856758,0.6471356914933456,1,1
菅野暁,食事,458,444,0.0013190523498856758,0.6471356914933456,1,1
菅野暁,食料,459,445,0.0013190523498856758,0.6471356914933456,1,1
菅野暁,制度,460,1565,0.001257071024512885,-1.8446925087697363,2,5
菅野暁,教養,461,510,0.001257071024512885,0.11976768779711673,2,5
菅野暁,果たす,462,1140,0.001257071024512885,-0.5179990916009944,2,5
菅野暁,構成,463,1566,0.001257071024512885,-1.8446925087697363,2,5
菅野暁,理解,464,458,0.001257071024512885,0.5702259486653513,2,5
菅野暁,科学,465,1559,0.001257071024512885,-1.6661622223038974,2,5
菅野暁,自由,466,1447,0.001257071024512885,-0.759496636718806,2,5
菅野暁,間,467,543,0.001257071024512885,-0.06568733933620073,2,5
菅野暁,global,468,158,0.0010642031304587967,0.8299808948639833,1,2
菅野暁,i,469,159,0.0010642031304587967,0.8299808948639833,1,2
菅野暁,research,470,160,0.0010642031304587967,0.8299808948639833,1,2
菅野暁,the,471,512,0.0010642031304587967,0.08463796426728278,1,2
菅野暁,ステークホルダー-stakeholder,472,464,0.0010642031304587967,0.40301330670915647,1,2
菅野暁,プロセス-process,473,1562,0.0010642031304587967,-1.7054436161227182,1,2
菅野暁,ランキング-ranking,474,161,0.0010642031304587967,0.8299808948639833,1,2
菅野暁,リカレント-recurrent,475,162,0.0010642031304587967,0.8299808948639833,1,2
菅野暁,中心,476,466,0.0010642031304587967,0.40301330670915647,1,2
菅野暁,事実,477,163,0.0010642031304587967,0.8299808948639833,1,2
菅野暁,人口,478,164,0.0010642031304587967,0.8299808948639833,1,2
菅野暁,仕組み,479,467,0.0010642031304587967,0.40301330670915647,1,2
菅野暁,以上,480,551,0.0010642031304587967,-0.16360951952503752,1,2
菅野暁,低下,481,165,0.0010642031304587967,0.8299808948639833,1,2
菅野暁,働く,482,166,0.0010642031304587967,0.8299808948639833,1,2
菅野暁,先進,483,167,0.0010642031304587967,0.8299808948639833,1,2
菅野暁,入れる,484,168,0.0010642031304587967,0.8299808948639833,1,2
菅野暁,入試,485,169,0.0010642031304587967,0.8299808948639833,1,2
菅野暁,内,486,470,0.0010642031304587967,0.40301330670915647,1,2
菅野暁,初代,487,472,0.0010642031304587967,0.40301330670915647,1,2
菅野暁,刺激,488,170,0.0010642031304587967,0.8299808948639833,1,2
菅野暁,削減,489,171,0.0010642031304587967,0.8299808948639833,1,2
菅野暁,前期,490,172,0.0010642031304587967,0.8299808948639833,1,2
菅野暁,加わる,491,173,0.0010642031304587967,0.8299808948639833,1,2
菅野暁,努力,492,473,0.0010642031304587967,0.40301330670915647,1,2
菅野暁,労働,493,174,0.0010642031304587967,0.8299808948639833,1,2
菅野暁,効率,494,1402,0.0010642031304587967,-0.6839955219675771,1,2
菅野暁,医学,495,175,0.0010642031304587967,0.8299808948639833,1,2
菅野暁,取り組み,496,176,0.0010642031304587967,0.8299808948639833,1,2
菅野暁,取れる,497,177,0.0010642031304587967,0.8299808948639833,1,2
菅野暁,同僚,498,178,0.0010642031304587967,0.8299808948639833,1,2
菅野暁,国家,499,179,0.0010642031304587967,0.8299808948639833,1,2
菅野暁,学び,500,522,0.0010642031304587967,0.08463796426728278,1,2
菅野暁,定義,501,180,0.0010642031304587967,0.8299808948639833,1,2
菅野暁,実装,502,181,0.0010642031304587967,0.8299808948639833,1,2
菅野暁,対象,503,182,0.0010642031304587967,0.8299808948639833,1,2
菅野暁,幅,504,183,0.0010642031304587967,0.8299808948639833,1,2
菅野暁,強み,505,184,0.0010642031304587967,0.8299808948639833,1,2
菅野暁,当てる,506,185,0.0010642031304587967,0.8299808948639833,1,2
菅野暁,待つ,507,186,0.0010642031304587967,0.8299808948639833,1,2
菅野暁,徹底,508,187,0.0010642031304587967,0.8299808948639833,1,2
菅野暁,忘れる,509,188,0.0010642031304587967,0.8299808948639833,1,2
菅野暁,思想,510,189,0.0010642031304587967,0.8299808948639833,1,2
菅野暁,情勢,511,480,0.0010642031304587967,0.40301330670915647,1,2
菅野暁,抑,512,190,0.0010642031304587967,0.8299808948639833,1,2
菅野暁,抱える,513,481,0.0010642031304587967,0.40301330670915647,1,2
菅野暁,担当,514,523,0.0010642031304587967,0.08463796426728278,1,2
菅野暁,授業,515,524,0.0010642031304587967,0.08463796426728278,1,2
菅野暁,採用,516,191,0.0010642031304587967,0.8299808948639833,1,2
菅野暁,教授,517,192,0.0010642031304587967,0.8299808948639833,1,2
菅野暁,時代,518,554,0.0010642031304587967,-0.16360951952503752,1,2
菅野暁,時間,519,525,0.0010642031304587967,0.08463796426728278,1,2
菅野暁,梶,520,193,0.0010642031304587967,0.8299808948639833,1,2
菅野暁,概念,521,194,0.0010642031304587967,0.8299808948639833,1,2
菅野暁,機会,522,195,0.0010642031304587967,0.8299808948639833,1,2
菅野暁,派遣,523,196,0.0010642031304587967,0.8299808948639833,1,2
菅野暁,減少,524,197,0.0010642031304587967,0.8299808948639833,1,2
菅野暁,獲得,525,487,0.0010642031304587967,0.40301330670915647,1,2
菅野暁,理由,526,198,0.0010642031304587967,0.8299808948639833,1,2
菅野暁,生まれる,527,199,0.0010642031304587967,0.8299808948639833,1,2
菅野暁,知財,528,527,0.0010642031304587967,0.08463796426728278,1,2
菅野暁,移行,529,200,0.0010642031304587967,0.8299808948639833,1,2
菅野暁,答える,530,201,0.0010642031304587967,0.8299808948639833,1,2
菅野暁,管理,531,1404,0.0010642031304587967,-0.6839955219675771,1,2
菅野暁,繰り返す,532,490,0.0010642031304587967,0.40301330670915647,1,2
菅野暁,考慮,533,202,0.0010642031304587967,0.8299808948639833,1,2
菅野暁,自分,534,491,0.0010642031304587967,0.40301330670915647,1,2
菅野暁,自立,535,203,0.0010642031304587967,0.8299808948639833,1,2
菅野暁,至る,536,204,0.0010642031304587967,0.8299808948639833,1,2
菅野暁,表面,537,205,0.0010642031304587967,0.8299808948639833,1,2
菅野暁,衰退,538,206,0.0010642031304587967,0.8299808948639833,1,2
菅野暁,裁量,539,492,0.0010642031304587967,0.40301330670915647,1,2
菅野暁,複雑,540,207,0.0010642031304587967,0.8299808948639833,1,2
菅野暁,要素,541,208,0.0010642031304587967,0.8299808948639833,1,2
菅野暁,要請,542,493,0.0010642031304587967,0.40301330670915647,1,2
菅野暁,訳,543,209,0.0010642031304587967,0.8299808948639833,1,2
菅野暁,認識,544,571,0.0010642031304587967,-0.36599292999943717,1,2
菅野暁,説得,545,210,0.0010642031304587967,0.8299808948639833,1,2
菅野暁,調整,546,211,0.0010642031304587967,0.8299808948639833,1,2
菅野暁,費用,547,212,0.0010642031304587967,0.8299808948639833,1,2
菅野暁,逆,548,213,0.0010642031304587967,0.8299808948639833,1,2
菅野暁,選択,549,494,0.0010642031304587967,0.40301330670915647,1,2
菅野暁,長ける,550,214,0.0010642031304587967,0.8299808948639833,1,2
菅野暁,雇用,551,215,0.0010642031304587967,0.8299808948639833,1,2
菅野暁,養う,552,216,0.0010642031304587967,0.8299808948639833,1,2
菅野暁,高まる,553,217,0.0010642031304587967,0.8299808948639833,1,2
菅野暁,システム-system,554,1318,0.0008833847316833214,-0.5365769621233846,1,3
菅野暁,プログラム-program,555,513,0.0008833847316833214,0.08463796426728278,1,3
菅野暁,リスク-risk,556,514,0.0008833847316833214,0.08463796426728278,1,3
菅野暁,上げる,557,515,0.0008833847316833214,0.08463796426728278,1,3
菅野暁,中堅,558,465,0.0008833847316833214,0.40301330670915647,1,3
菅野暁,人,559,1448,0.0008833847316833214,-0.8138665249969326,1,3
菅野暁,仕舞う,560,550,0.0008833847316833214,-0.16360951952503752,1,3
菅野暁,付く,561,517,0.0008833847316833214,0.08463796426728278,1,3
菅野暁,作り,562,468,0.0008833847316833214,0.40301330670915647,1,3
菅野暁,価値,563,1543,0.0008833847316833214,-1.2201305224716663,1,3
菅野暁,候補,564,469,0.0008833847316833214,0.40301330670915647,1,3
菅野暁,分析,565,471,0.0008833847316833214,0.40301330670915647,1,3
菅野暁,切る,566,518,0.0008833847316833214,0.08463796426728278,1,3
菅野暁,合わせる,567,474,0.0008833847316833214,0.40301330670915647,1,3
菅野暁,含める,568,475,0.0008833847316833214,0.40301330670915647,1,3
菅野暁,固定,569,476,0.0008833847316833214,0.40301330670915647,1,3
菅野暁,国内,570,477,0.0008833847316833214,0.40301330670915647,1,3
菅野暁,基準,571,520,0.0008833847316833214,0.08463796426728278,1,3
菅野暁,場合,572,1515,0.0008833847316833214,-1.0352054291578132,1,3
菅野暁,変動,573,478,0.0008833847316833214,0.40301330670915647,1,3
菅野暁,多く,574,521,0.0008833847316833214,0.08463796426728278,1,3
菅野暁,実現,575,1449,0.0008833847316833214,-0.8138665249969326,1,3
菅野暁,常,576,479,0.0008833847316833214,0.40301330670915647,1,3
菅野暁,政策,577,482,0.0008833847316833214,0.40301330670915647,1,3
菅野暁,最大,578,566,0.0008833847316833214,-0.36599292999943717,1,3
菅野暁,最高,579,526,0.0008833847316833214,0.08463796426728278,1,3
菅野暁,業務,580,1516,0.0008833847316833214,-1.0352054291578132,1,3
菅野暁,機能,581,567,0.0008833847316833214,-0.36599292999943717,1,3
菅野暁,歴史,582,483,0.0008833847316833214,0.40301330670915647,1,3
菅野暁,民主,583,484,0.0008833847316833214,0.40301330670915647,1,3
菅野暁,気候,584,485,0.0008833847316833214,0.40301330670915647,1,3
菅野暁,特性,585,486,0.0008833847316833214,0.40301330670915647,1,3
菅野暁,生成,586,488,0.0008833847316833214,0.40301330670915647,1,3
菅野暁,留める,587,489,0.0008833847316833214,0.40301330670915647,1,3
菅野暁,確保,588,569,0.0008833847316833214,-0.36599292999943717,1,3
菅野暁,経済,589,528,0.0008833847316833214,0.08463796426728278,1,3
菅野暁,総合,590,556,0.0008833847316833214,-0.16360951952503752,1,3
菅野暁,自律,591,530,0.0008833847316833214,0.08463796426728278,1,3
菅野暁,行政,592,570,0.0008833847316833214,-0.36599292999943717,1,3
菅野暁,負う,593,531,0.0008833847316833214,0.08463796426728278,1,3
菅野暁,軸,594,532,0.0008833847316833214,0.08463796426728278,1,3
菅野暁,運用,595,572,0.0008833847316833214,-0.36599292999943717,1,3
菅野暁,関わる,596,1320,0.0008833847316833214,-0.5365769621233846,1,3
菅野暁,際,597,495,0.0008833847316833214,0.40301330670915647,1,3
菅野暁,集中,598,533,0.0008833847316833214,0.08463796426728278,1,3
菅野暁,高齢,599,496,0.0008833847316833214,0.40301330670915647,1,3
菅野暁,アート-art,600,1317,0.0007431310853513229,-0.5365769621233846,1,4
菅野暁,一体,601,549,0.0007431310853513229,-0.16360951952503752,1,4
菅野暁,人文,602,516,0.0007431310853513229,0.08463796426728278,1,4
菅野暁,伸ばす,603,565,0.0007431310853513229,-0.36599292999943717,1,4
菅野暁,作る,604,1503,0.0007431310853513229,-0.9300274105614843,1,4
菅野暁,充実,605,1513,0.0007431310853513229,-1.0352054291578132,1,4
菅野暁,全学,606,1504,0.0007431310853513229,-0.9300274105614843,1,4
菅野暁,其々,607,1401,0.0007431310853513229,-0.6839955219675771,1,4
菅野暁,加速,608,519,0.0007431310853513229,0.08463796426728278,1,4
菅野暁,図る,609,1319,0.0007431310853513229,-0.5365769621233846,1,4
菅野暁,地球,610,553,0.0007431310853513229,-0.16360951952503752,1,4
菅野暁,深い,611,555,0.0007431310853513229,-0.16360951952503752,1,4
菅野暁,産業,612,568,0.0007431310853513229,-0.36599292999943717,1,4
菅野暁,築く,613,1452,0.0007431310853513229,-0.8138665249969326,1,4
菅野暁,続ける,614,1405,0.0007431310853513229,-0.6839955219675771,1,4
菅野暁,繋がる,615,529,0.0007431310853513229,0.08463796426728278,1,4
菅野暁,育成,616,1406,0.0007431310853513229,-0.6839955219675771,1,4
菅野暁,設計,617,1407,0.0007431310853513229,-0.6839955219675771,1,4
菅野暁,財政,618,1453,0.0007431310853513229,-0.8138665249969326,1,4
菅野暁,資源,619,1545,0.0007431310853513229,-1.2201305224716663,1,4
菅野暁,通ずる,620,1454,0.0007431310853513229,-0.8138665249969326,1,4
菅野暁,部,621,1517,0.0007431310853513229,-1.0352054291578132,1,4
菅野暁,重点,622,557,0.0007431310853513229,-0.16360951952503752,1,4
菅野暁,創造,623,1555,0.0006285355122564425,-1.4519736436047803,1,5
菅野暁,加える,624,1514,0.0006285355122564425,-1.0352054291578132,1,5
菅野暁,向ける,625,552,0.0006285355122564425,-0.16360951952503752,1,5
菅野暁,基づく,626,1403,0.0006285355122564425,-0.6839955219675771,1,5
菅野暁,学内,627,1544,0.0006285355122564425,-1.2201305224716663,1,5
菅野暁,担う,628,1535,0.0006285355122564425,-1.1314029635486345,1,5
菅野暁,新しい,629,1450,0.0006285355122564425,-0.8138665249969326,1,5
菅野暁,生み出す,630,1451,0.0006285355122564425,-0.8138665249969326,1,5
菅野暁,示す,631,1536,0.0006285355122564425,-1.1314029635486345,1,5
藤垣裕子,為る,1,1560,0.06439942112879884,-1.571903735612537,89,5
藤垣裕子,有る,2,5,0.052821997105643996,3.705164854780241,73,5
藤垣裕子,事,3,466,0.02243125904486252,0.08228254560510563,31,5
藤垣裕子,考える,4,3,0.022243386741420276,4.116047549549937,26,4
藤垣裕子,力,5,2,0.020532356992080256,5.27221758790658,24,4
藤垣裕子,居る,6,87,0.019536903039073805,1.0876090572001198,27,5
藤垣裕子,日本,7,1,0.015918958031837915,5.283983266100683,22,5
藤垣裕子,必要,8,77,0.013748191027496382,1.2958438857635997,19,5
藤垣裕子,コンセプト-concept,9,29,0.01366679493343921,2.0045368060035145,9,1
藤垣裕子,成る,10,490,0.013024602026049204,-0.029149714128801057,18,5
藤垣裕子,環境,11,13,0.011121693370710138,2.6058297658262823,13,4
藤垣裕子,為,12,442,0.01085383502170767,0.32788006395264835,15,5
藤垣裕子,年,13,4,0.010169790941448367,3.725855674279596,10,3
藤垣裕子,トウキョウ,14,1567,0.010130246020260492,-2.0318394981035492,14,5
藤垣裕子,世界,15,38,0.010130246020260492,1.8652195560270772,14,5
藤垣裕子,学術,16,7,0.010130246020260492,2.8743949476997783,14,5
藤垣裕子,中,17,12,0.009152811847303531,2.7131747129216457,9,3
藤垣裕子,科学,18,8,0.007959479015918957,2.7645344603487447,11,5
藤垣裕子,出来る,19,489,0.007699633872030096,-0.020476290054941445,9,4
藤垣裕子,メーキング-making,20,59,0.007592663851910673,1.4933591174026992,5,1
藤垣裕子,人類,21,15,0.007350856066106855,2.5254098951300525,6,2
藤垣裕子,壁,22,6,0.007118853659013857,3.252205574274671,7,3
藤垣裕子,国際,23,1498,0.006512301013024602,-0.9093580155160087,9,5
藤垣裕子,社会,24,1558,0.006512301013024602,-1.5627547032976636,9,5
藤垣裕子,of,25,9,0.006125713388422378,2.719268327292137,5,2
藤垣裕子,所与,26,10,0.006125713388422378,2.719268327292137,5,2
藤垣裕子,潜在,27,11,0.006125713388422378,2.719268327292137,5,2
藤垣裕子,整える,28,39,0.006101874564869021,1.802852450185846,6,3
藤垣裕子,助言,29,74,0.006074131081528538,1.3355370660872135,4,1
藤垣裕子,宣言,30,75,0.006074131081528538,1.3355370660872135,4,1
藤垣裕子,省庁,31,76,0.006074131081528538,1.3355370660872135,4,1
藤垣裕子,役割,32,458,0.005788712011577424,0.22155511184413001,8,5
藤垣裕子,構成,33,88,0.005788712011577424,1.0784669637236615,8,5
藤垣裕子,物,34,94,0.005788712011577424,0.9712076276045308,8,5
藤垣裕子,言う,35,1441,0.005788712011577424,-0.7702852564281506,8,5
藤垣裕子,連携,36,95,0.005788712011577424,0.9712076276045308,8,5
藤垣裕子,行く,37,192,0.005133089248020064,0.8098268262534312,6,4
藤垣裕子,評価,38,58,0.005133089248020064,1.6400755749001563,6,4
藤垣裕子,他,39,30,0.0050848954707241835,1.9303224176978775,5,3
藤垣裕子,情報,40,14,0.0050848954707241835,2.540315398985083,5,3
藤垣裕子,無い,41,1541,0.005065123010130246,-1.1615388973909857,7,5
藤垣裕子,トップ-top,42,16,0.0049005707107379025,2.4542026276660747,4,2
藤垣裕子,伝達,43,17,0.0049005707107379025,2.4542026276660747,4,2
藤垣裕子,リード-lead,44,83,0.004555598311146404,1.1564671533285678,3,1
藤垣裕子,厚生,45,84,0.004555598311146404,1.1564671533285678,3,1
藤垣裕子,憲章,46,85,0.004555598311146404,1.1564671533285678,3,1
藤垣裕子,集まる,47,86,0.004555598311146404,1.1564671533285678,3,1
藤垣裕子,分野,48,1437,0.004341534008683068,-0.7178116055339426,6,5
藤垣裕子,学内,49,21,0.004341534008683068,2.151661126324135,6,5
藤垣裕子,責任,50,193,0.004341534008683068,0.8098268262534312,6,5
藤垣裕子,コミュニケーション-communication,51,19,0.004277574373350053,2.3390762919990182,5,4
藤垣裕子,充実,52,31,0.004277574373350053,1.9303224176978775,5,4
藤垣裕子,場,53,66,0.004277574373350053,1.3826556509815946,5,4
藤垣裕子,能力,54,20,0.004277574373350053,2.3390762919990182,5,4
藤垣裕子,世代,55,22,0.004067916376579347,2.1374990668328335,4,3
藤垣裕子,取る,56,37,0.004067916376579347,1.906284664867387,4,3
藤垣裕子,国,57,61,0.004067916376579347,1.4706813366339924,4,3
藤垣裕子,来る,58,191,0.004067916376579347,0.9200338901034192,4,3
藤垣裕子,知見,59,23,0.004067916376579347,2.1374990668328335,4,3
藤垣裕子,行政,60,18,0.004067916376579347,2.35221091101097,4,3
藤垣裕子,the,61,24,0.0036754280330534273,2.118981110098722,3,2
藤垣裕子,リーダー-leader,62,53,0.0036754280330534273,1.6502551549206712,3,2
藤垣裕子,同時,63,33,0.0036754280330534273,1.9159451289380445,3,2
藤垣裕子,変える,64,34,0.0036754280330534273,1.9159451289380445,3,2
藤垣裕子,多い,65,35,0.0036754280330534273,1.9159451289380445,3,2
藤垣裕子,学外,66,25,0.0036754280330534273,2.118981110098722,3,2
藤垣裕子,米国,67,57,0.0036754280330534273,1.6502551549206712,3,2
藤垣裕子,継承,68,26,0.0036754280330534273,2.118981110098722,3,2
藤垣裕子,遺産,69,27,0.0036754280330534273,2.118981110098722,3,2
藤垣裕子,限る,70,28,0.0036754280330534273,2.118981110098722,3,2
藤垣裕子,つく,71,1527,0.00361794500723589,-1.0985571487635353,5,5
藤垣裕子,制度,72,508,0.00361794500723589,-0.2915152114165892,5,5
藤垣裕子,学生,73,1292,0.00361794500723589,-0.5395851972826474,5,5
藤垣裕子,持つ,74,391,0.00361794500723589,0.6523862037281695,5,5
藤垣裕子,於く,75,1497,0.00361794500723589,-0.9037479181784107,5,5
藤垣裕子,果たす,76,40,0.00361794500723589,1.737585744469567,5,5
藤垣裕子,組織,77,1511,0.00361794500723589,-0.9704390620359357,5,5
藤垣裕子,作る,78,60,0.0034220594986800424,1.4706813366339924,4,4
藤垣裕子,イノベーション-innovation,79,63,0.0030509372824345103,1.3936252370871942,3,3
藤垣裕子,システム-system,80,64,0.0030509372824345103,1.3936252370871942,3,3
藤垣裕子,予算,81,79,0.0030509372824345103,1.1580494204370182,3,3
藤垣裕子,今後,82,189,0.0030509372824345103,0.943999923191135,3,3
藤垣裕子,仕舞う,83,32,0.0030509372824345103,1.9159451289380445,3,3
藤垣裕子,会,84,54,0.0030509372824345103,1.6502551549206712,3,3
藤垣裕子,学ぶ,85,36,0.0030509372824345103,1.9159451289380445,3,3
藤垣裕子,文化,86,65,0.0030509372824345103,1.3936252370871942,3,3
藤垣裕子,時,87,55,0.0030509372824345103,1.6502551549206712,3,3
藤垣裕子,議論,88,82,0.0030509372824345103,1.1580494204370182,3,3
藤垣裕子,述べる,89,465,0.0030509372824345103,0.11830136033482418,3,3
藤垣裕子,japan,90,156,0.003037065540764269,0.944135717079969,2,1
藤垣裕子,science,91,157,0.003037065540764269,0.944135717079969,2,1
藤垣裕子,エリート-elite,92,158,0.003037065540764269,0.944135717079969,2,1
藤垣裕子,クラス-class,93,159,0.003037065540764269,0.944135717079969,2,1
藤垣裕子,リオ-rio,94,160,0.003037065540764269,0.944135717079969,2,1
藤垣裕子,事前,95,161,0.003037065540764269,0.944135717079969,2,1
藤垣裕子,交流,96,162,0.003037065540764269,0.944135717079969,2,1
藤垣裕子,伏流,97,163,0.003037065540764269,0.944135717079969,2,1
藤垣裕子,側面,98,164,0.003037065540764269,0.944135717079969,2,1
藤垣裕子,傾向,99,165,0.003037065540764269,0.944135717079969,2,1
藤垣裕子,元,100,166,0.003037065540764269,0.944135717079969,2,1
藤垣裕子,再編,101,167,0.003037065540764269,0.944135717079969,2,1
藤垣裕子,原則,102,168,0.003037065540764269,0.944135717079969,2,1
藤垣裕子,原子,103,169,0.003037065540764269,0.944135717079969,2,1
藤垣裕子,周年,104,170,0.003037065540764269,0.944135717079969,2,1
藤垣裕子,地震,105,171,0.003037065540764269,0.944135717079969,2,1
藤垣裕子,存在,106,172,0.003037065540764269,0.944135717079969,2,1
藤垣裕子,工夫,107,173,0.003037065540764269,0.944135717079969,2,1
藤垣裕子,市民,108,174,0.003037065540764269,0.944135717079969,2,1
藤垣裕子,度,109,175,0.003037065540764269,0.944135717079969,2,1
藤垣裕子,従う,110,176,0.003037065540764269,0.944135717079969,2,1
藤垣裕子,心,111,177,0.003037065540764269,0.944135717079969,2,1
藤垣裕子,揺らぐ,112,178,0.003037065540764269,0.944135717079969,2,1
藤垣裕子,文部,113,179,0.003037065540764269,0.944135717079969,2,1
藤垣裕子,旨い,114,180,0.003037065540764269,0.944135717079969,2,1
藤垣裕子,最新,115,181,0.003037065540764269,0.944135717079969,2,1
藤垣裕子,来日,116,182,0.003037065540764269,0.944135717079969,2,1
藤垣裕子,津波,117,183,0.003037065540764269,0.944135717079969,2,1
藤垣裕子,装置,118,184,0.003037065540764269,0.944135717079969,2,1
藤垣裕子,課,119,185,0.003037065540764269,0.944135717079969,2,1
藤垣裕子,警戒,120,186,0.003037065540764269,0.944135717079969,2,1
藤垣裕子,閉じる,121,187,0.003037065540764269,0.944135717079969,2,1
藤垣裕子,駆動,122,188,0.003037065540764269,0.944135717079969,2,1
藤垣裕子,卓越,123,507,0.002894356005788712,-0.22127740083728356,4,5
藤垣裕子,経営,124,1474,0.002894356005788712,-0.8226367202656543,4,5
藤垣裕子,gri,125,464,0.002566544624010032,0.11830136033482418,3,4
藤垣裕子,アート-art,126,62,0.002566544624010032,1.3936252370871942,3,4
藤垣裕子,リベラル-liberal,127,78,0.002566544624010032,1.1580494204370182,3,4
藤垣裕子,一,128,433,0.002566544624010032,0.40846319968339573,3,4
藤垣裕子,得る,129,200,0.002566544624010032,0.7493574917885791,3,4
藤垣裕子,技術,130,443,0.002566544624010032,0.25791474246136115,3,4
藤垣裕子,海外,131,444,0.002566544624010032,0.25791474246136115,3,4
藤垣裕子,点,132,491,0.002566544624010032,-0.1334652156993019,3,4
藤垣裕子,産業,133,56,0.002566544624010032,1.6502551549206712,3,4
藤垣裕子,知,134,1542,0.002566544624010032,-1.1866443356814804,3,4
藤垣裕子,設計,135,81,0.002566544624010032,1.1580494204370182,3,4
藤垣裕子,部,136,392,0.002566544624010032,0.5716153773215427,3,4
藤垣裕子,中長期,137,90,0.0024502853553689512,1.038981995942234,2,2
藤垣裕子,付ける,138,41,0.0024502853553689512,1.6622710703476873,2,2
藤垣裕子,像,139,428,0.0024502853553689512,0.5373749276193777,2,2
藤垣裕子,内,140,42,0.0024502853553689512,1.6622710703476873,2,2
藤垣裕子,初代,141,43,0.0024502853553689512,1.6622710703476873,2,2
藤垣裕子,別,142,44,0.0024502853553689512,1.6622710703476873,2,2
藤垣裕子,努力,143,45,0.0024502853553689512,1.6622710703476873,2,2
藤垣裕子,境界,144,69,0.0024502853553689512,1.3469090266499293,2,2
藤垣裕子,情勢,145,46,0.0024502853553689512,1.6622710703476873,2,2
藤垣裕子,提供,146,47,0.0024502853553689512,1.6622710703476873,2,2
藤垣裕子,機構,147,48,0.0024502853553689512,1.6622710703476873,2,2
藤垣裕子,用いる,148,49,0.0024502853553689512,1.6622710703476873,2,2
藤垣裕子,発生,149,92,0.0024502853553689512,1.038981995942234,2,2
藤垣裕子,繰り返す,150,50,0.0024502853553689512,1.6622710703476873,2,2
藤垣裕子,自分,151,51,0.0024502853553689512,1.6622710703476873,2,2
藤垣裕子,身,152,52,0.0024502853553689512,1.6622710703476873,2,2
藤垣裕子,開発,153,199,0.0024502853553689512,0.7703739596314344,2,2
藤垣裕子,教養,154,80,0.002170767004341534,1.1580494204370182,3,5
藤垣裕子,新しい,155,190,0.002170767004341534,0.943999923191135,3,5
藤垣裕子,示す,156,434,0.002170767004341534,0.40846319968339573,3,5
藤垣裕子,総長,157,1545,0.002170767004341534,-1.252628033155056,3,5
藤垣裕子,リーダーシップ-leadership,158,89,0.0020339581882896736,1.038981995942234,2,3
藤垣裕子,付く,159,67,0.0020339581882896736,1.3469090266499293,2,3
藤垣裕子,信頼,160,487,0.0020339581882896736,-0.009603451509712415,2,3
藤垣裕子,切る,161,68,0.0020339581882896736,1.3469090266499293,2,3
藤垣裕子,判断,162,194,0.0020339581882896736,0.7703739596314344,2,3
藤垣裕子,利益,163,195,0.0020339581882896736,0.7703739596314344,2,3
藤垣裕子,場合,164,492,0.0020339581882896736,-0.1562243070415476,2,3
藤垣裕子,多く,165,70,0.0020339581882896736,1.3469090266499293,2,3
藤垣裕子,学長,166,493,0.0020339581882896736,-0.1562243070415476,2,3
藤垣裕子,形成,167,91,0.0020339581882896736,1.038981995942234,2,3
藤垣裕子,既存,168,196,0.0020339581882896736,0.7703739596314344,2,3
藤垣裕子,生かす,169,460,0.0020339581882896736,0.1524458862096063,2,3
藤垣裕子,発展,170,439,0.0020339581882896736,0.33329938040711043,2,3
藤垣裕子,立つ,171,71,0.0020339581882896736,1.3469090266499293,2,3
藤垣裕子,経済,172,72,0.0020339581882896736,1.3469090266499293,2,3
藤垣裕子,視点,173,93,0.0020339581882896736,1.038981995942234,2,3
藤垣裕子,通り,174,73,0.0020339581882896736,1.3469090266499293,2,3
藤垣裕子,運用,175,197,0.0020339581882896736,0.7703739596314344,2,3
藤垣裕子,関わる,176,432,0.0020339581882896736,0.5373749276193777,2,3
藤垣裕子,会議,177,1113,0.0017110297493400212,-0.41299471396294074,2,4
藤垣裕子,共,178,435,0.0017110297493400212,0.33329938040711043,2,4
藤垣裕子,其々,179,436,0.0017110297493400212,0.33329938040711043,2,4
藤垣裕子,図る,180,429,0.0017110297493400212,0.5373749276193777,2,4
藤垣裕子,基盤,181,1438,0.0017110297493400212,-0.7315673120109804,2,4
藤垣裕子,変革,182,459,0.0017110297493400212,0.1524458862096063,2,4
藤垣裕子,対応,183,1475,0.0017110297493400212,-0.8244894899754528,2,4
藤垣裕子,感,184,437,0.0017110297493400212,0.33329938040711043,2,4
藤垣裕子,構築,185,1115,0.0017110297493400212,-0.41299471396294074,2,4
藤垣裕子,求める,186,438,0.0017110297493400212,0.33329938040711043,2,4
藤垣裕子,現在,187,1116,0.0017110297493400212,-0.41299471396294074,2,4
藤垣裕子,留学,188,430,0.0017110297493400212,0.5373749276193777,2,4
藤垣裕子,目的,189,431,0.0017110297493400212,0.5373749276193777,2,4
藤垣裕子,続ける,190,440,0.0017110297493400212,0.33329938040711043,2,4
藤垣裕子,育成,191,441,0.0017110297493400212,0.33329938040711043,2,4
藤垣裕子,良い,192,488,0.0017110297493400212,-0.009603451509712415,2,4
藤垣裕子,財務,193,462,0.0017110297493400212,0.1524458862096063,2,4
藤垣裕子,配分,194,198,0.0017110297493400212,0.7703739596314344,2,4
藤垣裕子,agency,195,201,0.0015185327703821346,0.6675229698397082,1,1
藤垣裕子,comon,196,202,0.0015185327703821346,0.6675229698397082,1,1
藤垣裕子,council,197,203,0.0015185327703821346,0.6675229698397082,1,1
藤垣裕子,for,198,204,0.0015185327703821346,0.6675229698397082,1,1
藤垣裕子,funding,199,205,0.0015185327703821346,0.6675229698397082,1,1
藤垣裕子,infrastructure,200,206,0.0015185327703821346,0.6675229698397082,1,1
藤垣裕子,liberate,201,207,0.0015185327703821346,0.6675229698397082,1,1
藤垣裕子,one,202,208,0.0015185327703821346,0.6675229698397082,1,1
藤垣裕子,peak,203,209,0.0015185327703821346,0.6675229698397082,1,1
藤垣裕子,pi,204,210,0.0015185327703821346,0.6675229698397082,1,1
藤垣裕子,promotion,205,211,0.0015185327703821346,0.6675229698397082,1,1
藤垣裕子,rri,206,212,0.0015185327703821346,0.6675229698397082,1,1
藤垣裕子,society,207,213,0.0015185327703821346,0.6675229698397082,1,1
藤垣裕子,solution,208,214,0.0015185327703821346,0.6675229698397082,1,1
藤垣裕子,sts,209,215,0.0015185327703821346,0.6675229698397082,1,1
藤垣裕子,top,210,216,0.0015185327703821346,0.6675229698397082,1,1
藤垣裕子,universities,211,217,0.0015185327703821346,0.6675229698397082,1,1
藤垣裕子,ずれる,212,218,0.0015185327703821346,0.6675229698397082,1,1
藤垣裕子,アジェンダ-agenda,213,219,0.0015185327703821346,0.6675229698397082,1,1
藤垣裕子,オウシュウ-外国,214,220,0.0015185327703821346,0.6675229698397082,1,1
藤垣裕子,オックスフォード-oxford,215,221,0.0015185327703821346,0.6675229698397082,1,1
藤垣裕子,キュウ,216,222,0.0015185327703821346,0.6675229698397082,1,1
藤垣裕子,キョウト,217,223,0.0015185327703821346,0.6675229698397082,1,1
藤垣裕子,コマバ,218,224,0.0015185327703821346,0.6675229698397082,1,1
藤垣裕子,シゲル,219,225,0.0015185327703821346,0.6675229698397082,1,1
藤垣裕子,トヤマ,220,226,0.0015185327703821346,0.6675229698397082,1,1
藤垣裕子,ナンバラ,221,227,0.0015185327703821346,0.6675229698397082,1,1
藤垣裕子,ニューマン-newman,222,228,0.0015185327703821346,0.6675229698397082,1,1
藤垣裕子,ハシモト,223,229,0.0015185327703821346,0.6675229698397082,1,1
藤垣裕子,パートナー-partner,224,230,0.0015185327703821346,0.6675229698397082,1,1
藤垣裕子,ヒデキ,225,231,0.0015185327703821346,0.6675229698397082,1,1
藤垣裕子,フォーラム-forum,226,232,0.0015185327703821346,0.6675229698397082,1,1
藤垣裕子,プレステージ-prestige,227,233,0.0015185327703821346,0.6675229698397082,1,1
藤垣裕子,ヘンリー-henry,228,234,0.0015185327703821346,0.6675229698397082,1,1
藤垣裕子,ミナマタ,229,235,0.0015185327703821346,0.6675229698397082,1,1
藤垣裕子,メンバー-member,230,236,0.0015185327703821346,0.6675229698397082,1,1
藤垣裕子,ユカワ,231,237,0.0015185327703821346,0.6675229698397082,1,1
藤垣裕子,リオデジャネイロ,232,238,0.0015185327703821346,0.6675229698397082,1,1
藤垣裕子,リチャードソン-richardson,233,239,0.0015185327703821346,0.6675229698397082,1,1
藤垣裕子,レベル-level,234,240,0.0015185327703821346,0.6675229698397082,1,1
藤垣裕子,上述,235,241,0.0015185327703821346,0.6675229698397082,1,1
藤垣裕子,不祥,236,242,0.0015185327703821346,0.6675229698397082,1,1
藤垣裕子,中枢,237,243,0.0015185327703821346,0.6675229698397082,1,1
藤垣裕子,主体,238,244,0.0015185327703821346,0.6675229698397082,1,1
藤垣裕子,主催,239,245,0.0015185327703821346,0.6675229698397082,1,1
藤垣裕子,事故,240,246,0.0015185327703821346,0.6675229698397082,1,1
藤垣裕子,交える,241,247,0.0015185327703821346,0.6675229698397082,1,1
藤垣裕子,交通,242,248,0.0015185327703821346,0.6675229698397082,1,1
藤垣裕子,人件,243,249,0.0015185327703821346,0.6675229698397082,1,1
藤垣裕子,他人事,244,250,0.0015185327703821346,0.6675229698397082,1,1
藤垣裕子,他者,245,251,0.0015185327703821346,0.6675229698397082,1,1
藤垣裕子,代,246,252,0.0015185327703821346,0.6675229698397082,1,1
藤垣裕子,会合,247,253,0.0015185327703821346,0.6675229698397082,1,1
藤垣裕子,伝わる,248,254,0.0015185327703821346,0.6675229698397082,1,1
藤垣裕子,先陣,249,255,0.0015185327703821346,0.6675229698397082,1,1
藤垣裕子,入学,250,256,0.0015185327703821346,0.6675229698397082,1,1
藤垣裕子,公害,251,257,0.0015185327703821346,0.6675229698397082,1,1
藤垣裕子,公表,252,258,0.0015185327703821346,0.6675229698397082,1,1
藤垣裕子,共存,253,259,0.0015185327703821346,0.6675229698397082,1,1
藤垣裕子,内閣,254,260,0.0015185327703821346,0.6675229698397082,1,1
藤垣裕子,凝り固まる,255,261,0.0015185327703821346,0.6675229698397082,1,1
藤垣裕子,切り崩す,256,262,0.0015185327703821346,0.6675229698397082,1,1
藤垣裕子,切り捨てる,257,263,0.0015185327703821346,0.6675229698397082,1,1
藤垣裕子,労力,258,264,0.0015185327703821346,0.6675229698397082,1,1
藤垣裕子,動物,259,265,0.0015185327703821346,0.6675229698397082,1,1
藤垣裕子,勧める,260,266,0.0015185327703821346,0.6675229698397082,1,1
藤垣裕子,半分,261,267,0.0015185327703821346,0.6675229698397082,1,1
藤垣裕子,卿,262,268,0.0015185327703821346,0.6675229698397082,1,1
藤垣裕子,原因,263,269,0.0015185327703821346,0.6675229698397082,1,1
藤垣裕子,原理,264,270,0.0015185327703821346,0.6675229698397082,1,1
藤垣裕子,参考,265,271,0.0015185327703821346,0.6675229698397082,1,1
藤垣裕子,取り返す,266,272,0.0015185327703821346,0.6675229698397082,1,1
藤垣裕子,受託,267,273,0.0015185327703821346,0.6675229698397082,1,1
藤垣裕子,古典,268,274,0.0015185327703821346,0.6675229698397082,1,1
藤垣裕子,史実,269,275,0.0015185327703821346,0.6675229698397082,1,1
藤垣裕子,呉れる,270,276,0.0015185327703821346,0.6675229698397082,1,1
藤垣裕子,営み,271,277,0.0015185327703821346,0.6675229698397082,1,1
藤垣裕子,営業,272,278,0.0015185327703821346,0.6675229698397082,1,1
藤垣裕子,噛み砕く,273,279,0.0015185327703821346,0.6675229698397082,1,1
藤垣裕子,国土,274,280,0.0015185327703821346,0.6675229698397082,1,1
藤垣裕子,国連,275,281,0.0015185327703821346,0.6675229698397082,1,1
藤垣裕子,在学,276,282,0.0015185327703821346,0.6675229698397082,1,1
藤垣裕子,地下,277,283,0.0015185327703821346,0.6675229698397082,1,1
藤垣裕子,埋め込む,278,284,0.0015185327703821346,0.6675229698397082,1,1
藤垣裕子,場面,279,285,0.0015185327703821346,0.6675229698397082,1,1
藤垣裕子,失敗,280,286,0.0015185327703821346,0.6675229698397082,1,1
藤垣裕子,始める,281,287,0.0015185327703821346,0.6675229698397082,1,1
藤垣裕子,存続,282,288,0.0015185327703821346,0.6675229698397082,1,1
藤垣裕子,学費,283,289,0.0015185327703821346,0.6675229698397082,1,1
藤垣裕子,守護,284,290,0.0015185327703821346,0.6675229698397082,1,1
藤垣裕子,実,285,291,0.0015185327703821346,0.6675229698397082,1,1
藤垣裕子,実績,286,292,0.0015185327703821346,0.6675229698397082,1,1
藤垣裕子,実際,287,293,0.0015185327703821346,0.6675229698397082,1,1
藤垣裕子,審議,288,294,0.0015185327703821346,0.6675229698397082,1,1
藤垣裕子,対策,289,295,0.0015185327703821346,0.6675229698397082,1,1
藤垣裕子,導く,290,296,0.0015185327703821346,0.6675229698397082,1,1
藤垣裕子,履修,291,297,0.0015185327703821346,0.6675229698397082,1,1
藤垣裕子,底力,292,298,0.0015185327703821346,0.6675229698397082,1,1
藤垣裕子,府,293,299,0.0015185327703821346,0.6675229698397082,1,1
藤垣裕子,式,294,300,0.0015185327703821346,0.6675229698397082,1,1
藤垣裕子,式辞,295,301,0.0015185327703821346,0.6675229698397082,1,1
藤垣裕子,引き継ぐ,296,302,0.0015185327703821346,0.6675229698397082,1,1
藤垣裕子,当時,297,303,0.0015185327703821346,0.6675229698397082,1,1
藤垣裕子,恐れ,298,304,0.0015185327703821346,0.6675229698397082,1,1
藤垣裕子,恵まれる,299,305,0.0015185327703821346,0.6675229698397082,1,1
藤垣裕子,態度,300,306,0.0015185327703821346,0.6675229698397082,1,1
藤垣裕子,戦後,301,307,0.0015185327703821346,0.6675229698397082,1,1
藤垣裕子,手助け,302,308,0.0015185327703821346,0.6675229698397082,1,1
藤垣裕子,批判,303,309,0.0015185327703821346,0.6675229698397082,1,1
藤垣裕子,批評,304,310,0.0015185327703821346,0.6675229698397082,1,1
藤垣裕子,投げ掛ける,305,311,0.0015185327703821346,0.6675229698397082,1,1
藤垣裕子,押し付ける,306,312,0.0015185327703821346,0.6675229698397082,1,1
藤垣裕子,担い手,307,313,0.0015185327703821346,0.6675229698397082,1,1
藤垣裕子,指定,308,314,0.0015185327703821346,0.6675229698397082,1,1
藤垣裕子,指針,309,315,0.0015185327703821346,0.6675229698397082,1,1
藤垣裕子,振興,310,316,0.0015185327703821346,0.6675229698397082,1,1
藤垣裕子,採算,311,317,0.0015185327703821346,0.6675229698397082,1,1
藤垣裕子,支え合う,312,318,0.0015185327703821346,0.6675229698397082,1,1
藤垣裕子,改定,313,319,0.0015185327703821346,0.6675229698397082,1,1
藤垣裕子,旅費,314,320,0.0015185327703821346,0.6675229698397082,1,1
藤垣裕子,日頃,315,321,0.0015185327703821346,0.6675229698397082,1,1
藤垣裕子,時点,316,322,0.0015185327703821346,0.6675229698397082,1,1
藤垣裕子,普通,317,323,0.0015185327703821346,0.6675229698397082,1,1
藤垣裕子,最善,318,324,0.0015185327703821346,0.6675229698397082,1,1
藤垣裕子,東,319,325,0.0015185327703821346,0.6675229698397082,1,1
藤垣裕子,模索,320,326,0.0015185327703821346,0.6675229698397082,1,1
藤垣裕子,歌う,321,327,0.0015185327703821346,0.6675229698397082,1,1
藤垣裕子,残る,322,328,0.0015185327703821346,0.6675229698397082,1,1
藤垣裕子,比喩,323,329,0.0015185327703821346,0.6675229698397082,1,1
藤垣裕子,比較,324,330,0.0015185327703821346,0.6675229698397082,1,1
藤垣裕子,波及,325,331,0.0015185327703821346,0.6675229698397082,1,1
藤垣裕子,済む,326,332,0.0015185327703821346,0.6675229698397082,1,1
藤垣裕子,源,327,333,0.0015185327703821346,0.6675229698397082,1,1
藤垣裕子,滞在,328,334,0.0015185327703821346,0.6675229698397082,1,1
藤垣裕子,激動,329,335,0.0015185327703821346,0.6675229698397082,1,1
藤垣裕子,災害,330,336,0.0015185327703821346,0.6675229698397082,1,1
藤垣裕子,爪,331,337,0.0015185327703821346,0.6675229698397082,1,1
藤垣裕子,物質,332,338,0.0015185327703821346,0.6675229698397082,1,1
藤垣裕子,痛い痛い,333,339,0.0015185327703821346,0.6675229698397082,1,1
藤垣裕子,痛感,334,340,0.0015185327703821346,0.6675229698397082,1,1
藤垣裕子,直す,335,341,0.0015185327703821346,0.6675229698397082,1,1
藤垣裕子,相対,336,342,0.0015185327703821346,0.6675229698397082,1,1
藤垣裕子,県,337,343,0.0015185327703821346,0.6675229698397082,1,1
藤垣裕子,示唆,338,344,0.0015185327703821346,0.6675229698397082,1,1
藤垣裕子,秩序,339,345,0.0015185327703821346,0.6675229698397082,1,1
藤垣裕子,種,340,346,0.0015185327703821346,0.6675229698397082,1,1
藤垣裕子,積層,341,347,0.0015185327703821346,0.6675229698397082,1,1
藤垣裕子,究明,342,348,0.0015185327703821346,0.6675229698397082,1,1
藤垣裕子,立国,343,349,0.0015185327703821346,0.6675229698397082,1,1
藤垣裕子,筈,344,350,0.0015185327703821346,0.6675229698397082,1,1
藤垣裕子,管轄,345,351,0.0015185327703821346,0.6675229698397082,1,1
藤垣裕子,範,346,352,0.0015185327703821346,0.6675229698397082,1,1
藤垣裕子,精度,347,353,0.0015185327703821346,0.6675229698397082,1,1
藤垣裕子,紛れ,348,354,0.0015185327703821346,0.6675229698397082,1,1
藤垣裕子,経つ,349,355,0.0015185327703821346,0.6675229698397082,1,1
藤垣裕子,経費,350,356,0.0015185327703821346,0.6675229698397082,1,1
藤垣裕子,緊迫,351,357,0.0015185327703821346,0.6675229698397082,1,1
藤垣裕子,繋がり,352,358,0.0015185327703821346,0.6675229698397082,1,1
藤垣裕子,習得,353,359,0.0015185327703821346,0.6675229698397082,1,1
藤垣裕子,聞く,354,360,0.0015185327703821346,0.6675229698397082,1,1
藤垣裕子,自体,355,361,0.0015185327703821346,0.6675229698397082,1,1
藤垣裕子,落ちる,356,362,0.0015185327703821346,0.6675229698397082,1,1
藤垣裕子,著作,357,363,0.0015185327703821346,0.6675229698397082,1,1
藤垣裕子,行動,358,364,0.0015185327703821346,0.6675229698397082,1,1
藤垣裕子,裂く,359,365,0.0015185327703821346,0.6675229698397082,1,1
藤垣裕子,要,360,366,0.0015185327703821346,0.6675229698397082,1,1
藤垣裕子,見える,361,367,0.0015185327703821346,0.6675229698397082,1,1
藤垣裕子,見なす,362,368,0.0015185327703821346,0.6675229698397082,1,1
藤垣裕子,見地,363,369,0.0015185327703821346,0.6675229698397082,1,1
藤垣裕子,見失う,364,370,0.0015185327703821346,0.6675229698397082,1,1
藤垣裕子,見定め,365,371,0.0015185327703821346,0.6675229698397082,1,1
藤垣裕子,見解,366,372,0.0015185327703821346,0.6675229698397082,1,1
藤垣裕子,見込み,367,373,0.0015185327703821346,0.6675229698397082,1,1
藤垣裕子,視座,368,374,0.0015185327703821346,0.6675229698397082,1,1
藤垣裕子,角度,369,375,0.0015185327703821346,0.6675229698397082,1,1
藤垣裕子,解放,370,376,0.0015185327703821346,0.6675229698397082,1,1
藤垣裕子,解法,371,377,0.0015185327703821346,0.6675229698397082,1,1
藤垣裕子,記す,372,378,0.0015185327703821346,0.6675229698397082,1,1
藤垣裕子,訳す,373,379,0.0015185327703821346,0.6675229698397082,1,1
藤垣裕子,資料,374,380,0.0015185327703821346,0.6675229698397082,1,1
藤垣裕子,起こす,375,381,0.0015185327703821346,0.6675229698397082,1,1
藤垣裕子,近く,376,382,0.0015185327703821346,0.6675229698397082,1,1
藤垣裕子,通す,377,383,0.0015185327703821346,0.6675229698397082,1,1
藤垣裕子,通常,378,384,0.0015185327703821346,0.6675229698397082,1,1
藤垣裕子,逼迫,379,385,0.0015185327703821346,0.6675229698397082,1,1
藤垣裕子,長年,380,386,0.0015185327703821346,0.6675229698397082,1,1
藤垣裕子,開催,381,387,0.0015185327703821346,0.6675229698397082,1,1
藤垣裕子,集める,382,388,0.0015185327703821346,0.6675229698397082,1,1
藤垣裕子,震災,383,389,0.0015185327703821346,0.6675229698397082,1,1
藤垣裕子,頭,384,390,0.0015185327703821346,0.6675229698397082,1,1
藤垣裕子,因る,385,1568,0.001447178002894356,-2.0693812734341375,2,5
藤垣裕子,基礎,386,1499,0.001447178002894356,-0.9120864991479956,2,5
藤垣裕子,対する,387,1114,0.001447178002894356,-0.41299471396294074,2,5
藤垣裕子,本部,388,1561,0.001447178002894356,-1.59149279042607,2,5
藤垣裕子,活動,389,1500,0.001447178002894356,-0.9120864991479956,2,5
藤垣裕子,生み出す,390,461,0.001447178002894356,0.1524458862096063,2,5
藤垣裕子,運営,391,1536,0.001447178002894356,-1.148428544662995,2,5
藤垣裕子,間,392,463,0.001447178002894356,0.1524458862096063,2,5
藤垣裕子,college,393,96,0.0012251426776844756,0.9520420773413264,1,2
藤垣裕子,design,394,97,0.0012251426776844756,0.9520420773413264,1,2
藤垣裕子,global,395,98,0.0012251426776844756,0.9520420773413264,1,2
藤垣裕子,research,396,99,0.0012251426776844756,0.9520420773413264,1,2
藤垣裕子,world,397,100,0.0012251426776844756,0.9520420773413264,1,2
藤垣裕子,アイディア-idea,398,101,0.0012251426776844756,0.9520420773413264,1,2
藤垣裕子,アカデミア-academia,399,102,0.0012251426776844756,0.9520420773413264,1,2
藤垣裕子,キャンパス-campus,400,446,0.0012251426776844756,0.2355303527662666,1,2
藤垣裕子,スタートアップ-start-up,401,394,0.0012251426776844756,0.5444549939773212,1,2
藤垣裕子,ネットワーク-network,402,103,0.0012251426776844756,0.9520420773413264,1,2
藤垣裕子,プレゼンス-presence,403,104,0.0012251426776844756,0.9520420773413264,1,2
藤垣裕子,マネージメント-management,404,105,0.0012251426776844756,0.9520420773413264,1,2
藤垣裕子,リカレント-recurrent,405,106,0.0012251426776844756,0.9520420773413264,1,2
藤垣裕子,不安,406,107,0.0012251426776844756,0.9520420773413264,1,2
藤垣裕子,与える,407,108,0.0012251426776844756,0.9520420773413264,1,2
藤垣裕子,主義,408,396,0.0012251426776844756,0.5444549939773212,1,2
藤垣裕子,今,409,397,0.0012251426776844756,0.5444549939773212,1,2
藤垣裕子,付属,410,109,0.0012251426776844756,0.9520420773413264,1,2
藤垣裕子,代表,411,110,0.0012251426776844756,0.9520420773413264,1,2
藤垣裕子,体,412,1110,0.0012251426776844756,-0.3721422698169988,1,2
藤垣裕子,体系,413,111,0.0012251426776844756,0.9520420773413264,1,2
藤垣裕子,作り込む,414,112,0.0012251426776844756,0.9520420773413264,1,2
藤垣裕子,使う,415,399,0.0012251426776844756,0.5444549939773212,1,2
藤垣裕子,保つ,416,113,0.0012251426776844756,0.9520420773413264,1,2
藤垣裕子,倫理,417,114,0.0012251426776844756,0.9520420773413264,1,2
藤垣裕子,先進,418,115,0.0012251426776844756,0.9520420773413264,1,2
藤垣裕子,入れる,419,116,0.0012251426776844756,0.9520420773413264,1,2
藤垣裕子,具体,420,401,0.0012251426776844756,0.5444549939773212,1,2
藤垣裕子,出る,421,471,0.0012251426776844756,-0.006785728240048184,1,2
藤垣裕子,削ぐ,422,403,0.0012251426776844756,0.5444549939773212,1,2
藤垣裕子,前期,423,117,0.0012251426776844756,0.9520420773413264,1,2
藤垣裕子,労働,424,118,0.0012251426776844756,0.9520420773413264,1,2
藤垣裕子,反映,425,404,0.0012251426776844756,0.5444549939773212,1,2
藤垣裕子,取り除く,426,119,0.0012251426776844756,0.9520420773413264,1,2
藤垣裕子,取れる,427,120,0.0012251426776844756,0.9520420773413264,1,2
藤垣裕子,可視,428,121,0.0012251426776844756,0.9520420773413264,1,2
藤垣裕子,同僚,429,122,0.0012251426776844756,0.9520420773413264,1,2
藤垣裕子,問い,430,406,0.0012251426776844756,0.5444549939773212,1,2
藤垣裕子,国内外,431,123,0.0012251426776844756,0.9520420773413264,1,2
藤垣裕子,国民,432,124,0.0012251426776844756,0.9520420773413264,1,2
藤垣裕子,基金,433,125,0.0012251426776844756,0.9520420773413264,1,2
藤垣裕子,委員,434,126,0.0012251426776844756,0.9520420773413264,1,2
藤垣裕子,学習,435,127,0.0012251426776844756,0.9520420773413264,1,2
藤垣裕子,定義,436,128,0.0012251426776844756,0.9520420773413264,1,2
藤垣裕子,当てる,437,129,0.0012251426776844756,0.9520420773413264,1,2
藤垣裕子,待つ,438,130,0.0012251426776844756,0.9520420773413264,1,2
藤垣裕子,後期,439,411,0.0012251426776844756,0.5444549939773212,1,2
藤垣裕子,必須,440,450,0.0012251426776844756,0.2355303527662666,1,2
藤垣裕子,忘れる,441,131,0.0012251426776844756,0.9520420773413264,1,2
藤垣裕子,応用,442,132,0.0012251426776844756,0.9520420773413264,1,2
藤垣裕子,患者,443,133,0.0012251426776844756,0.9520420773413264,1,2
藤垣裕子,意味,444,412,0.0012251426776844756,0.5444549939773212,1,2
藤垣裕子,拠点,445,134,0.0012251426776844756,0.9520420773413264,1,2
藤垣裕子,指導,446,135,0.0012251426776844756,0.9520420773413264,1,2
藤垣裕子,指摘,447,451,0.0012251426776844756,0.2355303527662666,1,2
藤垣裕子,指標,448,413,0.0012251426776844756,0.5444549939773212,1,2
藤垣裕子,数,449,415,0.0012251426776844756,0.5444549939773212,1,2
藤垣裕子,方針,450,478,0.0012251426776844756,-0.006785728240048184,1,2
藤垣裕子,施策,451,452,0.0012251426776844756,0.2355303527662666,1,2
藤垣裕子,根拠,452,416,0.0012251426776844756,0.5444549939773212,1,2
藤垣裕子,梶,453,136,0.0012251426776844756,0.9520420773413264,1,2
藤垣裕子,概念,454,137,0.0012251426776844756,0.9520420773413264,1,2
藤垣裕子,欧米,455,417,0.0012251426776844756,0.5444549939773212,1,2
藤垣裕子,洞察,456,138,0.0012251426776844756,0.9520420773413264,1,2
藤垣裕子,準備,457,139,0.0012251426776844756,0.9520420773413264,1,2
藤垣裕子,牽引,458,453,0.0012251426776844756,0.2355303527662666,1,2
藤垣裕子,理由,459,140,0.0012251426776844756,0.9520420773413264,1,2
藤垣裕子,申請,460,420,0.0012251426776844756,0.5444549939773212,1,2
藤垣裕子,発表,461,141,0.0012251426776844756,0.9520420773413264,1,2
藤垣裕子,知る,462,421,0.0012251426776844756,0.5444549939773212,1,2
藤垣裕子,積極,463,142,0.0012251426776844756,0.9520420773413264,1,2
藤垣裕子,立場,464,143,0.0012251426776844756,0.9520420773413264,1,2
藤垣裕子,置く,465,144,0.0012251426776844756,0.9520420773413264,1,2
藤垣裕子,考慮,466,145,0.0012251426776844756,0.9520420773413264,1,2
藤垣裕子,衰退,467,146,0.0012251426776844756,0.9520420773413264,1,2
藤垣裕子,訳,468,147,0.0012251426776844756,0.9520420773413264,1,2
藤垣裕子,説く,469,424,0.0012251426776844756,0.5444549939773212,1,2
藤垣裕子,説得,470,148,0.0012251426776844756,0.9520420773413264,1,2
藤垣裕子,講ずる,471,149,0.0012251426776844756,0.9520420773413264,1,2
藤垣裕子,負託,472,150,0.0012251426776844756,0.9520420773413264,1,2
藤垣裕子,距離,473,151,0.0012251426776844756,0.9520420773413264,1,2
藤垣裕子,違い,474,152,0.0012251426776844756,0.9520420773413264,1,2
藤垣裕子,避ける,475,425,0.0012251426776844756,0.5444549939773212,1,2
藤垣裕子,邁進,476,153,0.0012251426776844756,0.9520420773413264,1,2
藤垣裕子,部門,477,154,0.0012251426776844756,0.9520420773413264,1,2
藤垣裕子,間接,478,155,0.0012251426776844756,0.9520420773413264,1,2
藤垣裕子,顕在,479,427,0.0012251426776844756,0.5444549939773212,1,2
藤垣裕子,utokyo,480,393,0.0010169790941448368,0.5444549939773212,1,3
藤垣裕子,エンダウメント,481,445,0.0010169790941448368,0.2355303527662666,1,3
藤垣裕子,一方,482,467,0.0010169790941448368,-0.006785728240048184,1,3
藤垣裕子,上げる,483,447,0.0010169790941448368,0.2355303527662666,1,3
藤垣裕子,中堅,484,395,0.0010169790941448368,0.5444549939773212,1,3
藤垣裕子,二,485,494,0.0010169790941448368,-0.20490244460553383,1,3
藤垣裕子,人,486,1378,0.0010169790941448368,-0.6442500189499857,1,3
藤垣裕子,以下,487,495,0.0010169790941448368,-0.20490244460553383,1,3
藤垣裕子,企業,488,468,0.0010169790941448368,-0.006785728240048184,1,3
藤垣裕子,作り,489,398,0.0010169790941448368,0.5444549939773212,1,3
藤垣裕子,使命,490,469,0.0010169790941448368,-0.006785728240048184,1,3
藤垣裕子,優れる,491,497,0.0010169790941448368,-0.20490244460553383,1,3
藤垣裕子,共有,492,400,0.0010169790941448368,0.5444549939773212,1,3
藤垣裕子,分析,493,402,0.0010169790941448368,0.5444549939773212,1,3
藤垣裕子,前,494,472,0.0010169790941448368,-0.006785728240048184,1,3
藤垣裕子,向上,495,474,0.0010169790941448368,-0.006785728240048184,1,3
藤垣裕子,含める,496,405,0.0010169790941448368,0.5444549939773212,1,3
藤垣裕子,固定,497,407,0.0010169790941448368,0.5444549939773212,1,3
藤垣裕子,国内,498,408,0.0010169790941448368,0.5444549939773212,1,3
藤垣裕子,増やす,499,448,0.0010169790941448368,0.2355303527662666,1,3
藤垣裕子,奉仕,500,409,0.0010169790941448368,0.5444549939773212,1,3
藤垣裕子,展開,501,476,0.0010169790941448368,-0.006785728240048184,1,3
藤垣裕子,常,502,410,0.0010169790941448368,0.5444549939773212,1,3
藤垣裕子,強い,503,449,0.0010169790941448368,0.2355303527662666,1,3
藤垣裕子,支える,504,498,0.0010169790941448368,-0.20490244460553383,1,3
藤垣裕子,政府,505,477,0.0010169790941448368,-0.006785728240048184,1,3
藤垣裕子,政策,506,414,0.0010169790941448368,0.5444549939773212,1,3
藤垣裕子,方策,507,500,0.0010169790941448368,-0.20490244460553383,1,3
藤垣裕子,機関,508,480,0.0010169790941448368,-0.006785728240048184,1,3
藤垣裕子,次,509,501,0.0010169790941448368,-0.20490244460553383,1,3
藤垣裕子,民主,510,418,0.0010169790941448368,0.5444549939773212,1,3
藤垣裕子,生成,511,419,0.0010169790941448368,0.5444549939773212,1,3
藤垣裕子,異なる,512,505,0.0010169790941448368,-0.20490244460553383,1,3
藤垣裕子,発信,513,482,0.0010169790941448368,-0.006785728240048184,1,3
藤垣裕子,相互,514,483,0.0010169790941448368,-0.006785728240048184,1,3
藤垣裕子,知識,515,484,0.0010169790941448368,-0.006785728240048184,1,3
藤垣裕子,確保,516,506,0.0010169790941448368,-0.20490244460553383,1,3
藤垣裕子,結集,517,422,0.0010169790941448368,0.5444549939773212,1,3
藤垣裕子,視野,518,485,0.0010169790941448368,-0.006785728240048184,1,3
藤垣裕子,設備,519,423,0.0010169790941448368,0.5444549939773212,1,3
藤垣裕子,軸,520,456,0.0010169790941448368,0.2355303527662666,1,3
藤垣裕子,進む,521,457,0.0010169790941448368,0.2355303527662666,1,3
藤垣裕子,開く,522,486,0.0010169790941448368,-0.006785728240048184,1,3
藤垣裕子,関する,523,1386,0.0010169790941448368,-0.6442500189499857,1,3
藤垣裕子,際,524,426,0.0010169790941448368,0.5444549939773212,1,3
藤垣裕子,上,525,1543,0.0008555148746700106,-1.199213104303846,1,4
藤垣裕子,伸ばす,526,496,0.0008555148746700106,-0.20490244460553383,1,4
藤垣裕子,先端,527,470,0.0008555148746700106,-0.006785728240048184,1,4
藤垣裕子,全て,528,1288,0.0008555148746700106,-0.5167829767133912,1,4
藤垣裕子,全体,529,1553,0.0008555148746700106,-1.337008446031759,1,4
藤垣裕子,公共,530,1289,0.0008555148746700106,-0.5167829767133912,1,4
藤垣裕子,問う,531,1496,0.0008555148746700106,-0.8614920153502944,1,4
藤垣裕子,地球,532,475,0.0008555148746700106,-0.006785728240048184,1,4
藤垣裕子,大きい,533,1379,0.0008555148746700106,-0.6442500189499857,1,4
藤垣裕子,学問,534,1380,0.0008555148746700106,-0.6442500189499857,1,4
藤垣裕子,寄付,535,1291,0.0008555148746700106,-0.5167829767133912,1,4
藤垣裕子,成果,536,1439,0.0008555148746700106,-0.7582676152848355,1,4
藤垣裕子,投資,537,1508,0.0008555148746700106,-0.9558787923943933,1,4
藤垣裕子,推進,538,1381,0.0008555148746700106,-0.6442500189499857,1,4
藤垣裕子,方向,539,499,0.0008555148746700106,-0.20490244460553383,1,4
藤垣裕子,構想,540,479,0.0008555148746700106,-0.006785728240048184,1,4
藤垣裕子,決定,541,1510,0.0008555148746700106,-0.9558787923943933,1,4
藤垣裕子,活用,542,1382,0.0008555148746700106,-0.6442500189499857,1,4
藤垣裕子,活躍,543,502,0.0008555148746700106,-0.20490244460553383,1,4
藤垣裕子,深い,544,481,0.0008555148746700106,-0.006785728240048184,1,4
藤垣裕子,現状,545,503,0.0008555148746700106,-0.20490244460553383,1,4
藤垣裕子,留まる,546,454,0.0008555148746700106,0.2355303527662666,1,4
藤垣裕子,築く,547,1383,0.0008555148746700106,-0.6442500189499857,1,4
藤垣裕子,経験,548,1440,0.0008555148746700106,-0.7582676152848355,1,4
藤垣裕子,繋がる,549,455,0.0008555148746700106,0.2355303527662666,1,4
藤垣裕子,繋ぐ,550,1111,0.0008555148746700106,-0.3721422698169988,1,4
藤垣裕子,課程,551,1112,0.0008555148746700106,-0.3721422698169988,1,4
藤垣裕子,財政,552,1384,0.0008555148746700106,-0.6442500189499857,1,4
藤垣裕子,通ずる,553,1385,0.0008555148746700106,-0.6442500189499857,1,4
藤垣裕子,関係,554,1557,0.0008555148746700106,-1.4003774263929774,1,4
藤垣裕子,人材,555,1563,0.000723589001447178,-1.625754639822728,1,5
藤垣裕子,創造,556,1549,0.000723589001447178,-1.270114583091815,1,5
藤垣裕子,加える,557,1495,0.000723589001447178,-0.8614920153502944,1,5
藤垣裕子,向ける,558,473,0.000723589001447178,-0.006785728240048184,1,5
藤垣裕子,基づく,559,1290,0.000723589001447178,-0.5167829767133912,1,5
藤垣裕子,専門,560,1569,0.000723589001447178,-2.1019076410735766,1,5
藤垣裕子,担う,561,1509,0.000723589001447178,-0.9558787923943933,1,5
藤垣裕子,支援,562,1534,0.000723589001447178,-1.1237175408347821,1,5
藤垣裕子,改革,563,1544,0.000723589001447178,-1.199213104303846,1,5
藤垣裕子,教員,564,1564,0.000723589001447178,-1.625754639822728,1,5
藤垣裕子,理解,565,504,0.000723589001447178,-0.20490244460553383,1,5
藤垣裕子,自由,566,1535,0.000723589001447178,-1.1237175408347821,1,5
藤垣裕子,行う,567,1566,0.000723589001447178,-1.8619959028868482,1,5
藤垣裕子,課題,568,1571,0.000723589001447178,-2.4050595560960346,1,5
藤垣裕子,部局,569,1570,0.000723589001447178,-2.3739062257827372,1,5
